1785326170,4.454281,4.274508,25.64
1785326180,4.461405,4.279793,25.54
1785326190,4.447157,4.264995,25.46
1785326200,4.448938,4.266052,25.37
1785326210,4.457843,4.27028,25.29
1785326220,4.4525,4.264995,25.23
1785326230,4.466748,4.277679,25.15
1785326240,4.448938,4.264995,25.08
1785326250,4.450719,4.266052,24.99
1785326260,4.443595,4.25971,24.89
1785326270,4.445376,4.260767,24.82
1785326280,4.436471,4.252311,24.76
1785326290,4.441814,4.260767,24.71
1785326300,4.431128,4.252311,24.66
1785326310,4.440033,4.261824,24.61
1785326320,4.429347,4.252311,24.54
1785326330,4.411537,4.235399,24.5
1785326340,4.420442,4.242798,24.45
1785326350,4.415099,4.237513,24.41
1785326360,4.418661,4.239627,24.32
1785326370,4.429347,4.247026,24.32
1785326380,4.43469,4.251254,24.25
1785326390,4.418661,4.2364559999999996,24.21
1785326400,4.441814,4.260767,24.18
1785326410,4.402632,4.226943,24.14
1785326420,4.413318,4.2364559999999996,24.08
1785326430,4.411537,4.237513,24.07
1785326440,4.413318,4.23857,24.04
1785326450,4.420442,4.244912,24.07
1785326460,4.409756,4.235399,23.99
1785326470,4.420442,4.245969,23.96
1785326480,4.415099,4.237513,23.92
1785326490,4.415099,4.237513,23.9
1785326500,4.431128,4.253368,23.88
1785326510,4.413318,4.235399,23.86
1785326520,4.41688,4.23857,23.81
1785326530,4.41688,4.240684,23.81
1785326540,4.41688,4.241741,23.79
1785326550,4.400851,4.229057,23.74
1785326560,4.409756,4.2364559999999996,23.72
1785326570,4.411537,4.237513,23.73
1785326580,4.409756,4.231171,23.7
1785326590,4.418661,4.240684,23.72
1785326600,4.409756,4.231171,23.7
1785326610,4.422223,4.241741,23.69
1785326620,4.418661,4.237513,23.69
1785326630,4.41688,4.233285,23.69
1785326640,4.411537,4.226943,23.67
1785326650,4.395508,4.212145,23.62
1785326660,4.420442,4.232228,23.62
1785326670,4.41688,4.228,23.59
1785326680,4.420442,4.229057,23.59
1785326690,4.431128,4.239627,23.57
1785326700,4.418661,4.225886,23.5
1785326710,4.425785,4.231171,23.55
1785326720,4.418661,4.223772,23.53
1785326730,4.431128,4.237513,23.52
1785326740,4.420442,4.226943,23.5
1785326750,4.43469,4.243855,23.48
1785326760,4.427566,4.234342,23.46
1785326770,4.43469,4.241741,23.46
1785326780,4.425785,4.235399,23.45
1785326790,4.415099,4.224829,23.42
1785326800,4.41688,4.225886,23.41
1785326810,4.429347,4.23857,23.39
1785326820,4.424004,4.235399,23.39
1785326830,4.432909,4.247026,23.35
1785326840,4.415099,4.232228,23.35
1785326850,4.427566,4.243855,23.36
1785326860,4.447157,4.25971,23.36
1785326870,4.445376,4.257596,23.39
1785326880,4.395508,4.2089739999999995,23.35
1785326890,4.440033,4.253368,23.36
1785326900,4.432909,4.244912,23.33
1785326910,4.447157,4.258653,23.35
1785326920,4.436471,4.250197,23.33
1785326930,4.425785,4.244912,23.33
1785326940,4.429347,4.250197,23.32
1785326950,4.441814,4.260767,23.29
1785326960,4.454281,4.272394,23.29
1785326970,4.43469,4.253368,23.29
1785326980,4.448938,4.268166,23.28
1785326990,4.441814,4.260767,23.24
1785327000,4.43469,4.253368,23.25
1785327010,4.447157,4.266052,23.24
1785327020,4.450719,4.27028,23.19
1785327030,4.459624,4.279793,23.21
1785327040,4.456062,4.273451,23.22
1785327050,4.448938,4.268166,23.19
1785327060,4.459624,4.276622,23.19
1785327070,4.459624,4.276622,23.19
1785327080,4.473872,4.284021,23.21
1785327090,4.486339,4.29142,23.22
1785327100,4.48812,4.29142,23.24
1785327110,4.48812,4.288249,23.22
1785327120,4.48812,4.287192,23.24
1785327130,4.477434,4.274508,23.25
1785327140,4.4952440000000005,4.293534,23.25
1785327150,4.497025,4.297762,23.25
1785327160,4.491682,4.295648,23.25
1785327170,4.4827770000000005,4.288249,23.24
1785327180,4.477434,4.282964,23.24
1785327190,4.480996,4.284021,23.25
1785327200,4.493463,4.295648,23.25
1785327210,4.498806,4.297762,23.22
1785327220,4.4952440000000005,4.289306,23.22
1785327230,4.511273,4.299876,23.25
1785327240,4.518397,4.309389,23.22
1785327250,4.514835,4.309389,23.25
1785327260,4.525521,4.316788,23.26
1785327270,4.514835,4.314674,23.25
1785327280,4.497025,4.300933,23.29
1785327290,4.516616,4.324187,23.3
1785327300,4.518397,4.326301,23.32
1785327310,4.5201780000000005,4.324187,23.3
1785327320,4.513054,4.314674,23.35
1785327330,4.518397,4.324187,23.33
1785327340,4.5077110000000005,4.313617,23.35
1785327350,4.52374,4.328415,23.36
1785327360,4.513054,4.318902,23.38
1785327370,4.504149,4.311503,23.38
1785327380,4.521959,4.322073,23.38
1785327390,4.521959,4.318902,23.35
1785327400,4.527302,4.321016,23.36
1785327410,4.527302,4.318902,23.36
1785327420,4.529083,4.322073,23.33
1785327430,4.529083,4.324187,23.32
1785327440,4.52374,4.326301,23.29
1785327450,4.521959,4.322073,23.29
1785327460,4.5326450000000005,4.324187,23.28
1785327470,4.54155,4.326301,23.29
1785327480,4.5575790000000005,4.337928,23.32
1785327490,4.5451120000000005,4.321016,23.33
1785327500,4.543331,4.321016,23.38
1785327510,4.550455,4.329472,23.36
1785327520,4.55936,4.340042,23.36
1785327530,4.5451120000000005,4.328415,23.38
1785327540,4.552236,4.332643,23.41
1785327550,4.5575790000000005,4.335814,23.39
1785327560,4.554017,4.324187,23.43
1785327570,4.530864,4.304104,23.41
1785327580,4.562922,4.332643,23.43
1785327590,4.578951,4.346384,23.39
1785327600,4.561141,4.329472,23.42
1785327610,4.571827,4.342156,23.41
1785327620,4.573608,4.3432129999999995,23.43
1785327630,4.573608,4.338985,23.45
1785327640,4.568265,4.331586,23.42
1785327650,4.568265,4.330529,23.39
1785327660,4.587856,4.349555,23.41
1785327670,4.586075,4.350612,23.41
1785327680,4.571827,4.338985,23.41
1785327690,4.573608,4.342156,23.41
1785327700,4.562922,4.336871,23.45
1785327710,4.571827,4.348498,23.45
1785327720,4.575389,4.353783,23.43
1785327730,4.57717,4.353783,23.43
1785327740,4.589637,4.364353,23.48
1785327750,4.568265,4.341099,23.46
1785327760,4.578951,4.350612,23.45
1785327770,4.573608,4.347441,23.46
1785327780,4.5700460000000005,4.340042,23.49
1785327790,4.587856,4.355897,23.45
1785327800,4.573608,4.341099,23.49
1785327810,4.566484,4.336871,23.49
1785327820,4.571827,4.338985,23.48
1785327830,4.578951,4.3432129999999995,23.49
1785327840,4.564703,4.330529,23.49
1785327850,4.600323,4.367524,23.48
1785327860,4.578951,4.347441,23.49
1785327870,4.573608,4.3432129999999995,23.49
1785327880,4.587856,4.353783,23.52
1785327890,4.575389,4.341099,23.48
1785327900,4.586075,4.350612,23.49
1785327910,4.591418,4.353783,23.53
1785327920,4.589637,4.349555,23.5
1785327930,4.584294,4.345327,23.49
1785327940,4.5825130000000005,4.34427,23.48
1785327950,4.5700460000000005,4.336871,23.5
1785327960,4.580732,4.350612,23.48
1785327970,4.580732,4.353783,23.5
1785327980,4.55936,4.336871,23.52
1785327990,4.566484,4.346384,23.52
1785328000,4.571827,4.352726,23.5
1785328010,4.554017,4.335814,23.5
1785328020,4.568265,4.350612,23.49
1785328030,4.566484,4.347441,23.49
1785328040,4.564703,4.345327,23.52
1785328050,4.562922,4.34427,23.53
1785328060,4.564703,4.348498,23.53
1785328070,4.54155,4.328415,23.52
1785328080,4.564703,4.351669,23.5
1785328090,4.5451120000000005,4.332643,23.53
1785328100,4.5451120000000005,4.330529,23.52
1785328110,4.539769,4.325244,23.5
1785328120,4.573608,4.356954,23.52
1785328130,4.548674,4.3337,23.52
1785328140,4.554017,4.338985,23.48
1785328150,4.5575790000000005,4.34427,23.49
1785328160,4.552236,4.341099,23.46
1785328170,4.564703,4.352726,23.49
1785328180,4.564703,4.351669,23.48
1785328190,4.566484,4.35484,23.48
1785328200,4.555798,4.3432129999999995,23.48
1785328210,4.550455,4.338985,23.49
1785328220,4.550455,4.338985,23.49
1785328230,4.552236,4.338985,23.49
1785328240,4.554017,4.340042,23.49
1785328250,4.555798,4.345327,23.5
1785328260,4.537988,4.328415,23.49
1785328270,4.536207,4.327358,23.49
1785328280,4.539769,4.330529,23.5
1785328290,4.546893,4.336871,23.5
1785328300,4.54155,4.3337,23.53
1785328310,4.539769,4.330529,23.5
1785328320,4.550455,4.340042,23.49
1785328330,4.5326450000000005,4.32313,23.53
1785328340,4.5326450000000005,4.321016,23.5
1785328350,4.537988,4.326301,23.52
1785328360,4.529083,4.318902,23.5
1785328370,4.514835,4.306218,23.5
1785328380,4.536207,4.324187,23.52
1785328390,4.5326450000000005,4.319959,23.52
1785328400,4.546893,4.332643,23.53
1785328410,4.529083,4.317845,23.53
1785328420,4.537988,4.326301,23.52
1785328430,4.548674,4.334757,23.52
1785328440,4.548674,4.3337,23.56
1785328450,4.537988,4.322073,23.55
1785328460,4.546893,4.330529,23.56
1785328470,4.537988,4.32313,23.53
1785328480,4.529083,4.314674,23.52
1785328490,4.521959,4.306218,23.53
1785328500,4.511273,4.296705,23.55
1785328510,4.52374,4.308332,23.53
1785328520,4.527302,4.313617,23.55
1785328530,4.529083,4.313617,23.53
1785328540,4.516616,4.299876,23.53
1785328550,4.52374,4.307275,23.53
1785328560,4.5201780000000005,4.304104,23.55
1785328570,4.513054,4.298819,23.55
1785328580,4.52374,4.309389,23.52
1785328590,4.521959,4.306218,23.52
1785328600,4.514835,4.299876,23.52
1785328610,4.516616,4.30199,23.52
1785328620,4.52374,4.307275,23.52
1785328630,4.516616,4.299876,23.52
1785328640,4.509492,4.292477,23.52
1785328650,4.513054,4.295648,23.5
1785328660,4.516616,4.298819,23.52
1785328670,4.5326450000000005,4.316788,23.5
1785328680,4.514835,4.298819,23.5
1785328690,4.521959,4.303047,23.48
1785328700,4.513054,4.292477,23.49
1785328710,4.502368,4.281907,23.49
1785328720,4.516616,4.295648,23.52
1785328730,4.509492,4.287192,23.49
1785328740,4.521959,4.299876,23.49
1785328750,4.537988,4.313617,23.49
1785328760,4.509492,4.290363,23.49
1785328770,4.513054,4.295648,23.52
1785328780,4.5201780000000005,4.300933,23.5
1785328790,4.498806,4.278736,23.52
1785328800,4.502368,4.279793,23.5
1785328810,4.511273,4.287192,23.49
1785328820,4.50593,4.281907,23.49
1785328830,4.513054,4.286135,23.5
1785328840,4.5077110000000005,4.282964,23.49
1785328850,4.516616,4.292477,23.48
1785328860,4.509492,4.284021,23.49
1785328870,4.50593,4.28085,23.5
1785328880,4.5201780000000005,4.295648,23.49
1785328890,4.491682,4.272394,23.48
1785328900,4.498806,4.28085,23.49
1785328910,4.514835,4.293534,23.49
1785328920,4.500587,4.276622,23.52
1785328930,4.52374,4.296705,23.49
1785328940,4.518397,4.29142,23.5
1785328950,4.509492,4.282964,23.52
1785328960,4.502368,4.276622,23.49
1785328970,4.5201780000000005,4.292477,23.53
1785328980,4.50593,4.277679,23.52
1785328990,4.491682,4.266052,23.5
1785329000,4.493463,4.264995,23.49
1785329010,4.504149,4.273451,23.52
1785329020,4.514835,4.281907,23.5
1785329030,4.500587,4.271337,23.53
1785329040,4.50593,4.275565,23.53
1785329050,4.509492,4.275565,23.52
1785329060,4.497025,4.260767,23.52
1785329070,4.521959,4.284021,23.52
1785329080,4.504149,4.266052,23.53
1785329090,4.509492,4.272394,23.53
1785329100,4.511273,4.273451,23.55
1785329110,4.511273,4.273451,23.52
1785329120,4.525521,4.287192,23.53
1785329130,4.514835,4.274508,23.53
1785329140,4.5077110000000005,4.269223,23.55
1785329150,4.509492,4.27028,23.52
1785329160,4.504149,4.266052,23.52
1785329170,4.500587,4.263938,23.56
1785329180,4.52374,4.288249,23.56
1785329190,4.504149,4.272394,23.55
1785329200,4.513054,4.275565,23.56
1785329210,4.48812,4.247026,23.53
1785329220,4.502368,4.25971,23.56
1785329230,4.511273,4.262881,23.55
1785329240,4.500587,4.250197,23.55
1785329250,4.4952440000000005,4.244912,23.53
1785329260,4.504149,4.252311,23.56
1785329270,4.489901,4.23857,23.57
1785329280,4.493463,4.243855,23.55
1785329290,4.484558,4.234342,23.56
1785329300,4.497025,4.244912,23.55
1785329310,4.4952440000000005,4.242798,23.56
1785329320,4.4952440000000005,4.240684,23.55
1785329330,4.493463,4.23857,23.57
1785329340,4.486339,4.230114,23.55
1785329350,4.489901,4.23857,23.53
1785329360,4.486339,4.235399,23.52
1785329370,4.473872,4.221658,23.5
1785329380,4.489901,4.2364559999999996,23.49
1785329390,4.4952440000000005,4.245969,23.5
1785329400,4.484558,4.237513,23.5
1785329410,4.468529,4.224829,23.53
1785329420,4.486339,4.242798,23.53
1785329430,4.493463,4.248083,23.52
1785329440,4.480996,4.234342,23.53
1785329450,4.500587,4.24914,23.53
1785329460,4.498806,4.247026,23.55
1785329470,4.480996,4.232228,23.53
1785329480,4.475653,4.228,23.52
1785329490,4.4827770000000005,4.234342,23.56
1785329500,4.479215,4.230114,23.55
1785329510,4.477434,4.229057,23.57
1785329520,4.4703100000000004,4.224829,23.57
1785329530,4.4827770000000005,4.23857,23.56
1785329540,4.477434,4.232228,23.57
1785329550,4.480996,4.235399,23.59
1785329560,4.477434,4.225886,23.57
1785329570,4.484558,4.233285,23.56
1785329580,4.486339,4.233285,23.55
1785329590,4.479215,4.228,23.56
1785329600,4.480996,4.229057,23.55
1785329610,4.479215,4.226943,23.56
1785329620,4.464967,4.214259,23.56
1785329630,4.475653,4.224829,23.6
1785329640,4.475653,4.224829,23.62
1785329650,4.473872,4.225886,23.59
1785329660,4.475653,4.226943,23.6
1785329670,4.484558,4.233285,23.62
1785329680,4.4525,4.202632,23.63
1785329690,4.477434,4.228,23.64
1785329700,4.473872,4.224829,23.64
1785329710,4.468529,4.218487,23.66
1785329720,4.475653,4.226943,23.64
1785329730,4.468529,4.220601,23.64
1785329740,4.459624,4.210031,23.6
1785329750,4.473872,4.222715,23.64
1785329760,4.472091,4.220601,23.64
1785329770,4.466748,4.214259,23.64
1785329780,4.459624,4.207917,23.66
1785329790,4.472091,4.220601,23.66
1785329800,4.473872,4.220601,23.67
1785329810,4.468529,4.214259,23.67
1785329820,4.4703100000000004,4.214259,23.66
1785329830,4.457843,4.197347,23.69
1785329840,4.479215,4.213202,23.69
1785329850,4.475653,4.2089739999999995,23.69
1785329860,4.477434,4.214259,23.67
1785329870,4.477434,4.21743,23.67
1785329880,4.4952440000000005,4.228,23.69
1785329890,4.493463,4.221658,23.7
1785329900,4.480996,4.213202,23.63
1785329910,4.479215,4.20686,23.63
1785329920,4.48812,4.219544,23.66
1785329930,4.472091,4.205803,23.67
1785329940,4.484558,4.215316,23.66
1785329950,4.479215,4.203689,23.69
1785329960,4.480996,4.202632,23.69
1785329970,4.502368,4.221658,23.7
1785329980,4.502368,4.221658,23.69
1785329990,4.489901,4.210031,23.7
1785330000,4.493463,4.213202,23.73
1785330010,4.498806,4.21743,23.7
1785330020,4.497025,4.214259,23.7
1785330030,4.497025,4.214259,23.7
1785330040,4.4952440000000005,4.211088,23.72
1785330050,4.504149,4.219544,23.74
1785330060,4.500587,4.216373,23.72
1785330070,4.500587,4.216373,23.72
1785330080,4.5077110000000005,4.222715,23.73
1785330090,4.504149,4.218487,23.73
1785330100,4.502368,4.216373,23.73
1785330110,4.498806,4.213202,23.72
1785330120,4.484558,4.200518,23.7
1785330130,4.498806,4.213202,23.73
1785330140,4.502368,4.218487,23.72
1785330150,4.500587,4.216373,23.72
1785330160,4.502368,4.218487,23.73
1785330170,4.52374,4.239627,23.73
1785330180,4.514835,4.230114,23.73
1785330190,4.50593,4.221658,23.74
1785330200,4.4952440000000005,4.212145,23.74
1785330210,4.502368,4.220601,23.76
1785330220,4.4952440000000005,4.215316,23.73
1785330230,4.4952440000000005,4.216373,23.76
1785330240,4.502368,4.223772,23.74
1785330250,4.511273,4.232228,23.77
1785330260,4.50593,4.225886,23.76
1785330270,4.500587,4.222715,23.73
1785330280,4.479215,4.202632,23.74
1785330290,4.497025,4.21743,23.74
1785330300,4.500587,4.221658,23.74
1785330310,4.489901,4.213202,23.74
1785330320,4.504149,4.225886,23.72
1785330330,4.493463,4.21743,23.74
1785330340,4.50593,4.229057,23.74
1785330350,4.514835,4.239627,23.72
1785330360,4.5077110000000005,4.235399,23.74
1785330370,4.509492,4.235399,23.76
1785330380,4.511273,4.234342,23.74
1785330390,4.52374,4.241741,23.72
1785330400,4.502368,4.223772,23.67
1785330410,4.521959,4.240684,23.73
1785330420,4.513054,4.232228,23.73
1785330430,4.5201780000000005,4.240684,23.72
1785330440,4.502368,4.229057,23.73
1785330450,4.50593,4.234342,23.74
1785330460,4.516616,4.245969,23.74
1785330470,4.497025,4.229057,23.73
1785330480,4.52374,4.257596,23.73
1785330490,4.525521,4.25971,23.72
1785330500,4.534426,4.267109,23.74
1785330510,4.534426,4.267109,23.77
1785330520,4.525521,4.258653,23.77
1785330530,4.529083,4.262881,23.8
1785330540,4.521959,4.255482,23.77
1785330550,4.521959,4.255482,23.79
1785330560,4.539769,4.272394,23.77
1785330570,4.525521,4.257596,23.79
1785330580,4.552236,4.282964,23.79
1785330590,4.5451120000000005,4.276622,23.79
1785330600,4.525521,4.257596,23.79
1785330610,4.527302,4.25971,23.8
1785330620,4.529083,4.262881,23.81
1785330630,4.5326450000000005,4.266052,23.8
1785330640,4.525521,4.258653,23.81
1785330650,4.539769,4.269223,23.8
1785330660,4.52374,4.252311,23.81
1785330670,4.514835,4.248083,23.77
1785330680,4.537988,4.269223,23.8
1785330690,4.527302,4.25971,23.79
1785330700,4.539769,4.271337,23.77
1785330710,4.536207,4.269223,23.8
1785330720,4.5326450000000005,4.266052,23.79
1785330730,4.534426,4.268166,23.79
1785330740,4.54155,4.274508,23.81
1785330750,4.534426,4.27028,23.79
1785330760,4.539769,4.274508,23.81
1785330770,4.527302,4.266052,23.81
1785330780,4.516616,4.256539,23.83
1785330790,4.529083,4.267109,23.84
1785330800,4.562922,4.294591,23.83
1785330810,4.54155,4.274508,23.83
1785330820,4.543331,4.276622,23.86
1785330830,4.50593,4.25971,23.86
1785330840,4.484558,4.276622,23.86
1785330850,4.509492,4.276622,23.84
1785330860,4.5326450000000005,4.28085,23.86
1785330870,4.54155,4.281907,23.88
1785330880,4.52374,4.261824,23.86
1785330890,4.550455,4.282964,23.86
1785330900,4.5451120000000005,4.274508,23.86
1785330910,4.550455,4.279793,23.84
1785330920,4.555798,4.285078,23.86
1785330930,4.546893,4.274508,23.84
1785330940,4.550455,4.28085,23.86
1785330950,4.534426,4.268166,23.86
1785330960,4.525521,4.261824,23.83
1785330970,4.550455,4.281907,23.84
1785330980,4.571827,4.299876,23.84
1785330990,4.548674,4.279793,23.83
1785331000,4.552236,4.282964,23.84
1785331010,4.554017,4.286135,23.84
1785331020,4.527302,4.262881,23.83
1785331030,4.539769,4.275565,23.83
1785331040,4.527302,4.262881,23.83
1785331050,4.5451120000000005,4.278736,23.84
1785331060,4.555798,4.29142,23.84
1785331070,4.5326450000000005,4.271337,23.86
1785331080,4.5451120000000005,4.281907,23.83
1785331090,4.54155,4.277679,23.83
1785331100,4.568265,4.299876,23.86
1785331110,4.548674,4.281907,23.84
1785331120,4.554017,4.285078,23.87
1785331130,4.539769,4.273451,23.86
1785331140,4.552236,4.287192,23.86
1785331150,4.546893,4.278736,23.86
1785331160,4.562922,4.292477,23.86
1785331170,4.539769,4.268166,23.86
1785331180,4.5700460000000005,4.295648,23.84
1785331190,4.555798,4.281907,23.84
1785331200,4.561141,4.286135,23.84
1785331210,4.5575790000000005,4.282964,23.87
1785331220,4.552236,4.279793,23.87
1785331230,4.5326450000000005,4.260767,23.88
1785331240,4.548674,4.277679,23.88
1785331250,4.548674,4.277679,23.87
1785331260,4.564703,4.29142,23.87
1785331270,4.546893,4.275565,23.87
1785331280,4.564703,4.292477,23.86
1785331290,4.562922,4.290363,23.88
1785331300,4.5451120000000005,4.274508,23.87
1785331310,4.566484,4.294591,23.87
1785331320,4.555798,4.285078,23.84
1785331330,4.564703,4.295648,23.83
1785331340,4.54155,4.277679,23.83
1785331350,4.537988,4.275565,23.8
1785331360,4.54155,4.28085,23.81
1785331370,4.539769,4.277679,23.83
1785331380,4.543331,4.281907,23.83
1785331390,4.529083,4.269223,23.84
1785331400,4.5451120000000005,4.284021,23.84
1785331410,4.530864,4.271337,23.87
1785331420,4.527302,4.269223,23.84
1785331430,4.546893,4.286135,23.86
1785331440,4.543331,4.286135,23.88
1785331450,4.550455,4.290363,23.87
1785331460,4.543331,4.28085,23.86
1785331560,4.5575790000000005,4.287192,23.86
1785331570,4.548674,4.28085,23.87
1785331580,4.568265,4.300933,23.86
1785331590,4.5326450000000005,4.269223,23.87
1785331600,4.529083,4.269223,23.87
1785331610,4.548674,4.29142,23.88
1785331620,4.536207,4.276622,23.88
1785331630,4.539769,4.282964,23.92
1785331640,4.534426,4.277679,23.9
1785331650,4.543331,4.287192,23.88
1785331660,4.5326450000000005,4.278736,23.92
1785331670,4.534426,4.279793,23.87
1785331680,4.534426,4.274508,23.88
1785331690,4.543331,4.282964,23.9
1785331700,4.52374,4.27028,23.88
1785331710,4.527302,4.269223,23.92
1785331720,4.525521,4.27028,23.9
1785331730,4.525521,4.271337,23.92
1785331740,4.514835,4.257596,23.9
1785331750,4.521959,4.268166,23.9
1785331760,4.511273,4.257596,23.9
1785331770,4.543331,4.288249,23.9
1785331780,4.518397,4.268166,23.92
1785331790,4.5201780000000005,4.27028,23.9
1785331800,4.5575790000000005,4.299876,23.92
1785331810,4.529083,4.271337,23.92
1785331820,4.5201780000000005,4.264995,23.94
1785331830,4.534426,4.28085,23.9
1785331840,4.546893,4.287192,23.9
1785331850,4.5451120000000005,4.289306,23.88
1785331860,4.5077110000000005,4.255482,23.88
1785331870,4.5326450000000005,4.279793,23.9
1785331880,4.521959,4.266052,23.9
1785331890,4.511273,4.256539,23.88
1785331900,4.52374,4.271337,23.9
1785331910,4.511273,4.263938,23.92
1785331920,4.50593,4.260767,23.87
1785331930,4.48812,4.252311,23.92
1785331940,4.475653,4.244912,23.9
1785331950,4.48812,4.257596,23.92
1785331960,4.489901,4.264995,23.92
1785331970,4.475653,4.253368,23.92
1785331980,4.468529,4.248083,23.9
1785331990,4.4703100000000004,4.250197,23.88
1785332000,4.472091,4.251254,23.93
1785332010,4.459624,4.2364559999999996,23.92
1785332020,4.466748,4.240684,23.93
1785332030,4.457843,4.233285,23.93
1785332040,4.4525,4.2364559999999996,23.94
1785332050,4.454281,4.235399,23.96
1785332060,4.450719,4.231171,23.94
1785332070,4.4525,4.233285,23.96
1785332080,4.459624,4.242798,23.96
1785332090,4.4525,4.232228,23.97
1785332100,4.459624,4.237513,23.96
1785332110,4.436471,4.216373,23.99
1785332120,4.454281,4.233285,23.99
1785332130,4.443595,4.221658,23.99
1785332140,4.454281,4.231171,23.97
1785332150,4.445376,4.224829,23.99
1785332160,4.43469,4.21743,23.99
1785332170,4.436471,4.218487,23.99
1785332180,4.425785,4.212145,23.96
1785332190,4.425785,4.212145,23.97
1785332200,4.400851,4.187834,24.0
1785332210,4.409756,4.198404,24.0
1785332220,4.390165,4.182549,23.96
1785332230,4.397289,4.191005,23.94
1785332240,4.41688,4.210031,23.94
1785332250,4.406194,4.197347,23.92
1785332260,4.411537,4.203689,23.94
1785332270,4.400851,4.192062,23.93
1785332280,4.411537,4.204746,23.92
1785332290,4.43469,4.228,23.92
1785332300,4.400851,4.192062,23.93
1785332310,4.415099,4.203689,23.94
1785332320,4.404413,4.188891,23.92
1785332330,4.436471,4.219544,23.9
1785332340,4.431128,4.212145,23.9
1785332350,4.390165,4.174093,23.88
1785332360,4.407975,4.18572,23.87
1785332370,4.388384,4.168808,23.87
1785332380,4.388384,4.170922,23.9
1785332390,4.391946,4.174093,23.9
1785332400,4.386603,4.173036,23.88
1785332410,4.370574,4.15401,23.9
1785332420,4.375917,4.15401,23.92
1785332430,4.377698,4.156124,23.88
1785332440,4.367012,4.150839,23.9
1785332450,4.36345,4.149782,23.92
1785332460,4.367012,4.152953,23.93
1785332470,4.361669,4.147668,23.92
1785332480,4.36345,4.150839,23.93
1785332490,4.350983,4.139212,23.93
1785332500,4.3402970000000005,4.127585,23.9
1785332510,4.352764,4.141326,23.92
1785332520,4.356326,4.145554,23.9
1785332530,4.338516,4.131813,23.9
1785332540,4.3402970000000005,4.130756,23.92
1785332550,4.343859,4.136041,23.93
1785332560,4.354545,4.14344,23.92
1785332570,4.365231,4.151896,23.93
1785332580,4.338516,4.123357,23.93
1785332590,4.358107,4.14344,23.93
1785332600,4.36345,4.150839,23.97
1785332610,4.343859,4.133927,23.94
1785332620,4.343859,4.137098,23.96
1785332630,4.313582,4.109616,23.94
1785332640,4.349202,4.145554,23.94
1785332650,4.34564,4.140269,23.96
1785332660,4.354545,4.146611,23.97
1785332670,4.349202,4.140269,23.97
1785332680,4.343859,4.134984,23.97
1785332690,4.361669,4.149782,23.96
1785332700,4.350983,4.141326,23.97
1785332710,4.3278300000000005,4.114901,23.97
1785332720,4.349202,4.138155,23.96
1785332730,4.356326,4.146611,23.99
1785332740,4.342078,4.13287,24.0
1785332750,4.322487,4.112787,23.97
1785332760,4.3402970000000005,4.129699,23.97
1785332770,4.342078,4.13287,24.0
1785332780,4.358107,4.150839,23.99
1785332790,4.334954,4.128642,23.97
1785332800,4.354545,4.146611,23.97
1785332810,4.336735,4.13287,23.97
1785332820,4.343859,4.139212,23.99
1785332830,4.349202,4.145554,24.0
1785332840,4.333173,4.130756,24.01
1785332850,4.342078,4.141326,23.99
1785332860,4.336735,4.133927,24.0
1785332870,4.34564,4.142383,24.0
1785332880,4.347421,4.14344,23.99
1785332890,4.336735,4.133927,24.01
1785332900,4.356326,4.150839,24.01
1785332910,4.331392,4.131813,24.01
1785332920,4.343859,4.146611,24.01
1785332930,4.342078,4.146611,24.03
1785332940,4.338516,4.146611,24.0
1785332950,4.331392,4.141326,24.01
1785332960,4.331392,4.144497,23.99
1785332970,4.34564,4.156124,23.99
1785332980,4.3402970000000005,4.150839,23.97
1785332990,4.365231,4.176207,24.0
1785333000,4.3402970000000005,4.155067,24.01
1785333010,4.354545,4.169865,24.01
1785333020,4.338516,4.155067,24.01
1785333030,4.359888,4.177264,24.01
1785333040,4.354545,4.171979,24.01
1785333050,4.338516,4.152953,24.01
1785333060,4.349202,4.163523,24.01
1785333070,4.349202,4.163523,24.03
1785333080,4.342078,4.158238,24.04
1785333090,4.349202,4.16458,24.03
1785333100,4.342078,4.159295,24.01
1785333110,4.368793,4.183606,24.01
1785333120,4.331392,4.148725,24.01
1785333130,4.356326,4.170922,24.01
1785333140,4.352764,4.163523,24.01
1785333150,4.352764,4.162466,24.01
1785333160,4.342078,4.150839,24.03
1785333170,4.375917,4.181492,24.0
1785333180,4.352764,4.160352,24.0
1785333190,4.377698,4.183606,24.01
1785333200,4.36345,4.169865,24.03
1785333210,4.375917,4.182549,24.01
1785333220,4.354545,4.163523,24.01
1785333230,4.361669,4.173036,24.01
1785333240,4.354545,4.170922,24.0
1785333250,4.359888,4.178321,24.03
1785333260,4.342078,4.161409,24.0
1785333270,4.338516,4.158238,24.01
1785333280,4.34564,4.16458,24.01
1785333290,4.349202,4.166694,23.99
1785333300,4.3402970000000005,4.159295,24.0
1785333310,4.365231,4.183606,24.01
1785333320,4.368793,4.184663,24.0
1785333330,4.367012,4.182549,24.0
1785333340,4.338516,4.155067,24.01
1785333350,4.377698,4.193119,24.03
1785333360,4.38126,4.19629,24.03
1785333370,4.370574,4.18572,24.01
1785333380,4.361669,4.176207,24.03
1785333390,4.368793,4.183606,24.03
1785333400,4.375917,4.191005,24.01
1785333410,4.358107,4.169865,24.01
1785333420,4.379479,4.192062,23.99
1785333430,4.361669,4.174093,23.99
1785333440,4.379479,4.191005,23.97
1785333450,4.365231,4.177264,23.97
1785333460,4.352764,4.165637,24.0
1785333470,4.367012,4.179378,23.99
1785333480,4.36345,4.174093,23.99
1785333490,4.383041,4.193119,23.99
1785333500,4.367012,4.178321,24.0
1785333510,4.374136,4.183606,24.0
1785333520,4.38126,4.192062,23.99
1785333530,4.368793,4.179378,23.99
1785333540,4.365231,4.177264,24.01
1785333550,4.356326,4.168808,24.01
1785333560,4.368793,4.180435,24.01
1785333570,4.354545,4.169865,24.01
1785333580,4.365231,4.179378,24.01
1785333590,4.374136,4.184663,24.01
1785333600,4.356326,4.168808,24.04
1785333610,4.342078,4.155067,24.03
1785333620,4.383041,4.189948,24.03
1785333630,4.34564,4.156124,24.04
1785333640,4.358107,4.169865,24.04
1785333650,4.356326,4.168808,24.03
1785333660,4.36345,4.173036,24.04
1785333670,4.361669,4.171979,24.04
1785333680,4.359888,4.170922,24.04
1785333690,4.36345,4.174093,24.03
1785333700,4.375917,4.186777,24.06
1785333710,4.356326,4.167751,24.03
1785333720,4.349202,4.159295,24.04
1785333730,4.384822,4.194176,24.06
1785333740,4.368793,4.178321,24.04
1785333750,4.361669,4.171979,24.06
1785333760,4.372355,4.180435,24.07
1785333770,4.361669,4.170922,24.03
1785333780,4.367012,4.176207,24.06
1785333790,4.374136,4.182549,24.03
1785333800,4.352764,4.161409,24.07
1785333810,4.352764,4.162466,24.04
1785333820,4.356326,4.165637,24.07
1785333830,4.368793,4.178321,24.07
1785333840,4.368793,4.178321,24.07
1785333850,4.370574,4.178321,24.04
1785333860,4.359888,4.168808,24.04
1785333870,4.36345,4.171979,24.06
1785333880,4.365231,4.174093,24.08
1785333890,4.370574,4.181492,24.08
1785333900,4.367012,4.180435,24.06
1785333910,4.36345,4.176207,24.07
1785333920,4.352764,4.16458,24.07
1785333930,4.350983,4.160352,24.07
1785333940,4.372355,4.179378,24.04
1785333950,4.354545,4.162466,24.08
1785333960,4.352764,4.160352,24.06
1785333970,4.36345,4.170922,24.06
1785333980,4.368793,4.174093,24.07
1785333990,4.354545,4.160352,24.07
1785334000,4.368793,4.171979,24.06
1785334010,4.372355,4.174093,24.08
1785334020,4.370574,4.174093,24.1
1785334030,4.384822,4.186777,24.11
1785334040,4.388384,4.18572,24.1
1785334050,4.374136,4.16458,24.13
1785334060,4.390165,4.177264,24.15
1785334070,4.402632,4.186777,24.14
1785334080,4.391946,4.174093,24.14
1785334090,4.395508,4.178321,24.15
1785334100,4.400851,4.184663,24.17
1785334110,4.388384,4.170922,24.18
1785334120,4.39907,4.177264,24.15
1785334130,4.391946,4.169865,24.15
1785334140,4.409756,4.187834,24.14
1785334150,4.391946,4.167751,24.14
1785334160,4.404413,4.177264,24.13
1785334170,4.411537,4.179378,24.14
1785334180,4.404413,4.173036,24.15
1785334190,4.41688,4.181492,24.15
1785334200,4.429347,4.183606,24.15
1785334210,4.420442,4.170922,24.18
1785334220,4.429347,4.182549,24.18
1785334230,4.415099,4.169865,24.17
1785334240,4.402632,4.16458,24.17
1785334250,4.393727,4.161409,24.14
1785334260,4.404413,4.173036,24.15
1785334270,4.386603,4.156124,24.13
1785334280,4.400851,4.169865,24.14
1785334290,4.397289,4.167751,24.15
1785334300,4.397289,4.166694,24.15
1785334310,4.413318,4.184663,24.18
1785334320,4.402632,4.170922,24.18
1785334330,4.39907,4.16458,24.2
1785334340,4.413318,4.180435,24.18
1785334350,4.397289,4.16458,24.2
1785334360,4.395508,4.16458,24.17
1785334370,4.374136,4.144497,24.15
1785334380,4.390165,4.159295,24.15
1785334390,4.391946,4.163523,24.17
1785334400,4.384822,4.158238,24.18
1785334410,4.379479,4.152953,24.18
1785334420,4.365231,4.139212,24.18
1785334430,4.377698,4.151896,24.18
1785334440,4.368793,4.144497,24.21
1785334450,4.375917,4.152953,24.2
1785334460,4.388384,4.165637,24.18
1785334470,4.374136,4.15401,24.17
1785334480,4.367012,4.150839,24.18
1785334490,4.365231,4.152953,24.18
1785334500,4.359888,4.148725,24.17
1785334510,4.361669,4.149782,24.2
1785334520,4.350983,4.140269,24.18
1785334530,4.374136,4.160352,24.18
1785334540,4.358107,4.14344,24.18
1785334550,4.361669,4.146611,24.17
1785334560,4.354545,4.139212,24.14
1785334570,4.34564,4.133927,24.13
1785334580,4.342078,4.131813,24.11
1785334590,4.334954,4.124414,24.13
1785334600,4.354545,4.137098,24.1
1785334610,4.367012,4.148725,24.1
1785334620,4.334954,4.115958,24.13
1785334630,4.334954,4.119129,24.14
1785334640,4.334954,4.120186,24.14
1785334650,4.311801,4.092704,24.14
1785334660,4.367012,4.141326,24.14
1785334670,4.343859,4.118072,24.14
1785334680,4.349202,4.118072,24.14
1785334690,4.359888,4.126528,24.15
1785334700,4.356326,4.115958,24.17
1785334710,4.350983,4.109616,24.18
1785334720,4.3278300000000005,4.089533,24.14
1785334730,4.359888,4.123357,24.13
1785334740,4.338516,4.105388,24.11
1785334750,4.347421,4.113844,24.14
1785334760,4.320706,4.089533,24.13
1785334770,4.358107,4.126528,24.13
1785334780,4.343859,4.112787,24.15
1785334790,4.333173,4.102217,24.17
1785334800,4.329611,4.100103,24.14
1785334810,4.336735,4.107502,24.17
1785334820,4.320706,4.094818,24.17
1785334830,4.331392,4.103274,24.17
1785334840,4.326049,4.100103,24.17
1785334850,4.324268,4.100103,24.14
1785334860,4.329611,4.103274,24.13
1785334870,4.320706,4.092704,24.11
1785334880,4.3028960000000005,4.076849,24.1
1785334890,4.317144,4.09059,24.08
1785334900,4.3028960000000005,4.075792,24.06
1785334910,4.308239,4.082134,24.04
1785334920,4.313582,4.086362,24.03
1785334930,4.308239,4.078963,24.03
1785334940,4.313582,4.085305,24.03
1785334950,4.333173,4.10116,24.04
1785334960,4.3153630000000005,4.082134,24.04
1785334970,4.313582,4.078963,24.04
1785334980,4.329611,4.094818,24.04
1785334990,4.318925,4.086362,24.04
1785335000,4.297553,4.068393,24.06
1785335010,4.276181,4.050424,24.06
1785335020,4.301115,4.073678,24.06
1785335030,4.308239,4.081077,24.07
1785335040,4.299334,4.073678,24.08
1785335050,4.297553,4.071564,24.07
1785335060,4.276181,4.049367,24.1
1785335070,4.293991,4.066279,24.08
1785335080,4.297553,4.071564,24.08
1785335090,4.295772,4.072621,24.08
1785335100,4.295772,4.071564,24.1
1785335110,4.2744,4.049367,24.07
1785335120,4.2904290000000005,4.062051,24.07
1785335130,4.301115,4.072621,24.08
1785335140,4.299334,4.068393,24.08
1785335150,4.286867,4.056766,24.08
1785335160,4.297553,4.064165,24.11
1785335170,4.297553,4.066279,24.1
1785335180,4.286867,4.060994,24.11
1785335190,4.2744,4.051481,24.11
1785335200,4.276181,4.052538,24.11
1785335210,4.276181,4.052538,24.1
1785335220,4.263714,4.039854,24.11
1785335230,4.279743,4.055709,24.08
1785335240,4.260152,4.03774,24.1
1785335250,4.2744,4.04831,24.1
1785335260,4.260152,4.032455,24.08
1785335270,4.286867,4.055709,24.08
1785335280,4.2779620000000005,4.0472529999999995,24.08
1785335290,4.2904290000000005,4.060994,24.08
1785335300,4.260152,4.03774,24.1
1785335310,4.261933,4.043025,24.1
1785335320,4.272619,4.053595,24.08
1785335330,4.285086,4.064165,24.1
1785335340,4.258371,4.03774,24.1
1785335350,4.2779620000000005,4.053595,24.1
1785335360,4.258371,4.034569,24.11
1785335370,4.283305,4.057823,24.13
1785335380,4.261933,4.035626,24.13
1785335390,4.254809,4.032455,24.14
1785335400,4.249466,4.02717,24.13
1785335410,4.295772,4.068393,24.14
1785335420,4.2654950000000005,4.040911,24.14
1785335430,4.2744,4.050424,24.13
1785335440,4.254809,4.031398,24.15
1785335450,4.272619,4.051481,24.13
1785335460,4.272619,4.051481,24.14
1785335470,4.25659,4.035626,24.15
1785335480,4.254809,4.031398,24.14
1785335490,4.286867,4.056766,24.15
1785335500,4.263714,4.035626,24.14
1785335510,4.261933,4.034569,24.15
1785335520,4.251247,4.022942,24.14
1785335530,4.2530280000000005,4.025056,24.15
1785335540,4.244123,4.011315,24.17
1785335550,4.267276,4.033512,24.15
1785335560,4.270838,4.035626,24.14
1785335570,4.285086,4.044082,24.14
1785335580,4.2904290000000005,4.04831,24.15
1785335590,4.281524,4.038797,24.14
1785335600,4.2904290000000005,4.044082,24.14
1785335610,4.272619,4.02717,24.15
1785335620,4.269057,4.028227,24.15
1785335630,4.261933,4.026113,24.13
1785335640,4.2744,4.040911,24.14
1785335650,4.260152,4.02717,24.17
1785335660,4.2280940000000005,3.99546,24.15
1785335670,4.272619,4.038797,24.2
1785335680,4.276181,4.044082,24.15
1785335690,4.267276,4.033512,24.15
1785335700,4.276181,4.039854,24.17
1785335710,4.270838,4.032455,24.15
1785335720,4.267276,4.028227,24.17
1785335730,4.263714,4.025056,24.15
1785335740,4.270838,4.033512,24.17
1785335750,4.276181,4.038797,24.18
1785335760,4.2744,4.034569,24.18
1785335770,4.267276,4.026113,24.17
1785335780,4.276181,4.032455,24.15
1785335790,4.2744,4.030341,24.17
1785335800,4.267276,4.025056,24.17
1785335810,4.281524,4.039854,24.15
1785335820,4.3028960000000005,4.060994,24.15
1785335830,4.272619,4.030341,24.17
1785335840,4.272619,4.031398,24.17
1785335850,4.249466,4.008144,24.18
1785335860,4.276181,4.034569,24.15
1785335870,4.283305,4.038797,24.17
1785335880,4.3028960000000005,4.055709,24.2
1785335890,4.279743,4.034569,24.18
1785335900,4.2779620000000005,4.033512,24.2
1785335910,4.263714,4.019771,24.17
1785335920,4.276181,4.030341,24.17
1785335930,4.2654950000000005,4.019771,24.2
1785335940,4.285086,4.040911,24.18
1785335950,4.276181,4.034569,24.2
1785335960,4.261933,4.019771,24.2
1785335970,4.297553,4.053595,24.23
1785335980,4.2904290000000005,4.044082,24.23
1785335990,4.267276,4.021885,24.23
1785336000,4.279743,4.034569,24.2
1785336010,4.263714,4.018714,24.2
1785336020,4.283305,4.036683,24.21
1785336030,4.269057,4.022942,24.2
1785336040,4.2779620000000005,4.033512,24.21
1785336050,4.260152,4.018714,24.2
1785336060,4.3028960000000005,4.05888,24.21
1785336070,4.281524,4.036683,24.2
1785336080,4.2530280000000005,4.009201,24.21
1785336090,4.283305,4.036683,24.21
1785336100,4.272619,4.02717,24.2
1785336110,4.2744,4.02717,24.2
1785336120,4.285086,4.038797,24.21
1785336130,4.288648,4.039854,24.21
1785336140,4.297553,4.04831,24.18
1785336150,4.3028960000000005,4.053595,24.18
1785336160,4.295772,4.04831,24.18
1785336170,4.285086,4.039854,24.2
1785336180,4.272619,4.026113,24.2
1785336190,4.29221,4.044082,24.18
1785336200,4.270838,4.025056,24.18
1785336210,4.306458,4.059937,24.18
1785336220,4.279743,4.034569,24.21
1785336230,4.297553,4.051481,24.21
1785336240,4.288648,4.043025,24.21
1785336250,4.279743,4.036683,24.23
1785336260,4.2779620000000005,4.035626,24.21
1785336270,4.2779620000000005,4.036683,24.21
1785336280,4.269057,4.029284,24.23
1785336290,4.258371,4.020828,24.21
1785336300,4.235218,3.998631,24.21
1785336310,4.2744,4.034569,24.23
1785336320,4.267276,4.029284,24.21
1785336330,4.2904290000000005,4.051481,24.24
1785336340,4.288648,4.050424,24.2
1785336350,4.272619,4.035626,24.21
1785336360,4.311801,4.072621,24.2
1785336370,4.299334,4.062051,24.2
1785336380,4.285086,4.049367,24.21
1785336390,4.2744,4.039854,24.21
1785336400,4.306458,4.071564,24.23
1785336410,4.297553,4.062051,24.23
1785336420,4.3153630000000005,4.077906,24.2
1785336430,4.279743,4.045139,24.23
1785336440,4.286867,4.051481,24.21
1785336450,4.286867,4.052538,24.21
1785336460,4.306458,4.071564,24.2
1785336470,4.308239,4.072621,24.2
1785336480,4.304677,4.06945,24.21
1785336490,4.3028960000000005,4.068393,24.18
1785336500,4.3028960000000005,4.06945,24.17
1785336510,4.306458,4.073678,24.2
1785336520,4.306458,4.072621,24.21
1785336530,4.2904290000000005,4.055709,24.23
1785336540,4.311801,4.073678,24.21
1785336550,4.313582,4.073678,24.21
1785336560,4.322487,4.081077,24.21
1785336570,4.304677,4.062051,24.21
1785336580,4.329611,4.081077,24.2
1785336590,4.333173,4.082134,24.23
1785336600,4.313582,4.067336,24.2
1785336610,4.317144,4.071564,24.21
1785336620,4.306458,4.062051,24.2
1785336630,4.322487,4.076849,24.21
1785336640,4.329611,4.083191,24.23
1785336650,4.354545,4.102217,24.2
1785336660,4.3402970000000005,4.086362,24.18
1785336670,4.342078,4.088476,24.17
1785336680,4.331392,4.078963,24.17
1785336690,4.331392,4.078963,24.17
1785336700,4.322487,4.072621,24.17
1785336710,4.342078,4.094818,24.15
1785336720,4.334954,4.089533,24.17
1785336730,4.317144,4.070507,24.17
1785336740,4.349202,4.099046,24.17
1785336750,4.3402970000000005,4.093761,24.15
1785336760,4.336735,4.088476,24.14
1785336770,4.347421,4.095875,24.14
1785336780,4.34564,4.09059,24.14
1785336790,4.334954,4.08002,24.13
1785336800,4.383041,4.123357,24.14
1785336810,4.383041,4.1223,24.13
1785336820,4.343859,4.084248,24.15
1785336830,4.367012,4.106445,24.14
1785336840,4.352764,4.092704,24.15
1785336850,4.343859,4.084248,24.15
1785336860,4.359888,4.097989,24.17
1785336870,4.343859,4.085305,24.15
1785336880,4.358107,4.096932,24.18
1785336890,4.350983,4.089533,24.17
1785336900,4.377698,4.115958,24.18
1785336910,4.370574,4.107502,24.2
1785336920,4.372355,4.110673,24.2
1785336930,4.379479,4.114901,24.18
1785336940,4.365231,4.10116,24.2
1785336950,4.386603,4.120186,24.21
1785336960,4.367012,4.105388,24.2
1785336970,4.384822,4.120186,24.21
1785336980,4.375917,4.112787,24.2
1785336990,4.365231,4.102217,24.2
1785337000,4.377698,4.113844,24.21
1785337010,4.370574,4.106445,24.2
1785337020,4.393727,4.127585,24.2
1785337030,4.386603,4.121243,24.2
1785337040,4.393727,4.128642,24.2
1785337050,4.395508,4.129699,24.23
1785337060,4.377698,4.11173,24.23
1785337070,4.372355,4.106445,24.24
1785337080,4.395508,4.126528,24.23
1785337090,4.386603,4.118072,24.23
1785337100,4.393727,4.124414,24.25
1785337110,4.391946,4.1223,24.25
1785337120,4.391946,4.1223,24.23
1785337130,4.386603,4.115958,24.24
1785337140,4.404413,4.13287,24.23
1785337150,4.404413,4.133927,24.2
1785337160,4.39907,4.131813,24.18
1785337170,4.375917,4.109616,24.18
1785337180,4.395508,4.129699,24.2
1785337190,4.393727,4.130756,24.21
1785337200,4.390165,4.128642,24.23
1785337210,4.368793,4.110673,24.21
1785337220,4.395508,4.134984,24.23
1785337230,4.375917,4.113844,24.21
1785337240,4.402632,4.138155,24.23
1785337250,4.38126,4.120186,24.25
1785337260,4.424004,4.159295,24.23
1785337270,4.409756,4.148725,24.23
1785337280,4.388384,4.128642,24.23
1785337290,4.384822,4.127585,24.24
1785337300,4.368793,4.114901,24.24
1785337310,4.372355,4.118072,24.24
1785337320,4.379479,4.125471,24.24
1785337330,4.379479,4.124414,24.23
1785337340,4.379479,4.126528,24.23
1785337350,4.377698,4.123357,24.23
1785337360,4.393727,4.136041,24.24
1785337370,4.402632,4.146611,24.21
1785337380,4.39907,4.142383,24.23
1785337390,4.390165,4.136041,24.21
1785337400,4.395508,4.142383,24.21
1785337410,4.397289,4.145554,24.21
1785337420,4.383041,4.131813,24.21
1785337430,4.370574,4.119129,24.21
1785337440,4.38126,4.126528,24.18
1785337450,4.39907,4.138155,24.21
1785337460,4.368793,4.112787,24.23
1785337470,4.370574,4.120186,24.23
1785337480,4.38126,4.130756,24.2
1785337490,4.356326,4.108559,24.2
1785337500,4.368793,4.120186,24.17
1785337510,4.383041,4.131813,24.21
1785337520,4.368793,4.118072,24.18
1785337530,4.386603,4.136041,24.18
1785337540,4.383041,4.131813,24.15
1785337550,4.372355,4.119129,24.14
1785337560,4.367012,4.114901,24.14
1785337570,4.36345,4.11173,24.14
1785337580,4.372355,4.121243,24.14
1785337590,4.347421,4.095875,24.17
1785337600,4.38126,4.126528,24.15
1785337610,4.370574,4.113844,24.14
1785337620,4.377698,4.120186,24.14
1785337630,4.361669,4.108559,24.13
1785337640,4.388384,4.136041,24.14
1785337650,4.350983,4.100103,24.13
1785337660,4.349202,4.099046,24.17
1785337670,4.375917,4.121243,24.15
1785337680,4.368793,4.114901,24.17
1785337690,4.352764,4.099046,24.17
1785337700,4.350983,4.095875,24.17
1785337710,4.350983,4.093761,24.2
1785337720,4.350983,4.092704,24.21
1785337730,4.358107,4.10116,24.21
1785337740,4.372355,4.115958,24.21
1785337750,4.374136,4.117015,24.23
1785337760,4.350983,4.099046,24.25
1785337770,4.36345,4.110673,24.24
1785337780,4.334954,4.084248,24.25
1785337790,4.361669,4.110673,24.28
1785337800,4.354545,4.103274,24.27
1785337810,4.349202,4.097989,24.28
1785337820,4.367012,4.114901,24.25
1785337830,4.336735,4.086362,24.27
1785337840,4.356326,4.104331,24.27
1785337850,4.342078,4.091647,24.31
1785337860,4.34564,4.092704,24.25
1785337870,4.324268,4.072621,24.24
1785337880,4.349202,4.095875,24.27
1785337890,4.365231,4.11173,24.28
1785337900,4.350983,4.097989,24.28
1785337910,4.326049,4.073678,24.3
1785337920,4.354545,4.10116,24.28
1785337930,4.333173,4.077906,24.28
1785337940,4.334954,4.077906,24.28
1785337950,4.338516,4.082134,24.27
1785337960,4.338516,4.082134,24.27
1785337970,4.334954,4.076849,24.28
1785337980,4.347421,4.088476,24.28
1785337990,4.336735,4.077906,24.28
1785338000,4.336735,4.077906,24.28
1785338010,4.352764,4.089533,24.27
1785338020,4.334954,4.072621,24.27
1785338030,4.356326,4.091647,24.32
1785338040,4.329611,4.067336,24.3
1785338050,4.331392,4.067336,24.31
1785338060,4.336735,4.071564,24.3
1785338070,4.3402970000000005,4.075792,24.3
1785338080,4.318925,4.056766,24.31
1785338090,4.320706,4.059937,24.31
1785338100,4.306458,4.0472529999999995,24.3
1785338110,4.3402970000000005,4.078963,24.31
1785338120,4.304677,4.0472529999999995,24.31
1785338130,4.326049,4.06945,24.3
1785338140,4.320706,4.064165,24.31
1785338150,4.31002,4.055709,24.31
1785338160,4.297553,4.043025,24.32
1785338170,4.3028960000000005,4.0472529999999995,24.31
1785338180,4.283305,4.02717,24.32
1785338190,4.299334,4.043025,24.31
1785338200,4.304677,4.050424,24.31
1785338210,4.308239,4.056766,24.31
1785338220,4.285086,4.035626,24.28
1785338230,4.317144,4.064165,24.31
1785338240,4.3153630000000005,4.064165,24.3
1785338250,4.29221,4.044082,24.31
1785338260,4.29221,4.041968,24.31
1785338270,4.279743,4.030341,24.32
1785338280,4.304677,4.052538,24.34
1785338290,4.276181,4.020828,24.32
1785338300,4.281524,4.025056,24.34
1785338310,4.286867,4.031398,24.35
1785338320,4.299334,4.044082,24.34
1785338330,4.301115,4.046196,24.32
1785338340,4.288648,4.033512,24.35
1785338350,4.270838,4.014486,24.35
1785338360,4.311801,4.049367,24.35
1785338370,4.286867,4.023999,24.35
1785338380,4.3153630000000005,4.050424,24.34
1785338390,4.304677,4.039854,24.35
1785338400,4.2744,4.012372,24.35
1785338410,4.283305,4.020828,24.36
1785338420,4.263714,4.002859,24.34
1785338430,4.286867,4.022942,24.34
1785338440,4.2779620000000005,4.013429,24.35
1785338450,4.269057,4.003916,24.34
1785338460,4.2744,4.010258,24.35
1785338470,4.283305,4.0166,24.36
1785338480,4.272619,4.00603,24.34
1785338490,4.260152,3.994403,24.34
1785338500,4.299334,4.031398,24.34
1785338510,4.285086,4.018714,24.34
1785338520,4.270838,4.003916,24.32
1785338530,4.286867,4.020828,24.31
1785338540,4.279743,4.013429,24.35
1785338550,4.2530280000000005,3.989118,24.31
1785338560,4.299334,4.030341,24.34
1785338570,4.2904290000000005,4.022942,24.32
1785338580,4.267276,4.000745,24.32
1785338590,4.285086,4.018714,24.32
1785338600,4.2744,4.009201,24.31
1785338610,4.285086,4.017657,24.32
1785338620,4.25659,3.992289,24.31
1785338630,4.2904290000000005,4.022942,24.32
1785338640,4.2405610000000005,3.977491,24.31
1785338650,4.258371,3.994403,24.32
1785338660,4.2654950000000005,3.999688,24.31
1785338670,4.279743,4.014486,24.28
1785338680,4.267276,4.001802,24.31
1785338690,4.260152,3.99546,24.3
1785338700,4.263714,3.999688,24.3
1785338710,4.244123,3.982776,24.31
1785338720,4.2779620000000005,4.012372,24.3
1785338730,4.272619,4.007087,24.3
1785338740,4.247685,3.983833,24.31
1785338750,4.283305,4.0166,24.31
1785338760,4.276181,4.010258,24.31
1785338770,4.2530280000000005,3.988061,24.3
1785338780,4.272619,4.008144,24.3
1785338790,4.269057,4.004973,24.3
1785338800,4.263714,3.998631,24.28
1785338810,4.279743,4.014486,24.3
1785338820,4.283305,4.017657,24.31
1785338830,4.254809,3.989118,24.31
1785338840,4.244123,3.979605,24.32
1785338850,4.267276,4.001802,24.3
1785338860,4.261933,3.997574,24.3
1785338870,4.25659,3.993346,24.31
1785338880,4.245904,3.983833,24.31
1785338890,4.2744,4.009201,24.28
1785338900,4.247685,3.983833,24.31
1785338910,4.242342,3.978548,24.3
1785338920,4.276181,4.010258,24.28
1785338930,4.261933,3.997574,24.27
1785338940,4.210284,3.947895,24.28
1785338950,4.2530280000000005,3.989118,24.28
1785338960,4.254809,3.991232,24.28
1785338970,4.235218,3.9732629999999998,24.3
1785338980,4.2280940000000005,3.966921,24.28
1785338990,4.224532,3.96375,24.27
1785339000,4.261933,3.996517,24.31
1785339010,4.242342,3.978548,24.28
1785339020,4.245904,3.982776,24.27
1785339030,4.260152,3.994403,24.27
1785339040,4.231656,3.967978,24.28
1785339050,4.219189,3.956351,24.28
1785339060,4.229875,3.965864,24.27
1785339070,4.229875,3.965864,24.27
1785339080,4.224532,3.961636,24.28
1785339090,4.23878,3.975377,24.3
1785339100,4.2280940000000005,3.964807,24.3
1785339110,4.217408,3.954237,24.3
1785339120,4.201379,3.938382,24.28
1785339130,4.222751,3.959522,24.28
1785339140,4.2031600000000005,3.940496,24.27
1785339150,4.22097,3.957408,24.31
1785339160,4.226313,3.96375,24.3
1785339170,4.213846,3.952123,24.28
1785339180,4.217408,3.954237,24.3
1785339190,4.194255,3.933097,24.28
1785339200,4.208503,3.946838,24.27
1785339210,4.235218,3.972206,24.27
1785339220,4.204941,3.943667,24.28
1785339230,4.226313,3.96375,24.27
1785339240,4.212065,3.950009,24.27
1785339250,4.229875,3.966921,24.27
1785339260,4.2031600000000005,3.94261,24.25
1785339270,4.222751,3.960579,24.3
1785339280,4.219189,3.955294,24.28
1785339290,4.176445,3.916185,24.27
1785339300,4.201379,3.939439,24.28
1785339310,4.22097,3.958465,24.27
1785339320,4.2031600000000005,3.940496,24.27
1785339330,4.178226,3.917242,24.28
1785339340,4.169321,3.909843,24.27
1785339350,4.208503,3.945781,24.28
1785339360,4.199598,3.937325,24.28
1785339370,4.1906930000000004,3.928869,24.27
1785339380,4.187131,3.927812,24.28
1785339390,4.197817,3.939439,24.28
1785339400,4.210284,3.952123,24.27
1785339410,4.196036,3.938382,24.28
1785339420,4.18535,3.928869,24.27
1785339430,4.1906930000000004,3.930983,24.3
1785339440,4.204941,3.945781,24.27
1785339450,4.183569,3.924641,24.28
1785339460,4.181788,3.925698,24.3
1785339470,4.156854,3.901387,24.28
1785339480,4.219189,3.959522,24.28
1785339490,4.1906930000000004,3.934154,24.31
1785339500,4.199598,3.941553,24.3
1785339510,4.187131,3.927812,24.28
1785339520,4.178226,3.918299,24.28
1785339530,4.188912,3.929926,24.28
1785339540,4.196036,3.937325,24.28
1785339550,4.178226,3.920413,24.28
1785339560,4.206722,3.945781,24.3
1785339570,4.181788,3.922527,24.28
1785339580,4.178226,3.919356,24.28
1785339590,4.197817,3.938382,24.3
1785339600,4.180007,3.920413,24.3
1785339610,4.180007,3.919356,24.31
1785339620,4.219189,3.957408,24.28
1785339630,4.212065,3.951066,24.27
1785339640,4.181788,3.922527,24.27
1785339650,4.222751,3.959522,24.31
1785339660,4.2031600000000005,3.943667,24.28
1785339670,4.165759,3.906672,24.28
1785339680,4.212065,3.950009,24.28
1785339690,4.178226,3.918299,24.3
1785339700,4.2031600000000005,3.940496,24.3
1785339710,4.206722,3.944724,24.3
1785339720,4.199598,3.937325,24.3
1785339730,4.176445,3.917242,24.31
1785339740,4.172883,3.915128,24.28
1785339750,4.188912,3.93204,24.28
1785339760,4.188912,3.930983,24.32
1785339770,4.174664,3.919356,24.3
1785339780,4.183569,3.928869,24.31
1785339790,4.13192,3.880247,24.3
1785339800,4.171102,3.916185,24.3
1785339810,4.158635,3.905615,24.31
1785339820,4.192474,3.936268,24.31
1785339830,4.2031600000000005,3.945781,24.3
1785339840,4.188912,3.93204,24.28
1785339850,4.180007,3.925698,24.31
1785339860,4.160416,3.904558,24.3
1785339870,4.147949,3.891874,24.3
1785339880,4.14973,3.892931,24.28
1785339890,4.155073,3.899273,24.28
1785339900,4.188912,3.93204,24.28
1785339910,4.163978,3.909843,24.25
1785339920,4.16754,3.914071,24.25
1785339930,4.163978,3.909843,24.25
1785339940,4.199598,3.941553,24.27
1785339950,4.172883,3.915128,24.27
1785339960,4.188912,3.928869,24.24
1785339970,4.171102,3.911957,24.27
1785339980,4.160416,3.902444,24.28
1785339990,4.171102,3.911957,24.27
1785340000,4.180007,3.92147,24.28
1785340010,4.163978,3.906672,24.27
1785340020,4.165759,3.908786,24.27
1785340030,4.146168,3.890817,24.27
1785340040,4.16754,3.913014,24.27
1785340050,4.126577,3.877076,24.28
1785340060,4.158635,3.907729,24.28
1785340070,4.162197,3.909843,24.28
1785340080,4.156854,3.906672,24.28
1785340090,4.142606,3.892931,24.31
1785340100,4.171102,3.919356,24.3
1785340110,4.140825,3.890817,24.28
1785340120,4.160416,3.908786,24.3
1785340130,4.156854,3.905615,24.3
1785340140,4.146168,3.898216,24.31
1785340150,4.135482,3.886589,24.3
1785340160,4.163978,3.915128,24.32
1785340170,4.151511,3.902444,24.3
1785340180,4.14973,3.899273,24.31
1785340190,4.144387,3.897159,24.31
1785340200,4.165759,3.920413,24.31
1785340210,4.151511,3.906672,24.3
1785340220,4.123015,3.880247,24.31
1785340230,4.115891,3.871791,24.31
1785340240,4.140825,3.893988,24.31
1785340250,4.14973,3.902444,24.31
1785340260,4.14973,3.903501,24.31
1785340270,4.13192,3.885532,24.34
1785340280,4.146168,3.90033,24.31
1785340290,4.147949,3.904558,24.35
1785340300,4.151511,3.906672,24.32
1785340310,4.169321,3.924641,24.35
1785340320,4.14973,3.908786,24.34
1785340330,4.128358,3.88976,24.34
1785340340,4.162197,3.922527,24.32
1785340350,4.14973,3.913014,24.34
1785340360,4.133701,3.897159,24.34
1785340370,4.137263,3.901387,24.32
1785340380,4.146168,3.9109,24.34
1785340390,4.14973,3.913014,24.32
1785340400,4.137263,3.90033,24.35
1785340410,4.146168,3.908786,24.32
1785340420,4.14973,3.907729,24.32
1785340430,4.139044,3.897159,24.32
1785340440,4.139044,3.898216,24.32
1785340450,4.142606,3.902444,24.34
1785340460,4.137263,3.897159,24.34
1785340470,4.139044,3.902444,24.34
1785340480,4.137263,3.901387,24.32
1785340490,4.158635,3.922527,24.34
1785340500,4.178226,3.94261,24.34
1785340510,4.135482,3.899273,24.32
1785340520,4.146168,3.907729,24.32
1785340530,4.151511,3.9109,24.34
1785340540,4.144387,3.904558,24.35
1785340550,4.144387,3.904558,24.34
1785340560,4.14973,3.911957,24.35
1785340570,4.146168,3.907729,24.35
1785340580,4.16754,3.927812,24.35
1785340590,4.160416,3.918299,24.34
1785340600,4.163978,3.924641,24.35
1785340610,4.155073,3.917242,24.31
1785340620,4.140825,3.904558,24.35
1785340630,4.178226,3.939439,24.36
1785340640,4.162197,3.922527,24.35
1785340650,4.14973,3.913014,24.32
1785340660,4.156854,3.920413,24.35
1785340670,4.14973,3.914071,24.35
1785340680,4.151511,3.917242,24.34
1785340690,4.128358,3.896102,24.35
1785340700,4.163978,3.927812,24.34
1785340710,4.169321,3.930983,24.34
1785340720,4.117672,3.883418,24.34
1785340730,4.147949,3.913014,24.35
1785340740,4.153292,3.917242,24.35
1785340750,4.158635,3.923584,24.35
1785340760,4.158635,3.926755,24.34
1785340770,4.14973,3.915128,24.34
1785340780,4.183569,3.947895,24.34
1785340790,4.165759,3.934154,24.35
1785340800,4.160416,3.929926,24.34
1785340810,4.171102,3.937325,24.34
1785340820,4.139044,3.904558,24.3
1785340830,4.162197,3.922527,24.27
1785340840,4.172883,3.929926,24.25
1785340850,4.181788,3.938382,24.27
1785340860,4.176445,3.930983,24.27
1785340870,4.188912,3.944724,24.28
1785340880,4.180007,3.935211,24.25
1785340890,4.213846,3.965864,24.28
1785340900,4.1906930000000004,3.940496,24.25
1785340910,4.2031600000000005,3.952123,24.27
1785340920,4.219189,3.965864,24.28
1785340930,4.181788,3.930983,24.27
1785340940,4.196036,3.946838,24.27
1785340950,4.192474,3.943667,24.27
1785340960,4.197817,3.948952,24.3
1785340970,4.210284,3.96375,24.3
1785340980,4.192474,3.947895,24.31
1785340990,4.2280940000000005,3.979605,24.31
1785341000,4.197817,3.95318,24.31
1785341010,4.210284,3.964807,24.32
1785341020,4.187131,3.943667,24.34
1785341030,4.181788,3.939439,24.32
1785341040,4.183569,3.944724,24.34
1785341050,4.187131,3.948952,24.36
1785341060,4.174664,3.938382,24.35
1785341070,4.196036,3.958465,24.35
1785341080,4.210284,3.970092,24.34
1785341090,4.204941,3.964807,24.34
1785341100,4.231656,3.990175,24.36
1785341110,4.217408,3.977491,24.38
1785341120,4.155073,3.919356,24.35
1785341130,4.219189,3.981719,24.36
1785341140,4.219189,3.9870039999999998,24.35
1785341150,4.187131,3.959522,24.34
1785341160,4.178226,3.948952,24.34
1785341170,4.162197,3.935211,24.34
1785341180,4.171102,3.945781,24.34
1785341190,4.188912,3.961636,24.32
1785341200,4.192474,3.966921,24.35
1785341210,4.192474,3.967978,24.32
1785341220,4.178226,3.954237,24.34
1785341230,4.206722,3.981719,24.34
1785341240,4.196036,3.967978,24.34
1785341250,4.204941,3.97432,24.35
1785341260,4.217408,3.982776,24.34
1785341270,4.213846,3.978548,24.34
1785341280,4.217408,3.9870039999999998,24.32
1785341290,4.219189,3.991232,24.32
1785341300,4.187131,3.96375,24.34
1785341310,4.16754,3.941553,24.34
1785341320,4.169321,3.944724,24.34
1785341330,4.204941,3.976434,24.32
1785341340,4.2156270000000005,3.983833,24.32
1785341350,4.22097,3.9870039999999998,24.32
1785341360,4.219189,3.9870039999999998,24.32
1785341370,4.242342,4.009201,24.36
1785341380,4.2405610000000005,4.009201,24.35
1785341390,4.245904,4.014486,24.34
1785341400,4.197817,3.969035,24.35
1785341410,4.235218,4.001802,24.36
1785341420,4.233437,4.000745,24.34
1785341430,4.23878,4.008144,24.35
1785341440,4.235218,4.004973,24.32
1785341450,4.260152,4.02717,24.34
1785341460,4.2280940000000005,3.997574,24.34
1785341470,4.242342,4.011315,24.35
1785341480,4.2405610000000005,4.010258,24.36
1785341490,4.236999,4.007087,24.35
1785341500,4.242342,4.011315,24.36
1785341510,4.235218,4.002859,24.35
1785341520,4.231656,3.998631,24.36
1785341530,4.254809,4.019771,24.38
1785341540,4.2530280000000005,4.019771,24.34
1785341550,4.242342,4.010258,24.36
1785341560,4.23878,4.008144,24.39
1785341570,4.267276,4.034569,24.36
1785341580,4.236999,4.007087,24.36
1785341590,4.245904,4.019771,24.35
1785341600,4.2405610000000005,4.015543,24.35
1785341610,4.23878,4.014486,24.36
1785341620,4.236999,4.011315,24.36
1785341630,4.249466,4.023999,24.35
1785341640,4.244123,4.018714,24.36
1785341650,4.226313,4.000745,24.36
1785341660,4.235218,4.009201,24.38
1785341670,4.251247,4.021885,24.38
1785341680,4.235218,4.004973,24.39
1785341690,4.254809,4.022942,24.41
1785341700,4.267276,4.034569,24.38
1785341710,4.261933,4.023999,24.38
1785341720,4.254809,4.0166,24.36
1785341730,4.263714,4.026113,24.36
1785341740,4.25659,4.019771,24.39
1785341750,4.260152,4.023999,24.41
1785341760,4.245904,4.008144,24.41
1785341770,4.281524,4.041968,24.41
1785341780,4.263714,4.025056,24.42
1785341790,4.297553,4.057823,24.39
1785341800,4.244123,4.008144,24.41
1785341810,4.267276,4.032455,24.41
1785341820,4.276181,4.041968,24.39
1785341830,4.2654950000000005,4.029284,24.41
1785341840,4.269057,4.033512,24.38
1785341850,4.260152,4.022942,24.41
1785341860,4.272619,4.034569,24.41
1785341870,4.25659,4.021885,24.39
1785341880,4.288648,4.054652,24.41
1785341890,4.269057,4.035626,24.41
1785341900,4.281524,4.04831,24.42
1785341910,4.272619,4.03774,24.44
1785341920,4.270838,4.033512,24.39
1785341930,4.297553,4.059937,24.44
1785341940,4.260152,4.025056,24.42
1785341950,4.254809,4.020828,24.41
1785341960,4.279743,4.041968,24.41
1785341970,4.2779620000000005,4.038797,24.42
1785341980,4.286867,4.051481,24.41
1785341990,4.281524,4.04831,24.44
1785342000,4.249466,4.017657,24.45
1785342010,4.263714,4.031398,24.42
1785342020,4.2779620000000005,4.044082,24.44
1785342030,4.244123,4.009201,24.47
1785342040,4.2904290000000005,4.051481,24.45
1785342050,4.3028960000000005,4.064165,24.44
1785342060,4.263714,4.02717,24.42
1785342070,4.29221,4.053595,24.44
1785342080,4.2779620000000005,4.041968,24.44
1785342090,4.295772,4.062051,24.47
1785342100,4.288648,4.056766,24.41
1785342110,4.29221,4.063108,24.42
1785342120,4.283305,4.055709,24.44
1785342130,4.286867,4.05888,24.44
1785342140,4.2654950000000005,4.035626,24.47
1785342150,4.2744,4.039854,24.44
1785342160,4.297553,4.066279,24.44
1785342170,4.267276,4.03774,24.45
1785342180,4.285086,4.054652,24.44
1785342190,4.242342,4.014486,24.38
1785342200,4.276181,4.0472529999999995,24.41
1785342210,4.258371,4.023999,24.41
1785342220,4.269057,4.038797,24.35
1785342230,4.279743,4.059937,24.35
1785342240,4.261933,4.039854,24.36
1785342250,4.267276,4.045139,24.36
1785342260,4.260152,4.038797,24.36
1785342270,4.272619,4.045139,24.38
1785342280,4.2779620000000005,4.049367,24.38
1785342290,4.334954,4.100103,24.39
1785342300,4.285086,4.053595,24.38
1785342310,4.29221,4.065222,24.41
1785342320,4.270838,4.04831,24.39
1785342330,4.245904,4.022942,24.39
1785342340,4.258371,4.032455,24.41
1785342350,4.258371,4.030341,24.39
1785342360,4.258371,4.030341,24.42
1785342370,4.29221,4.05888,24.41
1785342380,4.293991,4.063108,24.42
1785342390,4.272619,4.044082,24.39
1785342400,4.2530280000000005,4.026113,24.41
1785342410,4.2779620000000005,4.0472529999999995,24.41
1785342420,4.283305,4.053595,24.41
1785342430,4.2744,4.044082,24.42
1785342440,4.295772,4.062051,24.41
1785342450,4.283305,4.052538,24.42
1785342460,4.283305,4.054652,24.42
1785342470,4.267276,4.039854,24.45
1785342480,4.29221,4.064165,24.47
1785342490,4.2654950000000005,4.035626,24.42
1785342500,4.2904290000000005,4.057823,24.42
1785342510,4.270838,4.038797,24.42
1785342520,4.267276,4.034569,24.44
1785342530,4.2654950000000005,4.034569,24.44
1785342540,4.272619,4.041968,24.42
1785342550,4.2904290000000005,4.057823,24.42
1785342560,4.283305,4.049367,24.39
1785342570,4.281524,4.04831,24.41
1785342580,4.301115,4.067336,24.42
1785342590,4.2779620000000005,4.0472529999999995,24.39
1785342600,4.285086,4.054652,24.44
1785342610,4.2779620000000005,4.049367,24.42
1785342620,4.2779620000000005,4.050424,24.44
1785342630,4.247685,4.022942,24.42
1785342640,4.2744,4.049367,24.41
1785342650,4.261933,4.03774,24.41
1785342660,4.263714,4.044082,24.41
1785342670,4.276181,4.055709,24.44
1785342680,4.261933,4.043025,24.39
1785342690,4.281524,4.064165,24.39
1785342700,4.270838,4.056766,24.41
1785342710,4.269057,4.053595,24.41
1785342720,4.2744,4.056766,24.41
1785342730,4.25659,4.041968,24.41
1785342740,4.249466,4.028227,24.39
1785342750,4.2779620000000005,4.055709,24.41
1785342760,4.2744,4.052538,24.41
1785342770,4.299334,4.0747349999999996,24.42
1785342780,4.2654950000000005,4.045139,24.39
1785342790,4.2779620000000005,4.057823,24.41
1785342800,4.279743,4.060994,24.39
1785342810,4.261933,4.043025,24.39
1785342820,4.285086,4.066279,24.39
1785342830,4.272619,4.051481,24.39
1785342840,4.244123,4.025056,24.41
1785342850,4.279743,4.059937,24.38
1785342860,4.276181,4.053595,24.41
1785342870,4.2654950000000005,4.03774,24.41
1785342880,4.254809,4.02717,24.44
1785342890,4.3028960000000005,4.070507,24.39
1785342900,4.261933,4.030341,24.41
1785342910,4.2744,4.044082,24.41
1785342920,4.258371,4.02717,24.41
1785342930,4.2744,4.039854,24.39
1785342940,4.288648,4.050424,24.38
1785342950,4.288648,4.051481,24.41
1785342960,4.281524,4.044082,24.39
1785342970,4.279743,4.041968,24.39
1785342980,4.267276,4.033512,24.41
1785342990,4.267276,4.034569,24.39
1785343000,4.311801,4.0747349999999996,24.39
1785343010,4.285086,4.050424,24.39
1785343020,4.279743,4.046196,24.38
1785343030,4.267276,4.035626,24.39
1785343040,4.281524,4.04831,24.41
1785343050,4.272619,4.040911,24.39
1785343060,4.267276,4.038797,24.41
1785343070,4.2779620000000005,4.046196,24.38
1785343080,4.276181,4.040911,24.38
1785343090,4.270838,4.034569,24.39
1785343100,4.2654950000000005,4.029284,24.41
1785343110,4.293991,4.055709,24.39
1785343120,4.286867,4.049367,24.41
1785343130,4.301115,4.057823,24.38
1785343140,4.283305,4.038797,24.38
1785343150,4.263714,4.018714,24.39
1785343160,4.304677,4.05888,24.41
1785343170,4.2654950000000005,4.020828,24.38
1785343180,4.304677,4.055709,24.36
1785343190,4.2904290000000005,4.041968,24.38
1785343200,4.299334,4.052538,24.36
1785343210,4.2779620000000005,4.030341,24.35
1785343220,4.3028960000000005,4.054652,24.36
1785343230,4.272619,4.02717,24.36
1785343240,4.281524,4.035626,24.36
1785343250,4.285086,4.039854,24.35
1785343260,4.3028960000000005,4.056766,24.34
1785343270,4.283305,4.03774,24.38
1785343280,4.2744,4.02717,24.35
1785343290,4.288648,4.040911,24.36
1785343300,4.304677,4.055709,24.38
1785343310,4.267276,4.020828,24.35
1785343320,4.285086,4.040911,24.34
1785343330,4.236999,3.994403,24.38
1785343340,4.261933,4.018714,24.34
1785343350,4.270838,4.030341,24.32
1785343360,4.2779620000000005,4.036683,24.34
1785343370,4.286867,4.0472529999999995,24.34
1785343380,4.283305,4.0472529999999995,24.32
1785343390,4.286867,4.053595,24.31
1785343400,4.261933,4.029284,24.32
1785343410,4.281524,4.04831,24.32
1785343420,4.267276,4.032455,24.32
1785343430,4.283305,4.049367,24.34
1785343440,4.270838,4.036683,24.31
1785343450,4.272619,4.038797,24.32
1785343460,4.254809,4.022942,24.34
1785343470,4.258371,4.026113,24.35
1785343480,4.267276,4.031398,24.32
1785343490,4.2779620000000005,4.039854,24.34
1785343500,4.261933,4.026113,24.34
1785343510,4.270838,4.034569,24.34
1785343520,4.293991,4.053595,24.35
1785343530,4.395508,4.149782,24.32
1785343540,4.283305,4.044082,24.35
1785343550,4.288648,4.046196,24.31
1785343560,4.283305,4.041968,24.31
1785343570,4.283305,4.041968,24.34
1785343580,4.301115,4.055709,24.32
1785343590,4.286867,4.040911,24.34
1785343600,4.2654950000000005,4.021885,24.3
1785343610,4.2654950000000005,4.019771,24.35
1785343620,4.272619,4.02717,24.31
1785343630,4.254809,4.008144,24.31
1785343640,4.293991,4.045139,24.32
1785343650,4.3028960000000005,4.054652,24.3
1785343660,4.279743,4.029284,24.31
1785343670,4.29221,4.03774,24.3
1785343680,4.285086,4.032455,24.3
1785343690,4.301115,4.0472529999999995,24.3
1785343700,4.288648,4.035626,24.3
1785343710,4.2904290000000005,4.036683,24.28
1785343720,4.295772,4.040911,24.3
1785343730,4.297553,4.038797,24.27
1785343740,4.281524,4.025056,24.28
1785343750,4.286867,4.029284,24.27
1785343760,4.293991,4.033512,24.28
1785343770,4.3153630000000005,4.056766,24.27
1785343780,4.288648,4.031398,24.25
1785343790,4.29221,4.034569,24.28
1785343800,4.31002,4.050424,24.28
1785343810,4.295772,4.036683,24.27
1785343820,4.269057,4.012372,24.28
1785343830,4.311801,4.053595,24.25
1785343840,4.251247,3.992289,24.27
1785343850,4.31002,4.046196,24.27
1785343860,4.326049,4.064165,24.27
1785343870,4.31002,4.050424,24.25
1785343880,4.31002,4.051481,24.25
1785343890,4.29221,4.035626,24.25
1785343900,4.322487,4.064165,24.24
1785343910,4.318925,4.05888,24.25
1785343920,4.3153630000000005,4.053595,24.25
1785343930,4.2779620000000005,4.019771,24.24
1785343940,4.313582,4.050424,24.27
1785343950,4.301115,4.039854,24.24
1785343960,4.308239,4.0472529999999995,24.25
1785343970,4.308239,4.0472529999999995,24.23
1785343980,4.2779620000000005,4.020828,24.23
1785343990,4.293991,4.03774,24.25
1785344000,4.297553,4.040911,24.21
1785344010,4.311801,4.054652,24.21
1785344020,4.293991,4.040911,24.23
1785344030,4.269057,4.0166,24.24
1785344040,4.2904290000000005,4.03774,24.25
1785344050,4.286867,4.036683,24.24
1785344060,4.295772,4.045139,24.24
1785344070,4.279743,4.031398,24.2
1785344080,4.281524,4.034569,24.21
1785344090,4.269057,4.022942,24.23
1785344100,4.279743,4.034569,24.21
1785344110,4.288648,4.041968,24.23
1785344120,4.299334,4.052538,24.23
1785344130,4.29221,4.044082,24.23
1785344140,4.286867,4.038797,24.24
1785344150,4.2654950000000005,4.019771,24.21
1785344160,4.311801,4.060994,24.23
1785344170,4.31002,4.060994,24.24
1785344180,4.306458,4.05888,24.21
1785344190,4.269057,4.026113,24.21
1785344200,4.272619,4.028227,24.21
1785344210,4.276181,4.032455,24.21
1785344220,4.270838,4.026113,24.2
1785344230,4.286867,4.03774,24.21
1785344240,4.276181,4.02717,24.2
1785344250,4.279743,4.028227,24.2
1785344260,4.2779620000000005,4.023999,24.2
1785344270,4.2904290000000005,4.035626,24.2
1785344280,4.2904290000000005,4.036683,24.2
1785344290,4.295772,4.039854,24.21
1785344300,4.29221,4.039854,24.21
1785344310,4.29221,4.036683,24.21
1785344320,4.270838,4.014486,24.18
1785344330,4.293991,4.033512,24.2
1785344340,4.293991,4.036683,24.18
1785344350,4.29221,4.03774,24.21
1785344360,4.263714,4.009201,24.18
1785344370,4.29221,4.036683,24.2
1785344380,4.279743,4.022942,24.2
1785344390,4.29221,4.035626,24.18
1785344400,4.293991,4.036683,24.17
1785344410,4.286867,4.029284,24.17
1785344420,4.281524,4.022942,24.18
1785344430,4.244123,3.98489,24.15
1785344440,4.261933,3.997574,24.2
1785344450,4.29221,4.025056,24.17
1785344460,4.31002,4.041968,24.2
1785344470,4.279743,4.012372,24.15
1785344480,4.286867,4.018714,24.17
1785344490,4.258371,3.99546,24.17
1785344500,4.308239,4.041968,24.15
1785344510,4.279743,4.015543,24.14
1785344520,4.25659,3.992289,24.14
1785344530,4.301115,4.031398,24.14
1785344540,4.308239,4.038797,24.15
1785344550,4.293991,4.026113,24.14
1785344560,4.31002,4.038797,24.15
1785344570,4.2744,4.007087,24.17
1785344580,4.281524,4.012372,24.14
1785344590,4.261933,3.994403,24.15
1785344600,4.2779620000000005,4.011315,24.15
1785344610,4.299334,4.030341,24.15
1785344620,4.293991,4.023999,24.17
1785344630,4.286867,4.017657,24.14
1785344640,4.293991,4.023999,24.14
1785344650,4.260152,3.990175,24.15
1785344660,4.25659,3.988061,24.15
1785344670,4.311801,4.039854,24.13
1785344680,4.263714,3.994403,24.14
1785344690,4.25659,3.9870039999999998,24.13
1785344700,4.258371,3.990175,24.14
1785344710,4.258371,3.992289,24.13
1785344720,4.254809,3.989118,24.13
1785344730,4.276181,4.010258,24.11
1785344740,4.263714,3.997574,24.13
1785344750,4.263714,3.998631,24.13
1785344760,4.251247,3.985947,24.1
1785344770,4.25659,3.989118,24.11
1785344780,4.260152,3.994403,24.14
1785344790,4.245904,3.980662,24.13
1785344800,4.270838,4.003916,24.14
1785344810,4.245904,3.978548,24.13
1785344820,4.2530280000000005,3.985947,24.13
1785344830,4.263714,3.996517,24.13
1785344840,4.23878,3.972206,24.13
1785344850,4.261933,3.994403,24.1
1785344860,4.263714,3.99546,24.1
1785344870,4.272619,4.003916,24.11
1785344880,4.270838,4.003916,24.1
1785344890,4.2654950000000005,3.997574,24.14
1785344900,4.263714,3.99546,24.14
1785344910,4.267276,4.002859,24.11
1785344920,4.236999,3.97432,24.1
1785344930,4.247685,3.98489,24.11
1785344940,4.2654950000000005,4.002859,24.13
1785344950,4.242342,3.983833,24.1
1785344960,4.224532,3.969035,24.11
1785344970,4.2405610000000005,3.983833,24.1
1785344980,4.251247,3.994403,24.08
1785344990,4.201379,3.945781,24.07
1785345000,4.224532,3.967978,24.07
1785345010,4.217408,3.960579,24.07
1785345020,4.23878,3.981719,24.08
1785345030,4.233437,3.976434,24.08
1785345040,4.249466,3.992289,24.1
1785345050,4.2405610000000005,3.985947,24.08
1785345060,4.231656,3.977491,24.07
1785345070,4.226313,3.972206,24.07
1785345080,4.22097,3.967978,24.06
1785345090,4.224532,3.972206,24.06
1785345100,4.245904,3.993346,24.06
1785345110,4.224532,3.9732629999999998,24.06
1785345120,4.213846,3.96375,24.06
1785345130,4.231656,3.980662,24.06
1785345140,4.219189,3.970092,24.07
1785345150,4.242342,3.991232,24.07
1785345160,4.217408,3.967978,24.07
1785345170,4.2031600000000005,3.955294,24.07
1785345180,4.213846,3.964807,24.08
1785345190,4.217408,3.969035,24.08
1785345200,4.204941,3.958465,24.07
1785345210,4.22097,3.9732629999999998,24.08
1785345220,4.219189,3.971149,24.07
1785345230,4.156854,3.911957,24.1
1785345240,4.156854,3.911957,24.07
1785345250,4.199598,3.95318,24.06
1785345260,4.199598,3.95318,24.04
1785345270,4.194255,3.947895,24.07
1785345280,4.188912,3.943667,24.07
1785345290,4.213846,3.965864,24.07
1785345300,4.210284,3.96375,24.06
1785345310,4.229875,3.981719,24.07
1785345320,4.212065,3.96375,24.04
1785345330,4.226313,3.976434,24.04
1785345340,4.2156270000000005,3.966921,24.04
1785345350,4.217408,3.966921,24.04
1785345360,4.229875,3.978548,24.04
1785345370,4.18535,3.937325,24.03
1785345380,4.2156270000000005,3.964807,24.04
1785345390,4.210284,3.959522,24.04
1785345400,4.197817,3.947895,24.04
1785345410,4.187131,3.938382,24.07
1785345420,4.217408,3.965864,24.06
1785345430,4.2031600000000005,3.95318,24.04
1785345440,4.244123,3.992289,24.06
1785345450,4.2280940000000005,3.97432,24.01
1785345460,4.213846,3.961636,24.06
1785345470,4.201379,3.950009,24.03
1785345480,4.1906930000000004,3.940496,24.03
1785345490,4.231656,3.977491,24.03
1785345500,4.204941,3.951066,24.03
1785345510,4.22097,3.967978,24.03
1785345520,4.222751,3.967978,24.01
1785345530,4.197817,3.94261,24.04
1785345540,4.178226,3.926755,24.04
1785345550,4.199598,3.950009,24.04
1785345560,4.201379,3.948952,24.04
1785345570,4.197817,3.946838,24.01
1785345580,4.196036,3.948952,24.01
1785345590,4.201379,3.954237,24.06
1785345600,4.208503,3.957408,24.01
1785345610,4.222751,3.971149,24.04
1785345620,4.194255,3.943667,24.04
1785345630,4.222751,3.969035,24.01
1785345640,4.23878,3.982776,24.04
1785345650,4.212065,3.956351,24.03
1785345660,4.210284,3.954237,24.01
1785345670,4.2156270000000005,3.958465,24.03
1785345680,4.219189,3.961636,24.0
1785345690,4.226313,3.966921,24.01
1785345700,4.192474,3.936268,24.01
1785345710,4.212065,3.952123,24.0
1785345720,4.199598,3.938382,24.0
1785345730,4.197817,3.938382,24.01
1785345740,4.2280940000000005,3.966921,23.99
1785345750,4.219189,3.959522,23.99
1785345760,4.22097,3.959522,24.0
1785345770,4.231656,3.969035,24.0
1785345780,4.219189,3.957408,23.99
1785345790,4.258371,3.99546,24.0
1785345800,4.229875,3.965864,23.99
1785345810,4.204941,3.94261,23.99
1785345820,4.222751,3.959522,24.0
1785345830,4.219189,3.957408,24.0
1785345840,4.213846,3.952123,23.99
1785345850,4.206722,3.946838,23.99
1785345860,4.2280940000000005,3.967978,23.99
1785345870,4.229875,3.966921,24.01
1785345880,4.201379,3.940496,23.99
1785345890,4.181788,3.92147,23.99
1785345900,4.212065,3.950009,23.99
1785345910,4.226313,3.962693,24.0
1785345920,4.201379,3.936268,23.99
1785345930,4.236999,3.971149,24.01
1785345940,4.2280940000000005,3.964807,24.0
1785345950,4.212065,3.948952,24.0
1785345960,4.235218,3.971149,23.99
1785345970,4.2156270000000005,3.95318,23.99
1785345980,4.251247,3.985947,23.97
1785345990,4.242342,3.978548,24.01
1785346000,4.231656,3.967978,23.97
1785346010,4.226313,3.964807,23.97
1785346020,4.244123,3.981719,23.99
1785346030,4.197817,3.937325,23.99
1785346040,4.219189,3.958465,23.97
1785346050,4.260152,3.99546,23.97
1785346060,4.2031600000000005,3.941553,23.99
1785346070,4.2280940000000005,3.966921,23.97
1785346080,4.229875,3.969035,23.97
1785346090,4.226313,3.964807,23.97
1785346100,4.236999,3.976434,23.97
1785346110,4.251247,3.9870039999999998,23.96
1785346120,4.2280940000000005,3.965864,23.97
1785346130,4.233437,3.967978,23.94
1785346140,4.229875,3.965864,23.96
1785346150,4.2405610000000005,3.977491,23.96
1785346160,4.260152,4.001802,23.97
1785346170,4.244123,3.982776,23.97
1785346180,4.222751,3.961636,23.94
1785346190,4.244123,3.981719,23.96
1785346200,4.2405610000000005,3.976434,23.97
1785346210,4.224532,3.962693,23.96
1785346220,4.235218,3.971149,23.97
1785346230,4.23878,3.975377,23.97
1785346240,4.260152,3.99546,23.96
1785346250,4.260152,3.996517,23.96
1785346260,4.197817,3.938382,23.99
1785346270,4.236999,3.976434,23.96
1785346280,4.22097,3.958465,23.99
1785346290,4.231656,3.969035,23.96
1785346300,4.254809,3.993346,23.97
1785346310,4.25659,3.994403,23.97
1785346320,4.231656,3.969035,23.94
1785346330,4.258371,3.998631,23.99
1785346340,4.249466,3.990175,23.99
1785346350,4.263714,4.001802,23.96
1785346360,4.236999,3.981719,23.99
1785346370,4.2405610000000005,3.988061,23.96
1785346380,4.249466,3.996517,23.97
1785346390,4.254809,4.001802,23.96
1785346400,4.224532,3.972206,23.99
1785346410,4.260152,4.003916,23.96
1785346420,4.249466,3.99546,23.99
1785346430,4.249466,3.996517,23.97
1785346440,4.247685,3.994403,24.0
1785346450,4.23878,3.985947,23.99
1785346460,4.25659,4.003916,23.97
1785346470,4.233437,3.982776,24.01
1785346480,4.269057,4.017657,23.99
1785346490,4.251247,4.000745,24.01
1785346500,4.260152,4.008144,23.96
1785346510,4.270838,4.019771,23.97
1785346520,4.247685,4.002859,23.97
1785346530,4.263714,4.019771,23.97
1785346540,4.247685,4.00603,23.97
1785346550,4.283305,4.035626,23.97
1785346560,4.2405610000000005,3.996517,23.96
1785346570,4.231656,3.983833,23.97
1785346580,4.23878,3.988061,23.97
1785346590,4.251247,4.000745,23.97
1785346600,4.261933,4.013429,23.97
1785346610,4.247685,3.997574,23.97
1785346620,4.235218,3.985947,23.97
1785346630,4.245904,3.997574,23.97
1785346640,4.254809,4.007087,23.97
1785346650,4.242342,3.996517,23.97
1785346660,4.269057,4.021885,23.96
1785346670,4.2530280000000005,4.008144,23.96
1785346680,4.224532,3.983833,23.99
1785346690,4.242342,4.001802,23.99
1785346700,4.23878,3.998631,23.97
1785346710,4.261933,4.018714,23.99
1785346720,4.233437,3.992289,23.99
1785346730,4.270838,4.028227,24.0
1785346740,4.263714,4.018714,23.97
1785346750,4.2744,4.031398,23.99
1785346760,4.2530280000000005,4.012372,24.03
1785346770,4.2654950000000005,4.026113,24.0
1785346780,4.222751,3.98489,24.0
1785346790,4.260152,4.019771,24.0
1785346800,4.270838,4.031398,23.99
1785346810,4.245904,4.008144,23.99
1785346820,4.251247,4.011315,24.0
1785346830,4.281524,4.040911,24.0
1785346840,4.260152,4.019771,23.99
1785346850,4.2744,4.033512,23.97
1785346860,4.251247,4.013429,23.99
1785346870,4.244123,4.008144,23.97
1785346880,4.2744,4.036683,23.96
1785346890,4.25659,4.018714,23.96
1785346900,4.245904,4.010258,23.97
1785346910,4.2779620000000005,4.041968,23.96
1785346920,4.235218,3.999688,23.97
1785346930,4.281524,4.041968,23.94
1785346940,4.263714,4.023999,23.92
1785346950,4.2744,4.034569,23.96
1785346960,4.2654950000000005,4.026113,23.96
1785346970,4.2744,4.035626,23.96
1785346980,4.242342,4.003916,23.96
1785346990,4.29221,4.051481,23.96
1785347000,4.311801,4.071564,23.94
1785347010,4.29221,4.052538,23.96
1785347020,4.272619,4.033512,23.96
1785347030,4.293991,4.054652,23.97
1785347040,4.25659,4.019771,23.96
1785347050,4.269057,4.032455,23.94
1785347060,4.260152,4.028227,23.97
1785347070,4.269057,4.038797,23.97
1785347080,4.276181,4.044082,23.96
1785347090,4.295772,4.060994,23.96
1785347100,4.308239,4.072621,23.96
1785347110,4.286867,4.053595,23.96
1785347120,4.276181,4.045139,23.96
1785347130,4.297553,4.064165,23.96
1785347140,4.311801,4.077906,23.96
1785347150,4.3028960000000005,4.073678,23.97
1785347160,4.3153630000000005,4.085305,23.96
1785347170,4.301115,4.071564,23.96
1785347180,4.336735,4.104331,23.97
1785347190,4.331392,4.096932,23.94
1785347200,4.322487,4.088476,23.96
1785347210,4.352764,4.117015,23.97
1785347220,4.343859,4.110673,23.96
1785347230,4.334954,4.097989,23.97
1785347240,4.3402970000000005,4.10116,23.97
1785347250,4.356326,4.115958,23.94
1785347260,4.350983,4.109616,23.94
1785347270,4.343859,4.102217,23.94
1785347280,4.36345,4.119129,23.93
1785347290,4.356326,4.117015,23.92
1785347300,4.333173,4.097989,23.94
1785347310,4.342078,4.103274,23.93
1785347320,4.324268,4.087419,23.94
1785347330,4.34564,4.107502,23.93
1785347340,4.329611,4.093761,23.92
1785347350,4.347421,4.109616,23.94
1785347360,4.343859,4.106445,23.93
1785347370,4.356326,4.115958,23.92
1785347380,4.343859,4.105388,23.94
1785347390,4.336735,4.10116,23.93
1785347400,4.331392,4.095875,23.93
1785347410,4.356326,4.119129,23.93
1785347420,4.343859,4.106445,23.92
1785347430,4.336735,4.099046,23.92
1785347440,4.356326,4.117015,23.93
1785347450,4.354545,4.118072,23.93
1785347460,4.324268,4.093761,23.92
1785347470,4.333173,4.097989,23.94
1785347480,4.352764,4.115958,23.93
1785347490,4.349202,4.109616,23.93
1785347500,4.352764,4.11173,23.92
1785347510,4.336735,4.10116,23.93
1785347520,4.365231,4.125471,23.93
1785347530,4.347421,4.108559,23.93
1785347540,4.358107,4.118072,23.93
1785347550,4.377698,4.134984,23.93
1785347560,4.375917,4.13287,23.9
1785347570,4.372355,4.129699,23.93
1785347580,4.375917,4.133927,23.92
1785347590,4.374136,4.134984,23.92
1785347600,4.359888,4.121243,23.94
1785347610,4.38126,4.139212,23.93
1785347620,4.377698,4.13287,23.94
1785347630,4.368793,4.126528,23.93
1785347640,4.370574,4.126528,23.92
1785347650,4.365231,4.118072,23.92
1785347660,4.367012,4.119129,23.92
1785347670,4.375917,4.129699,23.92
1785347680,4.393727,4.145554,23.92
1785347690,4.377698,4.133927,23.94
1785347700,4.36345,4.119129,23.93
1785347710,4.342078,4.100103,23.92
1785347720,4.350983,4.11173,23.92
1785347730,4.356326,4.115958,23.94
1785347740,4.354545,4.119129,23.9
1785347750,4.372355,4.133927,23.93
1785347760,4.349202,4.114901,23.93
1785347770,4.3402970000000005,4.105388,23.9
1785347780,4.377698,4.140269,23.92
1785347790,4.367012,4.126528,23.93
1785347800,4.358107,4.117015,23.9
1785347810,4.375917,4.133927,23.9
1785347820,4.377698,4.136041,23.9
1785347830,4.367012,4.126528,23.9
1785347840,4.359888,4.121243,23.88
1785347850,4.368793,4.129699,23.92
1785347860,4.359888,4.115958,23.9
1785347870,4.374136,4.128642,23.88
1785347880,4.370574,4.124414,23.9
1785347890,4.379479,4.134984,23.88
1785347900,4.375917,4.131813,23.88
1785347910,4.397289,4.148725,23.87
1785347920,4.365231,4.119129,23.84
1785347930,4.38126,4.137098,23.88
1785347940,4.384822,4.137098,23.86
1785347950,4.365231,4.120186,23.88
1785347960,4.393727,4.145554,23.87
1785347970,4.377698,4.130756,23.87
1785347980,4.391946,4.145554,23.87
1785347990,4.388384,4.145554,23.88
1785348000,4.359888,4.119129,23.9
1785348010,4.384822,4.140269,23.87
1785348020,4.391946,4.144497,23.87
1785348030,4.404413,4.158238,23.9
1785348040,4.400851,4.15401,23.87
1785348050,4.383041,4.136041,23.87
1785348060,4.384822,4.137098,23.87
1785348070,4.395508,4.150839,23.88
1785348080,4.397289,4.155067,23.9
1785348090,4.39907,4.160352,23.88
1785348100,4.393727,4.15401,23.86
1785348110,4.391946,4.151896,23.86
1785348120,4.402632,4.159295,23.87
1785348130,4.390165,4.151896,23.84
1785348140,4.384822,4.148725,23.88
1785348150,4.383041,4.144497,23.9
1785348160,4.377698,4.139212,23.86
1785348170,4.41688,4.173036,23.87
1785348180,4.400851,4.155067,23.87
1785348190,4.370574,4.129699,23.86
1785348200,4.393727,4.155067,23.87
1785348210,4.386603,4.147668,23.87
1785348220,4.374136,4.136041,23.84
1785348230,4.409756,4.169865,23.86
1785348240,4.406194,4.165637,23.87
1785348250,4.39907,4.160352,23.86
1785348260,4.406194,4.170922,23.86
1785348270,4.400851,4.167751,23.86
1785348280,4.400851,4.163523,23.88
1785348290,4.404413,4.163523,23.87
1785348300,4.404413,4.167751,23.88
1785348310,4.395508,4.168808,23.9
1785348320,4.395508,4.173036,23.88
1785348330,4.418661,4.191005,23.87
1785348340,4.415099,4.182549,23.88
1785348350,4.395508,4.160352,23.88
1785348360,4.397289,4.163523,23.87
1785348370,4.39907,4.163523,23.9
1785348380,4.407975,4.168808,23.9
1785348390,4.383041,4.147668,23.9
1785348400,4.388384,4.156124,23.88
1785348410,4.409756,4.18572,23.88
1785348420,4.409756,4.178321,23.87
1785348430,4.422223,4.191005,23.87
1785348440,4.391946,4.161409,23.88
1785348450,4.409756,4.177264,23.87
1785348460,4.409756,4.177264,23.86
1785348470,4.409756,4.181492,23.88
1785348480,4.400851,4.170922,23.88
1785348490,4.406194,4.17515,23.86
1785348500,4.413318,4.182549,23.88
1785348510,4.402632,4.171979,23.87
1785348520,4.422223,4.193119,23.86
1785348530,4.388384,4.16458,23.86
1785348540,4.413318,4.192062,23.88
1785348550,4.406194,4.18572,23.88
1785348560,4.404413,4.188891,23.87
1785348570,4.424004,4.202632,23.87
1785348580,4.400851,4.178321,23.87
1785348590,4.424004,4.19629,23.88
1785348600,4.411537,4.184663,23.86
1785348610,4.404413,4.182549,23.86
1785348620,4.425785,4.200518,23.84
1785348630,4.427566,4.198404,23.86
1785348640,4.422223,4.198404,23.86
1785348650,4.409756,4.191005,23.83
1785348660,4.432909,4.210031,23.83
1785348670,4.424004,4.201575,23.86
1785348680,4.411537,4.187834,23.81
1785348690,4.436471,4.211088,23.86
1785348700,4.438252,4.216373,23.86
1785348710,4.429347,4.205803,23.83
1785348720,4.450719,4.222715,23.83
1785348730,4.43469,4.20686,23.83
1785348740,4.427566,4.202632,23.86
1785348750,4.443595,4.221658,23.84
1785348760,4.432909,4.212145,23.84
1785348770,4.440033,4.221658,23.83
1785348780,4.404413,4.191005,23.86
1785348790,4.456062,4.237513,23.86
1785348800,4.422223,4.20686,23.86
1785348810,4.418661,4.210031,23.84
1785348820,4.438252,4.225886,23.86
1785348830,4.440033,4.229057,23.84
1785348840,4.418661,4.20686,23.87
1785348850,4.450719,4.234342,23.83
1785348860,4.441814,4.219544,23.84
1785348870,4.436471,4.216373,23.86
1785348880,4.41688,4.202632,23.83
1785348890,4.432909,4.215316,23.83
1785348900,4.443595,4.222715,23.81
1785348910,4.436471,4.216373,23.86
1785348920,4.431128,4.216373,23.84
1785348930,4.427566,4.212145,23.84
1785348940,4.432909,4.219544,23.83
1785348950,4.438252,4.226943,23.86
1785348960,4.4525,4.239627,23.83
1785348970,4.407975,4.193119,23.86
1785348980,4.432909,4.218487,23.83
1785348990,4.440033,4.223772,23.83
1785349000,4.441814,4.224829,23.86
1785349010,4.447157,4.229057,23.81
1785349020,4.440033,4.224829,23.84
1785349030,4.424004,4.215316,23.86
1785349040,4.461405,4.251254,23.83
1785349050,4.429347,4.219544,23.83
1785349060,4.461405,4.250197,23.86
1785349070,4.4525,4.242798,23.84
1785349080,4.431128,4.224829,23.81
1785349090,4.429347,4.222715,23.83
1785349100,4.422223,4.215316,23.81
1785349110,4.436471,4.230114,23.83
1785349120,4.420442,4.218487,23.81
1785349130,4.418661,4.218487,23.81
1785349140,4.420442,4.21743,23.81
1785349150,4.427566,4.225886,23.83
1785349160,4.443595,4.239627,23.81
1785349170,4.418661,4.215316,23.79
1785349180,4.422223,4.218487,23.81
1785349190,4.431128,4.223772,23.83
1785349200,4.411537,4.20686,23.84
1785349210,4.436471,4.232228,23.83
1785349220,4.415099,4.212145,23.81
1785349230,4.438252,4.234342,23.84
1785349240,4.418661,4.212145,23.83
1785349250,4.43469,4.229057,23.81
1785349260,4.454281,4.244912,23.8
1785349270,4.429347,4.220601,23.81
1785349280,4.43469,4.226943,23.83
1785349290,4.43469,4.232228,23.83
1785349300,4.427566,4.226943,23.81
1785349310,4.441814,4.237513,23.81
1785349320,4.427566,4.221658,23.83
1785349330,4.43469,4.229057,23.81
1785349340,4.420442,4.213202,23.83
1785349350,4.429347,4.221658,23.81
1785349360,4.441814,4.2364559999999996,23.83
1785349370,4.436471,4.228,23.83
1785349380,4.43469,4.228,23.81
1785349390,4.411537,4.205803,23.83
1785349400,4.445376,4.23857,23.84
1785349410,4.447157,4.239627,23.83
1785349420,4.415099,4.207917,23.8
1785349430,4.422223,4.215316,23.83
1785349440,4.41688,4.2089739999999995,23.81
1785349450,4.438252,4.233285,23.84
1785349460,4.425785,4.220601,23.83
1785349470,4.431128,4.224829,23.81
1785349480,4.43469,4.229057,23.83
1785349490,4.436471,4.228,23.86
1785349500,4.440033,4.234342,23.83
1785349510,4.43469,4.228,23.83
1785349520,4.427566,4.222715,23.83
1785349530,4.432909,4.223772,23.83
1785349540,4.427566,4.222715,23.83
1785349550,4.431128,4.226943,23.81
1785349560,4.436471,4.230114,23.8
1785349570,4.432909,4.226943,23.81
1785349580,4.438252,4.233285,23.81
1785349590,4.427566,4.220601,23.79
1785349600,4.386603,4.181492,23.8
1785349610,4.441814,4.235399,23.77
1785349620,4.420442,4.214259,23.8
1785349630,4.431128,4.226943,23.81
1785349640,4.443595,4.237513,23.8
1785349650,4.431128,4.228,23.8
1785349660,4.407975,4.205803,23.77
1785349670,4.411537,4.2089739999999995,23.8
1785349680,4.422223,4.218487,23.8
1785349690,4.413318,4.215316,23.79
1785349700,4.427566,4.231171,23.8
1785349710,4.448938,4.248083,23.77
1785349720,4.413318,4.214259,23.79
1785349730,4.438252,4.2364559999999996,23.77
1785349740,4.431128,4.226943,23.79
1785349750,4.411537,4.20686,23.79
1785349760,4.411537,4.204746,23.8
1785349770,4.406194,4.202632,23.79
1785349780,4.424004,4.219544,23.8
1785349790,4.429347,4.222715,23.81
1785349800,4.402632,4.199461,23.79
1785349810,4.431128,4.226943,23.79
1785349820,4.429347,4.225886,23.79
1785349830,4.418661,4.216373,23.79
1785349840,4.436471,4.232228,23.76
1785349850,4.432909,4.226943,23.77
1785349860,4.404413,4.198404,23.77
1785349870,4.445376,4.23857,23.77
1785349880,4.450719,4.243855,23.79
1785349890,4.425785,4.224829,23.81
1785349900,4.424004,4.220601,23.8
1785349910,4.420442,4.215316,23.77
1785349920,4.424004,4.219544,23.76
1785349930,4.440033,4.234342,23.79
1785349940,4.420442,4.215316,23.8
1785349950,4.415099,4.2089739999999995,23.79
1785349960,4.39907,4.197347,23.79
1785349970,4.431128,4.224829,23.79
1785349980,4.411537,4.20686,23.76
1785349990,4.418661,4.213202,23.77
1785350000,4.400851,4.197347,23.77
1785350010,4.411537,4.204746,23.79
1785350020,4.390165,4.186777,23.77
1785350030,4.395508,4.193119,23.79
1785350040,4.391946,4.188891,23.77
1785350050,4.413318,4.20686,23.79
1785350060,4.415099,4.2089739999999995,23.77
1785350070,4.39907,4.194176,23.79
1785350080,4.420442,4.214259,23.77
1785350090,4.425785,4.21743,23.77
1785350100,4.41688,4.207917,23.8
1785350110,4.409756,4.200518,23.77
1785350120,4.431128,4.220601,23.77
1785350130,4.411537,4.199461,23.76
1785350140,4.425785,4.214259,23.74
1785350150,4.39907,4.191005,23.79
1785350160,4.418661,4.2089739999999995,23.77
1785350170,4.407975,4.200518,23.77
1785350180,4.411537,4.203689,23.77
1785350190,4.413318,4.205803,23.79
1785350200,4.407975,4.202632,23.79
1785350210,4.407975,4.202632,23.79
1785350220,4.407975,4.203689,23.8
1785350230,4.393727,4.188891,23.77
1785350240,4.388384,4.182549,23.77
1785350250,4.411537,4.205803,23.77
1785350260,4.413318,4.207917,23.79
1785350270,4.404413,4.199461,23.79
1785350280,4.402632,4.19629,23.77
1785350290,4.411537,4.207917,23.77
1785350300,4.41688,4.212145,23.76
1785350310,4.39907,4.193119,23.77
1785350320,4.384822,4.179378,23.77
1785350330,4.415099,4.207917,23.74
1785350340,4.393727,4.187834,23.77
1785350350,4.418661,4.211088,23.76
1785350360,4.413318,4.204746,23.77
1785350370,4.39907,4.189948,23.79
1785350380,4.427566,4.218487,23.79
1785350390,4.41688,4.2089739999999995,23.8
1785350400,4.406194,4.200518,23.76
1785350410,4.424004,4.215316,23.79
1785350420,4.411537,4.203689,23.77
1785350430,4.432909,4.224829,23.77
1785350440,4.427566,4.220601,23.77
1785350450,4.424004,4.215316,23.8
1785350460,4.422223,4.214259,23.8
1785350470,4.422223,4.213202,23.8
1785350480,4.429347,4.219544,23.79
1785350490,4.422223,4.213202,23.77
1785350500,4.420442,4.2089739999999995,23.8
1785350510,4.422223,4.212145,23.83
1785350520,4.431128,4.221658,23.81
1785350530,4.402632,4.19629,23.79
1785350540,4.409756,4.201575,23.81
1785350550,4.413318,4.20686,23.77
1785350560,4.424004,4.21743,23.81
1785350570,4.397289,4.193119,23.81
1785350580,4.425785,4.218487,23.79
1785350590,4.409756,4.204746,23.79
1785350600,4.407975,4.203689,23.8
1785350610,4.397289,4.192062,23.8
1785350620,4.39907,4.192062,23.79
1785350630,4.377698,4.174093,23.79
1785350640,4.386603,4.180435,23.8
1785350650,4.386603,4.178321,23.8
1785350660,4.377698,4.168808,23.83
1785350670,4.391946,4.183606,23.79
1785350680,4.384822,4.176207,23.8
1785350690,4.374136,4.166694,23.8
1785350700,4.388384,4.183606,23.79
1785350710,4.411537,4.205803,23.77
1785350720,4.388384,4.183606,23.79
1785350730,4.367012,4.161409,23.81
1785350740,4.388384,4.180435,23.79
1785350750,4.374136,4.166694,23.79
1785350760,4.377698,4.167751,23.76
1785350770,4.386603,4.177264,23.76
1785350780,4.384822,4.176207,23.76
1785350790,4.390165,4.181492,23.76
1785350800,4.397289,4.187834,23.76
1785350810,4.406194,4.198404,23.76
1785350820,4.404413,4.198404,23.74
1785350830,4.393727,4.186777,23.74
1785350840,4.407975,4.201575,23.73
1785350850,4.391946,4.188891,23.76
1785350860,4.388384,4.184663,23.74
1785350870,4.388384,4.183606,23.73
1785350880,4.368793,4.167751,23.74
1785350890,4.413318,4.210031,23.74
1785350900,4.404413,4.200518,23.74
1785350910,4.404413,4.199461,23.74
1785350920,4.397289,4.188891,23.74
1785350930,4.365231,4.163523,23.73
1785350940,4.402632,4.195233,23.72
1785350950,4.39907,4.192062,23.73
1785350960,4.391946,4.184663,23.73
1785350970,4.383041,4.178321,23.74
1785350980,4.413318,4.207917,23.73
1785350990,4.370574,4.166694,23.76
1785351000,4.397289,4.189948,23.77
1785351010,4.375917,4.170922,23.74
1785351020,4.39907,4.193119,23.74
1785351030,4.372355,4.170922,23.77
1785351040,4.377698,4.17515,23.76
1785351050,4.374136,4.170922,23.77
1785351060,4.375917,4.176207,23.77
1785351070,4.375917,4.174093,23.79
1785351080,4.365231,4.165637,23.77
1785351090,4.365231,4.16458,23.77
1785351100,4.379479,4.178321,23.77
1785351110,4.383041,4.181492,23.74
1785351120,4.374136,4.171979,23.77
1785351130,4.370574,4.168808,23.77
1785351140,4.374136,4.170922,23.79
1785351150,4.379479,4.176207,23.76
1785351160,4.365231,4.162466,23.74
1785351170,4.368793,4.165637,23.77
1785351180,4.34564,4.145554,23.76
1785351190,4.336735,4.140269,23.8
1785351200,4.354545,4.159295,23.74
1785351210,4.336735,4.141326,23.77
1785351220,4.356326,4.161409,23.79
1785351230,4.338516,4.142383,23.79
1785351240,4.342078,4.145554,23.77
1785351250,4.347421,4.148725,23.79
1785351260,4.354545,4.155067,23.77
1785351270,4.356326,4.156124,23.77
1785351280,4.349202,4.149782,23.77
1785351290,4.352764,4.15401,23.77
1785351300,4.361669,4.161409,23.76
1785351310,4.374136,4.173036,23.79
1785351320,4.347421,4.147668,23.77
1785351330,4.370574,4.170922,23.77
1785351340,4.374136,4.173036,23.77
1785351350,4.3402970000000005,4.139212,23.79
1785351360,4.370574,4.169865,23.79
1785351370,4.349202,4.147668,23.76
1785351380,4.343859,4.144497,23.79
1785351390,4.343859,4.14344,23.77
1785351400,4.343859,4.144497,23.77
1785351410,4.356326,4.157181,23.76
1785351420,4.352764,4.152953,23.76
1785351430,4.334954,4.138155,23.76
1785351440,4.338516,4.14344,23.76
1785351450,4.324268,4.130756,23.8
1785351460,4.333173,4.139212,23.76
1785351470,4.313582,4.120186,23.77
1785351480,4.338516,4.146611,23.79
1785351490,4.342078,4.147668,23.79
1785351500,4.343859,4.146611,23.77
1785351510,4.34564,4.147668,23.76
1785351520,4.338516,4.141326,23.76
1785351530,4.350983,4.151896,23.74
1785351540,4.333173,4.136041,23.76
1785351550,4.347421,4.147668,23.77
1785351560,4.324268,4.126528,23.79
1785351570,4.354545,4.156124,23.77
1785351580,4.338516,4.144497,23.77
1785351590,4.329611,4.139212,23.79
1785351600,4.350983,4.159295,23.76
1785351610,4.350983,4.159295,23.76
1785351620,4.347421,4.155067,23.77
1785351630,4.306458,4.11173,23.74
1785351640,4.334954,4.140269,23.74
1785351650,4.347421,4.150839,23.73
1785351660,4.336735,4.142383,23.74
1785351670,4.361669,4.165637,23.74
1785351680,4.34564,4.148725,23.76
1785351690,4.350983,4.15401,23.76
1785351700,4.334954,4.140269,23.76
1785351710,4.34564,4.15401,23.76
1785351720,4.347421,4.156124,23.77
1785351730,4.34564,4.15401,23.77
1785351740,4.349202,4.158238,23.74
1785351750,4.326049,4.137098,23.74
1785351760,4.333173,4.14344,23.76
1785351770,4.3402970000000005,4.150839,23.76
1785351780,4.336735,4.149782,23.76
1785351790,4.333173,4.144497,23.73
1785351800,4.311801,4.1223,23.76
1785351810,4.34564,4.155067,23.74
1785351820,4.343859,4.15401,23.73
1785351830,4.3402970000000005,4.151896,23.76
1785351840,4.324268,4.139212,23.74
1785351850,4.338516,4.152953,23.73
1785351860,4.318925,4.133927,23.72
1785351870,4.320706,4.134984,23.74
1785351880,4.356326,4.170922,23.74
1785351890,4.3402970000000005,4.155067,23.76
1785351900,4.3402970000000005,4.155067,23.74
1785351910,4.324268,4.139212,23.76
1785351920,4.3278300000000005,4.144497,23.73
1785351930,4.336735,4.151896,23.76
1785351940,4.342078,4.156124,23.77
1785351950,4.326049,4.141326,23.73
1785351960,4.334954,4.150839,23.73
1785351970,4.3153630000000005,4.131813,23.7
1785351980,4.3278300000000005,4.142383,23.72
1785351990,4.3278300000000005,4.14344,23.73
1785352000,4.3153630000000005,4.131813,23.72
1785352010,4.320706,4.137098,23.72
1785352020,4.320706,4.137098,23.73
1785352030,4.3028960000000005,4.121243,23.72
1785352040,4.322487,4.138155,23.7
1785352050,4.331392,4.146611,23.72
1785352060,4.3278300000000005,4.14344,23.73
1785352070,4.331392,4.145554,23.72
1785352080,4.342078,4.157181,23.73
1785352090,4.329611,4.145554,23.72
1785352100,4.326049,4.140269,23.73
1785352110,4.329611,4.14344,23.72
1785352120,4.343859,4.157181,23.72
1785352130,4.333173,4.145554,23.72
1785352140,4.334954,4.148725,23.74
1785352150,4.3153630000000005,4.131813,23.73
1785352160,4.3402970000000005,4.156124,23.74
1785352170,4.342078,4.157181,23.73
1785352180,4.326049,4.142383,23.72
1785352190,4.331392,4.146611,23.73
1785352200,4.320706,4.134984,23.74
1785352210,4.3278300000000005,4.142383,23.73
1785352220,4.336735,4.149782,23.72
1785352230,4.350983,4.163523,23.72
1785352240,4.329611,4.142383,23.73
1785352250,4.334954,4.147668,23.73
1785352260,4.329611,4.14344,23.76
1785352270,4.3278300000000005,4.142383,23.76
1785352280,4.324268,4.138155,23.77
1785352290,4.334954,4.150839,23.76
1785352300,4.317144,4.130756,23.76
1785352310,4.295772,4.110673,23.76
1785352320,4.334954,4.148725,23.76
1785352330,4.331392,4.145554,23.77
1785352340,4.322487,4.137098,23.76
1785352350,4.329611,4.144497,23.76
1785352360,4.3028960000000005,4.119129,23.74
1785352370,4.313582,4.129699,23.76
1785352380,4.333173,4.148725,23.77
1785352390,4.3153630000000005,4.131813,23.77
1785352400,4.331392,4.145554,23.76
1785352410,4.333173,4.146611,23.76
1785352420,4.326049,4.140269,23.76
1785352430,4.338516,4.151896,23.73
1785352440,4.3402970000000005,4.155067,23.76
1785352450,4.322487,4.138155,23.76
1785352460,4.3278300000000005,4.142383,23.74
1785352470,4.331392,4.146611,23.76
1785352480,4.326049,4.141326,23.72
1785352490,4.308239,4.1223,23.73
1785352500,4.347421,4.159295,23.72
1785352510,4.322487,4.136041,23.72
1785352520,4.34564,4.158238,23.7
1785352530,4.350983,4.163523,23.73
1785352540,4.329611,4.146611,23.73
1785352550,4.347421,4.16458,23.72
1785352560,4.336735,4.151896,23.73
1785352570,4.349202,4.165637,23.7
1785352580,4.370574,4.18572,23.73
1785352590,4.317144,4.134984,23.73
1785352600,4.333173,4.149782,23.73
1785352610,4.342078,4.158238,23.72
1785352620,4.361669,4.177264,23.7
1785352630,4.3278300000000005,4.145554,23.7
1785352640,4.326049,4.141326,23.72
1785352650,4.350983,4.166694,23.73
1785352660,4.359888,4.17515,23.7
1785352670,4.3153630000000005,4.130756,23.7
1785352680,4.329611,4.145554,23.7
1785352690,4.349202,4.165637,23.7
1785352700,4.326049,4.14344,23.72
1785352710,4.324268,4.141326,23.69
1785352720,4.356326,4.171979,23.7
1785352730,4.320706,4.137098,23.7
1785352740,4.349202,4.166694,23.7
1785352750,4.333173,4.148725,23.69
1785352760,4.3402970000000005,4.157181,23.7
1785352770,4.329611,4.147668,23.69
1785352780,4.342078,4.159295,23.7
1785352790,4.336735,4.15401,23.69
1785352800,4.334954,4.152953,23.69
1785352810,4.3278300000000005,4.145554,23.7
1785352820,4.342078,4.158238,23.69
1785352830,4.338516,4.155067,23.69
1785352840,4.329611,4.147668,23.67
1785352850,4.34564,4.163523,23.69
1785352860,4.3402970000000005,4.157181,23.69
1785352870,4.349202,4.166694,23.7
1785352880,4.320706,4.138155,23.69
1785352890,4.338516,4.156124,23.69
1785352900,4.3153630000000005,4.133927,23.67
1785352910,4.349202,4.166694,23.7
1785352920,4.331392,4.147668,23.67
1785352930,4.358107,4.174093,23.7
1785352940,4.318925,4.136041,23.67
1785352950,4.343859,4.160352,23.69
1785352960,4.361669,4.178321,23.7
1785352970,4.36345,4.179378,23.69
1785352980,4.350983,4.167751,23.69
1785352990,4.3402970000000005,4.157181,23.67
1785353000,4.324268,4.142383,23.72
1785353010,4.334954,4.151896,23.7
1785353020,4.34564,4.162466,23.69
1785353030,4.3153630000000005,4.133927,23.69
1785353040,4.342078,4.159295,23.7
1785353050,4.347421,4.162466,23.7
1785353060,4.3402970000000005,4.156124,23.7
1785353070,4.361669,4.178321,23.67
1785353080,4.358107,4.174093,23.69
1785353090,4.354545,4.170922,23.7
1785353100,4.343859,4.161409,23.69
1785353110,4.3402970000000005,4.157181,23.69
1785353120,4.334954,4.151896,23.69
1785353130,4.349202,4.16458,23.67
1785353140,4.336735,4.15401,23.7
1785353150,4.352764,4.168808,23.69
1785353160,4.34564,4.162466,23.66
1785353170,4.352764,4.168808,23.7
1785353180,4.338516,4.15401,23.67
1785353190,4.347421,4.163523,23.7
1785353200,4.343859,4.160352,23.7
1785353210,4.365231,4.180435,23.67
1785353220,4.338516,4.156124,23.69
1785353230,4.338516,4.156124,23.7
1785353240,4.342078,4.158238,23.69
1785353250,4.343859,4.161409,23.72
1785353260,4.356326,4.173036,23.67
1785353270,4.36345,4.179378,23.7
1785353280,4.370574,4.18572,23.69
1785353290,4.34564,4.160352,23.69
1785353300,4.361669,4.177264,23.72
1785353310,4.336735,4.152953,23.7
1785353320,4.367012,4.182549,23.7
1785353330,4.359888,4.176207,23.72
1785353340,4.350983,4.167751,23.7
1785353350,4.359888,4.17515,23.72
1785353360,4.388384,4.201575,23.72
1785353370,4.352764,4.166694,23.7
1785353380,4.349202,4.163523,23.72
1785353390,4.347421,4.163523,23.7
1785353400,4.368793,4.183606,23.7
1785353410,4.352764,4.167751,23.7
1785353420,4.386603,4.200518,23.7
1785353430,4.383041,4.198404,23.72
1785353440,4.36345,4.178321,23.67
1785353450,4.354545,4.169865,23.69
1785353460,4.350983,4.166694,23.72
1785353470,4.367012,4.181492,23.7
1785353480,4.361669,4.17515,23.69
1785353490,4.359888,4.173036,23.7
1785353500,4.352764,4.166694,23.69
1785353510,4.333173,4.147668,23.67
1785353520,4.374136,4.18572,23.7
1785353530,4.372355,4.184663,23.7
1785353540,4.358107,4.169865,23.66
1785353550,4.390165,4.200518,23.66
1785353560,4.358107,4.170922,23.67
1785353570,4.370574,4.183606,23.67
1785353580,4.383041,4.193119,23.67
1785353590,4.375917,4.186777,23.72
1785353600,4.375917,4.186777,23.7
1785353610,4.359888,4.173036,23.72
1785353620,4.356326,4.169865,23.67
1785353630,4.379479,4.191005,23.7
1785353640,4.347421,4.161409,23.73
1785353650,4.367012,4.177264,23.7
1785353660,4.368793,4.180435,23.7
1785353670,4.379479,4.191005,23.7
1785353680,4.368793,4.179378,23.73
1785353690,4.358107,4.170922,23.72
1785353700,4.36345,4.17515,23.7
1785353710,4.375917,4.186777,23.7
1785353720,4.379479,4.189948,23.72
1785353730,4.374136,4.183606,23.7
1785353740,4.358107,4.168808,23.7
1785353750,4.377698,4.18572,23.69
1785353760,4.383041,4.189948,23.7
1785353770,4.393727,4.197347,23.7
1785353780,4.383041,4.18572,23.7
1785353790,4.388384,4.191005,23.72
1785353800,4.390165,4.197347,23.7
1785353810,4.391946,4.199461,23.7
1785353820,4.377698,4.18572,23.72
1785353830,4.407975,4.215316,23.72
1785353840,4.393727,4.202632,23.7
1785353850,4.39907,4.207917,23.72
1785353860,4.39907,4.207917,23.72
1785353870,4.395508,4.203689,23.73
1785353880,4.404413,4.215316,23.74
1785353890,4.377698,4.187834,23.72
1785353900,4.386603,4.195233,23.72
1785353910,4.368793,4.177264,23.72
1785353920,4.367012,4.176207,23.73
1785353930,4.390165,4.197347,23.72
1785353940,4.411537,4.218487,23.72
1785353950,4.388384,4.19629,23.69
1785353960,4.368793,4.178321,23.72
1785353970,4.400851,4.20686,23.72
1785353980,4.407975,4.215316,23.69
1785353990,4.384822,4.193119,23.7
1785354000,4.379479,4.189948,23.7
1785354010,4.391946,4.199461,23.67
1785354020,4.413318,4.220601,23.69
1785354030,4.404413,4.211088,23.72
1785354040,4.406194,4.211088,23.7
1785354050,4.388384,4.192062,23.7
1785354060,4.41688,4.219544,23.7
1785354070,4.409756,4.216373,23.7
1785354080,4.393727,4.202632,23.7
1785354090,4.406194,4.212145,23.72
1785354100,4.38126,4.187834,23.7
1785354110,4.402632,4.20686,23.72
1785354120,4.386603,4.191005,23.73
1785354130,4.393727,4.198404,23.7
1785354140,4.407975,4.210031,23.72
1785354150,4.393727,4.197347,23.72
1785354160,4.390165,4.194176,23.72
1785354170,4.404413,4.212145,23.7
1785354180,4.377698,4.18572,23.73
1785354190,4.391946,4.197347,23.73
1785354200,4.391946,4.197347,23.72
1785354210,4.393727,4.198404,23.72
1785354220,4.409756,4.216373,23.69
1785354230,4.404413,4.211088,23.73
1785354240,4.415099,4.219544,23.74
1785354250,4.400851,4.202632,23.73
1785354260,4.386603,4.192062,23.73
1785354270,4.388384,4.195233,23.72
1785354280,4.395508,4.202632,23.72
1785354290,4.375917,4.184663,23.72
1785354300,4.379479,4.18572,23.69
1785354310,4.397289,4.202632,23.73
1785354320,4.4525,4.253368,23.7
1785354330,4.384822,4.191005,23.7
1785354340,4.39907,4.207917,23.7
1785354350,4.383041,4.188891,23.72
1785354360,4.391946,4.19629,23.72
1785354370,4.43469,4.23857,23.73
1785354380,4.406194,4.211088,23.7
1785354390,4.406194,4.2089739999999995,23.7
1785354400,4.393727,4.19629,23.7
1785354410,4.390165,4.192062,23.7
1785354420,4.393727,4.199461,23.69
1785354430,4.407975,4.214259,23.7
1785354440,4.402632,4.204746,23.69
1785354450,4.407975,4.212145,23.7
1785354460,4.386603,4.193119,23.7
1785354470,4.413318,4.219544,23.72
1785354480,4.415099,4.219544,23.7
1785354490,4.402632,4.205803,23.7
1785354500,4.41688,4.218487,23.72
1785354510,4.413318,4.213202,23.73
1785354520,4.391946,4.194176,23.69
1785354530,4.413318,4.216373,23.69
1785354540,4.407975,4.210031,23.73
1785354550,4.400851,4.203689,23.67
1785354560,4.436471,4.234342,23.73
1785354570,4.424004,4.21743,23.69
1785354580,4.418661,4.213202,23.69
1785354590,4.386603,4.184663,23.72
1785354600,4.429347,4.228,23.7
1785354610,4.425785,4.219544,23.7
1785354620,4.427566,4.223772,23.72
1785354630,4.43469,4.230114,23.72
1785354640,4.450719,4.243855,23.72
1785354650,4.448938,4.242798,23.7
1785354660,4.464967,4.258653,23.72
1785354670,4.425785,4.219544,23.7
1785354680,4.427566,4.224829,23.7
1785354690,4.418661,4.214259,23.72
1785354700,4.447157,4.2364559999999996,23.72
1785354710,4.447157,4.2364559999999996,23.7
1785354720,4.429347,4.220601,23.72
1785354730,4.438252,4.232228,23.73
1785354740,4.425785,4.221658,23.72
1785354750,4.431128,4.226943,23.72
1785354760,4.424004,4.219544,23.72
1785354770,4.432909,4.229057,23.7
1785354780,4.429347,4.222715,23.73
1785354790,4.440033,4.232228,23.72
1785354800,4.425785,4.219544,23.72
1785354810,4.427566,4.222715,23.73
1785354820,4.440033,4.2364559999999996,23.73
1785354830,4.440033,4.2364559999999996,23.76
1785354840,4.425785,4.220601,23.73
1785354850,4.43469,4.225886,23.7
1785354860,4.440033,4.230114,23.72
1785354870,4.440033,4.232228,23.73
1785354880,4.431128,4.222715,23.7
1785354890,4.427566,4.219544,23.69
1785354900,4.415099,4.20686,23.7
1785354910,4.43469,4.229057,23.72
1785354920,4.429347,4.225886,23.69
1785354930,4.438252,4.228,23.7
1785354940,4.432909,4.222715,23.7
1785354950,4.422223,4.214259,23.67
1785354960,4.438252,4.228,23.7
1785354970,4.431128,4.220601,23.67
1785354980,4.445376,4.231171,23.69
1785354990,4.441814,4.228,23.69
1785355000,4.429347,4.220601,23.67
1785355010,4.420442,4.212145,23.67
1785355020,4.440033,4.234342,23.67
1785355030,4.406194,4.203689,23.67
1785355040,4.4525,4.245969,23.66
1785355050,4.466748,4.254425,23.69
1785355060,4.450719,4.241741,23.67
1785355070,4.43469,4.228,23.67
1785355080,4.440033,4.233285,23.67
1785355090,4.463186,4.255482,23.63
1785355100,4.441814,4.2364559999999996,23.67
1785355110,4.443595,4.235399,23.64
1785355120,4.43469,4.223772,23.66
1785355130,4.456062,4.247026,23.67
1785355140,4.443595,4.2364559999999996,23.64
1785355150,4.459624,4.251254,23.69
1785355160,4.450719,4.241741,23.66
1785355170,4.443595,4.237513,23.67
1785355180,4.448938,4.239627,23.67
1785355190,4.454281,4.243855,23.67
1785355200,4.441814,4.232228,23.67
1785355210,4.438252,4.229057,23.67
1785355220,4.4703100000000004,4.25971,23.67
1785355230,4.418661,4.207917,23.66
1785355240,4.443595,4.232228,23.66
1785355250,4.447157,4.235399,23.66
1785355260,4.4525,4.23857,23.64
1785355270,4.447157,4.233285,23.66
1785355280,4.450719,4.237513,23.64
1785355290,4.448938,4.2364559999999996,23.64
1785355300,4.440033,4.228,23.64
1785355310,4.447157,4.232228,23.64
1785355320,4.448938,4.233285,23.66
1785355330,4.457843,4.241741,23.66
1785355340,4.456062,4.241741,23.67
1785355350,4.443595,4.230114,23.64
1785355360,4.440033,4.228,23.64
1785355370,4.447157,4.235399,23.66
1785355380,4.440033,4.228,23.66
1785355390,4.429347,4.216373,23.63
1785355400,4.440033,4.228,23.66
1785355410,4.445376,4.232228,23.67
1785355420,4.436471,4.223772,23.63
1785355430,4.448938,4.234342,23.64
1785355440,4.432909,4.221658,23.64
1785355450,4.429347,4.214259,23.67
1785355460,4.479215,4.260767,23.66
1785355470,4.447157,4.229057,23.64
1785355480,4.4525,4.233285,23.66
1785355490,4.448938,4.230114,23.63
1785355500,4.447157,4.230114,23.64
1785355510,4.443595,4.226943,23.63
1785355520,4.431128,4.215316,23.67
1785355530,4.456062,4.239627,23.66
1785355540,4.456062,4.241741,23.63
1785355550,4.4525,4.2364559999999996,23.63
1785355560,4.461405,4.242798,23.66
1785355570,4.454281,4.235399,23.66
1785355580,4.454281,4.232228,23.64
1785355590,4.463186,4.240684,23.69
1785355600,4.432909,4.214259,23.66
1785355610,4.448938,4.228,23.67
1785355620,4.468529,4.24914,23.66
1785355630,4.459624,4.241741,23.67
1785355640,4.468529,4.251254,23.66
1785355650,4.461405,4.244912,23.69
1785355660,4.438252,4.223772,23.64
1785355670,4.450719,4.2364559999999996,23.66
1785355680,4.440033,4.223772,23.69
1785355690,4.448938,4.234342,23.67
1785355700,4.463186,4.248083,23.64
1785355710,4.463186,4.248083,23.69
1785355720,4.443595,4.229057,23.67
1785355730,4.445376,4.230114,23.67
1785355740,4.461405,4.244912,23.69
1785355750,4.454281,4.2364559999999996,23.69
1785355760,4.448938,4.229057,23.69
1785355770,4.466748,4.248083,23.66
1785355780,4.440033,4.225886,23.67
1785355790,4.459624,4.244912,23.67
1785355800,4.456062,4.239627,23.66
1785355810,4.448938,4.231171,23.66
1785355820,4.456062,4.23857,23.66
1785355830,4.463186,4.245969,23.66
1785355840,4.4525,4.2364559999999996,23.63
1785355850,4.454281,4.237513,23.66
1785355860,4.440033,4.223772,23.66
1785355870,4.466748,4.242798,23.64
1785355880,4.468529,4.248083,23.64
1785355890,4.448938,4.232228,23.64
1785355900,4.463186,4.242798,23.66
1785355910,4.4703100000000004,4.252311,23.64
1785355920,4.443595,4.229057,23.63
1785355930,4.447157,4.232228,23.64
1785355940,4.461405,4.242798,23.62
1785355950,4.473872,4.254425,23.66
1785355960,4.461405,4.241741,23.64
1785355970,4.459624,4.240684,23.66
1785355980,4.4703100000000004,4.251254,23.66
1785355990,4.480996,4.262881,23.64
1785356000,4.464967,4.248083,23.66
1785356010,4.4827770000000005,4.266052,23.64
1785356020,4.468529,4.24914,23.66
1785356030,4.457843,4.239627,23.66
1785356040,4.472091,4.252311,23.67
1785356050,4.4827770000000005,4.262881,23.66
1785356060,4.4703100000000004,4.251254,23.63
1785356070,4.473872,4.255482,23.66
1785356080,4.484558,4.264995,23.64
1785356090,4.475653,4.258653,23.64
1785356100,4.493463,4.274508,23.64
1785356110,4.464967,4.243855,23.66
1785356120,4.466748,4.250197,23.63
1785356130,4.464967,4.248083,23.67
1785356140,4.459624,4.241741,23.64
1785356150,4.456062,4.240684,23.64
1785356160,4.48812,4.269223,23.64
1785356170,4.448938,4.234342,23.63
1785356180,4.473872,4.256539,23.64
1785356190,4.479215,4.257596,23.63
1785356200,4.479215,4.257596,23.64
1785356210,4.479215,4.258653,23.63
1785356220,4.4827770000000005,4.263938,23.64
1785356230,4.480996,4.261824,23.63
1785356240,4.472091,4.251254,23.64
1785356250,4.497025,4.273451,23.66
1785356260,4.486339,4.264995,23.64
1785356270,4.468529,4.250197,23.64
1785356280,4.4703100000000004,4.251254,23.63
1785356290,4.477434,4.260767,23.6
1785356300,4.489901,4.273451,23.64
1785356310,4.491682,4.273451,23.63
1785356320,4.489901,4.27028,23.6
1785356330,4.489901,4.272394,23.63
1785356340,4.484558,4.268166,23.63
1785356350,4.497025,4.28085,23.64
1785356360,4.4952440000000005,4.278736,23.63
1785356370,4.500587,4.285078,23.62
1785356380,4.491682,4.276622,23.63
1785356390,4.502368,4.282964,23.62
1785356400,4.500587,4.282964,23.62
1785356410,4.50593,4.287192,23.63
1785356420,4.493463,4.274508,23.62
1785356430,4.48812,4.269223,23.62
1785356440,4.473872,4.257596,23.63
1785356450,4.4703100000000004,4.255482,23.63
1785356460,4.480996,4.266052,23.63
1785356470,4.475653,4.260767,23.63
1785356480,4.468529,4.251254,23.67
1785356490,4.475653,4.255482,23.63
1785356500,4.468529,4.247026,23.63
1785356510,4.468529,4.250197,23.63
1785356520,4.477434,4.258653,23.66
1785356530,4.475653,4.256539,23.63
1785356540,4.472091,4.252311,23.6
1785356550,4.473872,4.254425,23.6
1785356560,4.477434,4.256539,23.63
1785356570,4.484558,4.261824,23.6
1785356580,4.484558,4.262881,23.62
1785356590,4.502368,4.276622,23.63
1785356600,4.4827770000000005,4.260767,23.64
1785356610,4.475653,4.254425,23.63
1785356620,4.4703100000000004,4.248083,23.62
1785356630,4.468529,4.248083,23.62
1785356640,4.4703100000000004,4.251254,23.63
1785356650,4.4525,4.235399,23.62
1785356660,4.4827770000000005,4.262881,23.62
1785356670,4.484558,4.264995,23.62
1785356680,4.4703100000000004,4.252311,23.6
1785356690,4.484558,4.264995,23.62
1785356700,4.477434,4.256539,23.62
1785356710,4.491682,4.271337,23.62
1785356720,4.486339,4.266052,23.6
1785356730,4.493463,4.275565,23.64
1785356740,4.480996,4.266052,23.63
1785356750,4.466748,4.255482,23.64
1785356760,4.4703100000000004,4.258653,23.64
1785356770,4.48812,4.274508,23.64
1785356780,4.473872,4.258653,23.66
1785356790,4.479215,4.266052,23.64
1785356800,4.484558,4.268166,23.64
1785356810,4.497025,4.279793,23.64
1785356820,4.4827770000000005,4.263938,23.64
1785356830,4.50593,4.286135,23.67
1785356840,4.479215,4.25971,23.64
1785356850,4.509492,4.289306,23.66
1785356860,4.493463,4.276622,23.64
1785356870,4.497025,4.28085,23.63
1785356880,4.486339,4.266052,23.64
1785356890,4.4827770000000005,4.263938,23.66
1785356900,4.48812,4.266052,23.67
1785356910,4.498806,4.275565,23.64
1785356920,4.489901,4.267109,23.67
1785356930,4.48812,4.268166,23.66
1785356940,4.475653,4.25971,23.64
1785356950,4.484558,4.268166,23.67
1785356960,4.502368,4.284021,23.64
1785356970,4.480996,4.262881,23.64
1785356980,4.479215,4.261824,23.64
1785356990,4.479215,4.262881,23.64
1785357000,4.48812,4.269223,23.64
1785357010,4.511273,4.294591,23.64
1785357020,4.493463,4.277679,23.66
1785357030,4.484558,4.268166,23.66
1785357040,4.486339,4.269223,23.67
1785357050,4.509492,4.290363,23.67
1785357060,4.509492,4.290363,23.64
1785357070,4.504149,4.282964,23.64
1785357080,4.500587,4.284021,23.64
1785357090,4.498806,4.28085,23.66
1785357100,4.500587,4.28085,23.67
1785357110,4.509492,4.290363,23.66
1785357120,4.502368,4.284021,23.64
1785357130,4.498806,4.282964,23.63
1785357140,4.475653,4.260767,23.64
1785357150,4.489901,4.274508,23.63
1785357160,4.486339,4.27028,23.66
1785357170,4.489901,4.273451,23.66
1785357180,4.480996,4.266052,23.62
1785357190,4.480996,4.267109,23.63
1785357200,4.50593,4.286135,23.63
1785357210,4.48812,4.269223,23.67
1785357220,4.511273,4.294591,23.66
1785357230,4.498806,4.285078,23.67
1785357240,4.518397,4.30199,23.66
1785357250,4.509492,4.290363,23.64
1785357260,4.502368,4.284021,23.66
1785357270,4.521959,4.299876,23.67
1785357280,4.502368,4.279793,23.66
1785357290,4.491682,4.271337,23.66
1785357300,4.509492,4.289306,23.66
1785357310,4.504149,4.285078,23.66
1785357320,4.48812,4.269223,23.66
1785357330,4.5201780000000005,4.30199,23.66
1785357340,4.491682,4.273451,23.66
1785357350,4.48812,4.269223,23.64
1785357360,4.493463,4.274508,23.66
1785357370,4.486339,4.267109,23.66
1785357380,4.500587,4.281907,23.67
1785357390,4.4952440000000005,4.276622,23.63
1785357400,4.498806,4.282964,23.64
1785357410,4.477434,4.263938,23.62
1785357420,4.475653,4.260767,23.63
1785357430,4.497025,4.281907,23.63
1785357440,4.500587,4.281907,23.63
1785357450,4.493463,4.274508,23.63
1785357460,4.4952440000000005,4.276622,23.6
1785357470,4.500587,4.277679,23.64
1785357480,4.511273,4.29142,23.63
1785357490,4.518397,4.298819,23.62
1785357500,4.500587,4.281907,23.63
1785357510,4.509492,4.290363,23.63
1785357520,4.516616,4.297762,23.63
1785357530,4.511273,4.292477,23.64
1785357540,4.518397,4.298819,23.62
1785357550,4.511273,4.294591,23.63
1785357560,4.5201780000000005,4.30199,23.66
1785357570,4.5077110000000005,4.288249,23.63
1785357580,4.509492,4.290363,23.63
1785357590,4.504149,4.284021,23.63
1785357600,4.50593,4.279793,23.63
1785357610,4.52374,4.299876,23.64
1785357620,4.509492,4.290363,23.62
1785357630,4.516616,4.296705,23.63
1785357640,4.497025,4.279793,23.6
1785357650,4.502368,4.28085,23.63
1785357660,4.513054,4.29142,23.6
1785357670,4.480996,4.262881,23.63
1785357680,4.493463,4.274508,23.62
1785357690,4.489901,4.273451,23.62
1785357700,4.504149,4.287192,23.63
1785357710,4.497025,4.28085,23.63
1785357720,4.5077110000000005,4.287192,23.63
1785357730,4.5201780000000005,4.297762,23.62
1785357740,4.5201780000000005,4.298819,23.63
1785357750,4.4952440000000005,4.275565,23.63
1785357760,4.500587,4.281907,23.62
1785357770,4.511273,4.29142,23.6
1785357780,4.509492,4.288249,23.63
1785357790,4.509492,4.29142,23.6
1785357800,4.5077110000000005,4.29142,23.59
1785357810,4.502368,4.285078,23.62
1785357820,4.497025,4.276622,23.62
1785357830,4.521959,4.295648,23.6
1785357840,4.5201780000000005,4.297762,23.62
1785357850,4.529083,4.304104,23.62
1785357860,4.4952440000000005,4.273451,23.6
1785357870,4.529083,4.306218,23.6
1785357880,4.5201780000000005,4.297762,23.62
1785357890,4.52374,4.303047,23.59
1785357900,4.500587,4.284021,23.6
1785357910,4.521959,4.305161,23.6
1785357920,4.525521,4.309389,23.62
1785357930,4.537988,4.316788,23.6
1785357940,4.530864,4.306218,23.6
1785357950,4.536207,4.308332,23.6
1785357960,4.537988,4.310446,23.62
1785357970,4.530864,4.306218,23.6
1785357980,4.5201780000000005,4.298819,23.62
1785357990,4.511273,4.29142,23.62
1785358000,4.534426,4.310446,23.62
1785358010,4.525521,4.30199,23.62
1785358020,4.527302,4.300933,23.6
1785358030,4.54155,4.316788,23.62
1785358040,4.516616,4.296705,23.6
1785358050,4.521959,4.30199,23.62
1785358060,4.521959,4.296705,23.62
1785358070,4.534426,4.309389,23.62
1785358080,4.521959,4.30199,23.6
1785358090,4.511273,4.292477,23.57
1785358100,4.516616,4.297762,23.63
1785358110,4.525521,4.308332,23.63
1785358120,4.525521,4.303047,23.63
1785358130,4.504149,4.284021,23.63
1785358140,4.516616,4.297762,23.64
1785358150,4.5077110000000005,4.289306,23.63
1785358160,4.527302,4.305161,23.66
1785358170,4.518397,4.298819,23.64
1785358180,4.509492,4.289306,23.62
1785358190,4.518397,4.298819,23.66
1785358200,4.50593,4.288249,23.62
1785358210,4.50593,4.288249,23.63
1785358220,4.50593,4.289306,23.64
1785358230,4.514835,4.297762,23.64
1785358240,4.52374,4.305161,23.64
1785358250,4.52374,4.303047,23.64
1785358260,4.513054,4.293534,23.64
1785358270,4.52374,4.30199,23.66
1785358280,4.52374,4.303047,23.64
1785358290,4.529083,4.308332,23.64
1785358300,4.548674,4.324187,23.64
1785358310,4.543331,4.314674,23.64
1785358320,4.534426,4.303047,23.66
1785358330,4.537988,4.308332,23.64
1785358340,4.525521,4.30199,23.63
1785358350,4.54155,4.315731,23.64
1785358360,4.5575790000000005,4.331586,23.64
1785358370,4.5451120000000005,4.318902,23.63
1785358380,4.537988,4.314674,23.64
1785358390,4.550455,4.327358,23.64
1785358400,4.5451120000000005,4.32313,23.66
1785358410,4.525521,4.304104,23.66
1785358420,4.527302,4.306218,23.66
1785358430,4.555798,4.330529,23.64
1785358440,4.57717,4.34427,23.63
1785358450,4.555798,4.328415,23.64
1785358460,4.546893,4.32313,23.64
1785358470,4.546893,4.319959,23.64
1785358480,4.555798,4.331586,23.64
1785358490,4.536207,4.31256,23.63
1785358500,4.546893,4.319959,23.66
1785358510,4.534426,4.310446,23.64
1785358520,4.546893,4.321016,23.64
1785358530,4.516616,4.290363,23.64
1785358540,4.537988,4.310446,23.64
1785358550,4.534426,4.306218,23.66
1785358560,4.546893,4.319959,23.63
1785358570,4.537988,4.309389,23.64
1785358580,4.518397,4.292477,23.6
1785358590,4.527302,4.303047,23.63
1785358600,4.527302,4.304104,23.62
1785358610,4.521959,4.299876,23.6
1785358620,4.518397,4.296705,23.62
1785358630,4.537988,4.31256,23.62
1785358640,4.52374,4.295648,23.64
1785358650,4.555798,4.325244,23.62
1785358660,4.54155,4.313617,23.62
1785358670,4.521959,4.296705,23.62
1785358680,4.525521,4.298819,23.62
1785358690,4.525521,4.294591,23.62
1785358700,4.516616,4.290363,23.62
1785358710,4.504149,4.279793,23.62
1785358720,4.529083,4.305161,23.62
1785358730,4.511273,4.288249,23.62
1785358740,4.527302,4.30199,23.64
1785358750,4.5451120000000005,4.318902,23.62
1785358760,4.534426,4.311503,23.6
1785358770,4.530864,4.308332,23.62
1785358780,4.52374,4.299876,23.62
1785358790,4.529083,4.307275,23.63
1785358800,4.543331,4.316788,23.63
1785358810,4.513054,4.288249,23.62
1785358820,4.543331,4.314674,23.62
1785358830,4.546893,4.313617,23.62
1785358840,4.537988,4.308332,23.63
1785358850,4.5326450000000005,4.304104,23.62
1785358860,4.5326450000000005,4.306218,23.63
1785358870,4.534426,4.308332,23.63
1785358880,4.529083,4.297762,23.64
1785358890,4.546893,4.309389,23.62
1785358900,4.5451120000000005,4.311503,23.63
1785358910,4.521959,4.29142,23.62
1785358920,4.534426,4.307275,23.63
1785358930,4.525521,4.299876,23.62
1785358940,4.5326450000000005,4.308332,23.63
1785358950,4.5451120000000005,4.318902,23.64
1785358960,4.54155,4.308332,23.63
1785358970,4.548674,4.311503,23.62
1785358980,4.546893,4.314674,23.63
1785358990,4.546893,4.314674,23.64
1785359000,4.539769,4.307275,23.62
1785359010,4.54155,4.310446,23.63
1785359020,4.5451120000000005,4.315731,23.63
1785359030,4.536207,4.308332,23.63
1785359040,4.5201780000000005,4.293534,23.63
1785359050,4.530864,4.304104,23.64
1785359060,4.536207,4.304104,23.63
1785359070,4.554017,4.324187,23.63
1785359080,4.54155,4.307275,23.63
1785359090,4.543331,4.307275,23.63
1785359100,4.516616,4.282964,23.64
1785359110,4.527302,4.295648,23.63
1785359120,4.530864,4.298819,23.62
1785359130,4.534426,4.298819,23.62
1785359140,4.5451120000000005,4.310446,23.6
1785359150,4.5451120000000005,4.309389,23.6
1785359160,4.54155,4.309389,23.63
1785359170,4.530864,4.296705,23.6
1785359180,4.5326450000000005,4.300933,23.63
1785359190,4.543331,4.313617,23.62
1785359200,4.546893,4.317845,23.62
1785359210,4.536207,4.308332,23.63
1785359220,4.539769,4.311503,23.64
1785359230,4.550455,4.32313,23.6
1785359240,4.539769,4.310446,23.62
1785359250,4.554017,4.325244,23.66
1785359260,4.537988,4.308332,23.6
1785359270,4.54155,4.31256,23.62
1785359280,4.550455,4.316788,23.64
1785359290,4.5575790000000005,4.318902,23.63
1785359300,4.55936,4.318902,23.63
1785359310,4.543331,4.308332,23.6
1785359320,4.552236,4.319959,23.59
1785359330,4.539769,4.309389,23.62
1785359340,4.5326450000000005,4.303047,23.62
1785359350,4.537988,4.307275,23.6
1785359360,4.5201780000000005,4.29142,23.62
1785359370,4.5326450000000005,4.30199,23.59
1785359380,4.552236,4.313617,23.63
1785359390,4.521959,4.286135,23.62
1785359400,4.521959,4.289306,23.6
1785359410,4.5326450000000005,4.298819,23.59
1785359420,4.536207,4.305161,23.59
1785359430,4.52374,4.295648,23.6
1785359440,4.514835,4.287192,23.62
1785359450,4.5326450000000005,4.294591,23.62
1785359460,4.52374,4.289306,23.6
1785359470,4.554017,4.321016,23.62
1785359480,4.548674,4.313617,23.62
1785359490,4.554017,4.321016,23.62
1785359500,4.561141,4.325244,23.62
1785359510,4.5575790000000005,4.315731,23.6
1785359520,4.537988,4.296705,23.63
1785359530,4.54155,4.304104,23.6
1785359540,4.527302,4.292477,23.59
1785359550,4.543331,4.308332,23.6
1785359560,4.554017,4.317845,23.57
1785359570,4.571827,4.3337,23.6
1785359580,4.550455,4.313617,23.59
1785359590,4.5575790000000005,4.317845,23.6
1785359600,4.5575790000000005,4.318902,23.6
1785359610,4.564703,4.326301,23.6
1785359620,4.5575790000000005,4.318902,23.62
1785359630,4.573608,4.329472,23.6
1785359640,4.555798,4.315731,23.57
1785359650,4.566484,4.325244,23.57
1785359660,4.564703,4.32313,23.57
1785359670,4.555798,4.317845,23.56
1785359680,4.55936,4.321016,23.56
1785359690,4.5575790000000005,4.321016,23.59
1785359700,4.575389,4.3337,23.59
1785359710,4.552236,4.314674,23.56
1785359720,4.548674,4.311503,23.57
1785359730,4.554017,4.317845,23.6
1785359740,4.548674,4.308332,23.62
1785359750,4.546893,4.310446,23.57
1785359760,4.527302,4.293534,23.59
1785359770,4.5575790000000005,4.32313,23.59
1785359780,4.561141,4.322073,23.59
1785359790,4.539769,4.298819,23.59
1785359800,4.552236,4.309389,23.57
1785359810,4.5326450000000005,4.288249,23.6
1785359820,4.554017,4.308332,23.57
1785359830,4.5575790000000005,4.319959,23.6
1785359840,4.5575790000000005,4.314674,23.56
1785359850,4.546893,4.307275,23.59
1785359860,4.5575790000000005,4.318902,23.59
1785359870,4.552236,4.309389,23.59
1785359880,4.561141,4.31256,23.57
1785359890,4.564703,4.313617,23.57
1785359900,4.571827,4.324187,23.6
1785359910,4.571827,4.319959,23.59
1785359920,4.564703,4.315731,23.57
1785359930,4.566484,4.317845,23.56
1785359940,4.562922,4.317845,23.6
1785359950,4.580732,4.335814,23.59
1785359960,4.5575790000000005,4.310446,23.56
1785359970,4.573608,4.328415,23.59
1785359980,4.554017,4.310446,23.57
1785359990,4.571827,4.326301,23.59
1785360000,4.568265,4.322073,23.57
1785360010,4.568265,4.321016,23.57
1785360020,4.571827,4.322073,23.6
1785360030,4.564703,4.314674,23.6
1785360040,4.5700460000000005,4.321016,23.59
1785360050,4.571827,4.322073,23.59
1785360060,4.589637,4.338985,23.6
1785360070,4.564703,4.318902,23.6
1785360080,4.571827,4.327358,23.62
1785360090,4.568265,4.325244,23.62
1785360100,4.566484,4.319959,23.6
1785360110,4.55936,4.313617,23.6
1785360120,4.5575790000000005,4.313617,23.6
1785360130,4.564703,4.319959,23.57
1785360140,4.5825130000000005,4.335814,23.6
1785360150,4.587856,4.341099,23.59
1785360160,4.578951,4.335814,23.59
1785360170,4.586075,4.336871,23.6
1785360180,4.589637,4.342156,23.62
1785360190,4.5825130000000005,4.3337,23.62
1785360200,4.562922,4.317845,23.6
1785360210,4.578951,4.332643,23.62
1785360220,4.548674,4.307275,23.6
1785360230,4.587856,4.342156,23.6
1785360240,4.571827,4.321016,23.6
1785360250,4.575389,4.322073,23.6
1785360260,4.57717,4.325244,23.6
1785360270,4.562922,4.314674,23.62
1785360280,4.587856,4.331586,23.6
1785360290,4.571827,4.318902,23.57
1785360300,4.5825130000000005,4.326301,23.62
1785360310,4.578951,4.328415,23.59
1785360320,4.5700460000000005,4.32313,23.6
1785360330,4.57717,4.322073,23.59
1785360340,4.589637,4.336871,23.59
1785360350,4.571827,4.322073,23.59
1785360360,4.602104,4.349555,23.6
1785360370,4.5825130000000005,4.331586,23.57
1785360380,4.566484,4.316788,23.6
1785360390,4.5949800000000005,4.341099,23.6
1785360400,4.586075,4.326301,23.59
1785360410,4.5825130000000005,4.327358,23.59
1785360420,4.57717,4.326301,23.6
1785360430,4.580732,4.331586,23.57
1785360440,4.596761,4.347441,23.56
1785360450,4.580732,4.3337,23.59
1785360460,4.5825130000000005,4.3337,23.57
1785360470,4.578951,4.319959,23.57
1785360480,4.593199,4.329472,23.59
1785360490,4.575389,4.318902,23.57
1785360500,4.57717,4.321016,23.56
1785360510,4.580732,4.328415,23.57
1785360520,4.575389,4.316788,23.57
1785360530,4.575389,4.316788,23.59
1785360540,4.5825130000000005,4.326301,23.57
1785360550,4.5700460000000005,4.314674,23.57
1785360560,4.562922,4.310446,23.59
1785360570,4.571827,4.318902,23.55
1785360580,4.564703,4.314674,23.57
1785360590,4.568265,4.313617,23.57
1785360600,4.575389,4.321016,23.57
1785360610,4.550455,4.300933,23.59
1785360620,4.566484,4.314674,23.59
1785360630,4.575389,4.315731,23.57
1785360640,4.584294,4.32313,23.59
1785360650,4.5700460000000005,4.315731,23.57
1785360660,4.57717,4.322073,23.57
1785360670,4.57717,4.32313,23.57
1785360680,4.578951,4.318902,23.56
1785360690,4.584294,4.325244,23.57
1785360700,4.580732,4.319959,23.55
1785360710,4.57717,4.314674,23.55
1785360720,4.591418,4.334757,23.56
1785360730,4.573608,4.321016,23.53
1785360740,4.564703,4.313617,23.57
1785360750,4.580732,4.325244,23.53
1785360760,4.575389,4.319959,23.53
1785360770,4.586075,4.332643,23.53
1785360780,4.573608,4.318902,23.57
1785360790,4.5700460000000005,4.319959,23.56
1785360800,4.5700460000000005,4.316788,23.55
1785360810,4.5825130000000005,4.32313,23.56
1785360820,4.584294,4.322073,23.56
1785360830,4.562922,4.307275,23.56
1785360840,4.580732,4.325244,23.56
1785360850,4.554017,4.299876,23.55
1785360860,4.573608,4.318902,23.55
1785360870,4.5700460000000005,4.317845,23.52
1785360880,4.561141,4.309389,23.56
1785360890,4.562922,4.310446,23.55
1785360900,4.568265,4.316788,23.53
1785360910,4.555798,4.306218,23.53
1785360920,4.57717,4.321016,23.53
1785360930,4.571827,4.313617,23.53
1785360940,4.571827,4.314674,23.55
1785360950,4.593199,4.336871,23.53
1785360960,4.568265,4.311503,23.55
1785360970,4.5700460000000005,4.315731,23.55
1785360980,4.586075,4.329472,23.55
1785360990,4.586075,4.327358,23.53
1785361000,4.593199,4.336871,23.55
1785361010,4.575389,4.317845,23.56
1785361020,4.589637,4.328415,23.57
1785361030,4.578951,4.319959,23.56
1785361040,4.584294,4.324187,23.53
1785361050,4.566484,4.306218,23.56
1785361060,4.587856,4.319959,23.57
1785361070,4.591418,4.322073,23.56
1785361080,4.5825130000000005,4.313617,23.57
1785361090,4.5949800000000005,4.326301,23.56
1785361100,4.591418,4.318902,23.56
1785361110,4.5949800000000005,4.321016,23.56
1785361120,4.605666,4.329472,23.56
1785361130,4.584294,4.311503,23.55
1785361140,4.5949800000000005,4.319959,23.53
1785361150,4.5825130000000005,4.313617,23.53
1785361160,4.564703,4.300933,23.55
1785361170,4.580732,4.319959,23.53
1785361180,4.562922,4.30199,23.53
1785361190,4.586075,4.325244,23.55
1785361200,4.571827,4.311503,23.53
1785361210,4.573608,4.314674,23.53
1785361220,4.5825130000000005,4.318902,23.55
1785361230,4.580732,4.313617,23.55
1785361240,4.598542,4.327358,23.55
1785361250,4.591418,4.319959,23.52
1785361260,4.578951,4.314674,23.53
1785361270,4.575389,4.309389,23.55
1785361280,4.580732,4.31256,23.56
1785361290,4.598542,4.329472,23.5
1785361300,4.57717,4.309389,23.53
1785361310,4.589637,4.317845,23.53
1785361320,4.584294,4.317845,23.53
1785361330,4.593199,4.328415,23.53
1785361340,4.593199,4.329472,23.56
1785361350,4.596761,4.331586,23.53
1785361360,4.5949800000000005,4.329472,23.55
1785361370,4.598542,4.328415,23.53
1785361380,4.596761,4.324187,23.55
1785361390,4.587856,4.314674,23.53
1785361400,4.591418,4.315731,23.53
1785361410,4.5825130000000005,4.313617,23.55
1785361420,4.584294,4.318902,23.53
1785361430,4.600323,4.326301,23.55
1785361440,4.578951,4.308332,23.55
1785361450,4.587856,4.317845,23.55
1785361460,4.57717,4.310446,23.55
1785361470,4.587856,4.318902,23.55
1785361480,4.605666,4.336871,23.55
1785361490,4.573608,4.308332,23.55
1785361500,4.586075,4.316788,23.57
1785361510,4.589637,4.316788,23.56
1785361520,4.598542,4.326301,23.57
1785361530,4.618133,4.34427,23.57
1785361540,4.602104,4.324187,23.57
1785361550,4.596761,4.32313,23.57
1785361560,4.603885,4.330529,23.56
1785361570,4.598542,4.325244,23.56
1785361580,4.611009,4.336871,23.55
1785361590,4.586075,4.31256,23.55
1785361600,4.586075,4.313617,23.55
1785361610,4.575389,4.305161,23.56
1785361620,4.586075,4.317845,23.56
1785361630,4.587856,4.316788,23.56
1785361640,4.587856,4.314674,23.55
1785361650,4.591418,4.321016,23.55
1785361660,4.596761,4.324187,23.56
1785361670,4.580732,4.307275,23.53
1785361680,4.5825130000000005,4.31256,23.55
1785361690,4.586075,4.31256,23.55
1785361700,4.584294,4.311503,23.56
1785361710,4.580732,4.308332,23.55
1785361720,4.593199,4.318902,23.56
1785361730,4.589637,4.314674,23.55
1785361740,4.587856,4.316788,23.56
1785361750,4.578951,4.310446,23.56
1785361760,4.600323,4.325244,23.55
1785361770,4.575389,4.303047,23.55
1785361780,4.591418,4.322073,23.59
1785361790,4.600323,4.331586,23.56
1785361800,4.603885,4.334757,23.55
1785361810,4.603885,4.340042,23.55
1785361820,4.580732,4.316788,23.57
1785361830,4.600323,4.331586,23.56
1785361840,4.609228,4.340042,23.55
1785361850,4.603885,4.335814,23.57
1785361860,4.598542,4.327358,23.57
1785361870,4.600323,4.325244,23.59
1785361880,4.593199,4.317845,23.56
1785361890,4.584294,4.311503,23.55
1785361900,4.586075,4.314674,23.56
1785361910,4.603885,4.331586,23.53
1785361920,4.584294,4.309389,23.55
1785361930,4.596761,4.32313,23.55
1785361940,4.593199,4.324187,23.55
1785361950,4.605666,4.336871,23.52
1785361960,4.589637,4.321016,23.55
1785361970,4.598542,4.328415,23.53
1785361980,4.598542,4.326301,23.55
1785361990,4.584294,4.310446,23.52
1785362000,4.598542,4.32313,23.52
1785362010,4.5949800000000005,4.319959,23.52
1785362020,4.580732,4.310446,23.53
1785362030,4.603885,4.330529,23.55
1785362040,4.586075,4.310446,23.55
1785362050,4.589637,4.313617,23.53
1785362060,4.598542,4.32313,23.53
1785362070,4.591418,4.316788,23.55
1785362080,4.605666,4.330529,23.53
1785362090,4.602104,4.326301,23.55
1785362100,4.598542,4.319959,23.55
1785362110,4.603885,4.32313,23.55
1785362120,4.593199,4.319959,23.56
1785362130,4.5949800000000005,4.325244,23.53
1785362140,4.578951,4.309389,23.53
1785362150,4.605666,4.3337,23.55
1785362160,4.5825130000000005,4.307275,23.53
1785362170,4.6074470000000005,4.330529,23.55
1785362180,4.61279,4.330529,23.52
1785362190,4.618133,4.332643,23.55
1785362200,4.6306,4.349555,23.56
1785362210,4.618133,4.336871,23.55
1785362220,4.5949800000000005,4.317845,23.55
1785362230,4.600323,4.32313,23.55
1785362240,4.61279,4.3337,23.53
1785362250,4.587856,4.309389,23.53
1785362260,4.61279,4.332643,23.56
1785362270,4.611009,4.329472,23.55
1785362280,4.605666,4.32313,23.52
1785362290,4.614571,4.332643,23.52
1785362300,4.5949800000000005,4.31256,23.52
1785362310,4.618133,4.3337,23.53
1785362320,4.603885,4.322073,23.53
1785362330,4.605666,4.326301,23.5
1785362340,4.602104,4.324187,23.5
1785362350,4.603885,4.329472,23.5
1785362360,4.609228,4.331586,23.5
1785362370,4.5949800000000005,4.317845,23.53
1785362380,4.593199,4.315731,23.53
1785362390,4.6306,4.349555,23.56
1785362400,4.5949800000000005,4.315731,23.5
1785362410,4.603885,4.322073,23.53
1785362420,4.596761,4.314674,23.5
1785362430,4.602104,4.315731,23.52
1785362440,4.586075,4.303047,23.52
1785362450,4.600323,4.321016,23.52
1785362460,4.600323,4.318902,23.53
1785362470,4.596761,4.316788,23.48
1785362480,4.618133,4.337928,23.52
1785362490,4.618133,4.338985,23.49
1785362500,4.603885,4.32313,23.5
1785362510,4.605666,4.324187,23.52
1785362520,4.602104,4.316788,23.53
1785362530,4.6199140000000005,4.335814,23.52
1785362540,4.61279,4.329472,23.5
1785362550,4.609228,4.329472,23.53
1785362560,4.603885,4.321016,23.52
1785362570,4.605666,4.321016,23.52
1785362580,4.61279,4.328415,23.55
1785362590,4.611009,4.326301,23.52
1785362600,4.618133,4.3337,23.55
1785362610,4.614571,4.331586,23.53
1785362620,4.602104,4.317845,23.52
1785362630,4.614571,4.331586,23.52
1785362640,4.61279,4.331586,23.55
1785362650,4.614571,4.332643,23.52
1785362660,4.611009,4.324187,23.52
1785362670,4.614571,4.329472,23.53
1785362680,4.605666,4.315731,23.56
1785362690,4.609228,4.319959,23.55
1785362700,4.600323,4.314674,23.56
1785362710,4.6074470000000005,4.32313,23.55
1785362720,4.593199,4.309389,23.52
1785362730,4.602104,4.321016,23.55
1785362740,4.591418,4.310446,23.53
1785362750,4.6306,4.342156,23.52
1785362760,4.6074470000000005,4.322073,23.53
1785362770,4.5949800000000005,4.311503,23.53
1785362780,4.621695,4.337928,23.5
1785362790,4.598542,4.315731,23.5
1785362800,4.598542,4.31256,23.5
1785362810,4.616352,4.327358,23.52
1785362820,4.602104,4.31256,23.52
1785362830,4.609228,4.318902,23.5
1785362840,4.6074470000000005,4.318902,23.52
1785362850,4.600323,4.313617,23.5
1785362860,4.611009,4.321016,23.52
1785362870,4.609228,4.315731,23.49
1785362880,4.602104,4.31256,23.52
1785362890,4.61279,4.322073,23.48
1785362900,4.609228,4.321016,23.5
1785362910,4.61279,4.325244,23.52
1785362920,4.609228,4.32313,23.53
1785362930,4.600323,4.313617,23.52
1785362940,4.616352,4.329472,23.55
1785362950,4.609228,4.325244,23.52
1785362960,4.605666,4.325244,23.53
1785362970,4.614571,4.332643,23.5
1785362980,4.587856,4.30199,23.5
1785362990,4.602104,4.314674,23.53
1785363000,4.605666,4.317845,23.52
1785363010,4.598542,4.313617,23.53
1785363020,4.605666,4.321016,23.52
1785363030,4.602104,4.318902,23.53
1785363040,4.6199140000000005,4.335814,23.5
1785363050,4.611009,4.327358,23.52
1785363060,4.589637,4.307275,23.53
1785363070,4.602104,4.318902,23.52
1785363080,4.6074470000000005,4.325244,23.53
1785363090,4.603885,4.32313,23.5
1785363100,4.593199,4.308332,23.53
1785363110,4.6074470000000005,4.322073,23.5
1785363120,4.6199140000000005,4.331586,23.53
1785363130,4.616352,4.330529,23.52
1785363140,4.603885,4.319959,23.52
1785363150,4.6074470000000005,4.319959,23.52
1785363160,4.6199140000000005,4.331586,23.49
1785363170,4.611009,4.326301,23.5
1785363180,4.5949800000000005,4.309389,23.5
1785363190,4.603885,4.317845,23.5
1785363200,4.605666,4.321016,23.5
1785363210,4.5949800000000005,4.31256,23.52
1785363220,4.616352,4.328415,23.52
1785363230,4.6074470000000005,4.322073,23.5
1785363240,4.5949800000000005,4.311503,23.5
1785363250,4.605666,4.32313,23.53
1785363260,4.600323,4.317845,23.52
1785363270,4.598542,4.317845,23.52
1785363280,4.61279,4.328415,23.5
1785363290,4.627038,4.340042,23.53
1785363300,4.6074470000000005,4.321016,23.55
1785363310,4.600323,4.316788,23.55
1785363320,4.596761,4.313617,23.52
1785363330,4.609228,4.324187,23.55
1785363340,4.598542,4.318902,23.55
1785363350,4.593199,4.310446,23.53
1785363360,4.603885,4.319959,23.53
1785363370,4.609228,4.325244,23.53
1785363380,4.602104,4.319959,23.55
1785363390,4.605666,4.325244,23.56
1785363400,4.605666,4.324187,23.57
1785363410,4.605666,4.322073,23.55
1785363420,4.602104,4.321016,23.56
1785363430,4.603885,4.321016,23.55
1785363440,4.589637,4.308332,23.55
1785363450,4.609228,4.325244,23.56
1785363460,4.586075,4.300933,23.56
1785363470,4.6074470000000005,4.319959,23.57
1785363480,4.605666,4.317845,23.55
1785363490,4.6074470000000005,4.321016,23.55
1785363500,4.6074470000000005,4.324187,23.55
1785363510,4.602104,4.319959,23.53
1785363520,4.616352,4.334757,23.56
1785363530,4.591418,4.306218,23.57
1785363540,4.600323,4.316788,23.56
1785363550,4.593199,4.313617,23.57
1785363560,4.623476,4.3432129999999995,23.55
1785363570,4.603885,4.324187,23.56
1785363580,4.602104,4.321016,23.56
1785363590,4.591418,4.308332,23.56
1785363600,4.614571,4.332643,23.57
1785363610,4.605666,4.325244,23.55
1785363620,4.591418,4.311503,23.55
1785363630,4.61279,4.326301,23.57
1785363640,4.614571,4.328415,23.55
1785363650,4.616352,4.3337,23.55
1785363660,4.603885,4.318902,23.57
1785363670,4.6074470000000005,4.321016,23.53
1785363680,4.593199,4.306218,23.55
1785363690,4.591418,4.305161,23.56
1785363700,4.611009,4.321016,23.53
1785363710,4.618133,4.326301,23.55
1785363720,4.6074470000000005,4.316788,23.55
1785363730,4.614571,4.319959,23.55
1785363740,4.627038,4.335814,23.52
1785363750,4.6074470000000005,4.318902,23.53
1785363760,4.611009,4.324187,23.53
1785363770,4.61279,4.325244,23.55
1785363780,4.603885,4.315731,23.53
1785363790,4.61279,4.326301,23.53
1785363800,4.616352,4.330529,23.52
1785363810,4.611009,4.328415,23.5
1785363820,4.621695,4.334757,23.52
1785363830,4.609228,4.322073,23.5
1785363840,4.6074470000000005,4.321016,23.52
1785363850,4.5949800000000005,4.310446,23.5
1785363860,4.6306,4.342156,23.5
1785363870,4.611009,4.326301,23.5
1785363880,4.598542,4.314674,23.52
1785363890,4.614571,4.329472,23.52
1785363900,4.605666,4.322073,23.5
1785363910,4.587856,4.304104,23.5
1785363920,4.623476,4.334757,23.52
1785363930,4.614571,4.327358,23.52
1785363940,4.621695,4.334757,23.5
1785363950,4.614571,4.326301,23.5
1785363960,4.623476,4.3337,23.53
1785363970,4.646629,4.352726,23.5
1785363980,4.616352,4.32313,23.5
1785363990,4.618133,4.324187,23.52
1785364000,4.605666,4.313617,23.55
1785364010,4.616352,4.326301,23.5
1785364020,4.609228,4.32313,23.52
1785364030,4.618133,4.329472,23.53
1785364040,4.609228,4.318902,23.52
1785364050,4.603885,4.313617,23.49
1785364060,4.603885,4.316788,23.5
1785364070,4.618133,4.328415,23.52
1785364080,4.611009,4.325244,23.52
1785364090,4.605666,4.318902,23.53
1785364100,4.5949800000000005,4.310446,23.53
1785364110,4.618133,4.331586,23.55
1785364120,4.611009,4.326301,23.52
1785364130,4.605666,4.322073,23.53
1785364140,4.6074470000000005,4.32313,23.5
1785364150,4.598542,4.313617,23.53
1785364160,4.616352,4.329472,23.55
1785364170,4.584294,4.299876,23.5
1785364180,4.605666,4.322073,23.52
1785364190,4.609228,4.319959,23.5
1785364200,4.611009,4.321016,23.52
1785364210,4.614571,4.322073,23.56
1785364220,4.618133,4.325244,23.55
1785364230,4.618133,4.325244,23.52
1785364240,4.603885,4.314674,23.53
1785364250,4.614571,4.326301,23.53
1785364260,4.632381,4.3432129999999995,23.52
1785364270,4.611009,4.32313,23.5
1785364280,4.611009,4.32313,23.52
1785364290,4.602104,4.314674,23.5
1785364300,4.632381,4.3432129999999995,23.49
1785364310,4.61279,4.325244,23.52
1785364320,4.603885,4.316788,23.52
1785364330,4.602104,4.317845,23.52
1785364340,4.618133,4.334757,23.52
1785364350,4.61279,4.326301,23.55
1785364360,4.61279,4.322073,23.49
1785364370,4.6199140000000005,4.330529,23.55
1785364380,4.614571,4.324187,23.53
1785364390,4.616352,4.324187,23.5
1785364400,4.618133,4.328415,23.53
1785364410,4.637724,4.347441,23.55
1785364420,4.614571,4.327358,23.5
1785364430,4.616352,4.328415,23.57
1785364440,4.616352,4.328415,23.55
1785364450,4.5949800000000005,4.307275,23.55
1785364460,4.602104,4.315731,23.53
1785364470,4.611009,4.325244,23.55
1785364480,4.5949800000000005,4.31256,23.53
1785364490,4.614571,4.330529,23.55
1785364500,4.6199140000000005,4.334757,23.55
1785364510,4.603885,4.318902,23.55
1785364520,4.621695,4.336871,23.56
1785364530,4.605666,4.317845,23.52
1785364540,4.6074470000000005,4.317845,23.52
1785364550,4.618133,4.324187,23.55
1785364560,4.603885,4.313617,23.52
1785364570,4.589637,4.300933,23.53
1785364580,4.6074470000000005,4.321016,23.55
1785364590,4.600323,4.314674,23.55
1785364600,4.603885,4.317845,23.52
1785364610,4.593199,4.309389,23.52
1785364620,4.618133,4.331586,23.53
1785364630,4.611009,4.32313,23.53
1785364640,4.611009,4.32313,23.52
1785364650,4.618133,4.328415,23.52
1785364660,4.605666,4.317845,23.52
1785364670,4.6199140000000005,4.332643,23.53
1785364680,4.614571,4.330529,23.53
1785364690,4.6074470000000005,4.32313,23.53
1785364700,4.5949800000000005,4.308332,23.5
1785364710,4.611009,4.321016,23.53
1785364720,4.614571,4.326301,23.52
1785364730,4.605666,4.317845,23.52
1785364740,4.600323,4.311503,23.53
1785364750,4.616352,4.328415,23.49
1785364760,4.609228,4.318902,23.53
1785364770,4.598542,4.308332,23.5
1785364780,4.598542,4.311503,23.5
1785364790,4.586075,4.303047,23.5
1785364800,4.611009,4.325244,23.53
1785364810,4.616352,4.329472,23.52
1785364820,4.6074470000000005,4.324187,23.52
1785364830,4.5949800000000005,4.31256,23.52
1785364840,4.639505,4.352726,23.5
1785364850,4.61279,4.325244,23.52
1785364860,4.61279,4.325244,23.5
1785364870,4.61279,4.326301,23.52
1785364880,4.598542,4.31256,23.52
1785364890,4.603885,4.316788,23.53
1785364900,4.598542,4.311503,23.52
1785364910,4.614571,4.328415,23.53
1785364920,4.605666,4.314674,23.56
1785364930,4.637724,4.34427,23.53
1785364940,4.618133,4.324187,23.55
1785364950,4.632381,4.338985,23.53
1785364960,4.625257,4.3337,23.53
1785364970,4.598542,4.311503,23.52
1785364980,4.605666,4.318902,23.52
1785364990,4.600323,4.315731,23.55
1785365000,4.611009,4.325244,23.52
1785365010,4.618133,4.332643,23.53
1785365020,4.621695,4.334757,23.52
1785365030,4.618133,4.331586,23.53
1785365040,4.621695,4.334757,23.52
1785365050,4.6199140000000005,4.3337,23.52
1785365060,4.621695,4.330529,23.52
1785365070,4.616352,4.328415,23.53
1785365080,4.627038,4.340042,23.55
1785365090,4.621695,4.335814,23.53
1785365100,4.6306,4.341099,23.52
1785365110,4.623476,4.334757,23.5
1785365120,4.61279,4.325244,23.55
1785365130,4.618133,4.326301,23.53
1785365140,4.627038,4.337928,23.56
1785365150,4.637724,4.347441,23.53
1785365160,4.6199140000000005,4.331586,23.55
1785365170,4.646629,4.351669,23.53
1785365180,4.6074470000000005,4.316788,23.53
1785365190,4.611009,4.318902,23.5
1785365200,4.628819,4.337928,23.53
1785365210,4.611009,4.321016,23.53
1785365220,4.621695,4.329472,23.52
1785365230,4.614571,4.32313,23.53
1785365240,4.621695,4.326301,23.53
1785365250,4.635943,4.338985,23.5
1785365260,4.623476,4.330529,23.53
1785365270,4.611009,4.317845,23.5
1785365280,4.6306,4.337928,23.5
1785365290,4.584294,4.297762,23.5
1785365300,4.614571,4.327358,23.55
1785365310,4.605666,4.322073,23.52
1785365320,4.616352,4.331586,23.5
1785365330,4.589637,4.307275,23.5
1785365340,4.605666,4.322073,23.49
1785365350,4.605666,4.32313,23.49
1785365360,4.6074470000000005,4.324187,23.5
1785365370,4.611009,4.327358,23.53
1785365380,4.6074470000000005,4.324187,23.49
1785365390,4.6074470000000005,4.322073,23.49
1785365400,4.6199140000000005,4.330529,23.5
1785365410,4.618133,4.328415,23.48
1785365420,4.611009,4.325244,23.48
1785365430,4.6074470000000005,4.32313,23.49
1785365440,4.61279,4.326301,23.49
1785365450,4.605666,4.317845,23.5
1785365460,4.603885,4.313617,23.5
1785365470,4.61279,4.325244,23.52
1785365480,4.616352,4.327358,23.5
1785365490,4.628819,4.341099,23.46
1785365500,4.621695,4.3337,23.5
1785365510,4.609228,4.32313,23.5
1785365520,4.628819,4.336871,23.49
1785365530,4.621695,4.331586,23.5
1785365540,4.623476,4.335814,23.49
1785365550,4.627038,4.338985,23.49
1785365560,4.61279,4.326301,23.5
1785365570,4.61279,4.329472,23.5
1785365580,4.628819,4.341099,23.49
1785365590,4.616352,4.331586,23.5
1785365600,4.621695,4.336871,23.5
1785365610,4.618133,4.335814,23.49
1785365620,4.605666,4.324187,23.49
1785365630,4.609228,4.328415,23.49
1785365640,4.61279,4.331586,23.49
1785365650,4.6199140000000005,4.340042,23.49
1785365660,4.616352,4.336871,23.46
1785365670,4.6074470000000005,4.326301,23.49
1785365680,4.593199,4.310446,23.45
1785365690,4.616352,4.329472,23.48
1785365700,4.609228,4.319959,23.48
1785365710,4.623476,4.332643,23.49
1785365720,4.625257,4.337928,23.48
1785365730,4.618133,4.328415,23.49
1785365740,4.625257,4.332643,23.48
1785365750,4.6199140000000005,4.332643,23.49
1785365760,4.625257,4.338985,23.49
1785365770,4.618133,4.329472,23.5
1785365780,4.6074470000000005,4.321016,23.46
1785365790,4.614571,4.329472,23.48
1785365800,4.621695,4.335814,23.48
1785365810,4.632381,4.34427,23.46
1785365820,4.625257,4.338985,23.48
1785365830,4.6199140000000005,4.334757,23.49
1785365840,4.637724,4.352726,23.48
1785365850,4.6306,4.345327,23.48
1785365860,4.632381,4.347441,23.48
1785365870,4.625257,4.3432129999999995,23.5
1785365880,4.616352,4.334757,23.48
1785365890,4.609228,4.326301,23.48
1785365900,4.623476,4.338985,23.5
1785365910,4.627038,4.341099,23.49
1785365920,4.605666,4.324187,23.49
1785365930,4.5949800000000005,4.314674,23.49
1785365940,4.6199140000000005,4.334757,23.48
1785365950,4.625257,4.338985,23.48
1785365960,4.616352,4.330529,23.5
1785365970,4.621695,4.336871,23.48
1785365980,4.5949800000000005,4.314674,23.48
1785365990,4.603885,4.321016,23.48
1785366000,4.634162,4.347441,23.5
1785366010,4.605666,4.321016,23.48
1785366020,4.632381,4.346384,23.52
1785366030,4.609228,4.32313,23.46
1785366040,4.603885,4.318902,23.49
1785366050,4.623476,4.336871,23.5
1785366060,4.6074470000000005,4.319959,23.48
1785366070,4.609228,4.318902,23.46
1785366080,4.6199140000000005,4.327358,23.49
1785366090,4.611009,4.317845,23.49
1785366100,4.625257,4.330529,23.48
1785366110,4.643067,4.351669,23.48
1785366120,4.616352,4.329472,23.49
1785366130,4.621695,4.331586,23.48
1785366140,4.623476,4.330529,23.49
1785366150,4.628819,4.337928,23.5
1785366160,4.635943,4.345327,23.49
1785366170,4.6199140000000005,4.330529,23.49
1785366180,4.6199140000000005,4.330529,23.5
1785366190,4.623476,4.332643,23.48
1785366200,4.609228,4.319959,23.5
1785366210,4.616352,4.327358,23.49
1785366220,4.618133,4.330529,23.5
1785366230,4.611009,4.324187,23.49
1785366240,4.627038,4.338985,23.49
1785366250,4.587856,4.304104,23.49
1785366260,4.616352,4.330529,23.48
1785366270,4.600323,4.316788,23.5
1785366280,4.61279,4.326301,23.48
1785366290,4.616352,4.327358,23.5
1785366300,4.614571,4.326301,23.5
1785366310,4.614571,4.327358,23.49
1785366320,4.611009,4.324187,23.5
1785366330,4.602104,4.313617,23.5
1785366340,4.603885,4.317845,23.5
1785366350,4.602104,4.315731,23.49
1785366360,4.625257,4.338985,23.5
1785366370,4.611009,4.325244,23.52
1785366380,4.609228,4.32313,23.52
1785366390,4.61279,4.326301,23.5
1785366400,4.5949800000000005,4.308332,23.49
1785366410,4.611009,4.32313,23.5
1785366420,4.614571,4.329472,23.5
1785366430,4.61279,4.329472,23.52
1785366440,4.628819,4.342156,23.5
1785366450,4.611009,4.325244,23.5
1785366460,4.614571,4.330529,23.48
1785366470,4.600323,4.316788,23.5
1785366480,4.6074470000000005,4.321016,23.5
1785366490,4.614571,4.331586,23.49
1785366500,4.627038,4.340042,23.52
1785366510,4.611009,4.324187,23.5
1785366520,4.625257,4.340042,23.52
1785366530,4.611009,4.326301,23.5
1785366540,4.614571,4.329472,23.5
1785366550,4.616352,4.330529,23.5
1785366560,4.6074470000000005,4.32313,23.5
1785366570,4.5949800000000005,4.309389,23.5
1785366580,4.618133,4.330529,23.49
1785366590,4.625257,4.338985,23.5
1785366600,4.6199140000000005,4.334757,23.5
1785366610,4.616352,4.332643,23.52
1785366620,4.6074470000000005,4.324187,23.52
1785366630,4.616352,4.331586,23.52
1785366640,4.614571,4.329472,23.49
1785366650,4.611009,4.325244,23.5
1785366660,4.609228,4.326301,23.52
1785366670,4.616352,4.332643,23.5
1785366680,4.6074470000000005,4.324187,23.52
1785366690,4.596761,4.313617,23.52
1785366700,4.616352,4.329472,23.5
1785366710,4.6074470000000005,4.318902,23.5
1785366720,4.618133,4.328415,23.52
1785366730,4.611009,4.324187,23.52
1785366740,4.609228,4.32313,23.53
1785366750,4.616352,4.326301,23.52
1785366760,4.623476,4.332643,23.52
1785366770,4.635943,4.345327,23.52
1785366780,4.627038,4.335814,23.53
1785366790,4.621695,4.329472,23.52
1785366800,4.641286,4.347441,23.5
1785366810,4.632381,4.340042,23.5
1785366820,4.616352,4.325244,23.5
1785366830,4.639505,4.346384,23.5
1785366840,4.627038,4.337928,23.5
1785366850,4.605666,4.316788,23.5
1785366860,4.6074470000000005,4.317845,23.5
1785366870,4.6199140000000005,4.328415,23.49
1785366880,4.614571,4.327358,23.49
1785366890,4.618133,4.330529,23.5
1785366900,4.623476,4.3337,23.53
1785366910,4.616352,4.328415,23.5
1785366920,4.605666,4.321016,23.5
1785366930,4.628819,4.340042,23.53
1785366940,4.614571,4.328415,23.52
1785366950,4.61279,4.324187,23.53
1785366960,4.6199140000000005,4.331586,23.5
1785366970,4.6074470000000005,4.321016,23.5
1785366980,4.61279,4.328415,23.49
1785366990,4.614571,4.330529,23.49
1785367000,4.632381,4.345327,23.49
1785367010,4.621695,4.335814,23.49
1785367020,4.632381,4.345327,23.49
1785367030,4.628819,4.340042,23.5
1785367040,4.625257,4.337928,23.49
1785367050,4.627038,4.338985,23.52
1785367060,4.616352,4.330529,23.5
1785367070,4.61279,4.329472,23.49
1785367080,4.623476,4.335814,23.5
1785367090,4.623476,4.334757,23.52
1785367100,4.634162,4.342156,23.52
1785367110,4.621695,4.332643,23.52
1785367120,4.627038,4.338985,23.52
1785367130,4.623476,4.336871,23.48
1785367140,4.628819,4.3432129999999995,23.5
1785367150,4.623476,4.337928,23.49
1785367160,4.6199140000000005,4.332643,23.49
1785367170,4.628819,4.338985,23.5
1785367180,4.6306,4.337928,23.5
1785367190,4.635943,4.34427,23.48
1785367200,4.628819,4.338985,23.49
1785367210,4.621695,4.334757,23.5
1785367220,4.623476,4.337928,23.5
1785367230,4.6199140000000005,4.3337,23.52
1785367240,4.609228,4.32313,23.52
1785367250,4.621695,4.334757,23.49
1785367260,4.628819,4.340042,23.49
1785367270,4.611009,4.322073,23.5
1785367280,4.614571,4.326301,23.52
1785367290,4.614571,4.327358,23.49
1785367300,4.6074470000000005,4.321016,23.49
1785367310,4.621695,4.330529,23.48
1785367320,4.643067,4.351669,23.48
1785367330,4.6306,4.340042,23.5
1785367340,4.616352,4.327358,23.48
1785367350,4.611009,4.32313,23.48
1785367360,4.61279,4.32313,23.49
1785367370,4.621695,4.331586,23.5
1785367380,4.61279,4.324187,23.5
1785367390,4.621695,4.331586,23.48
1785367400,4.6199140000000005,4.332643,23.49
1785367410,4.618133,4.330529,23.49
1785367420,4.611009,4.32313,23.5
1785367430,4.623476,4.334757,23.49
1785367440,4.609228,4.319959,23.48
1785367450,4.616352,4.32313,23.48
1785367460,4.6074470000000005,4.316788,23.48
1785367470,4.609228,4.318902,23.46
1785367480,4.6074470000000005,4.321016,23.46
1785367490,4.602104,4.315731,23.46
1785367500,4.609228,4.318902,23.49
1785367510,4.621695,4.330529,23.46
1785367520,4.635943,4.345327,23.48
1785367530,4.625257,4.334757,23.49
1785367540,4.625257,4.3337,23.48
1785367550,4.634162,4.3432129999999995,23.46
1785367560,4.618133,4.328415,23.48
1785367570,4.625257,4.335814,23.46
1785367580,4.627038,4.337928,23.48
1785367590,4.623476,4.334757,23.49
1785367600,4.621695,4.332643,23.49
1785367610,4.61279,4.32313,23.49
1785367620,4.628819,4.341099,23.49
1785367630,4.623476,4.335814,23.48
1785367640,4.634162,4.34427,23.49
1785367650,4.618133,4.329472,23.5
1785367660,4.625257,4.336871,23.48
1785367670,4.61279,4.326301,23.49
1785367680,4.621695,4.3337,23.49
1785367690,4.602104,4.313617,23.49
1785367700,4.609228,4.317845,23.48
1785367710,4.632381,4.340042,23.5
1785367720,4.625257,4.332643,23.5
1785367730,4.618133,4.324187,23.48
1785367740,4.616352,4.322073,23.49
1785367750,4.602104,4.310446,23.48
1785367760,4.621695,4.329472,23.49
1785367770,4.609228,4.317845,23.48
1785367780,4.621695,4.332643,23.48
1785367790,4.616352,4.325244,23.49
1785367800,4.6074470000000005,4.316788,23.49
1785367810,4.6199140000000005,4.329472,23.48
1785367820,4.616352,4.325244,23.48
1785367830,4.6199140000000005,4.327358,23.46
1785367840,4.627038,4.3337,23.49
1785367850,4.614571,4.32313,23.48
1785367860,4.623476,4.332643,23.49
1785367870,4.602104,4.311503,23.46
1785367880,4.6074470000000005,4.314674,23.48
1785367890,4.627038,4.334757,23.46
1785367900,4.616352,4.324187,23.48
1785367910,4.61279,4.322073,23.49
1785367920,4.589637,4.298819,23.46
1785367930,4.618133,4.327358,23.45
1785367940,4.6074470000000005,4.317845,23.46
1785367950,4.600323,4.311503,23.48
1785367960,4.609228,4.317845,23.49
1785367970,4.611009,4.318902,23.46
1785367980,4.600323,4.308332,23.48
1785367990,4.605666,4.313617,23.45
1785368000,4.600323,4.308332,23.46
1785368010,4.5949800000000005,4.305161,23.48
1785368020,4.5949800000000005,4.306218,23.48
1785368030,4.616352,4.326301,23.45
1785368040,4.596761,4.305161,23.45
1785368050,4.61279,4.32313,23.45
1785368060,4.614571,4.321016,23.46
1785368070,4.614571,4.32313,23.46
1785368080,4.609228,4.319959,23.49
1785368090,4.6074470000000005,4.317845,23.48
1785368100,4.61279,4.319959,23.48
1785368110,4.611009,4.321016,23.48
1785368120,4.625257,4.3337,23.46
1785368130,4.598542,4.307275,23.48
1785368140,4.6074470000000005,4.316788,23.48
1785368150,4.616352,4.32313,23.46
1785368160,4.609228,4.318902,23.49
1785368170,4.611009,4.322073,23.49
1785368180,4.602104,4.31256,23.48
1785368190,4.603885,4.314674,23.45
1785368200,4.5949800000000005,4.305161,23.46
1785368210,4.591418,4.299876,23.45
1785368220,4.6074470000000005,4.314674,23.46
1785368230,4.605666,4.315731,23.46
1785368240,4.602104,4.310446,23.48
1785368250,4.605666,4.313617,23.46
1785368260,4.616352,4.324187,23.48
1785368270,4.611009,4.321016,23.49
1785368280,4.611009,4.319959,23.46
1785368290,4.6199140000000005,4.324187,23.48
1785368300,4.6199140000000005,4.326301,23.48
1785368310,4.6074470000000005,4.316788,23.49
1785368320,4.603885,4.31256,23.49
1785368330,4.605666,4.315731,23.48
1785368340,4.61279,4.322073,23.46
1785368350,4.618133,4.328415,23.46
1785368360,4.61279,4.324187,23.48
1785368370,4.596761,4.306218,23.48
1785368380,4.591418,4.304104,23.46
1785368390,4.618133,4.327358,23.46
1785368400,4.618133,4.327358,23.46
1785368410,4.605666,4.314674,23.46
1785368420,4.609228,4.313617,23.46
1785368430,4.603885,4.311503,23.48
1785368440,4.614571,4.321016,23.48
1785368450,4.5949800000000005,4.303047,23.46
1785368460,4.5949800000000005,4.304104,23.48
1785368470,4.5949800000000005,4.305161,23.48
1785368480,4.6074470000000005,4.316788,23.48
1785368490,4.603885,4.31256,23.46
1785368500,4.609228,4.316788,23.46
1785368510,4.605666,4.313617,23.46
1785368520,4.603885,4.311503,23.48
1785368530,4.609228,4.318902,23.48
1785368540,4.603885,4.314674,23.48
1785368550,4.603885,4.314674,23.46
1785368560,4.591418,4.30199,23.49
1785368570,4.605666,4.314674,23.46
1785368580,4.598542,4.308332,23.49
1785368590,4.593199,4.303047,23.49
1785368600,4.584294,4.294591,23.49
1785368610,4.598542,4.308332,23.49
1785368620,4.605666,4.316788,23.5
1785368630,4.593199,4.304104,23.49
1785368640,4.605666,4.313617,23.49
1785368650,4.602104,4.308332,23.48
1785368660,4.6074470000000005,4.31256,23.49
1785368670,4.598542,4.303047,23.5
1785368680,4.6074470000000005,4.31256,23.46
1785368690,4.616352,4.321016,23.45
1785368700,4.614571,4.322073,23.49
1785368710,4.602104,4.310446,23.48
1785368720,4.609228,4.316788,23.48
1785368730,4.632381,4.337928,23.49
1785368740,4.6074470000000005,4.314674,23.45
1785368750,4.618133,4.324187,23.46
1785368760,4.6074470000000005,4.315731,23.46
1785368770,4.605666,4.31256,23.45
1785368780,4.6074470000000005,4.314674,23.48
1785368790,4.618133,4.325244,23.46
1785368800,4.614571,4.322073,23.46
1785368810,4.618133,4.326301,23.46
1785368820,4.602104,4.308332,23.45
1785368830,4.627038,4.332643,23.46
1785368840,4.618133,4.324187,23.48
1785368850,4.609228,4.317845,23.46
1785368860,4.603885,4.313617,23.48
1785368870,4.616352,4.322073,23.48
1785368880,4.602104,4.308332,23.46
1785368890,4.609228,4.314674,23.48
1785368900,4.605666,4.310446,23.48
1785368910,4.603885,4.308332,23.48
1785368920,4.616352,4.322073,23.48
1785368930,4.618133,4.321016,23.46
1785368940,4.600323,4.304104,23.48
1785368950,4.6074470000000005,4.311503,23.46
1785368960,4.596761,4.300933,23.48
1785368970,4.614571,4.319959,23.45
1785368980,4.627038,4.330529,23.49
1785368990,4.616352,4.321016,23.45
1785369000,4.635943,4.338985,23.49
1785369010,4.621695,4.328415,23.46
1785369020,4.621695,4.328415,23.49
1785369030,4.627038,4.330529,23.48
1785369040,4.605666,4.311503,23.5
1785369050,4.6199140000000005,4.326301,23.48
1785369060,4.611009,4.318902,23.49
1785369070,4.623476,4.328415,23.48
1785369080,4.618133,4.32313,23.5
1785369090,4.603885,4.311503,23.49
1785369100,4.603885,4.31256,23.46
1785369110,4.605666,4.314674,23.48
1785369120,4.621695,4.328415,23.52
1785369130,4.61279,4.321016,23.48
1785369140,4.618133,4.324187,23.49
1785369150,4.625257,4.329472,23.49
1785369160,4.6306,4.3337,23.49
1785369170,4.621695,4.322073,23.52
1785369180,4.623476,4.32313,23.5
1785369190,4.643067,4.3432129999999995,23.5
1785369200,4.623476,4.326301,23.5
1785369210,4.614571,4.315731,23.5
1785369220,4.632381,4.331586,23.49
1785369230,4.625257,4.327358,23.49
1785369240,4.603885,4.309389,23.5
1785369250,4.634162,4.335814,23.52
1785369260,4.6199140000000005,4.32313,23.52
1785369270,4.635943,4.340042,23.52
1785369280,4.625257,4.329472,23.5
1785369290,4.627038,4.329472,23.5
1785369300,4.632381,4.332643,23.49
1785369310,4.632381,4.3337,23.5
1785369320,4.627038,4.331586,23.52
1785369330,4.639505,4.340042,23.52
1785369340,4.627038,4.329472,23.5
1785369350,4.651972,4.351669,23.5
1785369360,4.632381,4.332643,23.5
1785369370,4.641286,4.338985,23.5
1785369380,4.623476,4.322073,23.5
1785369390,4.632381,4.328415,23.5
1785369400,4.635943,4.332643,23.49
1785369410,4.625257,4.326301,23.49
1785369420,4.632381,4.335814,23.5
1785369430,4.628819,4.332643,23.49
1785369440,4.634162,4.337928,23.5
1785369450,4.6199140000000005,4.326301,23.49
1785369460,4.625257,4.330529,23.49
1785369470,4.632381,4.336871,23.48
1785369480,4.6306,4.336871,23.5
1785369490,4.623476,4.326301,23.49
1785369500,4.632381,4.332643,23.48
1785369510,4.627038,4.326301,23.49
1785369520,4.635943,4.3337,23.48
1785369530,4.641286,4.337928,23.48
1785369540,4.635943,4.332643,23.48
1785369550,4.635943,4.336871,23.49
1785369560,4.639505,4.340042,23.49
1785369570,4.627038,4.328415,23.48
1785369580,4.635943,4.335814,23.46
1785369590,4.635943,4.334757,23.48
1785369600,4.6306,4.330529,23.49
1785369610,4.641286,4.336871,23.48
1785369620,4.646629,4.342156,23.49
1785369630,4.662658,4.356954,23.46
1785369640,4.6199140000000005,4.321016,23.45
1785369650,4.634162,4.337928,23.48
1785369660,4.639505,4.340042,23.45
1785369670,4.632381,4.332643,23.49
1785369680,4.650191,4.346384,23.46
1785369690,4.632381,4.328415,23.43
1785369700,4.653753,4.350612,23.49
1785369710,4.634162,4.332643,23.46
1785369720,4.635943,4.331586,23.43
1785369730,4.641286,4.3337,23.45
1785369740,4.637724,4.330529,23.48
1785369750,4.621695,4.317845,23.45
1785369760,4.635943,4.331586,23.46
1785369770,4.639505,4.334757,23.45
1785369780,4.634162,4.328415,23.43
1785369790,4.632381,4.329472,23.45
1785369800,4.628819,4.327358,23.46
1785369810,4.632381,4.329472,23.45
1785369820,4.650191,4.349555,23.45
1785369830,4.637724,4.3337,23.46
1785369840,4.635943,4.332643,23.46
1785369850,4.639505,4.335814,23.48
1785369860,4.635943,4.332643,23.45
1785369870,4.643067,4.340042,23.43
1785369880,4.632381,4.330529,23.45
1785369890,4.650191,4.346384,23.45
1785369900,4.646629,4.342156,23.45
1785369910,4.650191,4.346384,23.45
1785369920,4.653753,4.347441,23.45
1785369930,4.651972,4.349555,23.45
1785369940,4.650191,4.346384,23.45
1785369950,4.655534,4.349555,23.45
1785369960,4.650191,4.341099,23.46
1785369970,4.657315,4.347441,23.46
1785369980,4.634162,4.325244,23.46
1785369990,4.657315,4.347441,23.45
1785370000,4.664439,4.355897,23.43
1785370010,4.644848,4.336871,23.43
1785370020,4.66622,4.356954,23.45
1785370030,4.641286,4.334757,23.45
1785370040,4.644848,4.341099,23.46
1785370050,4.646629,4.3432129999999995,23.45
1785370060,4.64841,4.341099,23.43
1785370070,4.657315,4.347441,23.45
1785370080,4.668001,4.359068,23.45
1785370090,4.623476,4.315731,23.43
1785370100,4.646629,4.338985,23.46
1785370110,4.646629,4.337928,23.46
1785370120,4.650191,4.3432129999999995,23.46
1785370130,4.639505,4.331586,23.45
1785370140,4.641286,4.335814,23.46
1785370150,4.651972,4.345327,23.46
1785370160,4.641286,4.334757,23.46
1785370170,4.655534,4.348498,23.46
1785370180,4.657315,4.350612,23.45
1785370190,4.651972,4.34427,23.45
1785370200,4.637724,4.330529,23.45
1785370210,4.639505,4.332643,23.45
1785370220,4.650191,4.3432129999999995,23.45
1785370230,4.655534,4.347441,23.46
1785370240,4.646629,4.340042,23.41
1785370250,4.644848,4.340042,23.45
1785370260,4.644848,4.337928,23.43
1785370270,4.635943,4.331586,23.45
1785370280,4.644848,4.337928,23.45
1785370290,4.651972,4.346384,23.45
1785370300,4.639505,4.335814,23.43
1785370310,4.646629,4.341099,23.46
1785370320,4.646629,4.340042,23.42
1785370330,4.651972,4.34427,23.45
1785370340,4.641286,4.336871,23.45
1785370350,4.632381,4.327358,23.46
1785370360,4.637724,4.332643,23.46
1785370370,4.643067,4.337928,23.43
1785370380,4.635943,4.331586,23.43
1785370390,4.634162,4.328415,23.43
1785370400,4.644848,4.341099,23.45
1785370410,4.635943,4.331586,23.45
1785370420,4.644848,4.340042,23.45
1785370430,4.643067,4.337928,23.45
1785370440,4.637724,4.331586,23.43
1785370450,4.628819,4.32313,23.45
1785370460,4.637724,4.330529,23.46
1785370470,4.628819,4.324187,23.45
1785370480,4.650191,4.34427,23.45
1785370490,4.632381,4.327358,23.43
1785370500,4.6306,4.325244,23.43
1785370510,4.627038,4.321016,23.43
1785370520,4.634162,4.328415,23.46
1785370530,4.641286,4.335814,23.42
1785370540,4.641286,4.338985,23.45
1785370550,4.651972,4.348498,23.45
1785370560,4.643067,4.338985,23.42
1785370570,4.643067,4.335814,23.45
1785370580,4.627038,4.322073,23.45
1785370590,4.657315,4.350612,23.43
1785370600,4.639505,4.332643,23.43
1785370610,4.6306,4.326301,23.46
1785370620,4.637724,4.331586,23.46
1785370630,4.632381,4.327358,23.46
1785370640,4.646629,4.338985,23.46
1785370650,4.641286,4.335814,23.45
1785370660,4.639505,4.332643,23.45
1785370670,4.644848,4.340042,23.45
1785370680,4.637724,4.331586,23.46
1785370690,4.635943,4.331586,23.46
1785370700,4.637724,4.331586,23.48
1785370710,4.659096,4.349555,23.45
1785370720,4.6306,4.321016,23.45
1785370730,4.644848,4.332643,23.45
1785370740,4.651972,4.338985,23.48
1785370750,4.639505,4.325244,23.45
1785370760,4.669782,4.35484,23.46
1785370770,4.646629,4.331586,23.45
1785370780,4.643067,4.331586,23.45
1785370790,4.6306,4.322073,23.45
1785370800,4.635943,4.325244,23.43
1785370810,4.650191,4.336871,23.43
1785370820,4.655534,4.341099,23.45
1785370830,4.659096,4.345327,23.45
1785370840,4.655534,4.342156,23.45
1785370850,4.655534,4.34427,23.43
1785370860,4.623476,4.315731,23.43
1785370870,4.639505,4.329472,23.45
1785370880,4.650191,4.340042,23.42
1785370890,4.655534,4.34427,23.42
1785370900,4.664439,4.351669,23.43
1785370910,4.669782,4.355897,23.43
1785370920,4.657315,4.3432129999999995,23.43
1785370930,4.655534,4.338985,23.43
1785370940,4.655534,4.340042,23.45
1785370950,4.646629,4.331586,23.42
1785370960,4.659096,4.342156,23.43
1785370970,4.659096,4.345327,23.41
1785370980,4.691154,4.373866,23.43
1785370990,4.655534,4.3432129999999995,23.43
1785371000,4.660877,4.348498,23.43
1785371010,4.655534,4.34427,23.42
1785371020,4.659096,4.348498,23.43
1785371030,4.650191,4.337928,23.42
1785371040,4.64841,4.335814,23.42
1785371050,4.653753,4.342156,23.43
1785371060,4.653753,4.341099,23.43
1785371070,4.653753,4.340042,23.43
1785371080,4.657315,4.34427,23.46
1785371090,4.650191,4.336871,23.45
1785371100,4.646629,4.3337,23.43
1785371110,4.668001,4.351669,23.45
1785371120,4.664439,4.347441,23.45
1785371130,4.644848,4.329472,23.46
1785371140,4.644848,4.329472,23.43
1785371150,4.676906,4.360125,23.45
1785371160,4.651972,4.335814,23.42
1785371170,4.660877,4.34427,23.46
1785371180,4.639505,4.326301,23.42
1785371190,4.653753,4.334757,23.43
1785371200,4.651972,4.335814,23.45
1785371210,4.668001,4.347441,23.45
1785371220,4.659096,4.342156,23.43
1785371230,4.659096,4.346384,23.45
1785371240,4.639505,4.324187,23.43
1785371250,4.64841,4.331586,23.46
1785371260,4.651972,4.334757,23.45
1785371270,4.669782,4.352726,23.43
1785371280,4.664439,4.348498,23.43
1785371290,4.664439,4.346384,23.45
1785371300,4.659096,4.342156,23.43
1785371310,4.664439,4.347441,23.45
1785371320,4.668001,4.350612,23.41
1785371330,4.668001,4.349555,23.45
1785371340,4.651972,4.3337,23.41
1785371350,4.657315,4.336871,23.45
1785371360,4.657315,4.340042,23.41
1785371370,4.650191,4.336871,23.41
1785371380,4.646629,4.334757,23.42
1785371390,4.650191,4.337928,23.43
1785371400,4.650191,4.338985,23.41
1785371410,4.637724,4.328415,23.43
1785371420,4.646629,4.335814,23.41
1785371430,4.641286,4.328415,23.42
1785371440,4.657315,4.34427,23.42
1785371450,4.651972,4.336871,23.41
1785371460,4.662658,4.345327,23.41
1785371470,4.664439,4.347441,23.41
1785371480,4.643067,4.325244,23.39
1785371490,4.650191,4.3337,23.41
1785371500,4.657315,4.34427,23.42
1785371510,4.639505,4.327358,23.41
1785371520,4.644848,4.3337,23.41
1785371530,4.637724,4.32313,23.42
1785371540,4.646629,4.332643,23.41
1785371550,4.662658,4.345327,23.39
1785371560,4.659096,4.338985,23.42
1785371570,4.680468,4.359068,23.41
1785371580,4.659096,4.337928,23.39
1785371590,4.673344,4.349555,23.42
1785371600,4.651972,4.329472,23.41
1785371610,4.66622,4.345327,23.41
1785371620,4.671563,4.348498,23.42
1785371630,4.685811,4.361182,23.43
1785371640,4.664439,4.3432129999999995,23.42
1785371650,4.668001,4.348498,23.43
1785371660,4.676906,4.35484,23.42
1785371670,4.673344,4.351669,23.45
1785371680,4.669782,4.349555,23.45
1785371690,4.660877,4.338985,23.45
1785371700,4.662658,4.341099,23.45
1785371710,4.669782,4.347441,23.42
1785371720,4.673344,4.350612,23.43
1785371730,4.669782,4.347441,23.43
1785371740,4.662658,4.340042,23.39
1785371750,4.675125,4.350612,23.41
1785371760,4.659096,4.338985,23.45
1785371770,4.668001,4.345327,23.43
1785371780,4.664439,4.3432129999999995,23.45
1785371790,4.657315,4.337928,23.41
1785371800,4.691154,4.368581,23.42
1785371810,4.685811,4.362239,23.42
1785371820,4.657315,4.336871,23.43
1785371830,4.662658,4.342156,23.45
1785371840,4.664439,4.34427,23.45
1785371850,4.676906,4.356954,23.42
1785371860,4.669782,4.349555,23.43
1785371870,4.671563,4.349555,23.42
1785371880,4.669782,4.348498,23.42
1785371890,4.669782,4.348498,23.41
1785371900,4.659096,4.336871,23.41
1785371910,4.668001,4.34427,23.42
1785371920,4.668001,4.345327,23.41
1785371930,4.676906,4.351669,23.41
1785371940,4.668001,4.3432129999999995,23.42
1785371950,4.696497,4.371752,23.45
1785371960,4.682249,4.359068,23.42
1785371970,4.669782,4.347441,23.43
1785371980,4.671563,4.349555,23.43
1785371990,4.673344,4.350612,23.43
1785372000,4.664439,4.342156,23.43
1785372010,4.668001,4.34427,23.43
1785372020,4.662658,4.340042,23.43
1785372030,4.659096,4.336871,23.45
1785372040,4.671563,4.349555,23.41
1785372050,4.675125,4.352726,23.42
1785372060,4.689373,4.36541,23.43
1785372070,4.664439,4.345327,23.43
1785372080,4.662658,4.3432129999999995,23.46
1785372090,4.675125,4.353783,23.46
1785372100,4.669782,4.346384,23.45
1785372110,4.676906,4.352726,23.43
1785372120,4.639505,4.318902,23.45
1785372130,4.669782,4.346384,23.43
1785372140,4.673344,4.348498,23.43
1785372150,4.675125,4.351669,23.46
1785372160,4.682249,4.35484,23.45
1785372170,4.673344,4.347441,23.43
1785372180,4.675125,4.348498,23.43
1785372190,4.685811,4.359068,23.43
1785372200,4.673344,4.347441,23.43
1785372210,4.68403,4.358011,23.45
1785372220,4.694716,4.367524,23.45
1785372230,4.700059,4.372809,23.43
1785372240,4.680468,4.35484,23.45
1785372250,4.669782,4.34427,23.45
1785372260,4.682249,4.35484,23.43
1785372270,4.676906,4.350612,23.43
1785372280,4.68403,4.356954,23.42
1785372290,4.676906,4.351669,23.42
1785372300,4.673344,4.347441,23.42
1785372310,4.676906,4.350612,23.46
1785372320,4.676906,4.349555,23.45
1785372330,4.675125,4.349555,23.45
1785372340,4.685811,4.359068,23.45
1785372350,4.678687,4.351669,23.45
1785372360,4.668001,4.342156,23.45
1785372370,4.673344,4.347441,23.45
1785372380,4.675125,4.349555,23.46
1785372390,4.696497,4.368581,23.46
1785372400,4.680468,4.352726,23.46
1785372410,4.673344,4.347441,23.45
1785372420,4.687592,4.361182,23.45
1785372430,4.673344,4.348498,23.45
1785372440,4.680468,4.35484,23.46
1785372450,4.682249,4.35484,23.46
1785372460,4.685811,4.359068,23.43
1785372470,4.68403,4.355897,23.46
1785372480,4.68403,4.355897,23.48
1785372490,4.678687,4.352726,23.45
1785372500,4.664439,4.340042,23.45
1785372510,4.691154,4.364353,23.46
1785372520,4.680468,4.35484,23.45
1785372530,4.689373,4.361182,23.43
1785372540,4.698278,4.3706949999999996,23.45
1785372550,4.680468,4.353783,23.49
1785372560,4.673344,4.346384,23.43
1785372570,4.664439,4.336871,23.45
1785372580,4.696497,4.368581,23.43
1785372590,4.682249,4.353783,23.42
1785372600,4.696497,4.368581,23.45
1785372610,4.685811,4.358011,23.43
1785372620,4.680468,4.353783,23.42
1785372630,4.675125,4.348498,23.46
1785372640,4.675125,4.348498,23.46
1785372650,4.680468,4.352726,23.46
1785372660,4.671563,4.34427,23.46
1785372670,4.678687,4.351669,23.45
1785372680,4.698278,4.3706949999999996,23.45
1785372690,4.689373,4.361182,23.46
1785372700,4.685811,4.356954,23.46
1785372710,4.687592,4.359068,23.45
1785372720,4.680468,4.352726,23.43
1785372730,4.653753,4.328415,23.46
1785372740,4.669782,4.34427,23.48
1785372750,4.682249,4.355897,23.48
1785372760,4.655534,4.329472,23.45
1785372770,4.676906,4.349555,23.45
1785372780,4.678687,4.351669,23.43
1785372790,4.662658,4.336871,23.45
1785372800,4.664439,4.338985,23.49
1785372810,4.691154,4.364353,23.46
1785372820,4.671563,4.345327,23.48
1785372830,4.676906,4.351669,23.46
1785372840,4.659096,4.332643,23.48
1785372850,4.678687,4.350612,23.46
1785372860,4.669782,4.34427,23.46
1785372870,4.676906,4.349555,23.46
1785372880,4.685811,4.358011,23.46
1785372890,4.668001,4.342156,23.48
1785372900,4.673344,4.347441,23.48
1785372910,4.678687,4.351669,23.46
1785372920,4.676906,4.350612,23.45
1785372930,4.682249,4.355897,23.48
1785372940,4.673344,4.347441,23.46
1785372950,4.678687,4.351669,23.45
1785372960,4.685811,4.359068,23.46
1785372970,4.676906,4.349555,23.46
1785372980,4.685811,4.355897,23.46
1785372990,4.685811,4.358011,23.45
1785373000,4.671563,4.34427,23.43
1785373010,4.700059,4.371752,23.45
1785373020,4.675125,4.347441,23.45
1785373030,4.691154,4.363296,23.45
1785373040,4.696497,4.368581,23.45
1785373050,4.687592,4.359068,23.46
1785373060,4.685811,4.358011,23.46
1785373070,4.673344,4.346384,23.45
1785373080,4.687592,4.359068,23.43
1785373090,4.685811,4.358011,23.45
1785373100,4.68403,4.356954,23.45
1785373110,4.68403,4.356954,23.43
1785373120,4.689373,4.361182,23.46
1785373130,4.692935,4.36541,23.45
1785373140,4.68403,4.35484,23.43
1785373150,4.689373,4.361182,23.45
1785373160,4.689373,4.361182,23.43
1785373170,4.685811,4.356954,23.42
1785373180,4.676906,4.349555,23.45
1785373190,4.676906,4.348498,23.42
1785373200,4.682249,4.35484,23.45
1785373210,4.678687,4.351669,23.43
1785373220,4.680468,4.352726,23.45
1785373230,4.676906,4.348498,23.43
1785373240,4.696497,4.366467,23.42
1785373250,4.692935,4.36541,23.41
1785373260,4.691154,4.363296,23.43
1785373270,4.685811,4.356954,23.45
1785373280,4.671563,4.345327,23.43
1785373290,4.687592,4.359068,23.46
1785373300,4.700059,4.3706949999999996,23.45
1785373310,4.687592,4.359068,23.43
1785373320,4.685811,4.355897,23.45
1785373330,4.673344,4.346384,23.45
1785373340,4.692935,4.363296,23.43
1785373350,4.678687,4.351669,23.46
1785373360,4.676906,4.348498,23.43
1785373370,4.698278,4.369638,23.46
1785373380,4.692935,4.364353,23.45
1785373390,4.675125,4.346384,23.46
1785373400,4.680468,4.352726,23.45
1785373410,4.691154,4.362239,23.45
1785373420,4.696497,4.366467,23.43
1785373430,4.678687,4.349555,23.43
1785373440,4.664439,4.336871,23.45
1785373450,4.692935,4.364353,23.42
1785373460,4.675125,4.346384,23.45
1785373470,4.669782,4.342156,23.45
1785373480,4.687592,4.360125,23.45
1785373490,4.689373,4.361182,23.43
1785373500,4.675125,4.347441,23.43
1785373510,4.694716,4.36541,23.43
1785373520,4.678687,4.349555,23.43
1785373530,4.692935,4.363296,23.45
1785373540,4.700059,4.369638,23.42
1785373550,4.694716,4.36541,23.45
1785373560,4.696497,4.366467,23.43
1785373570,4.673344,4.346384,23.42
1785373580,4.698278,4.367524,23.43
1785373590,4.696497,4.366467,23.42
1785373600,4.68403,4.356954,23.43
1785373610,4.705402,4.37598,23.42
1785373620,4.703621,4.373866,23.42
1785373630,4.691154,4.363296,23.42
1785373640,4.712526,4.382322,23.43
1785373650,4.696497,4.367524,23.39
1785373660,4.703621,4.373866,23.41
1785373670,4.689373,4.361182,23.43
1785373680,4.685811,4.356954,23.43
1785373690,4.682249,4.352726,23.39
1785373700,4.689373,4.359068,23.42
1785373710,4.70184,4.372809,23.42
1785373720,4.676906,4.348498,23.42
1785373730,4.685811,4.355897,23.42
1785373740,4.691154,4.362239,23.39
1785373750,4.687592,4.359068,23.42
1785373760,4.696497,4.368581,23.42
1785373770,4.691154,4.362239,23.43
1785373780,4.689373,4.360125,23.42
1785373790,4.675125,4.347441,23.42
1785373800,4.689373,4.360125,23.42
1785373810,4.676906,4.348498,23.43
1785373820,4.694716,4.36541,23.42
1785373830,4.66622,4.340042,23.41
1785373840,4.678687,4.349555,23.43
1785373850,4.668001,4.338985,23.43
1785373860,4.700059,4.369638,23.45
1785373870,4.678687,4.349555,23.42
1785373880,4.694716,4.364353,23.42
1785373890,4.685811,4.356954,23.43
1785373900,4.691154,4.363296,23.42
1785373910,4.671563,4.34427,23.41
1785373920,4.68403,4.356954,23.43
1785373930,4.70184,4.372809,23.42
1785373940,4.671563,4.34427,23.41
1785373950,4.68403,4.355897,23.41
1785373960,4.682249,4.353783,23.42
1785373970,4.680468,4.351669,23.39
1785373980,4.680468,4.352726,23.42
1785373990,4.673344,4.347441,23.42
1785374000,4.689373,4.362239,23.42
1785374010,4.671563,4.345327,23.41
1785374020,4.685811,4.356954,23.41
1785374030,4.678687,4.351669,23.41
1785374040,4.66622,4.338985,23.43
1785374050,4.68403,4.35484,23.42
1785374060,4.687592,4.359068,23.42
1785374070,4.675125,4.346384,23.42
1785374080,4.687592,4.358011,23.43
1785374090,4.68403,4.355897,23.39
1785374100,4.700059,4.3706949999999996,23.42
1785374110,4.689373,4.360125,23.42
1785374120,4.68403,4.355897,23.43
1785374130,4.682249,4.353783,23.43
1785374140,4.668001,4.340042,23.43
1785374150,4.675125,4.346384,23.43
1785374160,4.689373,4.360125,23.45
1785374170,4.680468,4.351669,23.45
1785374180,4.68403,4.35484,23.45
1785374190,4.687592,4.358011,23.45
1785374200,4.694716,4.36541,23.43
1785374210,4.673344,4.345327,23.45
1785374220,4.687592,4.358011,23.43
1785374230,4.687592,4.359068,23.43
1785374240,4.687592,4.359068,23.45
1785374250,4.691154,4.363296,23.46
1785374260,4.673344,4.345327,23.45
1785374270,4.692935,4.364353,23.48
1785374280,4.700059,4.3706949999999996,23.45
1785374290,4.691154,4.362239,23.45
1785374300,4.689373,4.360125,23.46
1785374310,4.682249,4.35484,23.45
1785374320,4.676906,4.348498,23.46
1785374330,4.694716,4.367524,23.45
1785374340,4.673344,4.346384,23.43
1785374350,4.669782,4.342156,23.45
1785374360,4.68403,4.35484,23.46
1785374370,4.694716,4.36541,23.43
1785374380,4.692935,4.363296,23.46
1785374390,4.703621,4.373866,23.45
1785374400,4.68403,4.35484,23.45
1785374410,4.664439,4.336871,23.46
1785374420,4.669782,4.3432129999999995,23.46
1785374430,4.682249,4.35484,23.43
1785374440,4.68403,4.356954,23.46
1785374450,4.676906,4.347441,23.45
1785374460,4.694716,4.366467,23.46
1785374470,4.680468,4.351669,23.46
1785374480,4.676906,4.348498,23.45
1785374490,4.66622,4.338985,23.45
1785374500,4.705402,4.374923,23.43
1785374510,4.692935,4.363296,23.43
1785374520,4.694716,4.366467,23.45
1785374530,4.685811,4.356954,23.43
1785374540,4.682249,4.353783,23.45
1785374550,4.68403,4.35484,23.42
1785374560,4.680468,4.352726,23.45
1785374570,4.68403,4.35484,23.45
1785374580,4.671563,4.34427,23.43
1785374590,4.687592,4.358011,23.45
1785374600,4.692935,4.364353,23.46
1785374610,4.678687,4.350612,23.43
1785374620,4.68403,4.355897,23.42
1785374630,4.669782,4.342156,23.43
1785374640,4.680468,4.351669,23.43
1785374650,4.675125,4.347441,23.43
1785374660,4.673344,4.34427,23.43
1785374670,4.676906,4.348498,23.42
1785374680,4.685811,4.356954,23.42
1785374690,4.68403,4.35484,23.41
1785374700,4.691154,4.361182,23.39
1785374710,4.68403,4.35484,23.42
1785374720,4.685811,4.355897,23.38
1785374730,4.692935,4.363296,23.42
1785374740,4.685811,4.356954,23.42
1785374750,4.689373,4.362239,23.41
1785374760,4.70184,4.3706949999999996,23.42
1785374770,4.687592,4.358011,23.42
1785374780,4.692935,4.363296,23.42
1785374790,4.703621,4.373866,23.41
1785374800,4.700059,4.369638,23.42
1785374810,4.691154,4.361182,23.41
1785374820,4.692935,4.363296,23.43
1785374830,4.712526,4.381265,23.45
1785374840,4.694716,4.363296,23.43
1785374850,4.710745,4.379151,23.42
1785374860,4.712526,4.381265,23.43
1785374870,4.710745,4.380208,23.43
1785374880,4.689373,4.360125,23.41
1785374890,4.685811,4.355897,23.42
1785374900,4.692935,4.363296,23.43
1785374910,4.696497,4.36541,23.43
1785374920,4.687592,4.358011,23.43
1785374930,4.696497,4.36541,23.43
1785374940,4.687592,4.356954,23.43
1785374950,4.691154,4.361182,23.42
1785374960,4.703621,4.372809,23.45
1785374970,4.692935,4.363296,23.45
1785374980,4.716088,4.384436,23.42
1785374990,4.675125,4.346384,23.42
1785375000,4.696497,4.366467,23.41
1785375010,4.694716,4.363296,23.43
1785375020,4.700059,4.368581,23.42
1785375030,4.680468,4.350612,23.41
1785375040,4.696497,4.366467,23.42
1785375050,4.707183,4.377037,23.41
1785375060,4.691154,4.361182,23.41
1785375070,4.687592,4.358011,23.42
1785375080,4.708964,4.378094,23.42
1785375090,4.696497,4.366467,23.42
1785375100,4.691154,4.361182,23.41
1785375110,4.689373,4.359068,23.43
1785375120,4.705402,4.374923,23.43
1785375130,4.694716,4.364353,23.42
1785375140,4.712526,4.380208,23.45
1785375150,4.696497,4.366467,23.42
1785375160,4.698278,4.366467,23.43
1785375170,4.689373,4.358011,23.43
1785375180,4.70184,4.369638,23.43
1785375190,4.705402,4.373866,23.42
1785375200,4.692935,4.363296,23.41
1785375210,4.691154,4.360125,23.43
1785375220,4.70184,4.3706949999999996,23.42
1785375230,4.692935,4.362239,23.43
1785375240,4.710745,4.379151,23.45
1785375250,4.708964,4.377037,23.42
1785375260,4.70184,4.3706949999999996,23.42
1785375270,4.705402,4.374923,23.45
1785375280,4.698278,4.367524,23.42
1785375290,4.692935,4.362239,23.45
1785375300,4.696497,4.36541,23.45
1785375310,4.714307,4.380208,23.45
1785375320,4.717869,4.385493,23.43
1785375330,4.696497,4.36541,23.45
1785375340,4.707183,4.37598,23.45
1785375350,4.700059,4.367524,23.42
1785375360,4.694716,4.363296,23.45
1785375370,4.691154,4.360125,23.45
1785375380,4.694716,4.362239,23.45
1785375390,4.698278,4.366467,23.42
1785375400,4.70184,4.3706949999999996,23.45
1785375410,4.703621,4.371752,23.43
1785375420,4.708964,4.37598,23.43
1785375430,4.696497,4.36541,23.45
1785375440,4.68403,4.352726,23.45
1785375450,4.705402,4.372809,23.49
1785375460,4.716088,4.383379,23.43
1785375470,4.703621,4.371752,23.46
1785375480,4.682249,4.351669,23.45
1785375490,4.694716,4.364353,23.45
1785375500,4.691154,4.361182,23.45
1785375510,4.691154,4.361182,23.45
1785375520,4.708964,4.377037,23.42
1785375530,4.70184,4.369638,23.43
1785375540,4.707183,4.374923,23.45
1785375550,4.694716,4.363296,23.43
1785375560,4.691154,4.360125,23.42
1785375570,4.705402,4.372809,23.48
1785375580,4.698278,4.366467,23.46
1785375590,4.708964,4.37598,23.45
1785375600,4.703621,4.371752,23.46
1785375610,4.698278,4.366467,23.42
1785375620,4.687592,4.356954,23.43
1785375630,4.68403,4.35484,23.42
1785375640,4.696497,4.36541,23.43
1785375650,4.703621,4.371752,23.43
1785375660,4.696497,4.36541,23.43
1785375670,4.707183,4.373866,23.43
1785375680,4.694716,4.363296,23.42
1785375690,4.687592,4.356954,23.43
1785375700,4.696497,4.36541,23.43
1785375710,4.694716,4.363296,23.42
1785375720,4.698278,4.367524,23.42
1785375730,4.696497,4.366467,23.43
1785375740,4.708964,4.374923,23.42
1785375750,4.703621,4.371752,23.42
1785375760,4.694716,4.363296,23.41
1785375770,4.696497,4.36541,23.42
1785375780,4.694716,4.362239,23.43
1785375790,4.696497,4.36541,23.41
1785375800,4.692935,4.362239,23.43
1785375810,4.691154,4.361182,23.41
1785375820,4.710745,4.379151,23.42
1785375830,4.689373,4.359068,23.43
1785375840,4.676906,4.347441,23.45
1785375850,4.70184,4.369638,23.42
1785375860,4.700059,4.368581,23.42
1785375870,4.691154,4.360125,23.43
1785375880,4.723212,4.389721,23.42
1785375890,4.70184,4.369638,23.42
1785375900,4.703621,4.3706949999999996,23.43
1785375910,4.685811,4.35484,23.42
1785375920,4.694716,4.363296,23.42
1785375930,4.678687,4.349555,23.41
1785375940,4.705402,4.374923,23.42
1785375950,4.696497,4.366467,23.45
1785375960,4.68403,4.35484,23.43
1785375970,4.700059,4.369638,23.43
1785375980,4.696497,4.366467,23.43
1785375990,4.696497,4.36541,23.43
1785376000,4.698278,4.367524,23.41
1785376010,4.689373,4.358011,23.42
1785376020,4.708964,4.377037,23.42
1785376030,4.70184,4.369638,23.39
1785376040,4.685811,4.356954,23.41
1785376050,4.696497,4.36541,23.41
1785376060,4.698278,4.368581,23.42
1785376070,4.700059,4.368581,23.42
1785376080,4.694716,4.363296,23.41
1785376090,4.68403,4.35484,23.43
1785376100,4.689373,4.360125,23.42
1785376110,4.691154,4.362239,23.38
1785376120,4.698278,4.368581,23.42
1785376130,4.708964,4.379151,23.42
1785376140,4.698278,4.368581,23.43
1785376150,4.694716,4.36541,23.42
1785376160,4.717869,4.385493,23.43
1785376170,4.700059,4.369638,23.42
1785376180,4.689373,4.358011,23.42
1785376190,4.707183,4.373866,23.43
1785376200,4.692935,4.361182,23.42
1785376210,4.703621,4.372809,23.42
1785376220,4.703621,4.371752,23.43
1785376230,4.698278,4.367524,23.42
1785376240,4.698278,4.366467,23.42
1785376250,4.698278,4.366467,23.46
1785376260,4.698278,4.366467,23.43
1785376270,4.703621,4.371752,23.42
1785376280,4.707183,4.374923,23.42
1785376290,4.698278,4.367524,23.45
1785376300,4.694716,4.363296,23.41
1785376310,4.723212,4.388664,23.43
1785376320,4.716088,4.383379,23.43
1785376330,4.70184,4.3706949999999996,23.45
1785376340,4.703621,4.371752,23.42
1785376350,4.703621,4.371752,23.45
1785376360,4.70184,4.3706949999999996,23.45
1785376370,4.716088,4.382322,23.45
1785376380,4.694716,4.363296,23.45
1785376390,4.70184,4.3706949999999996,23.45
1785376400,4.70184,4.3706949999999996,23.43
1785376410,4.700059,4.368581,23.43
1785376420,4.689373,4.359068,23.45
1785376430,4.685811,4.35484,23.45
1785376440,4.692935,4.361182,23.45
1785376450,4.70184,4.3706949999999996,23.45
1785376460,4.724993,4.390778,23.45
1785376470,4.708964,4.37598,23.45
1785376480,4.716088,4.382322,23.45
1785376490,4.700059,4.367524,23.46
1785376500,4.708964,4.37598,23.45
1785376510,4.700059,4.367524,23.45
1785376520,4.712526,4.380208,23.43
1785376530,4.698278,4.366467,23.41
1785376540,4.712526,4.378094,23.42
1785376550,4.716088,4.382322,23.45
1785376560,4.696497,4.36541,23.43
1785376570,4.687592,4.356954,23.43
1785376580,4.700059,4.368581,23.43
1785376590,4.710745,4.379151,23.45
1785376600,4.689373,4.358011,23.45
1785376610,4.700059,4.369638,23.43
1785376620,4.707183,4.374923,23.45
1785376630,4.70184,4.369638,23.43
1785376640,4.712526,4.379151,23.45
1785376650,4.689373,4.359068,23.43
1785376660,4.708964,4.37598,23.42
1785376670,4.707183,4.374923,23.46
1785376680,4.692935,4.361182,23.43
1785376690,4.71965,4.385493,23.43
1785376700,4.689373,4.359068,23.43
1785376710,4.712526,4.380208,23.42
1785376720,4.723212,4.389721,23.42
1785376730,4.710745,4.378094,23.42
1785376740,4.692935,4.361182,23.42
1785376750,4.70184,4.369638,23.42
1785376760,4.703621,4.3706949999999996,23.43
1785376770,4.707183,4.374923,23.43
1785376780,4.71965,4.385493,23.45
1785376790,4.708964,4.37598,23.42
1785376800,4.707183,4.373866,23.43
1785376810,4.703621,4.369638,23.45
1785376820,4.694716,4.361182,23.41
1785376830,4.698278,4.364353,23.41
1785376840,4.712526,4.379151,23.39
1785376850,4.691154,4.358011,23.41
1785376860,4.692935,4.361182,23.39
1785376870,4.685811,4.353783,23.39
1785376880,4.700059,4.368581,23.39
1785376890,4.696497,4.364353,23.42
1785376900,4.698278,4.366467,23.42
1785376910,4.698278,4.36541,23.43
1785376920,4.696497,4.364353,23.39
1785376930,4.691154,4.359068,23.41
1785376940,4.698278,4.36541,23.41
1785376950,4.700059,4.368581,23.41
1785376960,4.708964,4.37598,23.39
1785376970,4.710745,4.378094,23.42
1785376980,4.694716,4.363296,23.43
1785376990,4.700059,4.369638,23.42
1785377000,4.696497,4.36541,23.41
1785377010,4.707183,4.374923,23.39
1785377020,4.707183,4.37598,23.41
1785377030,4.689373,4.358011,23.41
1785377040,4.708964,4.37598,23.43
1785377050,4.70184,4.3706949999999996,23.42
1785377060,4.696497,4.364353,23.42
1785377070,4.700059,4.367524,23.42
1785377080,4.694716,4.363296,23.39
1785377090,4.70184,4.368581,23.43
1785377100,4.694716,4.363296,23.42
1785377110,4.708964,4.37598,23.43
1785377120,4.70184,4.368581,23.42
1785377130,4.691154,4.358011,23.42
1785377140,4.714307,4.381265,23.42
1785377150,4.710745,4.37598,23.42
1785377160,4.705402,4.371752,23.41
1785377170,4.710745,4.377037,23.42
1785377180,4.703621,4.372809,23.42
1785377190,4.691154,4.359068,23.43
1785377200,4.700059,4.367524,23.42
1785377210,4.728555,4.395006,23.42
1785377220,4.703621,4.3706949999999996,23.38
1785377230,4.71965,4.385493,23.41
1785377240,4.716088,4.382322,23.39
1785377250,4.700059,4.367524,23.41
1785377260,4.698278,4.366467,23.41
1785377270,4.694716,4.363296,23.43
1785377280,4.705402,4.372809,23.42
1785377290,4.708964,4.37598,23.41
1785377300,4.694716,4.364353,23.42
1785377310,4.721431,4.388664,23.41
1785377320,4.689373,4.358011,23.42
1785377330,4.705402,4.373866,23.42
1785377340,4.689373,4.355897,23.45
1785377350,4.705402,4.372809,23.41
1785377360,4.708964,4.37598,23.42
1785377370,4.696497,4.36541,23.39
1785377380,4.70184,4.368581,23.42
1785377390,4.700059,4.368581,23.43
1785377400,4.700059,4.368581,23.41
1785377410,4.692935,4.362239,23.39
1785377420,4.721431,4.388664,23.38
1785377430,4.70184,4.369638,23.39
1785377440,4.705402,4.371752,23.39
1785377450,4.680468,4.349555,23.39
1785377460,4.708964,4.374923,23.39
1785377470,4.710745,4.378094,23.39
1785377480,4.70184,4.368581,23.42
1785377490,4.696497,4.363296,23.39
1785377500,4.712526,4.378094,23.41
1785377510,4.696497,4.363296,23.39
1785377520,4.710745,4.379151,23.39
1785377530,4.689373,4.358011,23.38
1785377540,4.685811,4.353783,23.41
1785377550,4.696497,4.364353,23.42
1785377560,4.708964,4.37598,23.42
1785377570,4.703621,4.371752,23.41
1785377580,4.700059,4.367524,23.41
1785377590,4.712526,4.378094,23.39
1785377600,4.696497,4.364353,23.39
1785377610,4.696497,4.363296,23.42
1785377620,4.698278,4.366467,23.38
1785377630,4.703621,4.371752,23.39
1785377640,4.705402,4.373866,23.39
1785377650,4.708964,4.378094,23.41
1785377660,4.691154,4.359068,23.42
1785377670,4.703621,4.3706949999999996,23.38
1785377680,4.691154,4.359068,23.41
1785377690,4.692935,4.361182,23.41
1785377700,4.710745,4.377037,23.42
1785377710,4.698278,4.366467,23.41
1785377720,4.700059,4.367524,23.41
1785377730,4.70184,4.369638,23.41
1785377740,4.696497,4.364353,23.41
1785377750,4.705402,4.372809,23.42
1785377760,4.705402,4.372809,23.41
1785377770,4.696497,4.362239,23.43
1785377780,4.692935,4.360125,23.41
1785377790,4.687592,4.355897,23.45
1785377800,4.70184,4.369638,23.41
1785377810,4.707183,4.374923,23.43
1785377820,4.703621,4.3706949999999996,23.42
1785377830,4.707183,4.373866,23.42
1785377840,4.708964,4.37598,23.43
1785377850,4.707183,4.373866,23.42
1785377860,4.689373,4.358011,23.41
1785377870,4.696497,4.364353,23.39
1785377880,4.716088,4.383379,23.42
1785377890,4.694716,4.362239,23.43
1785377900,4.710745,4.377037,23.42
1785377910,4.710745,4.377037,23.42
1785377920,4.712526,4.380208,23.43
1785377930,4.705402,4.372809,23.45
1785377940,4.712526,4.378094,23.42
1785377950,4.717869,4.384436,23.43
1785377960,4.71965,4.384436,23.43
1785377970,4.723212,4.387607,23.43
1785377980,4.710745,4.377037,23.43
1785377990,4.698278,4.36541,23.46
1785378000,4.70184,4.369638,23.46
1785378010,4.689373,4.359068,23.46
1785378020,4.714307,4.380208,23.43
1785378030,4.700059,4.369638,23.46
1785378040,4.707183,4.374923,23.43
1785378050,4.691154,4.360125,23.46
1785378060,4.698278,4.366467,23.43
1785378070,4.70184,4.3706949999999996,23.43
1785378080,4.708964,4.37598,23.45
1785378090,4.708964,4.377037,23.45
1785378100,4.703621,4.3706949999999996,23.42
1785378110,4.700059,4.367524,23.43
1785378120,4.705402,4.372809,23.46
1785378130,4.705402,4.371752,23.43
1785378140,4.71965,4.385493,23.43
1785378150,4.710745,4.377037,23.46
1785378160,4.707183,4.372809,23.42
1785378170,4.70184,4.369638,23.43
1785378180,4.705402,4.371752,23.43
1785378190,4.707183,4.373866,23.41
1785378200,4.716088,4.381265,23.42
1785378210,4.710745,4.377037,23.42
1785378220,4.703621,4.369638,23.42
1785378230,4.716088,4.381265,23.45
1785378240,4.691154,4.359068,23.43
1785378250,4.708964,4.37598,23.42
1785378260,4.70184,4.367524,23.42
1785378270,4.721431,4.38655,23.39
1785378280,4.698278,4.366467,23.39
1785378290,4.703621,4.369638,23.39
1785378300,4.710745,4.378094,23.42
1785378310,4.712526,4.377037,23.42
1785378320,4.707183,4.371752,23.42
1785378330,4.691154,4.358011,23.42
1785378340,4.708964,4.37598,23.41
1785378350,4.707183,4.373866,23.42
1785378360,4.700059,4.36541,23.43
1785378370,4.708964,4.374923,23.43
1785378380,4.708964,4.374923,23.45
1785378390,4.707183,4.372809,23.42
1785378400,4.705402,4.371752,23.42
1785378410,4.71965,4.385493,23.42
1785378420,4.698278,4.363296,23.43
1785378430,4.707183,4.372809,23.42
1785378440,4.707183,4.372809,23.42
1785378450,4.710745,4.377037,23.43
1785378460,4.705402,4.3706949999999996,23.42
1785378470,4.703621,4.369638,23.43
1785378480,4.714307,4.378094,23.41
1785378490,4.708964,4.373866,23.43
1785378500,4.716088,4.381265,23.41
1785378510,4.721431,4.385493,23.42
1785378520,4.724993,4.389721,23.42
1785378530,4.708964,4.373866,23.45
1785378540,4.698278,4.36541,23.43
1785378550,4.716088,4.380208,23.41
1785378560,4.712526,4.378094,23.42
1785378570,4.717869,4.381265,23.42
1785378580,4.70184,4.368581,23.43
1785378590,4.703621,4.369638,23.43
1785378600,4.710745,4.37598,23.43
1785378610,4.717869,4.383379,23.43
1785378620,4.698278,4.364353,23.45
1785378630,4.707183,4.373866,23.45
1785378640,4.721431,4.38655,23.43
1785378650,4.70184,4.368581,23.45
1785378660,4.694716,4.361182,23.45
1785378670,4.714307,4.379151,23.45
1785378680,4.710745,4.378094,23.45
1785378690,4.717869,4.383379,23.45
1785378700,4.700059,4.368581,23.46
1785378710,4.692935,4.361182,23.45
1785378720,4.703621,4.369638,23.43
1785378730,4.708964,4.374923,23.42
1785378740,4.700059,4.367524,23.45
1785378750,4.696497,4.36541,23.43
1785378760,4.700059,4.366467,23.45
1785378770,4.694716,4.362239,23.43
1785378780,4.705402,4.372809,23.43
1785378790,4.700059,4.36541,23.45
1785378800,4.703621,4.368581,23.45
1785378810,4.70184,4.366467,23.43
1785378820,4.717869,4.383379,23.45
1785378830,4.714307,4.379151,23.45
1785378840,4.707183,4.371752,23.43
1785378850,4.703621,4.368581,23.45
1785378860,4.700059,4.366467,23.45
1785378870,4.708964,4.374923,23.45
1785378880,4.717869,4.384436,23.45
1785378890,4.712526,4.379151,23.45
1785378900,4.700059,4.367524,23.42
1785378910,4.70184,4.369638,23.41
1785378920,4.708964,4.37598,23.43
1785378930,4.696497,4.364353,23.42
1785378940,4.703621,4.372809,23.43
1785378950,4.721431,4.387607,23.43
1785378960,4.698278,4.366467,23.43
1785378970,4.708964,4.37598,23.43
1785378980,4.708964,4.374923,23.43
1785378990,4.700059,4.366467,23.43
1785379000,4.714307,4.381265,23.46
1785379010,4.698278,4.367524,23.43
1785379020,4.692935,4.362239,23.45
1785379030,4.68403,4.356954,23.45
1785379040,4.696497,4.367524,23.45
1785379050,4.70184,4.369638,23.46
1785379060,4.698278,4.366467,23.46
1785379070,4.682249,4.351669,23.48
1785379080,4.703621,4.372809,23.48
1785379090,4.710745,4.378094,23.46
1785379100,4.698278,4.367524,23.45
1785379110,4.696497,4.36541,23.48
1785379120,4.694716,4.363296,23.49
1785379130,4.694716,4.361182,23.46
1785379140,4.698278,4.366467,23.49
1785379150,4.691154,4.361182,23.46
1785379160,4.689373,4.358011,23.46
1785379170,4.703621,4.372809,23.49
1785379180,4.689373,4.359068,23.49
1785379190,4.696497,4.364353,23.48
1785379200,4.703621,4.3706949999999996,23.49
1785379210,4.689373,4.356954,23.49
1785379220,4.708964,4.374923,23.46
1785379230,4.703621,4.371752,23.45
1785379240,4.705402,4.371752,23.45
1785379250,4.698278,4.36541,23.43
1785379260,4.710745,4.377037,23.46
1785379270,4.703621,4.369638,23.48
1785379280,4.696497,4.363296,23.45
1785379290,4.694716,4.362239,23.45
1785379300,4.691154,4.358011,23.45
1785379310,4.726774,4.391835,23.45
1785379320,4.700059,4.366467,23.46
1785379330,4.694716,4.362239,23.46
1785379340,4.703621,4.369638,23.46
1785379350,4.696497,4.363296,23.46
1785379360,4.707183,4.371752,23.46
1785379370,4.696497,4.364353,23.48
1785379380,4.694716,4.363296,23.46
1785379390,4.691154,4.360125,23.43
1785379400,4.689373,4.358011,23.46
1785379410,4.691154,4.360125,23.48
1785379420,4.705402,4.371752,23.48
1785379430,4.692935,4.361182,23.46
1785379440,4.694716,4.362239,23.45
1785379450,4.687592,4.35484,23.46
1785379460,4.694716,4.360125,23.45
1785379470,4.692935,4.360125,23.45
1785379480,4.691154,4.356954,23.45
1785379490,4.698278,4.36541,23.45
1785379500,4.687592,4.355897,23.45
1785379510,4.698278,4.36541,23.45
1785379520,4.685811,4.35484,23.46
1785379530,4.682249,4.352726,23.45
1785379540,4.694716,4.363296,23.45
1785379550,4.692935,4.360125,23.42
1785379560,4.687592,4.355897,23.45
1785379570,4.692935,4.360125,23.43
1785379580,4.705402,4.371752,23.45
1785379590,4.698278,4.36541,23.42
1785379600,4.696497,4.364353,23.45
1785379610,4.691154,4.360125,23.42
1785379620,4.714307,4.382322,23.43
1785379630,4.705402,4.373866,23.42
1785379640,4.700059,4.367524,23.43
1785379650,4.708964,4.37598,23.45
1785379660,4.705402,4.371752,23.46
1785379670,4.694716,4.362239,23.45
1785379680,4.696497,4.362239,23.45
1785379690,4.707183,4.373866,23.45
1785379700,4.705402,4.3706949999999996,23.45
1785379710,4.698278,4.366467,23.45
1785379720,4.696497,4.363296,23.46
1785379730,4.714307,4.380208,23.43
1785379740,4.689373,4.35484,23.45
1785379750,4.692935,4.359068,23.45
1785379760,4.689373,4.355897,23.43
1785379770,4.698278,4.36541,23.46
1785379780,4.694716,4.361182,23.45
1785379790,4.700059,4.367524,23.45
1785379800,4.70184,4.369638,23.45
1785379810,4.700059,4.367524,23.43
1785379820,4.705402,4.3706949999999996,23.43
1785379830,4.703621,4.3706949999999996,23.45
1785379840,4.696497,4.363296,23.45
1785379850,4.698278,4.36541,23.45
1785379860,4.691154,4.359068,23.46
1785379870,4.689373,4.356954,23.43
1785379880,4.70184,4.368581,23.45
1785379890,4.694716,4.362239,23.45
1785379900,4.692935,4.361182,23.45
1785379910,4.696497,4.363296,23.42
1785379920,4.700059,4.367524,23.45
1785379930,4.694716,4.361182,23.45
1785379940,4.700059,4.36541,23.46
1785379950,4.696497,4.363296,23.43
1785379960,4.687592,4.355897,23.45
1785379970,4.689373,4.358011,23.43
1785379980,4.698278,4.364353,23.43
1785379990,4.692935,4.360125,23.43
1785380000,4.680468,4.347441,23.45
1785380010,4.689373,4.358011,23.46
1785380020,4.680468,4.350612,23.46
1785380030,4.682249,4.350612,23.43
1785380040,4.692935,4.360125,23.45
1785380050,4.700059,4.367524,23.45
1785380060,4.707183,4.373866,23.45
1785380070,4.700059,4.36541,23.45
1785380080,4.707183,4.371752,23.45
1785380090,4.703621,4.3706949999999996,23.42
1785380100,4.70184,4.368581,23.42
1785380110,4.714307,4.380208,23.42
1785380120,4.694716,4.362239,23.43
1785380130,4.694716,4.361182,23.45
1785380140,4.694716,4.362239,23.42
1785380150,4.696497,4.363296,23.43
1785380160,4.703621,4.3706949999999996,23.45
1785380170,4.70184,4.369638,23.45
1785380180,4.682249,4.350612,23.42
1785380190,4.691154,4.359068,23.45
1785380200,4.680468,4.349555,23.42
1785380210,4.70184,4.367524,23.43
1785380220,4.675125,4.34427,23.41
1785380230,4.694716,4.362239,23.45
1785380240,4.716088,4.382322,23.42
1785380250,4.691154,4.358011,23.45
1785380260,4.710745,4.378094,23.45
1785380270,4.692935,4.361182,23.43
1785380280,4.687592,4.353783,23.45
1785380290,4.689373,4.356954,23.45
1785380300,4.678687,4.347441,23.43
1785380310,4.696497,4.364353,23.45
1785380320,4.691154,4.356954,23.45
1785380330,4.691154,4.359068,23.46
1785380340,4.723212,4.388664,23.43
1785380350,4.696497,4.362239,23.45
1785380360,4.687592,4.35484,23.42
1785380370,4.70184,4.368581,23.45
1785380380,4.689373,4.356954,23.45
1785380390,4.707183,4.373866,23.45
1785380400,4.717869,4.383379,23.42
1785380410,4.694716,4.361182,23.41
1785380420,4.687592,4.35484,23.43
1785380430,4.707183,4.372809,23.42
1785380440,4.694716,4.362239,23.46
1785380450,4.689373,4.356954,23.42
1785380460,4.691154,4.359068,23.45
1785380470,4.694716,4.361182,23.45
1785380480,4.716088,4.380208,23.42
1785380490,4.698278,4.36541,23.43
1785380500,4.691154,4.358011,23.41
1785380510,4.698278,4.364353,23.43
1785380520,4.692935,4.359068,23.43
1785380530,4.682249,4.350612,23.43
1785380540,4.705402,4.372809,23.42
1785380550,4.700059,4.368581,23.42
1785380560,4.692935,4.362239,23.42
1785380570,4.682249,4.352726,23.42
1785380580,4.696497,4.36541,23.42
1785380590,4.687592,4.35484,23.41
1785380600,4.698278,4.36541,23.43
1785380610,4.698278,4.366467,23.42
1785380620,4.696497,4.36541,23.45
1785380630,4.692935,4.361182,23.43
1785380640,4.692935,4.361182,23.45
1785380650,4.708964,4.374923,23.45
1785380660,4.710745,4.377037,23.42
1785380670,4.700059,4.366467,23.39
1785380680,4.70184,4.368581,23.43
1785380690,4.712526,4.379151,23.42
1785380700,4.707183,4.371752,23.42
1785380710,4.70184,4.367524,23.41
1785380720,4.716088,4.381265,23.42
1785380730,4.692935,4.360125,23.41
1785380740,4.700059,4.36541,23.43
1785380750,4.708964,4.373866,23.39
1785380760,4.707183,4.372809,23.42
1785380770,4.708964,4.373866,23.41
1785380780,4.712526,4.377037,23.41
1785380790,4.710745,4.377037,23.42
1785380800,4.698278,4.36541,23.42
1785380810,4.703621,4.3706949999999996,23.41
1785380820,4.705402,4.371752,23.41
1785380830,4.698278,4.364353,23.41
1785380840,4.694716,4.360125,23.41
1785380850,4.705402,4.369638,23.41
1785380860,4.700059,4.364353,23.41
1785380870,4.710745,4.374923,23.42
1785380880,4.70184,4.367524,23.45
1785380890,4.698278,4.363296,23.41
1785380900,4.689373,4.35484,23.43
1785380910,4.728555,4.390778,23.42
1785380920,4.707183,4.3706949999999996,23.42
1785380930,4.694716,4.361182,23.42
1785380940,4.716088,4.380208,23.45
1785380950,4.721431,4.38655,23.45
1785380960,4.698278,4.36541,23.46
1785380970,4.689373,4.35484,23.45
1785380980,4.708964,4.372809,23.43
1785380990,4.698278,4.362239,23.42
1785381000,4.708964,4.372809,23.43
1785381010,4.700059,4.364353,23.42
1785381020,4.707183,4.3706949999999996,23.42
1785381030,4.723212,4.385493,23.43
1785381040,4.698278,4.361182,23.45
1785381050,4.721431,4.383379,23.41
1785381060,4.696497,4.359068,23.45
1785381070,4.698278,4.363296,23.45
1785381080,4.710745,4.374923,23.42
1785381090,4.691154,4.355897,23.42
1785381100,4.694716,4.359068,23.43
1785381110,4.70184,4.366467,23.42
1785381120,4.685811,4.350612,23.42
1785381130,4.680468,4.346384,23.41
1785381140,4.694716,4.359068,23.41
1785381150,4.691154,4.355897,23.42
1785381160,4.692935,4.358011,23.42
1785381170,4.70184,4.367524,23.42
1785381180,4.692935,4.358011,23.41
1785381190,4.708964,4.373866,23.43
1785381200,4.689373,4.355897,23.43
1785381210,4.689373,4.35484,23.41
1785381220,4.691154,4.355897,23.42
1785381230,4.70184,4.366467,23.39
1785381240,4.696497,4.362239,23.41
1785381250,4.689373,4.353783,23.42
1785381260,4.692935,4.358011,23.43
1785381270,4.685811,4.352726,23.41
1785381280,4.70184,4.366467,23.39
1785381290,4.707183,4.3706949999999996,23.42
1785381300,4.698278,4.363296,23.39
1785381310,4.689373,4.35484,23.41
1785381320,4.696497,4.361182,23.39
1785381330,4.687592,4.352726,23.41
1785381340,4.70184,4.366467,23.42
1785381350,4.70184,4.364353,23.41
1785381360,4.710745,4.373866,23.42
1785381370,4.694716,4.359068,23.41
1785381380,4.692935,4.358011,23.39
1785381390,4.707183,4.371752,23.39
1785381400,4.708964,4.373866,23.42
1785381410,4.70184,4.367524,23.41
1785381420,4.70184,4.366467,23.41
1785381430,4.712526,4.37598,23.41
1785381440,4.708964,4.3706949999999996,23.39
1785381450,4.696497,4.361182,23.42
1785381460,4.71965,4.382322,23.41
1785381470,4.696497,4.361182,23.41
1785381480,4.689373,4.353783,23.38
1785381490,4.712526,4.377037,23.42
1785381500,4.716088,4.379151,23.41
1785381510,4.703621,4.367524,23.38
1785381520,4.698278,4.363296,23.41
1785381530,4.708964,4.373866,23.41
1785381540,4.710745,4.374923,23.42
1785381550,4.700059,4.36541,23.38
1785381560,4.700059,4.363296,23.39
1785381570,4.700059,4.366467,23.38
1785381580,4.707183,4.3706949999999996,23.39
1785381590,4.708964,4.372809,23.41
1785381600,4.696497,4.361182,23.42
1785381610,4.712526,4.373866,23.38
1785381620,4.707183,4.371752,23.38
1785381630,4.70184,4.36541,23.38
1785381640,4.700059,4.36541,23.38
1785381650,4.696497,4.362239,23.39
1785381660,4.707183,4.3706949999999996,23.39
1785381670,4.698278,4.362239,23.39
1785381680,4.696497,4.361182,23.39
1785381690,4.705402,4.368581,23.42
1785381700,4.703621,4.367524,23.41
1785381710,4.698278,4.362239,23.41
1785381720,4.694716,4.359068,23.41
1785381730,4.707183,4.371752,23.42
1785381740,4.705402,4.369638,23.39
1785381750,4.703621,4.367524,23.39
1785381760,4.694716,4.360125,23.39
1785381770,4.698278,4.362239,23.42
1785381780,4.705402,4.369638,23.39
1785381790,4.712526,4.374923,23.41
1785381800,4.685811,4.350612,23.39
1785381810,4.696497,4.359068,23.41
1785381820,4.70184,4.366467,23.42
1785381830,4.696497,4.363296,23.41
1785381840,4.692935,4.359068,23.42
1785381850,4.689373,4.355897,23.42
1785381860,4.68403,4.351669,23.42
1785381870,4.70184,4.366467,23.42
1785381880,4.694716,4.360125,23.43
1785381890,4.694716,4.360125,23.41
1785381900,4.708964,4.372809,23.41
1785381910,4.694716,4.360125,23.42
1785381920,4.694716,4.360125,23.43
1785381930,4.698278,4.363296,23.43
1785381940,4.703621,4.367524,23.41
1785381950,4.689373,4.35484,23.41
1785381960,4.694716,4.360125,23.42
1785381970,4.712526,4.374923,23.42
1785381980,4.698278,4.362239,23.41
1785381990,4.689373,4.35484,23.41
1785382000,4.726774,4.389721,23.42
1785382010,4.707183,4.3706949999999996,23.43
1785382020,4.698278,4.363296,23.42
1785382030,4.705402,4.368581,23.42
1785382040,4.703621,4.366467,23.42
1785382050,4.691154,4.355897,23.39
1785382060,4.707183,4.3706949999999996,23.42
1785382070,4.703621,4.36541,23.42
1785382080,4.687592,4.351669,23.43
1785382090,4.692935,4.358011,23.42
1785382100,4.70184,4.364353,23.43
1785382110,4.691154,4.35484,23.41
1785382120,4.692935,4.356954,23.43
1785382130,4.703621,4.367524,23.45
1785382140,4.703621,4.367524,23.41
1785382150,4.70184,4.367524,23.43
1785382160,4.696497,4.362239,23.42
1785382170,4.678687,4.345327,23.42
1785382180,4.703621,4.367524,23.42
1785382190,4.708964,4.371752,23.42
1785382200,4.678687,4.345327,23.42
1785382210,4.700059,4.36541,23.43
1785382220,4.694716,4.360125,23.41
1785382230,4.703621,4.366467,23.43
1785382240,4.696497,4.361182,23.43
1785382250,4.689373,4.353783,23.45
1785382260,4.692935,4.359068,23.42
1785382270,4.708964,4.372809,23.42
1785382280,4.691154,4.358011,23.42
1785382290,4.707183,4.371752,23.43
1785382300,4.714307,4.378094,23.43
1785382310,4.70184,4.366467,23.45
1785382320,4.700059,4.36541,23.45
1785382330,4.70184,4.36541,23.45
1785382340,4.705402,4.369638,23.43
1785382350,4.714307,4.377037,23.43
1785382360,4.703621,4.366467,23.45
1785382370,4.71965,4.381265,23.45
1785382380,4.698278,4.362239,23.43
1785382390,4.691154,4.355897,23.42
1785382400,4.714307,4.377037,23.45
1785382410,4.710745,4.373866,23.45
1785382420,4.708964,4.371752,23.42
1785382430,4.712526,4.374923,23.43
1785382440,4.708964,4.371752,23.45
1785382450,4.71965,4.381265,23.43
1785382460,4.714307,4.37598,23.45
1785382470,4.710745,4.373866,23.43
1785382480,4.723212,4.383379,23.45
1785382490,4.707183,4.368581,23.45
1785382500,4.721431,4.382322,23.42
1785382510,4.705402,4.368581,23.43
1785382520,4.710745,4.373866,23.42
1785382530,4.707183,4.369638,23.42
1785382540,4.698278,4.361182,23.42
1785382550,4.692935,4.356954,23.42
1785382560,4.692935,4.356954,23.43
1785382570,4.689373,4.353783,23.42
1785382580,4.707183,4.3706949999999996,23.43
1785382590,4.696497,4.362239,23.46
1785382600,4.700059,4.363296,23.42
1785382610,4.700059,4.364353,23.43
1785382620,4.710745,4.374923,23.43
1785382630,4.691154,4.35484,23.43
1785382640,4.691154,4.356954,23.43
1785382650,4.700059,4.362239,23.43
1785382660,4.700059,4.363296,23.46
1785382670,4.694716,4.358011,23.42
1785382680,4.708964,4.3706949999999996,23.42
1785382690,4.694716,4.359068,23.43
1785382700,4.716088,4.378094,23.42
1785382710,4.70184,4.36541,23.45
1785382720,4.714307,4.37598,23.45
1785382730,4.696497,4.359068,23.46
1785382740,4.712526,4.374923,23.43
1785382750,4.70184,4.36541,23.45
1785382760,4.696497,4.360125,23.45
1785382770,4.708964,4.3706949999999996,23.45
1785382780,4.721431,4.382322,23.46
1785382790,4.70184,4.364353,23.48
1785382800,4.714307,4.37598,23.48
1785382810,4.705402,4.368581,23.46
1785382820,4.710745,4.373866,23.46
1785382830,4.708964,4.371752,23.45
1785382840,4.714307,4.377037,23.45
1785382850,4.703621,4.367524,23.45
1785382860,4.716088,4.377037,23.45
1785382870,4.717869,4.379151,23.45
1785382880,4.721431,4.383379,23.45
1785382890,4.724993,4.38655,23.45
1785382900,4.71965,4.381265,23.45
1785382910,4.712526,4.374923,23.43
1785382920,4.717869,4.378094,23.45
1785382930,4.710745,4.372809,23.45
1785382940,4.703621,4.36541,23.45
1785382950,4.703621,4.366467,23.45
1785382960,4.705402,4.367524,23.45
1785382970,4.714307,4.374923,23.46
1785382980,4.698278,4.361182,23.45
1785382990,4.712526,4.373866,23.45
1785383000,4.712526,4.373866,23.46
1785383010,4.70184,4.36541,23.43
1785383020,4.708964,4.372809,23.45
1785383030,4.712526,4.37598,23.45
1785383040,4.694716,4.358011,23.45
1785383050,4.694716,4.358011,23.45
1785383060,4.682249,4.346384,23.43
1785383070,4.70184,4.364353,23.46
1785383080,4.700059,4.364353,23.43
1785383090,4.703621,4.36541,23.46
1785383100,4.712526,4.372809,23.45
1785383110,4.70184,4.364353,23.43
1785383120,4.708964,4.371752,23.45
1785383130,4.703621,4.366467,23.43
1785383140,4.685811,4.350612,23.45
1785383150,4.703621,4.366467,23.45
1785383160,4.705402,4.368581,23.45
1785383170,4.708964,4.3706949999999996,23.43
1785383180,4.703621,4.369638,23.46
1785383190,4.70184,4.36541,23.43
1785383200,4.703621,4.366467,23.46
1785383210,4.707183,4.3706949999999996,23.46
1785383220,4.708964,4.3706949999999996,23.48
1785383230,4.708964,4.371752,23.43
1785383240,4.716088,4.379151,23.43
1785383250,4.707183,4.369638,23.43
1785383260,4.712526,4.374923,23.42
1785383270,4.716088,4.378094,23.43
1785383280,4.703621,4.366467,23.43
1785383290,4.717869,4.379151,23.42
1785383300,4.708964,4.372809,23.45
1785383310,4.70184,4.36541,23.43
1785383320,4.700059,4.363296,23.42
1785383330,4.691154,4.35484,23.43
1785383340,4.700059,4.364353,23.43
1785383350,4.705402,4.366467,23.45
1785383360,4.712526,4.374923,23.43
1785383370,4.703621,4.36541,23.42
1785383380,4.705402,4.368581,23.42
1785383390,4.724993,4.388664,23.42
1785383400,4.70184,4.367524,23.43
1785383410,4.707183,4.3706949999999996,23.42
1785383420,4.710745,4.372809,23.43
1785383430,4.70184,4.36541,23.42
1785383440,4.732117,4.393949,23.43
1785383450,4.732117,4.392892,23.43
1785383460,4.707183,4.369638,23.39
1785383470,4.705402,4.367524,23.43
1785383480,4.707183,4.368581,23.42
1785383490,4.703621,4.366467,23.43
1785383500,4.689373,4.352726,23.38
1785383510,4.694716,4.358011,23.42
1785383520,4.714307,4.374923,23.39
1785383530,4.712526,4.374923,23.41
1785383540,4.708964,4.371752,23.41
1785383550,4.707183,4.367524,23.42
1785383560,4.70184,4.364353,23.41
1785383570,4.694716,4.358011,23.43
1785383580,4.703621,4.366467,23.41
1785383590,4.687592,4.350612,23.39
1785383600,4.710745,4.373866,23.41
1785383610,4.703621,4.366467,23.43
1785383620,4.714307,4.37598,23.39
1785383630,4.712526,4.374923,23.42
1785383640,4.694716,4.355897,23.42
1785383650,4.707183,4.368581,23.42
1785383660,4.705402,4.366467,23.43
1785383670,4.703621,4.36541,23.43
1785383680,4.712526,4.37598,23.42
1785383690,4.696497,4.361182,23.43
1785383700,4.698278,4.361182,23.45
1785383710,4.700059,4.361182,23.46
1785383720,4.714307,4.37598,23.42
1785383730,4.700059,4.361182,23.43
1785383740,4.700059,4.364353,23.43
1785383750,4.712526,4.373866,23.43
1785383760,4.698278,4.359068,23.45
1785383770,4.70184,4.364353,23.45
1785383780,4.710745,4.3706949999999996,23.45
1785383790,4.707183,4.3706949999999996,23.45
1785383800,4.696497,4.361182,23.45
1785383810,4.707183,4.368581,23.48
1785383820,4.691154,4.352726,23.48
1785383830,4.710745,4.3706949999999996,23.46
1785383840,4.696497,4.359068,23.48
1785383850,4.692935,4.35484,23.48
1785383860,4.687592,4.349555,23.48
1785383870,4.705402,4.366467,23.45
1785383880,4.696497,4.359068,23.45
1785383890,4.692935,4.355897,23.45
1785383900,4.703621,4.364353,23.45
1785383910,4.68403,4.347441,23.43
1785383920,4.700059,4.361182,23.48
1785383930,4.698278,4.359068,23.43
1785383940,4.698278,4.359068,23.45
1785383950,4.714307,4.374923,23.45
1785383960,4.708964,4.369638,23.45
1785383970,4.698278,4.360125,23.45
1785383980,4.696497,4.358011,23.45
1785383990,4.710745,4.371752,23.45
1785384000,4.714307,4.373866,23.42
1785384010,4.70184,4.362239,23.45
1785384020,4.708964,4.369638,23.43
1785384030,4.733898,4.392892,23.42
1785384040,4.707183,4.367524,23.43
1785384050,4.70184,4.363296,23.43
1785384060,4.721431,4.381265,23.42
1785384070,4.710745,4.369638,23.46
1785384080,4.694716,4.356954,23.41
1785384090,4.694716,4.355897,23.43
1785384100,4.70184,4.364353,23.43
1785384110,4.703621,4.36541,23.42
1785384120,4.716088,4.37598,23.42
1785384130,4.712526,4.372809,23.45
1785384140,4.698278,4.359068,23.45
1785384150,4.698278,4.360125,23.43
1785384160,4.696497,4.358011,23.43
1785384170,4.682249,4.345327,23.45
1785384180,4.707183,4.368581,23.45
1785384190,4.700059,4.362239,23.46
1785384200,4.682249,4.345327,23.42
1785384210,4.700059,4.361182,23.46
1785384220,4.703621,4.364353,23.45
1785384230,4.700059,4.361182,23.45
1785384240,4.691154,4.353783,23.45
1785384250,4.698278,4.358011,23.45
1785384260,4.708964,4.369638,23.45
1785384270,4.703621,4.364353,23.45
1785384280,4.700059,4.361182,23.45
1785384290,4.708964,4.369638,23.45
1785384300,4.70184,4.363296,23.45
1785384310,4.694716,4.356954,23.45
1785384320,4.70184,4.362239,23.45
1785384330,4.708964,4.369638,23.45
1785384340,4.705402,4.364353,23.43
1785384350,4.712526,4.371752,23.45
1785384360,4.696497,4.358011,23.45
1785384370,4.694716,4.355897,23.46
1785384380,4.689373,4.352726,23.45
1785384390,4.685811,4.349555,23.41
1785384400,4.694716,4.358011,23.43
1785384410,4.703621,4.36541,23.46
1785384420,4.707183,4.367524,23.48
1785384430,4.692935,4.353783,23.43
1785384440,4.692935,4.353783,23.45
1785384450,4.698278,4.359068,23.43
1785384460,4.710745,4.3706949999999996,23.43
1785384470,4.703621,4.364353,23.43
1785384480,4.70184,4.361182,23.42
1785384490,4.700059,4.360125,23.45
1785384500,4.703621,4.363296,23.42
1785384510,4.692935,4.353783,23.43
1785384520,4.703621,4.363296,23.46
1785384530,4.691154,4.351669,23.45
1785384540,4.692935,4.352726,23.45
1785384550,4.698278,4.360125,23.46
1785384560,4.694716,4.35484,23.45
1785384570,4.692935,4.352726,23.46
1785384580,4.705402,4.363296,23.48
1785384590,4.703621,4.362239,23.46
1785384600,4.705402,4.364353,23.45
1785384610,4.705402,4.364353,23.45
1785384620,4.689373,4.350612,23.46
1785384630,4.705402,4.366467,23.46
1785384640,4.710745,4.371752,23.43
1785384650,4.707183,4.367524,23.45
1785384660,4.703621,4.363296,23.46
1785384670,4.692935,4.353783,23.43
1785384680,4.705402,4.36541,23.43
1785384690,4.712526,4.372809,23.42
1785384700,4.70184,4.362239,23.45
1785384710,4.703621,4.364353,23.45
1785384720,4.716088,4.374923,23.45
1785384730,4.723212,4.380208,23.45
1785384740,4.714307,4.371752,23.46
1785384750,4.710745,4.3706949999999996,23.45
1785384760,4.707183,4.367524,23.42
1785384770,4.707183,4.366467,23.42
1785384780,4.714307,4.3706949999999996,23.43
1785384790,4.712526,4.372809,23.41
1785384800,4.714307,4.372809,23.43
1785384810,4.714307,4.371752,23.41
1785384820,4.705402,4.36541,23.43
1785384830,4.716088,4.373866,23.42
1785384840,4.692935,4.352726,23.42
1785384850,4.691154,4.351669,23.45
1785384860,4.698278,4.359068,23.39
1785384870,4.696497,4.355897,23.42
1785384880,4.680468,4.342156,23.43
1785384890,4.696497,4.359068,23.43
1785384900,4.692935,4.35484,23.41
1785384910,4.691154,4.353783,23.42
1785384920,4.680468,4.34427,23.43
1785384930,4.694716,4.355897,23.42
1785384940,4.692935,4.353783,23.42
1785384950,4.692935,4.353783,23.42
1785384960,4.691154,4.351669,23.45
1785384970,4.694716,4.355897,23.41
1785384980,4.70184,4.362239,23.39
1785384990,4.700059,4.359068,23.41
1785385000,4.705402,4.366467,23.41
1785385010,4.682249,4.345327,23.39
1785385020,4.694716,4.356954,23.42
1785385030,4.700059,4.360125,23.41
1785385040,4.696497,4.359068,23.42
1785385050,4.700059,4.361182,23.42
1785385060,4.691154,4.352726,23.43
1785385070,4.692935,4.355897,23.41
1785385080,4.687592,4.349555,23.42
1785385090,4.696497,4.356954,23.45
1785385100,4.691154,4.351669,23.43
1785385110,4.712526,4.371752,23.42
1785385120,4.676906,4.338985,23.45
1785385130,4.68403,4.347441,23.45
1785385140,4.696497,4.356954,23.42
1785385150,4.676906,4.338985,23.43
1785385160,4.705402,4.36541,23.45
1785385170,4.698278,4.359068,23.45
1785385180,4.687592,4.348498,23.43
1785385190,4.682249,4.34427,23.43
1785385200,4.703621,4.363296,23.43
1785385210,4.675125,4.337928,23.43
1785385220,4.703621,4.364353,23.43
1785385230,4.682249,4.34427,23.45
1785385240,4.696497,4.356954,23.43
1785385250,4.680468,4.3432129999999995,23.45
1785385260,4.676906,4.337928,23.46
1785385270,4.678687,4.340042,23.45
1785385280,4.678687,4.341099,23.45
1785385290,4.694716,4.356954,23.46
1785385300,4.685811,4.347441,23.45
1785385310,4.687592,4.348498,23.45
1785385320,4.682249,4.34427,23.45
1785385330,4.691154,4.352726,23.43
1785385340,4.676906,4.340042,23.43
1785385350,4.68403,4.34427,23.43
1785385360,4.698278,4.358011,23.43
1785385370,4.70184,4.361182,23.43
1785385380,4.676906,4.337928,23.43
1785385390,4.707183,4.366467,23.45
1785385400,4.717869,4.374923,23.45
1785385410,4.694716,4.353783,23.45
1785385420,4.685811,4.346384,23.46
1785385430,4.689373,4.349555,23.46
1785385440,4.70184,4.362239,23.43
1785385450,4.70184,4.363296,23.43
1785385460,4.680468,4.341099,23.42
1785385470,4.685811,4.346384,23.43
1785385480,4.691154,4.351669,23.45
1785385490,4.703621,4.364353,23.43
1785385500,4.687592,4.348498,23.43
1785385510,4.696497,4.359068,23.45
1785385520,4.694716,4.358011,23.43
1785385530,4.700059,4.362239,23.45
1785385540,4.696497,4.356954,23.43
1785385550,4.70184,4.361182,23.43
1785385560,4.694716,4.35484,23.45
1785385570,4.675125,4.336871,23.46
1785385580,4.698278,4.359068,23.42
1785385590,4.687592,4.349555,23.45
1785385600,4.691154,4.352726,23.45
1785385610,4.671563,4.332643,23.45
1785385620,4.692935,4.353783,23.45
1785385630,4.682249,4.34427,23.43
1785385640,4.689373,4.350612,23.43
1785385650,4.676906,4.338985,23.43
1785385660,4.689373,4.351669,23.45
1785385670,4.687592,4.348498,23.46
1785385680,4.676906,4.336871,23.45
1785385690,4.687592,4.347441,23.43
1785385700,4.696497,4.356954,23.46
1785385710,4.694716,4.353783,23.45
1785385720,4.70184,4.360125,23.45
1785385730,4.689373,4.349555,23.43
1785385740,4.68403,4.34427,23.45
1785385750,4.685811,4.346384,23.43
1785385760,4.687592,4.349555,23.45
1785385770,4.68403,4.34427,23.43
1785385780,4.685811,4.346384,23.42
1785385790,4.678687,4.341099,23.45
1785385800,4.687592,4.347441,23.46
1785385810,4.673344,4.335814,23.43
1785385820,4.671563,4.332643,23.45
1785385830,4.678687,4.338985,23.42
1785385840,4.669782,4.330529,23.43
1785385850,4.668001,4.328415,23.43
1785385860,4.68403,4.345327,23.41
1785385870,4.682249,4.342156,23.42
1785385880,4.682249,4.3432129999999995,23.42
1785385890,4.689373,4.349555,23.43
1785385900,4.685811,4.34427,23.42
1785385910,4.685811,4.345327,23.41
1785385920,4.698278,4.356954,23.43
1785385930,4.675125,4.335814,23.43
1785385940,4.675125,4.337928,23.42
1785385950,4.694716,4.355897,23.45
1785385960,4.678687,4.340042,23.42
1785385970,4.691154,4.350612,23.43
1785385980,4.700059,4.358011,23.43
1785385990,4.680468,4.341099,23.43
1785386000,4.678687,4.340042,23.43
1785386010,4.687592,4.347441,23.42
1785386020,4.664439,4.326301,23.43
1785386030,4.685811,4.347441,23.43
1785386040,4.678687,4.341099,23.41
1785386050,4.696497,4.356954,23.41
1785386060,4.687592,4.347441,23.42
1785386070,4.669782,4.331586,23.42
1785386080,4.691154,4.349555,23.41
1785386090,4.694716,4.35484,23.41
1785386100,4.682249,4.3432129999999995,23.42
1785386110,4.692935,4.352726,23.43
1785386120,4.70184,4.361182,23.45
1785386130,4.692935,4.351669,23.46
1785386140,4.696497,4.35484,23.45
1785386150,4.698278,4.356954,23.43
1785386160,4.696497,4.355897,23.43
1785386170,4.700059,4.361182,23.45
1785386180,4.692935,4.352726,23.48
1785386190,4.694716,4.353783,23.42
1785386200,4.687592,4.345327,23.43
1785386210,4.687592,4.346384,23.42
1785386220,4.687592,4.347441,23.42
1785386230,4.685811,4.345327,23.46
1785386240,4.696497,4.35484,23.45
1785386250,4.687592,4.346384,23.42
1785386260,4.68403,4.3432129999999995,23.43
1785386270,4.691154,4.348498,23.45
1785386280,4.68403,4.3432129999999995,23.43
1785386290,4.689373,4.347441,23.45
1785386300,4.676906,4.335814,23.45
1785386310,4.682249,4.341099,23.45
1785386320,4.689373,4.349555,23.46
1785386330,4.692935,4.352726,23.43
1785386340,4.685811,4.34427,23.46
1785386350,4.676906,4.335814,23.46
1785386360,4.691154,4.350612,23.46
1785386370,4.678687,4.338985,23.45
1785386380,4.685811,4.3432129999999995,23.46
1785386390,4.678687,4.337928,23.45
1785386400,4.682249,4.340042,23.43
1785386410,4.660877,4.321016,23.43
1785386420,4.671563,4.330529,23.45
1785386430,4.680468,4.340042,23.45
1785386440,4.689373,4.348498,23.42
1785386450,4.671563,4.330529,23.43
1785386460,4.669782,4.329472,23.43
1785386470,4.68403,4.342156,23.46
1785386480,4.671563,4.330529,23.43
1785386490,4.676906,4.336871,23.45
1785386500,4.673344,4.332643,23.46
1785386510,4.692935,4.351669,23.43
1785386520,4.68403,4.341099,23.43
1785386530,4.66622,4.325244,23.46
1785386540,4.68403,4.341099,23.48
1785386550,4.678687,4.335814,23.45
1785386560,4.68403,4.341099,23.46
1785386570,4.669782,4.327358,23.45
1785386580,4.669782,4.327358,23.43
1785386590,4.675125,4.3337,23.46
1785386600,4.669782,4.328415,23.43
1785386610,4.680468,4.338985,23.46
1785386620,4.673344,4.331586,23.45
1785386630,4.675125,4.3337,23.46
1785386640,4.66622,4.325244,23.46
1785386650,4.675125,4.332643,23.45
1785386660,4.675125,4.334757,23.46
1785386670,4.675125,4.332643,23.46
1785386680,4.664439,4.326301,23.43
1785386690,4.659096,4.319959,23.45
1785386700,4.662658,4.32313,23.46
1785386710,4.668001,4.327358,23.45
1785386720,4.673344,4.3337,23.45
1785386730,4.664439,4.324187,23.43
1785386740,4.676906,4.335814,23.45
1785386750,4.685811,4.34427,23.48
1785386760,4.675125,4.334757,23.46
1785386770,4.673344,4.332643,23.46
1785386780,4.696497,4.352726,23.45
1785386790,4.68403,4.341099,23.42
1785386800,4.68403,4.341099,23.45
1785386810,4.682249,4.338985,23.45
1785386820,4.687592,4.34427,23.43
1785386830,4.676906,4.334757,23.45
1785386840,4.685811,4.3432129999999995,23.46
1785386850,4.680468,4.337928,23.43
1785386860,4.68403,4.342156,23.46
1785386870,4.70184,4.359068,23.45
1785386880,4.682249,4.338985,23.48
1785386890,4.675125,4.3337,23.45
1785386900,4.687592,4.345327,23.45
1785386910,4.68403,4.3432129999999995,23.45
1785386920,4.680468,4.337928,23.45
1785386930,4.685811,4.3432129999999995,23.45
1785386940,4.673344,4.331586,23.46
1785386950,4.687592,4.346384,23.45
1785386960,4.680468,4.338985,23.45
1785386970,4.676906,4.334757,23.46
1785386980,4.689373,4.346384,23.45
1785386990,4.689373,4.345327,23.45
1785387000,4.680468,4.337928,23.42
1785387010,4.694716,4.351669,23.43
1785387020,4.687592,4.34427,23.45
1785387030,4.680468,4.337928,23.46
1785387040,4.668001,4.326301,23.45
1785387050,4.669782,4.328415,23.46
1785387060,4.682249,4.338985,23.48
1785387070,4.687592,4.345327,23.45
1785387080,4.685811,4.341099,23.43
1785387090,4.685811,4.34427,23.43
1785387100,4.671563,4.329472,23.41
1785387110,4.673344,4.332643,23.45
1785387120,4.66622,4.326301,23.45
1785387130,4.687592,4.345327,23.42
1785387140,4.676906,4.337928,23.45
1785387150,4.678687,4.337928,23.43
1785387160,4.676906,4.337928,23.45
1785387170,4.68403,4.34427,23.42
1785387180,4.676906,4.336871,23.45
1785387190,4.68403,4.341099,23.43
1785387200,4.66622,4.327358,23.43
1785387210,4.675125,4.332643,23.45
1785387220,4.68403,4.341099,23.42
1785387230,4.675125,4.3337,23.43
1785387240,4.660877,4.317845,23.42
1785387250,4.668001,4.328415,23.48
1785387260,4.682249,4.340042,23.43
1785387270,4.668001,4.326301,23.42
1785387280,4.662658,4.322073,23.45
1785387290,4.664439,4.324187,23.43
1785387300,4.671563,4.330529,23.46
1785387310,4.676906,4.335814,23.43
1785387320,4.659096,4.319959,23.46
1785387330,4.668001,4.327358,23.45
1785387340,4.659096,4.319959,23.43
1785387350,4.644848,4.306218,23.45
1785387360,4.653753,4.313617,23.46
1785387370,4.669782,4.329472,23.46
1785387380,4.687592,4.34427,23.45
1785387390,4.692935,4.350612,23.46
1785387400,4.673344,4.332643,23.45
1785387410,4.669782,4.329472,23.45
1785387420,4.68403,4.34427,23.46
1785387430,4.691154,4.348498,23.46
1785387440,4.668001,4.329472,23.45
1785387450,4.673344,4.3337,23.46
1785387460,4.689373,4.349555,23.45
1785387470,4.687592,4.346384,23.45
1785387480,4.685811,4.345327,23.45
1785387490,4.678687,4.337928,23.45
1785387500,4.671563,4.331586,23.45
1785387510,4.676906,4.337928,23.43
1785387520,4.691154,4.350612,23.46
1785387530,4.68403,4.342156,23.45
1785387540,4.682249,4.340042,23.46
1785387550,4.687592,4.346384,23.45
1785387560,4.694716,4.352726,23.43
1785387570,4.68403,4.342156,23.43
1785387580,4.682249,4.340042,23.45
1785387590,4.669782,4.329472,23.45
1785387600,4.671563,4.331586,23.42
1785387610,4.671563,4.330529,23.43
1785387620,4.687592,4.34427,23.45
1785387630,4.682249,4.341099,23.43
1785387640,4.687592,4.346384,23.45
1785387650,4.68403,4.3432129999999995,23.43
1785387660,4.691154,4.348498,23.46
1785387670,4.675125,4.3337,23.43
1785387680,4.687592,4.346384,23.43
1785387690,4.66622,4.328415,23.45
1785387700,4.675125,4.335814,23.45
1785387710,4.682249,4.341099,23.43
1785387720,4.678687,4.338985,23.45
1785387730,4.678687,4.338985,23.42
1785387740,4.687592,4.347441,23.42
1785387750,4.675125,4.335814,23.43
1785387760,4.682249,4.342156,23.45
1785387770,4.682249,4.341099,23.45
1785387780,4.675125,4.334757,23.43
1785387790,4.671563,4.334757,23.42
1785387800,4.66622,4.329472,23.45
1785387810,4.641286,4.306218,23.43
1785387820,4.703621,4.36541,23.43
1785387830,4.671563,4.335814,23.45
1785387840,4.668001,4.329472,23.45
1785387850,4.671563,4.3337,23.45
1785387860,4.662658,4.324187,23.46
1785387870,4.675125,4.335814,23.45
1785387880,4.680468,4.342156,23.45
1785387890,4.68403,4.345327,23.43
1785387900,4.68403,4.34427,23.45
1785387910,4.687592,4.348498,23.45
1785387920,4.691154,4.352726,23.45
1785387930,4.676906,4.338985,23.43
1785387940,4.676906,4.336871,23.45
1785387950,4.68403,4.34427,23.46
1785387960,4.689373,4.348498,23.43
1785387970,4.682249,4.34427,23.48
1785387980,4.708964,4.368581,23.46
1785387990,4.689373,4.347441,23.45
1785388000,4.68403,4.3432129999999995,23.46
1785388010,4.694716,4.35484,23.48
1785388020,4.662658,4.325244,23.46
1785388030,4.685811,4.347441,23.46
1785388040,4.692935,4.353783,23.46
1785388050,4.685811,4.346384,23.45
1785388060,4.698278,4.356954,23.43
1785388070,4.680468,4.340042,23.48
1785388080,4.680468,4.342156,23.46
1785388090,4.678687,4.342156,23.46
1785388100,4.685811,4.348498,23.5
1785388110,4.675125,4.335814,23.48
1785388120,4.68403,4.346384,23.45
1785388130,4.694716,4.355897,23.49
1785388140,4.685811,4.348498,23.43
1785388150,4.689373,4.350612,23.48
1785388160,4.691154,4.350612,23.48
1785388170,4.691154,4.353783,23.46
1785388180,4.68403,4.34427,23.45
1785388190,4.678687,4.338985,23.46
1785388200,4.676906,4.336871,23.43
1785388210,4.675125,4.3337,23.43
1785388220,4.678687,4.336871,23.43
1785388230,4.660877,4.319959,23.45
1785388240,4.680468,4.337928,23.45
1785388250,4.662658,4.321016,23.45
1785388260,4.678687,4.338985,23.43
1785388270,4.653753,4.314674,23.45
1785388280,4.678687,4.337928,23.45
1785388290,4.675125,4.3337,23.46
1785388300,4.668001,4.327358,23.46
1785388310,4.668001,4.327358,23.46
1785388320,4.657315,4.317845,23.48
1785388330,4.664439,4.326301,23.46
1785388340,4.651972,4.314674,23.45
1785388350,4.669782,4.330529,23.45
1785388360,4.651972,4.31256,23.46
1785388370,4.657315,4.318902,23.46
1785388380,4.650191,4.311503,23.48
1785388390,4.66622,4.326301,23.45
1785388400,4.660877,4.321016,23.45
1785388410,4.655534,4.316788,23.45
1785388420,4.651972,4.31256,23.43
1785388430,4.669782,4.328415,23.46
1785388440,4.659096,4.318902,23.48
1785388450,4.668001,4.324187,23.46
1785388460,4.650191,4.309389,23.45
1785388470,4.659096,4.318902,23.45
1785388480,4.664439,4.324187,23.45
1785388490,4.651972,4.311503,23.45
1785388500,4.655534,4.316788,23.43
1785388510,4.664439,4.324187,23.46
1785388520,4.669782,4.327358,23.45
1785388530,4.662658,4.32313,23.45
1785388540,4.657315,4.316788,23.43
1785388550,4.671563,4.332643,23.43
1785388560,4.673344,4.334757,23.45
1785388570,4.673344,4.3337,23.42
1785388580,4.675125,4.3337,23.45
1785388590,4.676906,4.334757,23.45
1785388600,4.671563,4.329472,23.45
1785388610,4.675125,4.334757,23.46
1785388620,4.671563,4.332643,23.43
1785388630,4.676906,4.341099,23.42
1785388640,4.66622,4.329472,23.43
1785388650,4.660877,4.32313,23.43
1785388660,4.655534,4.316788,23.48
1785388670,4.664439,4.324187,23.46
1785388680,4.66622,4.325244,23.43
1785388690,4.66622,4.325244,23.43
1785388700,4.664439,4.324187,23.43
1785388710,4.675125,4.332643,23.43
1785388720,4.680468,4.340042,23.43
1785388730,4.66622,4.324187,23.41
1785388740,4.657315,4.316788,23.43
1785388750,4.678687,4.336871,23.43
1785388760,4.660877,4.321016,23.45
1785388770,4.660877,4.322073,23.46
1785388780,4.659096,4.316788,23.45
1785388790,4.651972,4.310446,23.45
1785388800,4.66622,4.324187,23.46
1785388810,4.662658,4.319959,23.46
1785388820,4.664439,4.32313,23.45
1785388830,4.671563,4.329472,23.45
1785388840,4.657315,4.316788,23.45
1785388850,4.651972,4.31256,23.42
1785388860,4.651972,4.313617,23.46
1785388870,4.676906,4.336871,23.46
1785388880,4.657315,4.316788,23.45
1785388890,4.653753,4.313617,23.45
1785388900,4.668001,4.326301,23.46
1785388910,4.673344,4.330529,23.45
1785388920,4.68403,4.340042,23.43
1785388930,4.668001,4.324187,23.43
1785388940,4.66622,4.326301,23.43
1785388950,4.675125,4.3337,23.45
1785388960,4.653753,4.31256,23.43
1785388970,4.671563,4.331586,23.42
1785388980,4.643067,4.305161,23.41
1785388990,4.651972,4.315731,23.41
1785389000,4.657315,4.319959,23.42
1785389010,4.668001,4.326301,23.43
1785389020,4.651972,4.314674,23.43
1785389030,4.664439,4.327358,23.43
1785389040,4.671563,4.330529,23.42
1785389050,4.66622,4.326301,23.42
1785389060,4.671563,4.331586,23.43
1785389070,4.657315,4.316788,23.41
1785389080,4.662658,4.321016,23.42
1785389090,4.664439,4.322073,23.41
1785389100,4.680468,4.338985,23.42
1785389110,4.671563,4.328415,23.41
1785389120,4.655534,4.315731,23.42
1785389130,4.668001,4.328415,23.42
1785389140,4.650191,4.313617,23.39
1785389150,4.662658,4.325244,23.42
1785389160,4.657315,4.318902,23.42
1785389170,4.66622,4.326301,23.41
1785389180,4.659096,4.318902,23.42
1785389190,4.669782,4.328415,23.43
1785389200,4.64841,4.310446,23.42
1785389210,4.660877,4.319959,23.42
1785389220,4.662658,4.321016,23.42
1785389230,4.664439,4.324187,23.42
1785389240,4.668001,4.326301,23.41
1785389250,4.660877,4.318902,23.42
1785389260,4.659096,4.317845,23.39
1785389270,4.675125,4.3337,23.42
1785389280,4.660877,4.318902,23.41
1785389290,4.662658,4.322073,23.42
1785389300,4.668001,4.326301,23.42
1785389310,4.653753,4.313617,23.43
1785389320,4.664439,4.322073,23.43
1785389330,4.668001,4.325244,23.43
1785389340,4.653753,4.31256,23.43
1785389350,4.657315,4.315731,23.42
1785389360,4.6306,4.29142,23.41
1785389370,4.675125,4.331586,23.43
1785389380,4.651972,4.310446,23.45
1785389390,4.644848,4.304104,23.43
1785389400,4.653753,4.310446,23.43
1785389410,4.655534,4.313617,23.46
1785389420,4.641286,4.299876,23.42
1785389430,4.659096,4.316788,23.43
1785389440,4.655534,4.31256,23.43
1785389450,4.635943,4.294591,23.45
1785389460,4.650191,4.308332,23.45
1785389470,4.655534,4.31256,23.45
1785389480,4.639505,4.297762,23.46
1785389490,4.64841,4.305161,23.45
1785389500,4.64841,4.306218,23.46
1785389510,4.659096,4.315731,23.46
1785389520,4.669782,4.327358,23.46
1785389530,4.657315,4.315731,23.46
1785389540,4.644848,4.305161,23.45
1785389550,4.650191,4.310446,23.46
1785389560,4.651972,4.31256,23.45
1785389570,4.66622,4.324187,23.48
1785389580,4.657315,4.316788,23.45
1785389590,4.655534,4.315731,23.46
1785389600,4.659096,4.317845,23.46
1785389610,4.66622,4.325244,23.46
1785389620,4.651972,4.315731,23.43
1785389630,4.651972,4.315731,23.43
1785389640,4.668001,4.330529,23.46
1785389650,4.651972,4.315731,23.45
1785389660,4.64841,4.31256,23.43
1785389670,4.651972,4.314674,23.45
1785389680,4.655534,4.316788,23.42
1785389690,4.653753,4.311503,23.43
1785389700,4.655534,4.314674,23.43
1785389710,4.64841,4.309389,23.42
1785389720,4.646629,4.307275,23.42
1785389730,4.660877,4.321016,23.43
1785389740,4.662658,4.322073,23.42
1785389750,4.66622,4.326301,23.42
1785389760,4.66622,4.327358,23.42
1785389770,4.660877,4.324187,23.42
1785389780,4.668001,4.329472,23.43
1785389790,4.643067,4.306218,23.42
1785389800,4.651972,4.315731,23.43
1785389810,4.662658,4.322073,23.43
1785389820,4.662658,4.32313,23.43
1785389830,4.66622,4.325244,23.45
1785389840,4.675125,4.332643,23.46
1785389850,4.66622,4.32313,23.42
1785389860,4.651972,4.310446,23.46
1785389870,4.660877,4.318902,23.46
1785389880,4.643067,4.303047,23.46
1785389890,4.653753,4.311503,23.45
1785389900,4.669782,4.325244,23.45
1785389910,4.653753,4.311503,23.43
1785389920,4.646629,4.307275,23.46
1785389930,4.637724,4.297762,23.45
1785389940,4.643067,4.303047,23.45
1785389950,4.662658,4.321016,23.43
1785389960,4.659096,4.316788,23.45
1785389970,4.64841,4.307275,23.46
1785389980,4.643067,4.30199,23.46
1785389990,4.651972,4.311503,23.48
1785390000,4.632381,4.295648,23.46
1785390010,4.634162,4.297762,23.45
1785390020,4.650191,4.310446,23.45
1785390030,4.653753,4.31256,23.45
1785390040,4.64841,4.307275,23.45
1785390050,4.637724,4.300933,23.48
1785390060,4.655534,4.315731,23.46
1785390070,4.657315,4.316788,23.45
1785390080,4.66622,4.327358,23.46
1785390090,4.650191,4.311503,23.46
1785390100,4.637724,4.297762,23.45
1785390110,4.64841,4.308332,23.43
1785390120,4.653753,4.31256,23.45
1785390130,4.653753,4.31256,23.46
1785390140,4.643067,4.300933,23.45
1785390150,4.641286,4.299876,23.45
1785390160,4.646629,4.305161,23.43
1785390170,4.66622,4.32313,23.43
1785390180,4.641286,4.300933,23.42
1785390190,4.639505,4.298819,23.42
1785390200,4.639505,4.298819,23.43
1785390210,4.66622,4.322073,23.43
1785390220,4.64841,4.307275,23.45
1785390230,4.653753,4.31256,23.43
1785390240,4.664439,4.322073,23.43
1785390250,4.650191,4.307275,23.45
1785390260,4.632381,4.29142,23.46
1785390270,4.646629,4.305161,23.45
1785390280,4.635943,4.296705,23.45
1785390290,4.650191,4.310446,23.43
1785390300,4.637724,4.296705,23.46
1785390310,4.668001,4.324187,23.43
1785390320,4.653753,4.309389,23.43
1785390330,4.668001,4.32313,23.43
1785390340,4.637724,4.296705,23.46
1785390350,4.64841,4.307275,23.46
1785390360,4.644848,4.304104,23.45
1785390370,4.64841,4.306218,23.45
1785390380,4.643067,4.30199,23.43
1785390390,4.655534,4.31256,23.45
1785390400,4.655534,4.31256,23.46
1785390410,4.653753,4.309389,23.43
1785390420,4.651972,4.308332,23.43
1785390430,4.662658,4.319959,23.45
1785390440,4.660877,4.318902,23.45
1785390450,4.657315,4.314674,23.42
1785390460,4.660877,4.319959,23.43
1785390470,4.644848,4.307275,23.42
1785390480,4.653753,4.314674,23.43
1785390490,4.644848,4.305161,23.43
1785390500,4.655534,4.314674,23.43
1785390510,4.639505,4.299876,23.43
1785390520,4.64841,4.308332,23.43
1785390530,4.641286,4.303047,23.43
1785390540,4.634162,4.295648,23.43
1785390550,4.634162,4.296705,23.43
1785390560,4.643067,4.306218,23.43
1785390570,4.644848,4.307275,23.42
1785390580,4.643067,4.304104,23.45
1785390590,4.643067,4.304104,23.43
1785390600,4.635943,4.298819,23.43
1785390610,4.650191,4.310446,23.43
1785390620,4.651972,4.311503,23.42
1785390630,4.651972,4.31256,23.43
1785390640,4.646629,4.305161,23.42
1785390650,4.657315,4.314674,23.42
1785390660,4.646629,4.306218,23.42
1785390670,4.641286,4.30199,23.41
1785390680,4.659096,4.316788,23.41
1785390690,4.66622,4.32313,23.43
1785390700,4.64841,4.306218,23.43
1785390710,4.655534,4.31256,23.42
1785390720,4.66622,4.319959,23.42
1785390730,4.668001,4.322073,23.42
1785390740,4.664439,4.318902,23.42
1785390750,4.650191,4.306218,23.42
1785390760,4.668001,4.322073,23.42
1785390770,4.660877,4.315731,23.42
1785390780,4.651972,4.308332,23.41
1785390790,4.639505,4.296705,23.41
1785390800,4.662658,4.319959,23.36
1785390810,4.644848,4.30199,23.39
1785390820,4.651972,4.310446,23.39
1785390830,4.659096,4.317845,23.41
1785390840,4.651972,4.31256,23.39
1785390850,4.668001,4.326301,23.39
1785390860,4.655534,4.314674,23.39
1785390870,4.655534,4.314674,23.41
1785390880,4.653753,4.313617,23.41
1785390890,4.655534,4.31256,23.43
1785390900,4.650191,4.310446,23.41
1785390910,4.64841,4.310446,23.41
1785390920,4.64841,4.31256,23.41
1785390930,4.641286,4.306218,23.39
1785390940,4.659096,4.322073,23.42
1785390950,4.644848,4.307275,23.41
1785390960,4.653753,4.315731,23.41
1785390970,4.646629,4.31256,23.43
1785390980,4.646629,4.310446,23.39
1785390990,4.653753,4.315731,23.42
1785391000,4.662658,4.325244,23.41
1785391010,4.646629,4.309389,23.41
1785391020,4.660877,4.32313,23.41
1785391030,4.634162,4.295648,23.39
1785391040,4.637724,4.299876,23.41
1785391050,4.659096,4.319959,23.43
1785391060,4.664439,4.324187,23.41
1785391070,4.639505,4.299876,23.41
1785391080,4.659096,4.318902,23.42
1785391090,4.646629,4.305161,23.42
1785391100,4.671563,4.331586,23.45
1785391110,4.659096,4.322073,23.42
1785391120,4.659096,4.321016,23.42
1785391130,4.657315,4.316788,23.43
1785391140,4.650191,4.311503,23.38
1785391150,4.651972,4.31256,23.39
1785391160,4.657315,4.318902,23.42
1785391170,4.653753,4.317845,23.39
1785391180,4.641286,4.305161,23.41
1785391190,4.655534,4.314674,23.42
1785391200,4.634162,4.296705,23.39
1785391210,4.64841,4.309389,23.41
1785391220,4.651972,4.310446,23.41
1785391230,4.650191,4.310446,23.39
1785391240,4.651972,4.311503,23.39
1785391250,4.64841,4.308332,23.41
1785391260,4.64841,4.308332,23.41
1785391270,4.664439,4.32313,23.42
1785391280,4.668001,4.325244,23.42
1785391290,4.64841,4.308332,23.39
1785391300,4.664439,4.325244,23.42
1785391310,4.643067,4.307275,23.41
1785391320,4.641286,4.30199,23.39
1785391330,4.644848,4.304104,23.39
1785391340,4.628819,4.289306,23.42
1785391350,4.639505,4.299876,23.42
1785391360,4.646629,4.306218,23.42
1785391370,4.637724,4.298819,23.42
1785391380,4.644848,4.303047,23.45
1785391390,4.641286,4.298819,23.43
1785391400,4.644848,4.304104,23.43
1785391410,4.651972,4.310446,23.43
1785391420,4.646629,4.305161,23.41
1785391430,4.64841,4.307275,23.43
1785391440,4.657315,4.314674,23.45
1785391450,4.637724,4.295648,23.43
1785391460,4.641286,4.303047,23.43
1785391470,4.64841,4.307275,23.43
1785391480,4.650191,4.308332,23.42
1785391490,4.643067,4.30199,23.42
1785391500,4.64841,4.308332,23.43
1785391510,4.657315,4.316788,23.43
1785391520,4.650191,4.306218,23.41
1785391530,4.657315,4.314674,23.45
1785391540,4.655534,4.31256,23.43
1785391550,4.637724,4.296705,23.43
1785391560,4.655534,4.310446,23.42
1785391570,4.650191,4.307275,23.42
1785391580,4.655534,4.31256,23.41
1785391590,4.639505,4.295648,23.42
1785391600,4.641286,4.298819,23.43
1785391610,4.641286,4.300933,23.41
1785391620,4.634162,4.293534,23.41
1785391630,4.64841,4.308332,23.42
1785391640,4.634162,4.293534,23.39
1785391650,4.646629,4.303047,23.45
1785391660,4.641286,4.296705,23.43
1785391670,4.64841,4.304104,23.43
1785391680,4.657315,4.314674,23.42
1785391690,4.657315,4.314674,23.45
1785391700,4.632381,4.290363,23.42
1785391710,4.64841,4.305161,23.43
1785391720,4.641286,4.297762,23.42
1785391730,4.632381,4.29142,23.43
1785391740,4.635943,4.294591,23.42
1785391750,4.64841,4.305161,23.43
1785391760,4.641286,4.299876,23.43
1785391770,4.659096,4.317845,23.42
1785391780,4.64841,4.310446,23.42
1785391790,4.635943,4.294591,23.45
1785391800,4.644848,4.30199,23.43
1785391810,4.639505,4.297762,23.43
1785391820,4.641286,4.30199,23.43
1785391830,4.643067,4.305161,23.42
1785391840,4.643067,4.305161,23.41
1785391850,4.634162,4.293534,23.41
1785391860,4.627038,4.288249,23.42
1785391870,4.641286,4.303047,23.43
1785391880,4.632381,4.295648,23.42
1785391890,4.634162,4.299876,23.42
1785391900,4.614571,4.285078,23.43
1785391910,4.625257,4.296705,23.41
1785391920,4.623476,4.294591,23.43
1785391930,4.621695,4.29142,23.42
1785391940,4.632381,4.303047,23.45
1785391950,4.6306,4.298819,23.43
1785391960,4.625257,4.295648,23.43
1785391970,4.625257,4.299876,23.43
1785391980,4.603885,4.279793,23.43
1785391990,4.621695,4.294591,23.45
1785392000,4.609228,4.284021,23.43
1785392010,4.616352,4.293534,23.41
1785392020,4.596761,4.276622,23.41
1785392030,4.614571,4.293534,23.42
1785392040,4.6199140000000005,4.296705,23.42
1785392050,4.621695,4.296705,23.43
1785392060,4.614571,4.288249,23.43
1785392070,4.618133,4.288249,23.43
1785392080,4.621695,4.296705,23.42
1785392090,4.6199140000000005,4.296705,23.43
1785392100,4.621695,4.296705,23.43
1785392110,4.614571,4.288249,23.42
1785392120,4.584294,4.266052,23.43
1785392130,4.616352,4.292477,23.42
1785392140,4.6199140000000005,4.293534,23.43
1785392150,4.614571,4.287192,23.43
1785392160,4.600323,4.275565,23.43
1785392170,4.616352,4.288249,23.43
1785392180,4.635943,4.308332,23.42
1785392190,4.616352,4.29142,23.41
1785392200,4.5949800000000005,4.269223,23.42
1785392210,4.611009,4.286135,23.41
1785392220,4.618133,4.292477,23.43
1785392230,4.618133,4.293534,23.43
1785392240,4.632381,4.306218,23.45
1785392250,4.614571,4.288249,23.43
1785392260,4.635943,4.308332,23.42
1785392270,4.6199140000000005,4.296705,23.43
1785392280,4.611009,4.289306,23.45
1785392290,4.609228,4.290363,23.46
1785392300,4.605666,4.286135,23.42
1785392310,4.600323,4.28085,23.45
1785392320,4.625257,4.303047,23.43
1785392330,4.6074470000000005,4.288249,23.42
1785392340,4.61279,4.29142,23.42
1785392350,4.616352,4.296705,23.45
1785392360,4.6074470000000005,4.290363,23.43
1785392370,4.616352,4.297762,23.42
1785392380,4.61279,4.296705,23.41
1785392390,4.618133,4.300933,23.41
1785392400,4.611009,4.292477,23.41
1785392410,4.61279,4.294591,23.41
1785392420,4.623476,4.307275,23.41
1785392430,4.611009,4.292477,23.42
1785392440,4.61279,4.295648,23.42
1785392450,4.6199140000000005,4.30199,23.41
1785392460,4.614571,4.299876,23.41
1785392470,4.616352,4.304104,23.41
1785392480,4.618133,4.305161,23.42
1785392490,4.605666,4.29142,23.41
1785392500,4.605666,4.289306,23.41
1785392510,4.616352,4.299876,23.42
1785392520,4.614571,4.298819,23.42
1785392530,4.621695,4.303047,23.39
1785392540,4.6199140000000005,4.30199,23.39
1785392550,4.618133,4.297762,23.41
1785392560,4.618133,4.298819,23.42
1785392570,4.6306,4.310446,23.41
1785392580,4.632381,4.313617,23.41
1785392590,4.616352,4.297762,23.42
1785392600,4.634162,4.314674,23.42
1785392610,4.625257,4.309389,23.42
1785392620,4.635943,4.317845,23.39
1785392630,4.623476,4.304104,23.42
1785392640,4.6199140000000005,4.300933,23.42
1785392650,4.6306,4.313617,23.38
1785392660,4.644848,4.327358,23.41
1785392670,4.637724,4.317845,23.36
1785392680,4.635943,4.318902,23.39
1785392690,4.627038,4.308332,23.39
1785392700,4.616352,4.300933,23.42
1785392710,4.6199140000000005,4.30199,23.43
1785392720,4.621695,4.306218,23.41
1785392730,4.6306,4.314674,23.42
1785392740,4.614571,4.299876,23.39
1785392750,4.614571,4.296705,23.42
1785392760,4.611009,4.293534,23.42
1785392770,4.621695,4.305161,23.41
1785392780,4.6074470000000005,4.292477,23.43
1785392790,4.616352,4.299876,23.39
1785392800,4.627038,4.307275,23.42
1785392810,4.6199140000000005,4.30199,23.41
1785392820,4.6199140000000005,4.304104,23.41
1785392830,4.6199140000000005,4.304104,23.43
1785392840,4.6306,4.314674,23.41
1785392850,4.61279,4.297762,23.42
1785392860,4.623476,4.308332,23.43
1785392870,4.6199140000000005,4.304104,23.42
1785392880,4.625257,4.308332,23.42
1785392890,4.623476,4.309389,23.43
1785392900,4.6199140000000005,4.307275,23.45
1785392910,4.618133,4.306218,23.42
1785392920,4.61279,4.299876,23.41
1785392930,4.6199140000000005,4.305161,23.42
1785392940,4.609228,4.295648,23.42
1785392950,4.616352,4.30199,23.41
1785392960,4.609228,4.294591,23.42
1785392970,4.616352,4.299876,23.42
1785392980,4.623476,4.307275,23.43
1785392990,4.634162,4.315731,23.41
1785393000,4.627038,4.310446,23.41
1785393010,4.623476,4.304104,23.42
1785393020,4.603885,4.287192,23.42
1785393030,4.627038,4.309389,23.41
1785393040,4.635943,4.316788,23.42
1785393050,4.611009,4.294591,23.42
1785393060,4.605666,4.290363,23.41
1785393070,4.634162,4.315731,23.42
1785393080,4.6306,4.316788,23.42
1785393090,4.618133,4.304104,23.42
1785393100,4.616352,4.300933,23.42
1785393110,4.618133,4.303047,23.45
1785393120,4.6199140000000005,4.303047,23.42
1785393130,4.616352,4.30199,23.41
1785393140,4.6199140000000005,4.303047,23.43
1785393150,4.618133,4.30199,23.43
1785393160,4.616352,4.300933,23.43
1785393170,4.614571,4.298819,23.45
1785393180,4.623476,4.306218,23.43
1785393190,4.635943,4.317845,23.43
1785393200,4.616352,4.298819,23.45
1785393210,4.618133,4.30199,23.45
1785393220,4.623476,4.305161,23.43
1785393230,4.623476,4.305161,23.45
1785393240,4.634162,4.313617,23.43
1785393250,4.628819,4.310446,23.41
1785393260,4.637724,4.321016,23.43
1785393270,4.628819,4.313617,23.42
1785393280,4.6199140000000005,4.305161,23.45
1785393290,4.600323,4.287192,23.42
1785393300,4.61279,4.297762,23.42
1785393310,4.623476,4.310446,23.43
1785393320,4.621695,4.309389,23.43
1785393330,4.623476,4.309389,23.43
1785393340,4.632381,4.316788,23.41
1785393350,4.627038,4.314674,23.43
1785393360,4.621695,4.310446,23.42
1785393370,4.623476,4.310446,23.45
1785393380,4.623476,4.309389,23.45
1785393390,4.625257,4.313617,23.42
1785393400,4.635943,4.321016,23.42
1785393410,4.637724,4.322073,23.41
1785393420,4.625257,4.310446,23.42
1785393430,4.628819,4.314674,23.43
1785393440,4.616352,4.300933,23.42
1785393450,4.627038,4.311503,23.43
1785393460,4.639505,4.322073,23.41
1785393470,4.632381,4.313617,23.41
1785393480,4.628819,4.309389,23.42
1785393490,4.637724,4.317845,23.42
1785393500,4.637724,4.317845,23.42
1785393510,4.635943,4.318902,23.42
1785393520,4.641286,4.322073,23.39
1785393530,4.6306,4.316788,23.39
1785393540,4.6306,4.315731,23.39
1785393550,4.646629,4.332643,23.42
1785393560,4.6306,4.317845,23.41
1785393570,4.643067,4.326301,23.41
1785393580,4.639505,4.319959,23.41
1785393590,4.643067,4.322073,23.39
1785393600,4.643067,4.322073,23.42
1785393610,4.650191,4.330529,23.42
1785393620,4.639505,4.322073,23.42
1785393630,4.64841,4.326301,23.42
1785393640,4.650191,4.329472,23.41
1785393650,4.660877,4.335814,23.39
1785393660,4.644848,4.322073,23.42
1785393670,4.650191,4.326301,23.42
1785393680,4.655534,4.330529,23.42
1785393690,4.6306,4.309389,23.41
1785393700,4.621695,4.305161,23.43
1785393710,4.660877,4.341099,23.42
1785393720,4.634162,4.315731,23.42
1785393730,4.641286,4.318902,23.41
1785393740,4.64841,4.324187,23.42
1785393750,4.650191,4.326301,23.42
1785393760,4.635943,4.313617,23.42
1785393770,4.655534,4.332643,23.41
1785393780,4.632381,4.311503,23.42
1785393790,4.641286,4.322073,23.41
1785393800,4.634162,4.314674,23.41
1785393810,4.637724,4.319959,23.42
1785393820,4.627038,4.310446,23.42
1785393830,4.628819,4.314674,23.42
1785393840,4.650191,4.331586,23.41
1785393850,4.659096,4.337928,23.41
1785393860,4.641286,4.319959,23.41
1785393870,4.651972,4.328415,23.42
1785393880,4.643067,4.318902,23.42
1785393890,4.643067,4.318902,23.42
1785393900,4.659096,4.3337,23.41
1785393910,4.627038,4.304104,23.42
1785393920,4.64841,4.326301,23.41
1785393930,4.653753,4.331586,23.38
1785393940,4.651972,4.330529,23.39
1785393950,4.650191,4.329472,23.39
1785393960,4.655534,4.3337,23.39
1785393970,4.643067,4.321016,23.39
1785393980,4.651972,4.330529,23.36
1785393990,4.653753,4.3337,23.38
1785394000,4.64841,4.327358,23.41
1785394010,4.653753,4.330529,23.41
1785394020,4.650191,4.327358,23.41
1785394030,4.639505,4.319959,23.41
1785394040,4.659096,4.337928,23.41
1785394050,4.643067,4.32313,23.41
1785394060,4.657315,4.334757,23.42
1785394070,4.64841,4.329472,23.41
1785394080,4.643067,4.32313,23.39
1785394090,4.644848,4.32313,23.38
1785394100,4.641286,4.316788,23.38
1785394110,4.639505,4.315731,23.39
1785394120,4.632381,4.313617,23.42
1785394130,4.635943,4.31256,23.39
1785394140,4.651972,4.325244,23.41
1785394150,4.657315,4.328415,23.39
1785394160,4.655534,4.328415,23.41
1785394170,4.659096,4.330529,23.38
1785394180,4.660877,4.331586,23.38
1785394190,4.655534,4.328415,23.39
1785394200,4.644848,4.317845,23.41
1785394210,4.627038,4.30199,23.38
1785394220,4.639505,4.313617,23.35
1785394230,4.660877,4.334757,23.36
1785394240,4.646629,4.319959,23.38
1785394250,4.671563,4.34427,23.39
1785394260,4.673344,4.345327,23.41
1785394270,4.650191,4.324187,23.39
1785394280,4.659096,4.334757,23.38
1785394290,4.657315,4.332643,23.36
1785394300,4.650191,4.325244,23.36
1785394310,4.673344,4.346384,23.36
1785394320,4.650191,4.32313,23.35
1785394330,4.64841,4.321016,23.36
1785394340,4.66622,4.337928,23.35
1785394350,4.657315,4.330529,23.38
1785394360,4.659096,4.330529,23.38
1785394370,4.646629,4.316788,23.36
1785394380,4.660877,4.334757,23.39
1785394390,4.659096,4.3337,23.38
1785394400,4.64841,4.32313,23.39
1785394410,4.664439,4.337928,23.38
1785394420,4.650191,4.326301,23.41
1785394430,4.651972,4.328415,23.41
1785394440,4.659096,4.3337,23.38
1785394450,4.644848,4.321016,23.38
1785394460,4.66622,4.341099,23.39
1785394470,4.641286,4.319959,23.35
1785394480,4.651972,4.328415,23.38
1785394490,4.653753,4.328415,23.35
1785394500,4.659096,4.331586,23.38
1785394510,4.657315,4.329472,23.38
1785394520,4.675125,4.347441,23.36
1785394530,4.668001,4.342156,23.38
1785394540,4.659096,4.332643,23.39
1785394550,4.662658,4.340042,23.39
1785394560,4.653753,4.332643,23.36
1785394570,4.668001,4.342156,23.38
1785394580,4.685811,4.355897,23.38
1785394590,4.669782,4.341099,23.39
1785394600,4.655534,4.330529,23.38
1785394610,4.668001,4.342156,23.39
1785394620,4.651972,4.328415,23.38
1785394630,4.660877,4.335814,23.39
1785394640,4.650191,4.326301,23.39
1785394650,4.659096,4.335814,23.41
1785394660,4.653753,4.329472,23.39
1785394670,4.669782,4.34427,23.41
1785394680,4.662658,4.335814,23.39
1785394690,4.668001,4.340042,23.39
1785394700,4.678687,4.350612,23.39
1785394710,4.680468,4.352726,23.38
1785394720,4.671563,4.345327,23.36
1785394730,4.66622,4.337928,23.38
1785394740,4.639505,4.313617,23.38
1785394750,4.664439,4.337928,23.38
1785394760,4.657315,4.331586,23.36
1785394770,4.669782,4.3432129999999995,23.38
1785394780,4.650191,4.321016,23.36
1785394790,4.659096,4.328415,23.36
1785394800,4.668001,4.338985,23.38
1785394810,4.660877,4.332643,23.38
1785394820,4.671563,4.345327,23.35
1785394830,4.657315,4.331586,23.36
1785394840,4.664439,4.335814,23.38
1785394850,4.669782,4.341099,23.38
1785394860,4.671563,4.340042,23.36
1785394870,4.68403,4.350612,23.36
1785394880,4.673344,4.341099,23.35
1785394890,4.671563,4.338985,23.36
1785394900,4.682249,4.350612,23.35
1785394910,4.664439,4.338985,23.35
1785394920,4.678687,4.353783,23.35
1785394930,4.682249,4.359068,23.33
1785394940,4.662658,4.340042,23.38
1785394950,4.664439,4.338985,23.36
1785394960,4.678687,4.35484,23.36
1785394970,4.66622,4.342156,23.35
1785394980,4.675125,4.352726,23.35
1785394990,4.696497,4.372809,23.35
1785395000,4.682249,4.364353,23.36
1785395010,4.675125,4.35484,23.36
1785395020,4.662658,4.34427,23.38
1785395030,4.662658,4.347441,23.36
1785395040,4.662658,4.350612,23.36
1785395050,4.66622,4.35484,23.39
1785395060,4.650191,4.340042,23.35
1785395070,4.671563,4.359068,23.35
1785395080,4.655534,4.3432129999999995,23.35
1785395090,4.676906,4.361182,23.38
1785395100,4.662658,4.352726,23.33
1785395110,4.655534,4.351669,23.36
1785395120,4.651972,4.351669,23.38
1785395130,4.662658,4.356954,23.33
1785395140,4.66622,4.359068,23.35
1785395150,4.673344,4.367524,23.32
1785395160,4.664439,4.355897,23.33
1785395170,4.676906,4.3706949999999996,23.33
1785395180,4.689373,4.381265,23.32
1785395190,4.66622,4.362239,23.36
1785395200,4.66622,4.364353,23.33
1785395210,4.669782,4.367524,23.35
1785395220,4.676906,4.371752,23.35
1785395230,4.675125,4.369638,23.35
1785395240,4.650191,4.346384,23.33
1785395250,4.660877,4.358011,23.36
1785395260,4.664439,4.361182,23.32
1785395270,4.653753,4.352726,23.35
1785395280,4.668001,4.364353,23.33
1785395290,4.662658,4.358011,23.35
1785395300,4.662658,4.356954,23.35
1785395310,4.662658,4.361182,23.32
1785395320,4.657315,4.361182,23.33
1785395330,4.653753,4.356954,23.35
1785395340,4.650191,4.356954,23.35
1785395350,4.657315,4.363296,23.33
1785395360,4.657315,4.363296,23.33
1785395370,4.664439,4.368581,23.35
1785395380,4.660877,4.368581,23.33
1785395390,4.664439,4.3706949999999996,23.35
1785395400,4.664439,4.369638,23.32
1785395410,4.655534,4.363296,23.33
1785395420,4.655534,4.362239,23.3
1785395430,4.659096,4.369638,23.33
1785395440,4.669782,4.37598,23.32
1785395450,4.657315,4.360125,23.32
1785395460,4.662658,4.368581,23.32
1785395470,4.657315,4.362239,23.33
1785395480,4.680468,4.383379,23.3
1785395490,4.660877,4.364353,23.33
1785395500,4.668001,4.372809,23.3
1785395510,4.662658,4.367524,23.3
1785395520,4.669782,4.374923,23.3
1785395530,4.659096,4.364353,23.32
1785395540,4.671563,4.374923,23.29
1785395550,4.664439,4.366467,23.32
1785395560,4.66622,4.369638,23.3
1785395570,4.662658,4.366467,23.3
1785395580,4.653753,4.358011,23.32
1785395590,4.675125,4.377037,23.33
1785395600,4.668001,4.368581,23.32
1785395610,4.676906,4.37598,23.3
1785395620,4.680468,4.37598,23.3
1785395630,4.682249,4.379151,23.33
1785395640,4.675125,4.372809,23.32
1785395650,4.675125,4.368581,23.3
1785395660,4.675125,4.371752,23.32
1785395670,4.692935,4.382322,23.3
1785395680,4.659096,4.353783,23.3
1785395690,4.669782,4.363296,23.33
1785395700,4.662658,4.360125,23.33
1785395710,4.682249,4.374923,23.33
1785395720,4.671563,4.364353,23.32
1785395730,4.671563,4.361182,23.3
1785395740,4.675125,4.363296,23.32
1785395750,4.676906,4.364353,23.3
1785395760,4.676906,4.366467,23.3
1785395770,4.651972,4.342156,23.33
1785395780,4.68403,4.37598,23.32
1785395790,4.689373,4.382322,23.32
1785395800,4.653753,4.348498,23.32
1785395810,4.68403,4.377037,23.3
1785395820,4.675125,4.367524,23.3
1785395830,4.682249,4.377037,23.3
1785395840,4.680468,4.378094,23.28
1785395850,4.671563,4.367524,23.26
1785395860,4.66622,4.361182,23.29
1785395870,4.66622,4.361182,23.29
1785395880,4.678687,4.37598,23.3
1785395890,4.662658,4.363296,23.29
1785395900,4.673344,4.372809,23.29
1785395910,4.662658,4.364353,23.3
1785395920,4.675125,4.373866,23.29
1785395930,4.669782,4.369638,23.3
1785395940,4.644848,4.347441,23.3
1785395950,4.675125,4.372809,23.29
1785395960,4.66622,4.363296,23.3
1785395970,4.691154,4.384436,23.32
1785395980,4.673344,4.366467,23.3
1785395990,4.682249,4.37598,23.3
1785396000,4.659096,4.355897,23.3
1785396010,4.660877,4.361182,23.3
1785396020,4.655534,4.35484,23.3
1785396030,4.671563,4.372809,23.29
1785396040,4.664439,4.36541,23.29
1785396050,4.650191,4.353783,23.3
1785396060,4.676906,4.377037,23.29
1785396070,4.657315,4.360125,23.28
1785396080,4.660877,4.361182,23.29
1785396090,4.676906,4.373866,23.3
1785396100,4.66622,4.363296,23.29
1785396110,4.664439,4.367524,23.3
1785396120,4.657315,4.361182,23.3
1785396130,4.651972,4.352726,23.29
1785396140,4.682249,4.382322,23.3
1785396150,4.673344,4.372809,23.3
1785396160,4.659096,4.363296,23.32
1785396170,4.671563,4.36541,23.32
1785396180,4.675125,4.367524,23.32
1785396190,4.660877,4.356954,23.32
1785396200,4.676906,4.36541,23.3
1785396210,4.680468,4.367524,23.33
1785396220,4.673344,4.359068,23.32
1785396230,4.675125,4.360125,23.32
1785396240,4.700059,4.384436,23.33
1785396250,4.676906,4.363296,23.33
1785396260,4.685811,4.371752,23.33
1785396270,4.696497,4.383379,23.3
1785396280,4.689373,4.372809,23.33
1785396290,4.68403,4.363296,23.3
1785396300,4.703621,4.379151,23.32
1785396310,4.698278,4.371752,23.33
1785396320,4.678687,4.353783,23.32
1785396330,4.692935,4.3706949999999996,23.32
1785396340,4.692935,4.369638,23.32
1785396350,4.687592,4.364353,23.32
1785396360,4.676906,4.355897,23.36
1785396370,4.664439,4.34427,23.33
1785396380,4.675125,4.352726,23.33
1785396390,4.678687,4.353783,23.35
1785396400,4.68403,4.359068,23.32
1785396410,4.687592,4.359068,23.33
1785396420,4.671563,4.34427,23.32
1785396430,4.68403,4.358011,23.35
1785396440,4.692935,4.363296,23.33
1785396450,4.676906,4.349555,23.35
1785396460,4.687592,4.355897,23.33
1785396470,4.68403,4.349555,23.3
1785396480,4.691154,4.353783,23.3
1785396490,4.676906,4.34427,23.28
1785396500,4.669782,4.336871,23.29
1785396510,4.680468,4.347441,23.3
1785396520,4.694716,4.358011,23.3
1785396530,4.696497,4.359068,23.3
1785396540,4.692935,4.358011,23.32
1785396550,4.692935,4.359068,23.32
1785396560,4.692935,4.364353,23.3
1785396570,4.689373,4.363296,23.3
1785396580,4.678687,4.355897,23.3
1785396590,4.687592,4.367524,23.33
1785396600,4.678687,4.362239,23.32
1785396610,4.68403,4.368581,23.33
1785396620,4.682249,4.367524,23.32
1785396630,4.694716,4.381265,23.32
1785396640,4.675125,4.362239,23.3
1785396650,4.651972,4.341099,23.32
1785396660,4.64841,4.335814,23.29
1785396670,4.664439,4.348498,23.33
1785396680,4.660877,4.3432129999999995,23.32
1785396690,4.676906,4.356954,23.32
1785396700,4.657315,4.341099,23.33
1785396710,4.668001,4.347441,23.3
1785396720,4.675125,4.353783,23.32
1785396730,4.671563,4.346384,23.3
1785396740,4.689373,4.361182,23.3
1785396750,4.685811,4.359068,23.29
1785396760,4.66622,4.341099,23.3
1785396770,4.653753,4.326301,23.29
1785396780,4.668001,4.338985,23.3
1785396790,4.678687,4.345327,23.3
1785396800,4.678687,4.346384,23.3
1785396810,4.671563,4.341099,23.3
1785396820,4.66622,4.335814,23.29
1785396830,4.66622,4.336871,23.32
1785396840,4.685811,4.35484,23.29
1785396850,4.651972,4.327358,23.3
1785396860,4.668001,4.342156,23.28
1785396870,4.653753,4.331586,23.26
1785396880,4.662658,4.337928,23.28
1785396890,4.644848,4.321016,23.26
1785396900,4.659096,4.3337,23.25
1785396910,4.673344,4.347441,23.26
1785396920,4.66622,4.342156,23.26
1785396930,4.671563,4.349555,23.24
1785396940,4.66622,4.3432129999999995,23.26
1785396950,4.659096,4.338985,23.28
1785396960,4.657315,4.335814,23.25
1785396970,4.662658,4.3432129999999995,23.25
1785396980,4.659096,4.34427,23.26
1785396990,4.668001,4.350612,23.25
1785397000,4.653753,4.336871,23.28
1785397010,4.660877,4.340042,23.25
1785397020,4.655534,4.334757,23.28
1785397030,4.655534,4.334757,23.28
1785397040,4.653753,4.334757,23.29
1785397050,4.643067,4.324187,23.26
1785397060,4.664439,4.345327,23.29
1785397070,4.660877,4.34427,23.28
1785397080,4.64841,4.3337,23.29
1785397090,4.625257,4.310446,23.29
1785397100,4.644848,4.328415,23.3
1785397110,4.637724,4.319959,23.3
1785397120,4.659096,4.338985,23.29
1785397130,4.64841,4.331586,23.3
1785397140,4.650191,4.330529,23.28
1785397150,4.650191,4.329472,23.29
1785397160,4.634162,4.313617,23.24
1785397170,4.64841,4.329472,23.25
1785397180,4.641286,4.326301,23.25
1785397190,4.650191,4.3337,23.26
1785397200,4.646629,4.330529,23.25
1785397210,4.657315,4.335814,23.28
1785397220,4.657315,4.336871,23.28
1785397230,4.655534,4.331586,23.28
1785397240,4.653753,4.330529,23.28
1785397250,4.660877,4.329472,23.29
1785397260,4.651972,4.321016,23.28
1785397270,4.662658,4.324187,23.25
1785397280,4.657315,4.311503,23.26
1785397330,4.705402,4.335814,23.22
1785397340,4.707183,4.335814,23.24
1785397350,4.721431,4.348498,23.25
1785397360,4.721431,4.350612,23.28
1785397370,4.723212,4.353783,23.26
1785397380,4.707183,4.338985,23.28
1785397390,4.726774,4.361182,23.26
1785397400,4.703621,4.335814,23.32
1785397410,4.707183,4.342156,23.32
1785397420,4.710745,4.341099,23.3
1785397430,4.71965,4.351669,23.33
1785397440,4.717869,4.349555,23.33
1785397450,4.723212,4.350612,23.35
1785397460,4.71965,4.345327,23.35
1785397470,4.708964,4.337928,23.35
1785397480,4.721431,4.348498,23.35
1785397490,4.705402,4.335814,23.36
1785397500,4.70184,4.3337,23.41
1785397510,4.724993,4.355897,23.41
1785397520,4.712526,4.3432129999999995,23.42
1785397530,4.692935,4.324187,23.39
1785397540,4.716088,4.345327,23.39
1785397550,4.726774,4.358011,23.41
1785397560,4.717869,4.349555,23.42
1785397570,4.707183,4.341099,23.42
1785397580,4.717869,4.351669,23.41
1785397590,4.691154,4.327358,23.42
1785397600,4.705402,4.337928,23.42
1785397610,4.707183,4.336871,23.41
1785397620,4.716088,4.346384,23.39
1785397630,4.710745,4.3432129999999995,23.38
1785397640,4.708964,4.337928,23.33
1785397650,4.687592,4.319959,23.35
1785397660,4.716088,4.34427,23.38
1785397670,4.726774,4.353783,23.39
1785397680,4.717869,4.348498,23.38
1785397690,4.705402,4.336871,23.42
1785397700,4.703621,4.3337,23.41
1785397710,4.714307,4.342156,23.43
1785397720,4.724993,4.348498,23.42
1785397730,4.710745,4.336871,23.42
1785397740,4.732117,4.356954,23.41
1785397750,4.721431,4.348498,23.38
1785397760,4.716088,4.34427,23.41
