1785423050,2.336672,3.482815,23.74
1785423060,2.33311,3.480701,23.74
1785423070,2.33311,3.472245,23.74
1785423080,2.340234,3.482815,23.76
1785423090,2.336672,3.470131,23.74
1785423100,2.343796,3.483872,23.74
1785423110,2.331329,3.464846,23.73
1785423120,2.327767,3.459561,23.74
1785423130,2.334891,3.471188,23.76
1785423140,2.336672,3.470131,23.74
1785423150,2.343796,3.483872,23.74
1785423160,2.33311,3.464846,23.77
1785423170,2.340234,3.472245,23.77
1785423180,2.338453,3.471188,23.77
1785423190,2.33311,3.460618,23.79
1785423200,2.329548,3.454276,23.77
1785423210,2.340234,3.462732,23.79
1785423220,2.343796,3.472245,23.79
1785423230,2.336672,3.45639,23.76
1785423240,2.334891,3.454276,23.73
1785423250,2.334891,3.453219,23.74
1785423260,2.340234,3.463789,23.74
1785423270,2.336672,3.457447,23.73
1785423280,2.33311,3.451105,23.74
1785423290,2.340234,3.469074,23.74
1785423300,2.340234,3.462732,23.74
1785423310,2.342015,3.460618,23.74
1785423320,2.324205,3.433136,23.72
1785423330,2.334891,3.450048,23.72
1785423340,2.334891,3.453219,23.73
1785423350,2.327767,3.443706,23.73
1785423360,2.322424,3.434193,23.73
1785423370,2.320643,3.429965,23.73
1785423380,2.325986,3.436307,23.72
1785423390,2.329548,3.438421,23.73
1785423400,2.320643,3.427851,23.74
1785423410,2.327767,3.440535,23.72
1785423420,2.329548,3.44582,23.74
1785423430,2.3153,3.431022,23.7
1785423440,2.327767,3.451105,23.72
1785423450,2.322424,3.442649,23.74
1785423460,2.324205,3.447934,23.73
1785423470,2.322424,3.447934,23.72
1785423480,2.318862,3.441592,23.73
1785423490,2.331329,3.457447,23.72
1785423500,2.322424,3.442649,23.73
1785423510,2.320643,3.438421,23.74
1785423520,2.318862,3.438421,23.74
1785423530,2.331329,3.452162,23.74
1785423540,2.317081,3.423623,23.72
1785423550,2.324205,3.429965,23.73
1785423560,2.3153,3.418338,23.72
1785423570,2.334891,3.444763,23.69
1785423580,2.322424,3.428908,23.69
1785423590,2.3153,3.418338,23.69
1785423600,2.311738,3.413053,23.72
1785423610,2.311738,3.41411,23.69
1785423620,2.318862,3.421509,23.72
1785423630,2.3099570000000003,3.41411,23.7
1785423640,2.318862,3.427851,23.72
1785423650,2.318862,3.431022,23.72
1785423660,2.302833,3.404597,23.7
1785423670,2.3153,3.425737,23.74
1785423680,2.306395,3.419395,23.72
1785423690,2.322424,3.44582,23.72
1785423700,2.313519,3.437364,23.69
1785423710,2.3099570000000003,3.443706,23.69
1785423720,2.308176,3.428908,23.66
1785423730,2.3099570000000003,3.431022,23.67
1785423740,2.3099570000000003,3.425737,23.67
1785423750,2.306395,3.426794,23.66
1785423760,2.317081,3.43525,23.63
1785423770,2.311738,3.425737,23.66
1785423780,2.317081,3.427851,23.64
1785423790,2.318862,3.425737,23.63
1785423800,2.318862,3.426794,23.6
1785423810,2.311738,3.42468,23.6
1785423820,2.304614,3.411996,23.62
1785423830,2.313519,3.429965,23.63
1785423840,2.308176,3.416224,23.66
1785423850,2.313519,3.42468,23.63
1785423860,2.318862,3.427851,23.63
1785423870,2.311738,3.421509,23.64
1785423880,2.3099570000000003,3.418338,23.6
1785423890,2.308176,3.415167,23.63
1785423900,2.3099570000000003,3.415167,23.62
1785423910,2.304614,3.411996,23.64
1785423920,2.3099570000000003,3.41411,23.63
1785423930,2.3153,3.415167,23.63
1785423940,2.302833,3.399312,23.63
1785423950,2.304614,3.397198,23.62
1785423960,2.299271,3.394027,23.59
1785423970,2.2974900000000003,3.391913,23.57
1785423980,2.302833,3.4088249999999998,23.55
1785423990,2.2974900000000003,3.398255,23.53
1785424000,2.299271,3.404597,23.53
1785424010,2.306395,3.409882,23.53
1785424020,2.306395,3.406711,23.5
1785424030,2.293928,3.391913,23.52
1785424040,2.2974900000000003,3.401426,23.55
1785424050,2.3153,3.423623,23.53
1785424060,2.295709,3.3950839999999998,23.53
1785424070,2.2974900000000003,3.3824,23.53
1785424080,2.299271,3.381343,23.53
1785424090,2.299271,3.377115,23.55
1785424100,2.299271,3.379229,23.55
1785424110,2.302833,3.385571,23.55
1785424120,2.295709,3.370773,23.59
1785424130,2.308176,3.385571,23.59
1785424140,2.299271,3.397198,23.6
1785424150,2.302833,3.378172,23.6
1785424160,2.313519,3.397198,23.62
1785424170,2.304614,3.383457,23.63
1785424180,2.311738,3.400369,23.63
1785424190,2.318862,3.396141,23.6
1785424200,2.320643,3.396141,23.63
1785424210,2.317081,3.386628,23.6
1785424220,2.308176,3.37183,23.63
1785424230,2.304614,3.369716,23.66
1785424240,2.308176,3.380286,23.62
1785424250,2.308176,3.372887,23.6
1785424260,2.313519,3.384514,23.6
1785424270,2.313519,3.384514,23.59
1785424280,2.313519,3.380286,23.59
1785424290,2.322424,3.3950839999999998,23.62
1785424300,2.320643,3.387685,23.62
1785424310,2.318862,3.386628,23.63
1785424320,2.317081,3.381343,23.63
1785424330,2.324205,3.390856,23.64
1785424340,2.311738,3.368659,23.64
1785424350,2.295709,3.347519,23.66
1785424360,2.317081,3.377115,23.69
1785424370,2.322424,3.378172,23.7
1785424380,2.3153,3.369716,23.72
1785424390,2.3099570000000003,3.359146,23.72
1785424400,2.311738,3.362317,23.7
1785424410,2.308176,3.358089,23.73
1785424420,2.311738,3.363374,23.74
1785424430,2.306395,3.353861,23.73
1785424440,2.313519,3.362317,23.76
1785424450,2.313519,3.365488,23.76
1785424460,2.3153,3.365488,23.74
1785424470,2.313519,3.354918,23.76
1785424480,2.317081,3.362317,23.77
1785424490,2.317081,3.37183,23.79
1785424500,2.317081,3.36126,23.77
1785424510,2.3153,3.36126,23.79
1785424520,2.313519,3.360203,23.79
1785424530,2.311738,3.360203,23.81
1785424540,2.320643,3.369716,23.84
1785424550,2.317081,3.367602,23.84
1785424560,2.313519,3.357032,23.86
1785424570,2.320643,3.370773,23.87
1785424580,2.313519,3.362317,23.86
1785424590,2.318862,3.366545,23.86
1785424600,2.322424,3.370773,23.81
1785424610,2.320643,3.370773,23.84
1785424620,2.3153,3.359146,23.83
1785424630,2.317081,3.363374,23.81
1785424640,2.313519,3.353861,23.81
1785424650,2.318862,3.359146,23.83
1785424660,2.325986,3.367602,23.8
1785424670,2.306395,3.341177,23.81
1785424680,2.313519,3.353861,23.84
1785424690,2.317081,3.357032,23.81
1785424700,2.3099570000000003,3.348576,23.83
1785424710,2.327767,3.370773,23.84
1785424720,2.311738,3.348576,23.84
1785424730,2.325986,3.368659,23.84
1785424740,2.320643,3.362317,23.84
1785424750,2.318862,3.359146,23.86
1785424760,2.317081,3.353861,23.83
1785424770,2.318862,3.357032,23.83
1785424780,2.313519,3.35069,23.8
1785424790,2.318862,3.357032,23.81
1785424800,2.318862,3.355975,23.83
1785424810,2.3099570000000003,3.348576,23.81
1785424820,2.3153,3.355975,23.81
1785424830,2.322424,3.364431,23.81
1785424840,2.318862,3.36126,23.83
1785424850,2.308176,3.348576,23.81
1785424860,2.3099570000000003,3.352804,23.8
1785424870,2.322424,3.364431,23.84
1785424880,2.308176,3.344348,23.81
1785424890,2.313519,3.368659,23.81
1785424900,2.317081,3.355975,23.81
1785424910,2.302833,3.34012,23.8
1785424920,2.325986,3.369716,23.8
1785424930,2.306395,3.344348,23.8
1785424940,2.308176,3.341177,23.79
1785424950,2.3153,3.351747,23.79
1785424960,2.317081,3.35069,23.77
1785424970,2.313519,3.346462,23.74
1785424980,2.320643,3.362317,23.73
1785424990,2.313519,3.347519,23.73
1785425000,2.320643,3.36126,23.7
1785425010,2.308176,3.343291,23.72
1785425020,2.322424,3.364431,23.69
1785425030,2.3153,3.35069,23.67
1785425040,2.304614,3.335892,23.66
1785425050,2.3099570000000003,3.344348,23.64
1785425060,2.306395,3.338006,23.64
1785425070,2.322424,3.362317,23.64
1785425080,2.3099570000000003,3.345405,23.63
1785425090,2.304614,3.341177,23.6
1785425100,2.322424,3.362317,23.62
1785425110,2.313519,3.349633,23.59
1785425120,2.324205,3.365488,23.6
1785425130,2.304614,3.338006,23.59
1785425140,2.325986,3.365488,23.6
1785425150,2.3153,3.354918,23.6
1785425160,2.318862,3.362317,23.59
1785425170,2.308176,3.35069,23.59
1785425180,2.313519,3.357032,23.57
1785425190,2.306395,3.346462,23.57
1785425200,2.306395,3.35069,23.57
1785425210,2.301052,3.339063,23.59
1785425220,2.2974900000000003,3.335892,23.56
1785425230,2.317081,3.36126,23.56
1785425240,2.311738,3.352804,23.56
1785425250,2.313519,3.357032,23.56
1785425260,2.302833,3.338006,23.56
1785425270,2.308176,3.345405,23.55
1785425280,2.308176,3.346462,23.55
1785425290,2.3099570000000003,3.347519,23.55
1785425300,2.306395,3.343291,23.52
1785425310,2.299271,3.334835,23.5
1785425320,2.306395,3.346462,23.52
1785425330,2.308176,3.345405,23.5
1785425340,2.299271,3.333778,23.5
1785425350,2.313519,3.354918,23.5
1785425360,2.3099570000000003,3.351747,23.5
1785425370,2.2974900000000003,3.334835,23.52
1785425380,2.302833,3.343291,23.5
1785425390,2.302833,3.343291,23.49
1785425400,2.3153,3.364431,23.48
1785425410,2.318862,3.369716,23.45
1785425420,2.311738,3.362317,23.48
1785425430,2.306395,3.35069,23.48
1785425440,2.302833,3.351747,23.5
1785425450,2.302833,3.351747,23.48
1785425460,2.306395,3.353861,23.49
1785425470,2.308176,3.359146,23.49
1785425480,2.304614,3.352804,23.49
1785425490,2.308176,3.358089,23.5
1785425500,2.311738,3.36126,23.52
1785425510,2.302833,3.345405,23.52
1785425520,2.301052,3.344348,23.53
1785425530,2.299271,3.34012,23.53
1785425540,2.301052,3.344348,23.53
1785425550,2.3099570000000003,3.362317,23.53
1785425560,2.313519,3.370773,23.53
1785425570,2.302833,3.357032,23.52
1785425580,2.293928,3.343291,23.56
1785425590,2.304614,3.364431,23.53
1785425600,2.304614,3.364431,23.5
1785425610,2.313519,3.373944,23.49
1785425620,2.308176,3.370773,23.49
1785425630,2.2974900000000003,3.360203,23.48
1785425640,2.301052,3.367602,23.49
1785425650,2.304614,3.370773,23.5
1785425660,2.304614,3.362317,23.5
1785425670,2.308176,3.37183,23.49
1785425680,2.311738,3.378172,23.48
1785425690,2.3099570000000003,3.373944,23.48
1785425700,2.308176,3.366545,23.49
1785425710,2.2974900000000003,3.351747,23.46
1785425720,2.3153,3.377115,23.48
1785425730,2.299271,3.358089,23.46
1785425740,2.311738,3.378172,23.45
1785425750,2.2974900000000003,3.355975,23.45
1785425760,2.313519,3.375001,23.45
1785425770,2.302833,3.357032,23.43
1785425780,2.304614,3.359146,23.48
1785425790,2.306395,3.362317,23.46
1785425800,2.299271,3.35069,23.45
1785425810,2.2974900000000003,3.348576,23.46
1785425820,2.3153,3.376058,23.45
1785425830,2.301052,3.362317,23.45
1785425840,2.311738,3.380286,23.45
1785425850,2.304614,3.367602,23.45
1785425860,2.302833,3.364431,23.42
1785425870,2.304614,3.364431,23.42
1785425880,2.302833,3.362317,23.41
1785425890,2.295709,3.353861,23.41
1785425900,2.301052,3.357032,23.38
1785425910,2.304614,3.360203,23.36
1785425920,2.311738,3.368659,23.38
1785425930,2.293928,3.345405,23.38
1785425940,2.3099570000000003,3.370773,23.38
1785425950,2.3099570000000003,3.381343,23.42
1785425960,2.313519,3.378172,23.38
1785425970,2.308176,3.358089,23.42
1785425980,2.308176,3.365488,23.42
1785425990,2.313519,3.377115,23.38
1785426000,2.306395,3.362317,23.41
1785426010,2.306395,3.364431,23.43
1785426020,2.3153,3.377115,23.45
1785426030,2.301052,3.352804,23.43
1785426040,2.3099570000000003,3.367602,23.46
1785426050,2.3153,3.385571,23.48
1785426060,2.3099570000000003,3.378172,23.49
1785426070,2.308176,3.375001,23.46
1785426080,2.311738,3.381343,23.49
1785426090,2.308176,3.380286,23.49
1785426100,2.311738,3.390856,23.49
1785426110,2.308176,3.390856,23.49
1785426120,2.313519,3.402483,23.49
1785426130,2.3099570000000003,3.402483,23.5
1785426140,2.3153,3.418338,23.48
1785426150,2.302833,3.401426,23.49
1785426160,2.3153,3.418338,23.48
1785426170,2.322424,3.426794,23.46
1785426180,2.324205,3.431022,23.48
1785426190,2.311738,3.415167,23.49
1785426200,2.308176,3.407768,23.49
1785426210,2.318862,3.420452,23.5
1785426220,2.308176,3.410939,23.48
1785426230,2.3153,3.42468,23.46
1785426240,2.317081,3.432079,23.48
1785426250,2.3153,3.429965,23.49
1785426260,2.311738,3.428908,23.49
1785426270,2.318862,3.44582,23.5
1785426280,2.3099570000000003,3.43525,23.49
1785426290,2.3099570000000003,3.434193,23.49
1785426300,2.3099570000000003,3.433136,23.5
1785426310,2.304614,3.427851,23.49
1785426320,2.292147,3.405654,23.49
1785426330,2.317081,3.447934,23.48
1785426340,2.3099570000000003,3.091725,23.48
1785426350,2.317081,3.105466,23.49
1785426360,2.317081,3.090668,23.48
1785426370,2.313519,3.088554,23.49
1785426380,2.317081,3.085383,23.49
1785426390,2.313519,3.087497,23.48
1785426400,2.306395,3.437364,23.48
1785426410,2.322424,0.378406,23.48
1785426420,2.308176,0.376292,23.46
1785426430,2.3099570000000003,0.377349,23.39
1785426440,2.301052,0.376292,23.43
1785426450,2.317081,0.378406,23.41
1785426460,2.304614,0.376292,23.41
1785426470,2.318862,0.377349,23.41
1785426480,2.3099570000000003,0.376292,23.42
1785426490,2.3153,0.377349,23.43
1785426500,2.306395,0.376292,23.46
1785426510,2.306395,0.376292,23.46
1785426520,2.306395,0.376292,23.48
1785426530,2.3153,0.377349,23.49
1785426540,2.306395,0.376292,23.48
1785426550,2.311738,0.376292,23.5
1785426560,2.313519,0.377349,23.5
1785426570,2.3153,0.377349,23.55
1785426580,2.302833,0.375235,23.52
1785426590,2.302833,0.375235,23.53
1785426600,2.308176,0.376292,23.52
1785426610,2.311738,0.376292,23.53
1785426620,2.306395,0.375235,23.53
1785426630,2.3099570000000003,0.376292,23.53
1785426640,2.302833,0.375235,23.53
1785426650,2.302833,0.375235,23.52
1785426660,2.302833,0.375235,23.52
1785426670,2.306395,0.375235,23.53
1785426680,2.304614,0.375235,23.5
1785426690,2.306395,0.375235,23.52
1785426700,2.304614,0.375235,23.49
1785426710,2.306395,0.375235,23.49
1785426720,2.313519,0.376292,23.49
1785426730,2.304614,0.374178,23.48
1785426740,2.329548,0.377349,23.48
1785426750,2.317081,0.376292,23.5
1785426760,2.3153,0.376292,23.5
1785426770,2.320643,0.376292,23.49
1785426780,2.3153,0.376292,23.5
1785426790,2.320643,0.377349,23.52
1785426800,2.33311,0.378406,23.52
1785426810,2.325986,0.377349,23.55
1785426820,2.306395,0.374178,23.53
1785426830,2.320643,0.376292,23.53
1785426840,2.308176,0.374178,23.55
1785426850,2.318862,0.376292,23.55
1785426860,2.324205,0.377349,23.57
1785426870,2.320643,0.376292,23.55
1785426880,2.322424,0.377349,23.56
1785426890,2.3153,0.375235,23.56
1785426900,2.317081,0.376292,23.53
1785426910,2.325986,0.377349,23.59
1785426920,2.306395,0.374178,23.57
1785426930,2.320643,0.376292,23.57
1785426940,2.322424,0.377349,23.52
1785426950,2.317081,0.377349,23.53
1785426960,2.322424,0.377349,23.52
1785426970,2.327767,0.378406,23.52
1785426980,2.329548,0.378406,23.5
1785426990,2.322424,0.377349,23.5
1785427000,2.308176,0.375235,23.48
1785427010,2.318862,0.377349,23.48
1785427020,2.311738,0.376292,23.46
1785427030,2.3099570000000003,3.638194,23.46
1785427040,2.304614,3.632909,23.48
1785427050,2.299271,3.623396,23.52
1785427060,2.3099570000000003,3.642422,23.5
1785427070,2.311738,3.645593,23.52
1785427080,2.301052,3.627624,23.53
1785427090,2.3153,3.648764,23.52
1785427100,2.308176,3.637137,23.53
1785427110,2.302833,3.626567,23.53
1785427120,2.3153,3.647707,23.55
1785427130,2.324205,3.658277,23.55
1785427140,2.313519,3.641365,23.56
1785427150,2.313519,3.642422,23.55
1785427160,2.3099570000000003,3.637137,23.55
1785427170,2.317081,3.642422,23.55
1785427180,2.324205,3.655106,23.52
1785427190,2.3153,3.641365,23.49
1785427200,2.320643,3.649821,23.5
1785427210,2.313519,3.641365,23.5
1785427220,2.3099570000000003,3.635023,23.5
1785427230,2.311738,3.639251,23.5
1785427240,2.3153,3.642422,23.5
1785427250,2.3153,3.639251,23.49
1785427260,2.317081,3.640308,23.53
1785427270,2.313519,3.631852,23.5
1785427280,2.308176,3.626567,23.49
1785427290,2.308176,3.631852,23.46
1785427300,2.322424,3.656163,23.43
1785427310,2.299271,3.620225,23.48
1785427320,2.308176,3.638194,23.45
1785427330,2.301052,3.62551,23.46
1785427340,2.3099570000000003,3.640308,23.45
1785427350,2.301052,3.627624,23.45
1785427360,2.3099570000000003,3.641365,23.42
1785427370,2.304614,3.633966,23.45
1785427380,2.304614,3.630795,23.46
1785427390,2.302833,3.627624,23.46
1785427400,2.301052,3.622339,23.45
1785427410,2.301052,3.623396,23.48
1785427420,2.3153,3.643479,23.46
1785427430,2.318862,3.64665,23.46
1785427440,2.320643,3.649821,23.45
1785427450,2.317081,3.642422,23.45
1785427460,2.3099570000000003,3.628681,23.45
1785427470,2.313519,3.63608,23.45
1785427480,2.3099570000000003,3.629738,23.45
1785427490,2.308176,3.627624,23.46
1785427500,2.304614,3.620225,23.48
1785427510,2.308176,3.626567,23.45
1785427520,2.318862,3.644536,23.46
1785427530,2.3099570000000003,3.632909,23.48
1785427540,2.322424,3.649821,23.48
1785427550,2.3099570000000003,3.628681,23.49
1785427560,2.320643,3.649821,23.48
1785427570,2.320643,3.647707,23.48
1785427580,2.313519,3.639251,23.48
1785427590,2.302833,3.619168,23.48
1785427600,2.306395,3.628681,23.48
1785427610,2.301052,3.620225,23.48
1785427620,2.317081,3.647707,23.48
1785427630,2.308176,3.633966,23.46
1785427640,2.304614,3.628681,23.46
1785427650,2.301052,3.623396,23.46
1785427660,2.3099570000000003,3.63608,23.48
1785427670,2.302833,3.624453,23.46
1785427680,2.306395,3.631852,23.45
1785427690,2.308176,3.635023,23.45
1785427700,2.306395,3.631852,23.43
1785427710,2.301052,3.622339,23.43
1785427720,2.313519,3.643479,23.42
1785427730,2.3099570000000003,3.638194,23.41
1785427740,2.306395,3.635023,23.43
1785427750,2.2974900000000003,3.622339,23.41
1785427760,2.3099570000000003,3.639251,23.41
1785427770,2.301052,3.627624,23.42
1785427780,2.299271,3.624453,23.45
1785427790,2.299271,3.623396,23.42
1785427800,2.313519,3.643479,23.45
1785427810,2.304614,3.630795,23.48
1785427820,2.301052,3.62551,23.46
1785427830,2.304614,3.629738,23.49
1785427840,2.301052,3.626567,23.45
1785427850,2.299271,3.623396,23.49
1785427860,2.306395,3.632909,23.48
1785427870,2.3099570000000003,3.63608,23.5
1785427880,2.304614,3.629738,23.43
1785427890,2.308176,3.637137,23.42
1785427900,2.2974900000000003,3.619168,23.42
1785427910,2.304614,3.626567,23.46
1785427920,2.292147,3.60437,23.42
1785427930,2.302833,3.619168,23.43
1785427940,2.313519,3.632909,23.41
1785427950,2.301052,3.61494,23.41
1785427960,2.302833,3.619168,23.39
1785427970,2.295709,3.607541,23.39
1785427980,2.308176,3.627624,23.36
1785427990,2.304614,3.626567,23.38
1785428000,2.301052,3.618111,23.35
1785428010,2.306395,3.627624,23.38
1785428020,2.301052,3.619168,23.41
1785428030,2.3099570000000003,3.632909,23.41
1785428040,2.3099570000000003,3.631852,23.42
1785428050,2.306395,3.62551,23.43
1785428060,2.306395,3.62551,23.42
1785428070,2.3153,3.640308,23.42
1785428080,2.3099570000000003,3.631852,23.41
1785428090,2.302833,3.619168,23.42
1785428100,2.3099570000000003,3.629738,23.42
1785428110,2.308176,3.628681,23.42
1785428120,2.304614,3.624453,23.42
1785428130,2.299271,3.618111,23.42
1785428140,2.301052,3.620225,23.43
1785428150,2.308176,3.632909,23.45
1785428160,2.302833,3.62551,23.46
1785428170,2.304614,3.628681,23.43
1785428180,2.301052,3.624453,23.46
1785428190,2.301052,3.624453,23.48
1785428200,2.304614,3.629738,23.46
1785428210,2.311738,3.640308,23.49
1785428220,2.2974900000000003,3.619168,23.5
1785428230,2.308176,3.638194,23.48
1785428240,2.313519,3.644536,23.49
1785428250,2.299271,3.623396,23.53
1785428260,2.301052,3.626567,23.53
1785428270,2.304614,3.631852,23.55
1785428280,2.299271,3.620225,23.53
1785428290,2.290366,3.60437,23.56
1785428300,2.301052,3.621282,23.55
1785428310,2.304614,3.62551,23.52
1785428320,2.295709,3.61494,23.5
1785428330,2.304614,3.627624,23.52
1785428340,2.301052,3.624453,23.5
1785428350,2.3099570000000003,3.637137,23.49
1785428360,2.311738,3.640308,23.48
1785428370,2.304614,3.627624,23.48
1785428380,2.299271,3.619168,23.46
1785428390,2.301052,3.622339,23.48
1785428400,2.2974900000000003,3.619168,23.43
1785428410,2.293928,3.610712,23.42
1785428420,2.304614,3.629738,23.42
1785428430,2.299271,3.622339,23.39
1785428440,2.2974900000000003,3.620225,23.39
1785428450,2.306395,3.633966,23.38
1785428460,2.299271,3.623396,23.41
1785428470,2.299271,3.622339,23.38
1785428480,2.293928,3.61494,23.35
1785428490,2.304614,3.631852,23.36
1785428500,2.2974900000000003,3.623396,23.36
1785428510,2.301052,3.626567,23.38
1785428520,2.3099570000000003,3.638194,23.36
1785428530,2.301052,3.623396,23.35
1785428540,2.306395,3.631852,23.41
1785428550,2.2974900000000003,3.620225,23.39
1785428560,2.299271,3.624453,23.43
1785428570,2.292147,3.617054,23.42
1785428580,2.304614,3.637137,23.43
1785428590,2.299271,3.629738,23.46
1785428600,2.295709,3.62551,23.46
1785428610,2.290366,3.618111,23.46
1785428620,2.290366,3.620225,23.46
1785428630,2.2974900000000003,3.630795,23.45
1785428640,2.292147,3.624453,23.42
1785428650,2.3099570000000003,3.652992,23.42
1785428660,2.295709,3.629738,23.41
1785428670,2.283242,3.611769,23.41
1785428680,2.288585,3.621282,23.42
1785428690,2.286804,3.618111,23.42
1785428700,2.293928,3.629738,23.42
1785428710,2.295709,3.631852,23.41
1785428720,2.283242,3.611769,23.41
1785428730,2.293928,3.630795,23.39
1785428740,2.2850230000000002,3.617054,23.39
1785428750,2.286804,3.620225,23.38
1785428760,2.281461,3.611769,23.35
1785428770,2.276118,3.603313,23.36
1785428780,2.286804,3.619168,23.38
1785428790,2.293928,3.632909,23.38
1785428800,2.288585,3.623396,23.33
1785428810,2.274337,3.601199,23.33
1785428820,2.27968,3.609655,23.33
1785428830,2.281461,3.612826,23.33
1785428840,2.290366,3.628681,23.36
1785428850,2.283242,3.615997,23.33
1785428860,2.27968,3.609655,23.35
1785428870,2.299271,3.639251,23.35
1785428880,2.276118,3.60437,23.35
1785428890,2.281461,3.610712,23.35
1785428900,2.288585,3.620225,23.35
1785428910,2.286804,3.615997,23.35
1785428920,2.295709,3.630795,23.35
1785428930,2.2850230000000002,3.610712,23.35
1785428940,2.2850230000000002,3.609655,23.36
1785428950,2.283242,3.60437,23.35
1785428960,2.288585,3.612826,23.36
1785428970,2.2974900000000003,3.626567,23.35
1785428980,2.292147,3.615997,23.38
1785428990,2.304614,3.63608,23.38
1785429000,2.2974900000000003,3.62551,23.36
1785429010,2.301052,3.631852,23.39
1785429020,2.292147,3.61494,23.36
1785429030,2.288585,3.609655,23.38
1785429040,2.2850230000000002,3.602256,23.36
1785429050,2.2850230000000002,3.601199,23.35
1785429060,2.27968,3.590629,23.35
1785429070,2.283242,3.598028,23.33
1785429080,2.288585,3.606484,23.3
1785429090,2.286804,3.603313,23.29
1785429100,2.293928,3.612826,23.29
1785429110,2.292147,3.610712,23.32
1785429120,2.283242,3.596971,23.3
1785429130,2.286804,3.60437,23.3
1785429140,2.2974900000000003,3.623396,23.32
1785429150,2.295709,3.618111,23.33
1785429160,2.292147,3.61494,23.32
1785429170,2.283242,3.602256,23.33
1785429180,2.27968,3.599085,23.32
1785429190,2.281461,3.601199,23.32
1785429200,2.290366,3.620225,23.32
1785429210,2.283242,3.610712,23.32
1785429220,2.274337,3.595914,23.3
1785429230,2.281461,3.609655,23.3
1785429240,2.274337,3.599085,23.3
1785429250,2.2725560000000002,3.599085,23.29
1785429260,2.27968,3.610712,23.33
1785429270,2.27968,3.609655,23.32
1785429280,2.274337,3.603313,23.3
1785429290,2.268994,3.596971,23.32
1785429300,2.281461,3.615997,23.3
1785429310,2.281461,3.619168,23.35
1785429320,2.2725560000000002,3.605427,23.32
1785429330,2.267213,3.596971,23.3
1785429340,2.277899,3.612826,23.29
1785429350,2.277899,3.611769,23.33
1785429360,2.276118,3.610712,23.3
1785429370,2.267213,3.596971,23.3
1785429380,2.265432,3.592743,23.29
1785429390,2.263651,3.589572,23.3
1785429400,2.2725560000000002,3.601199,23.29
1785429410,2.274337,3.603313,23.3
1785429420,2.277899,3.609655,23.3
1785429430,2.281461,3.613883,23.28
1785429440,2.27968,3.607541,23.29
1785429450,2.27968,3.606484,23.3
1785429460,2.265432,3.584287,23.29
1785429470,2.27968,3.607541,23.26
1785429480,2.277899,3.602256,23.28
1785429490,2.27968,3.60437,23.26
1785429500,2.277899,3.601199,23.25
1785429510,2.27968,3.600142,23.26
1785429520,2.281461,3.60437,23.24
1785429530,2.293928,3.623396,23.25
1785429540,2.286804,3.609655,23.25
1785429550,2.277899,3.596971,23.26
1785429560,2.293928,3.619168,23.26
1785429570,2.288585,3.611769,23.25
1785429580,2.295709,3.621282,23.25
1785429590,2.283242,3.602256,23.25
1785429600,2.288585,3.611769,23.24
1785429610,2.274337,3.585344,23.24
1785429620,2.281461,3.598028,23.25
1785429630,2.283242,3.602256,23.25
1785429640,2.27968,3.595914,23.26
1785429650,2.299271,3.62551,23.24
1785429660,2.281461,3.598028,23.22
1785429670,2.277899,3.591686,23.22
1785429680,2.2725560000000002,3.585344,23.24
1785429690,2.270775,3.582173,23.24
1785429700,2.27968,3.595914,23.24
1785429710,2.27968,3.596971,23.22
1785429720,2.288585,3.609655,23.22
1785429730,2.267213,3.579002,23.22
1785429740,2.27968,3.600142,23.24
1785429750,2.283242,3.605427,23.22
1785429760,2.27968,3.602256,23.21
1785429770,2.27968,3.603313,23.24
1785429780,2.268994,3.586401,23.21
1785429790,2.277899,3.602256,23.19
1785429800,2.263651,3.579002,23.21
1785429810,2.277899,3.602256,23.21
1785429820,2.277899,3.603313,23.22
1785429830,2.281461,3.611769,23.18
1785429840,2.276118,3.60437,23.18
1785429850,2.2725560000000002,3.595914,23.21
1785429860,2.274337,3.601199,23.19
1785429870,2.2725560000000002,3.601199,23.19
1785429880,2.270775,3.599085,23.19
1785429890,2.265432,3.588515,23.19
1785429900,2.2725560000000002,3.600142,23.19
1785429910,2.276118,3.607541,23.21
1785429920,2.268994,3.595914,23.22
1785429930,2.283242,3.619168,23.19
1785429940,2.277899,3.612826,23.22
1785429950,2.268994,3.599085,23.22
1785429960,2.265432,3.594857,23.21
1785429970,2.2850230000000002,3.62551,23.22
1785429980,2.277899,3.61494,23.21
1785429990,2.2725560000000002,3.607541,23.21
1785430000,2.267213,3.601199,23.22
1785430010,2.270775,3.603313,23.22
1785430020,2.27968,3.617054,23.22
1785430030,2.267213,3.599085,23.24
1785430040,2.270775,3.602256,23.21
1785430050,2.281461,3.620225,23.21
1785430060,2.274337,3.609655,23.21
1785430070,2.274337,3.607541,23.21
1785430080,2.283242,3.623396,23.22
1785430090,2.270775,3.60437,23.19
1785430100,2.27968,3.613883,23.21
1785430110,2.274337,3.606484,23.22
1785430120,2.270775,3.596971,23.21
1785430130,2.2725560000000002,3.599085,23.24
1785430140,2.276118,3.603313,23.22
1785430150,2.286804,3.620225,23.24
1785430160,2.2725560000000002,3.598028,23.22
1785430170,2.286804,3.621282,23.22
1785430180,2.283242,3.611769,23.22
1785430190,2.283242,3.613883,23.22
1785430200,2.281461,3.607541,23.22
1785430210,2.27968,3.60437,23.22
1785430220,2.283242,3.608598,23.21
1785430230,2.281461,3.605427,23.22
1785430240,2.2725560000000002,3.591686,23.22
1785430250,2.274337,3.594857,23.25
1785430260,2.277899,3.596971,23.22
1785430270,2.2850230000000002,3.611769,23.24
1785430280,2.286804,3.612826,23.22
1785430290,2.288585,3.61494,23.24
1785430300,2.276118,3.5938,23.22
1785430310,2.293928,3.622339,23.22
1785430320,2.290366,3.61494,23.19
1785430330,2.288585,3.610712,23.21
1785430340,2.283242,3.599085,23.19
1785430350,2.295709,3.620225,23.19
1785430360,2.281461,3.599085,23.19
1785430370,2.299271,3.626567,23.21
1785430380,2.301052,3.629738,23.19
1785430390,2.295709,3.620225,23.16
1785430400,2.292147,3.613883,23.18
1785430410,2.295709,3.619168,23.18
1785430420,2.295709,3.619168,23.19
1785430430,2.292147,3.613883,23.19
1785430440,2.295709,3.618111,23.19
1785430450,2.288585,3.608598,23.16
1785430460,2.293928,3.613883,23.19
1785430470,2.288585,3.607541,23.19
1785430480,2.2974900000000003,3.622339,23.18
1785430490,2.288585,3.608598,23.15
1785430500,2.286804,3.605427,23.16
1785430510,2.295709,3.618111,23.16
1785430520,2.299271,3.623396,23.18
1785430530,2.290366,3.610712,23.19
1785430540,2.302833,3.629738,23.18
1785430550,2.295709,3.618111,23.18
1785430560,2.293928,3.617054,23.18
1785430570,2.292147,3.615997,23.16
1785430580,2.286804,3.607541,23.19
1785430590,2.2974900000000003,3.624453,23.21
1785430600,2.293928,3.619168,23.18
1785430610,2.290366,3.613883,23.18
1785430620,2.301052,3.631852,23.19
1785430630,2.299271,3.629738,23.22
1785430640,2.302833,3.63608,23.19
1785430650,2.306395,3.643479,23.22
1785430660,2.293928,3.621282,23.21
1785430670,2.283242,3.603313,23.21
1785430680,2.299271,3.632909,23.19
1785430690,2.292147,3.623396,23.21
1785430700,2.292147,3.622339,23.19
1785430710,2.304614,3.643479,23.16
1785430720,2.286804,3.615997,23.19
1785430730,2.293928,3.62551,23.16
1785430740,2.290366,3.620225,23.19
1785430750,2.295709,3.627624,23.16
1785430760,2.311738,3.655106,23.18
1785430770,2.290366,3.620225,23.15
1785430780,2.302833,3.641365,23.16
1785430790,2.304614,3.644536,23.16
1785430800,2.308176,3.648764,23.15
1785430810,2.304614,3.643479,23.16
1785430820,2.3099570000000003,3.651935,23.15
1785430830,2.304614,3.644536,23.12
1785430840,2.302833,3.640308,23.14
1785430850,2.302833,3.642422,23.12
1785430860,2.313519,3.659334,23.14
1785430870,2.317081,3.663562,23.14
1785430880,2.306395,3.64665,23.12
1785430890,2.308176,3.651935,23.12
1785430900,2.308176,3.651935,23.12
1785430910,2.3099570000000003,3.655106,23.14
1785430920,2.304614,3.64665,23.12
1785430930,2.306395,3.649821,23.15
1785430940,2.3099570000000003,3.655106,23.14
1785430950,2.318862,3.669904,23.15
1785430960,2.304614,3.64665,23.12
1785430970,2.311738,3.656163,23.15
1785430980,2.302833,3.643479,23.12
1785430990,2.317081,3.663562,23.12
1785431000,2.3099570000000003,3.652992,23.12
1785431010,2.308176,3.651935,23.12
1785431020,2.302833,3.643479,23.12
1785431030,2.3153,3.661448,23.14
1785431040,2.3099570000000003,3.655106,23.12
1785431050,2.311738,3.654049,23.14
1785431060,2.313519,3.658277,23.12
1785431070,2.320643,3.668847,23.14
1785431080,2.327767,3.677303,23.12
1785431090,2.320643,3.668847,23.14
1785431100,2.320643,3.668847,23.11
1785431110,2.313519,3.655106,23.09
1785431120,2.318862,3.663562,23.11
1785431130,2.311738,3.651935,23.09
1785431140,2.320643,3.665676,23.08
1785431150,2.313519,3.651935,23.09
1785431160,2.317081,3.660391,23.09
1785431170,2.327767,3.674132,23.11
1785431180,2.325986,3.674132,23.09
1785431190,2.318862,3.660391,23.14
1785431200,2.320643,3.661448,23.11
1785431210,2.320643,3.661448,23.12
1785431220,2.324205,3.668847,23.09
1785431230,2.318862,3.659334,23.11
1785431240,2.317081,3.655106,23.11
1785431250,2.320643,3.660391,23.08
1785431260,2.3153,3.649821,23.11
1785431270,2.322424,3.662505,23.11
1785431280,2.3153,3.652992,23.08
1785431290,2.318862,3.658277,23.09
1785431300,2.320643,3.659334,23.11
1785431310,2.317081,3.654049,23.08
1785431320,2.325986,3.666733,23.08
1785431330,2.325986,3.669904,23.11
1785431340,2.338453,3.686816,23.09
1785431350,2.322424,3.662505,23.08
1785431360,2.324205,3.663562,23.08
1785431370,2.318862,3.651935,23.06
1785431380,2.325986,3.663562,23.06
1785431390,2.334891,3.680474,23.08
1785431400,2.325986,3.664619,23.05
1785431410,2.327767,3.666733,23.08
1785431420,2.325986,3.663562,23.05
1785431430,2.340234,3.682588,23.08
1785431440,2.338453,3.67836,23.09
1785431450,2.329548,3.665676,23.09
1785431460,2.334891,3.674132,23.08
1785431470,2.349139,3.695272,23.08
1785431480,2.336672,3.674132,23.09
1785431490,2.336672,3.674132,23.09
1785431500,2.331329,3.66779,23.11
1785431510,2.35092,3.697386,23.08
1785431520,2.338453,3.677303,23.08
1785431530,2.324205,3.654049,23.08
1785431540,2.345577,3.687873,23.09
1785431550,2.343796,3.684702,23.06
1785431560,2.338453,3.676246,23.08
1785431570,2.345577,3.684702,23.06
1785431580,2.352701,3.698443,23.06
1785431590,2.338453,3.676246,23.08
1785431600,2.343796,3.683645,23.06
1785431610,2.338453,3.675189,23.05
1785431620,2.338453,3.676246,23.06
1785431630,2.336672,3.673075,23.05
1785431640,2.345577,3.687873,23.08
1785431650,2.342015,3.679417,23.05
1785431660,2.352701,3.697386,23.05
1785431670,2.343796,3.684702,23.06
1785431680,2.334891,3.669904,23.04
1785431690,2.345577,3.684702,23.05
1785431700,2.343796,3.681531,23.05
1785431710,2.345577,3.685759,23.06
1785431720,2.35092,3.695272,23.06
1785431730,2.338453,3.674132,23.06
1785431740,2.336672,3.673075,23.05
1785431750,2.340234,3.677303,23.05
1785431760,2.349139,3.693158,23.04
1785431770,2.347358,3.686816,23.04
1785431780,2.345577,3.686816,23.05
1785431790,2.342015,3.679417,23.05
1785431800,2.356263,3.702671,23.05
1785431810,2.352701,3.695272,23.02
1785431820,2.349139,3.692101,23.04
1785431830,2.347358,3.686816,23.01
1785431840,2.352701,3.698443,23.02
1785431850,2.365168,3.717469,23.04
1785431860,2.342015,3.681531,23.01
1785431870,2.354482,3.6995,23.02
1785431880,2.349139,3.693158,23.02
1785431890,2.345577,3.684702,23.01
1785431900,2.343796,3.682588,23.02
1785431910,2.365168,3.715355,23.01
1785431920,2.35092,3.695272,23.02
1785431930,2.35092,3.695272,23.04
1785431940,2.349139,3.692101,23.02
1785431950,2.358044,3.7047849999999998,23.02
1785431960,2.359825,3.707956,23.04
1785431970,2.356263,3.7047849999999998,23.01
1785431980,2.356263,3.703728,23.02
1785431990,2.356263,3.702671,23.04
1785432000,2.354482,3.701614,23.04
1785432010,2.35092,3.694215,23.02
1785432020,2.361606,3.711127,23.01
1785432030,2.354482,3.701614,23.01
1785432040,2.343796,3.686816,23.01
1785432050,2.358044,3.709013,22.99
1785432060,2.356263,3.706899,22.99
1785432070,2.356263,3.705842,22.98
1785432080,2.352701,3.6995,22.98
1785432090,2.359825,3.713241,23.01
1785432100,2.356263,3.706899,22.98
1785432110,2.356263,3.707956,22.98
1785432120,2.363387,3.7185259999999998,22.98
1785432130,2.358044,3.712184,22.97
1785432140,2.358044,3.709013,22.99
1785432150,2.354482,3.702671,22.98
1785432160,2.359825,3.713241,22.99
1785432170,2.359825,3.711127,22.97
1785432180,2.359825,3.712184,22.98
1785432190,2.352701,3.703728,22.98
1785432200,2.356263,3.71007,22.99
1785432210,2.354482,3.706899,22.98
1785432220,2.354482,3.705842,22.99
1785432230,2.359825,3.714298,22.98
1785432240,2.366949,3.724868,22.99
1785432250,2.361606,3.717469,22.98
1785432260,2.361606,3.7185259999999998,22.98
1785432270,2.366949,3.725925,22.95
1785432280,2.363387,3.721697,22.99
1785432290,2.359825,3.715355,22.98
1785432300,2.359825,3.715355,22.95
1785432310,2.359825,3.714298,22.98
1785432320,2.361606,3.717469,22.98
1785432330,2.361606,3.719583,22.97
1785432340,2.365168,3.723811,22.98
1785432350,2.354482,3.707956,22.98
1785432360,2.359825,3.715355,22.97
1785432370,2.356263,3.711127,22.98
1785432380,2.361606,3.717469,22.98
1785432390,2.361606,3.716412,22.98
1785432400,2.361606,3.7185259999999998,22.98
1785432410,2.356263,3.711127,22.98
1785432420,2.359825,3.717469,22.98
1785432430,2.356263,3.71007,23.01
1785432440,2.358044,3.714298,22.98
1785432450,2.356263,3.71007,22.99
1785432460,2.361606,3.72064,22.99
1785432470,2.363387,3.722754,22.99
1785432480,2.374073,3.737552,22.98
1785432490,2.365168,3.723811,22.97
1785432500,2.359825,3.715355,22.97
1785432510,2.366949,3.726982,22.99
1785432520,2.372292,3.734381,22.97
1785432530,2.366949,3.729096,22.97
1785432540,2.365168,3.722754,22.98
1785432550,2.375854,3.740723,23.01
1785432560,2.370511,3.732267,22.99
1785432570,2.363387,3.722754,22.99
1785432580,2.359825,3.716412,22.97
1785432590,2.370511,3.734381,22.98
1785432600,2.374073,3.739666,22.98
1785432610,2.366949,3.728039,22.98
1785432620,2.363387,3.721697,22.98
1785432630,2.363387,3.722754,22.97
1785432640,2.366949,3.729096,22.97
1785432650,2.356263,3.711127,22.97
1785432660,2.363387,3.721697,22.98
1785432670,2.363387,3.72064,22.95
1785432680,2.372292,3.737552,22.97
1785432690,2.365168,3.724868,22.97
1785432700,2.370511,3.733324,22.98
1785432710,2.370511,3.733324,22.98
1785432720,2.358044,3.712184,22.98
1785432730,2.359825,3.716412,22.97
1785432740,2.370511,3.733324,22.95
1785432750,2.375854,3.74178,22.95
1785432760,2.372292,3.733324,22.97
1785432770,2.374073,3.736495,22.94
1785432780,2.3687300000000002,3.730153,22.94
1785432790,2.377635,3.740723,22.94
1785432800,2.363387,3.7185259999999998,22.95
1785432810,2.375854,3.738609,22.93
1785432820,2.372292,3.734381,22.95
1785432830,2.3687300000000002,3.725925,22.93
1785432840,2.372292,3.732267,22.93
1785432850,2.379416,3.74178,22.91
1785432860,2.358044,3.707956,22.94
1785432870,2.370511,3.729096,22.9
1785432880,2.384759,3.751293,22.9
1785432890,2.370511,3.728039,22.91
1785432900,2.374073,3.733324,22.91
1785432910,2.370511,3.728039,22.94
1785432920,2.3687300000000002,3.724868,22.9
1785432930,2.370511,3.730153,22.91
1785432940,2.3687300000000002,3.726982,22.93
1785432950,2.372292,3.73121,22.91
1785432960,2.377635,3.740723,22.91
1785432970,2.3687300000000002,3.724868,22.91
1785432980,2.370511,3.726982,22.91
1785432990,2.377635,3.738609,22.91
1785433000,2.361606,3.713241,22.9
1785433010,2.375854,3.734381,22.9
1785433020,2.38654,3.751293,22.88
1785433030,2.375854,3.733324,22.88
1785433040,2.372292,3.730153,22.9
1785433050,2.370511,3.725925,22.9
1785433060,2.377635,3.737552,22.88
1785433070,2.374073,3.732267,22.9
1785433080,2.365168,3.716412,22.93
1785433090,2.375854,3.732267,22.93
1785433100,2.366949,3.717469,22.9
1785433110,2.374073,3.729096,22.94
1785433120,2.377635,3.734381,22.91
1785433130,2.356263,3.6995,22.94
1785433140,2.377635,3.734381,22.91
1785433150,2.372292,3.728039,22.88
1785433160,2.3687300000000002,3.722754,22.94
1785433170,2.372292,3.728039,22.93
1785433180,2.363387,3.713241,22.91
1785433190,2.3811970000000002,3.740723,22.91
1785433200,2.375854,3.730153,22.93
1785433210,2.374073,3.726982,22.93
1785433220,2.372292,3.725925,22.9
1785433230,2.375854,3.730153,22.91
1785433240,2.377635,3.733324,22.93
1785433250,2.377635,3.732267,22.9
1785433260,2.3687300000000002,3.7185259999999998,22.93
1785433270,2.374073,3.728039,22.91
1785433280,2.372292,3.724868,22.91
1785433290,2.375854,3.729096,22.93
1785433300,2.382978,3.74178,22.91
1785433310,2.3811970000000002,3.738609,22.91
1785433320,2.358044,3.702671,22.9
1785433330,2.370511,3.7185259999999998,22.88
1785433340,2.3811970000000002,3.737552,22.9
1785433350,2.374073,3.725925,22.91
1785433360,2.361606,3.705842,22.91
1785433370,2.370511,3.721697,22.88
1785433380,2.363387,3.706899,22.87
1785433390,2.370511,3.72064,22.87
1785433400,2.372292,3.721697,22.87
1785433410,2.372292,3.722754,22.9
1785433420,2.379416,3.734381,22.88
1785433430,2.3687300000000002,3.719583,22.87
1785433440,2.366949,3.714298,22.84
1785433450,2.370511,3.719583,22.85
1785433460,2.377635,3.73121,22.87
1785433470,2.363387,3.707956,22.83
1785433480,2.366949,3.714298,22.87
1785433490,2.377635,3.729096,22.87
1785433500,2.377635,3.73121,22.84
1785433510,2.372292,3.722754,22.81
1785433520,2.366949,3.713241,22.84
1785433530,2.372292,3.721697,22.83
1785433540,2.374073,3.724868,22.85
1785433550,2.356263,3.698443,22.85
1785433560,2.366949,3.715355,22.85
1785433570,2.365168,3.712184,22.84
1785433580,2.372292,3.721697,22.87
1785433590,2.361606,3.7047849999999998,22.84
1785433600,2.374073,3.725925,22.87
1785433610,2.365168,3.711127,22.85
1785433620,2.3687300000000002,3.7185259999999998,22.85
1785433630,2.374073,3.726982,22.85
1785433640,2.370511,3.72064,22.85
1785433650,2.370511,3.72064,22.85
1785433660,2.365168,3.714298,22.87
1785433670,2.3687300000000002,3.717469,22.85
1785433680,2.354482,3.694215,22.87
1785433690,2.366949,3.714298,22.85
1785433700,2.363387,3.709013,22.87
1785433710,2.3687300000000002,3.716412,22.85
1785433720,2.361606,3.707956,22.88
1785433730,2.366949,3.716412,22.84
1785433740,2.359825,3.703728,22.85
1785433750,2.359825,3.7047849999999998,22.88
1785433760,2.359825,3.702671,22.85
1785433770,2.356263,3.698443,22.84
1785433780,2.3687300000000002,3.717469,22.85
1785433790,2.366949,3.714298,22.84
1785433800,2.359825,3.702671,22.84
1785433810,2.358044,3.701614,22.85
1785433820,2.359825,3.702671,22.84
1785433830,2.359825,3.703728,22.84
1785433840,2.354482,3.694215,22.79
1785433850,2.363387,3.71007,22.84
1785433860,2.3687300000000002,3.7185259999999998,22.83
1785433870,2.358044,3.700557,22.81
1785433880,2.358044,3.701614,22.83
1785433890,2.356263,3.6995,22.81
1785433900,2.361606,3.707956,22.81
1785433910,2.345577,3.683645,22.83
1785433920,2.354482,3.698443,22.81
1785433930,2.363387,3.71007,22.81
1785433940,2.356263,3.6995,22.84
1785433950,2.363387,3.71007,22.81
1785433960,2.354482,3.695272,22.79
1785433970,2.349139,3.689987,22.79
1785433980,2.358044,3.7047849999999998,22.81
1785433990,2.343796,3.681531,22.83
1785434000,2.35092,3.692101,22.81
1785434010,2.356263,3.702671,22.83
1785434020,2.356263,3.703728,22.79
1785434030,2.352701,3.695272,22.83
1785434040,2.345577,3.684702,22.84
1785434050,2.349139,3.689987,22.79
1785434060,2.347358,3.68893,22.81
1785434070,2.347358,3.68893,22.81
1785434080,2.349139,3.6910439999999998,22.83
1785434090,2.349139,3.692101,22.81
1785434100,2.35092,3.693158,22.83
1785434110,2.352701,3.698443,22.83
1785434120,2.343796,3.683645,22.84
1785434130,2.349139,3.692101,22.84
1785434140,2.363387,3.717469,22.84
1785434150,2.356263,3.706899,22.84
1785434160,2.347358,3.692101,22.83
1785434170,2.358044,3.707956,22.87
1785434180,2.358044,3.709013,22.84
1785434190,2.347358,3.6910439999999998,22.85
1785434200,2.347358,3.693158,22.84
1785434210,2.336672,3.675189,22.87
1785434220,2.343796,3.685759,22.83
1785434230,2.343796,3.684702,22.83
1785434240,2.343796,3.685759,22.85
1785434250,2.340234,3.679417,22.83
1785434260,2.340234,3.682588,22.84
1785434270,2.345577,3.68893,22.84
1785434280,2.359825,3.713241,22.85
1785434290,2.340234,3.682588,22.83
1785434300,2.347358,3.694215,22.83
1785434310,2.345577,3.689987,22.84
1785434320,2.345577,3.6910439999999998,22.85
1785434330,2.331329,3.66779,22.85
1785434340,2.342015,3.682588,22.87
1785434350,2.340234,3.680474,22.85
1785434360,2.342015,3.683645,22.85
1785434370,2.347358,3.694215,22.87
1785434380,2.343796,3.687873,22.85
1785434390,2.347358,3.6910439999999998,22.87
1785434400,2.340234,3.682588,22.85
1785434410,2.342015,3.682588,22.87
1785434420,2.343796,3.685759,22.87
1785434430,2.336672,3.675189,22.87
1785434440,2.338453,3.67836,22.85
1785434450,2.343796,3.68893,22.84
1785434460,2.338453,3.680474,22.84
1785434470,2.338453,3.679417,22.87
1785434480,2.342015,3.684702,22.85
1785434490,2.343796,3.686816,22.84
1785434500,2.35092,3.6995,22.85
1785434510,2.35092,3.6995,22.84
1785434520,2.342015,3.686816,22.84
1785434530,2.340234,3.683645,22.84
1785434540,2.342015,3.686816,22.81
1785434550,2.342015,3.687873,22.81
1785434560,2.342015,3.686816,22.81
1785434570,2.342015,3.687873,22.81
1785434580,2.340234,3.682588,22.83
1785434590,2.336672,3.676246,22.83
1785434600,2.342015,3.684702,22.79
1785434610,2.347358,3.695272,22.83
1785434620,2.347358,3.693158,22.81
1785434630,2.331329,3.670961,22.81
1785434640,2.329548,3.665676,22.81
1785434650,2.338453,3.681531,22.77
1785434660,2.334891,3.677303,22.77
1785434670,2.340234,3.684702,22.78
1785434680,2.343796,3.68893,22.77
1785434690,2.347358,3.694215,22.78
1785434700,2.340234,3.683645,22.79
1785434710,2.352701,3.7047849999999998,22.78
1785434720,2.331329,3.670961,22.79
1785434730,2.352701,3.702671,22.79
1785434740,2.35092,3.6995,22.79
1785434750,2.340234,3.684702,22.79
1785434760,2.347358,3.695272,22.81
1785434770,2.349139,3.698443,22.81
1785434780,2.33311,3.674132,22.83
1785434790,2.342015,3.686816,22.83
1785434800,2.336672,3.677303,22.83
1785434810,2.336672,3.677303,22.81
1785434820,2.325986,3.662505,22.83
1785434830,2.338453,3.680474,22.83
1785434840,2.342015,3.685759,22.79
1785434850,2.334891,3.675189,22.81
1785434860,2.343796,3.6910439999999998,22.81
1785434870,2.347358,3.695272,22.81
1785434880,2.342015,3.68893,22.79
1785434890,2.340234,3.684702,22.79
1785434900,2.347358,3.695272,22.79
1785434910,2.336672,3.67836,22.78
1785434920,2.347358,3.695272,22.79
1785434930,2.345577,3.693158,22.79
1785434940,2.349139,3.695272,22.83
1785434950,2.336672,3.676246,22.81
1785434960,2.345577,3.693158,22.78
1785434970,2.340234,3.682588,22.79
1785434980,2.343796,3.689987,22.81
1785434990,2.345577,3.692101,22.79
1785435000,2.336672,3.677303,22.78
1785435010,2.343796,3.689987,22.79
1785435020,2.345577,3.692101,22.79
1785435030,2.342015,3.685759,22.78
1785435040,2.343796,3.689987,22.77
1785435050,2.345577,3.692101,22.75
1785435060,2.345577,3.68893,22.78
1785435070,2.356263,3.706899,22.79
1785435080,2.347358,3.694215,22.78
1785435090,2.336672,3.676246,22.79
1785435100,2.354482,3.701614,22.78
1785435110,2.342015,3.682588,22.77
1785435120,2.343796,3.684702,22.78
1785435130,2.347358,3.68893,22.78
1785435140,2.340234,3.67836,22.77
1785435150,2.343796,3.683645,22.77
1785435160,2.340234,3.67836,22.77
1785435170,2.35092,3.694215,22.77
1785435180,2.342015,3.681531,22.77
1785435190,2.342015,3.680474,22.78
1785435200,2.349139,3.689987,22.75
1785435210,2.347358,3.689987,22.75
1785435220,2.349139,3.692101,22.77
1785435230,2.347358,3.689987,22.73
1785435240,2.349139,3.693158,22.74
1785435250,2.343796,3.683645,22.75
1785435260,2.35092,3.696329,22.75
1785435270,2.356263,3.703728,22.74
1785435280,2.345577,3.685759,22.75
1785435290,2.347358,3.689987,22.74
1785435300,2.35092,3.696329,22.75
1785435310,2.340234,3.67836,22.75
1785435320,2.35092,3.696329,22.77
1785435330,2.347358,3.687873,22.77
1785435340,2.347358,3.687873,22.75
1785435350,2.345577,3.684702,22.77
1785435360,2.345577,3.684702,22.77
1785435370,2.345577,3.686816,22.77
1785435380,2.356263,3.700557,22.74
1785435390,2.359825,3.7047849999999998,22.74
1785435400,2.358044,3.703728,22.75
1785435410,2.347358,3.684702,22.73
1785435420,2.349139,3.68893,22.74
1785435430,2.354482,3.698443,22.74
1785435440,2.358044,3.703728,22.71
1785435450,2.352701,3.6910439999999998,22.74
1785435460,2.358044,3.701614,22.74
1785435470,2.358044,3.701614,22.74
1785435480,2.354482,3.694215,22.75
1785435490,2.354482,3.695272,22.73
1785435500,2.358044,3.701614,22.73
1785435510,2.349139,3.686816,22.73
1785435520,2.361606,3.705842,22.74
1785435530,2.356263,3.6995,22.73
1785435540,2.359825,3.7047849999999998,22.73
1785435550,2.354482,3.694215,22.74
1785435560,2.354482,3.696329,22.74
1785435570,2.363387,3.707956,22.71
1785435580,2.354482,3.694215,22.74
1785435590,2.363387,3.709013,22.73
1785435600,2.3687300000000002,3.717469,22.74
1785435610,2.363387,3.711127,22.75
1785435620,2.365168,3.71007,22.74
1785435630,2.372292,3.722754,22.75
1785435640,2.359825,3.701614,22.74
1785435650,2.363387,3.705842,22.71
1785435660,2.366949,3.713241,22.73
1785435670,2.365168,3.71007,22.75
1785435680,2.3687300000000002,3.716412,22.73
1785435690,2.363387,3.706899,22.71
1785435700,2.363387,3.706899,22.73
1785435710,2.363387,3.707956,22.73
1785435720,2.359825,3.702671,22.73
1785435730,2.365168,3.711127,22.73
1785435740,2.365168,3.71007,22.71
1785435750,2.358044,3.700557,22.71
1785435760,2.359825,3.702671,22.68
1785435770,2.366949,3.714298,22.75
1785435780,2.372292,3.723811,22.71
1785435790,2.359825,3.702671,22.71
1785435800,2.372292,3.721697,22.71
1785435810,2.359825,3.701614,22.71
1785435820,2.370511,3.719583,22.71
1785435830,2.372292,3.72064,22.71
1785435840,2.358044,3.700557,22.71
1785435850,2.370511,3.72064,22.73
1785435860,2.370511,3.719583,22.73
1785435870,2.358044,3.6995,22.73
1785435880,2.370511,3.717469,22.71
1785435890,2.366949,3.713241,22.7
1785435900,2.365168,3.71007,22.7
1785435910,2.354482,3.693158,22.7
1785435920,2.3687300000000002,3.717469,22.71
1785435930,2.354482,3.693158,22.71
1785435940,2.375854,3.726982,22.71
1785435950,2.377635,3.730153,22.71
1785435960,2.366949,3.712184,22.71
1785435970,2.3687300000000002,3.716412,22.73
1785435980,2.363387,3.706899,22.71
1785435990,2.366949,3.713241,22.71
1785436000,2.365168,3.711127,22.71
1785436010,2.375854,3.729096,22.73
1785436020,2.370511,3.7185259999999998,22.75
1785436030,2.363387,3.709013,22.74
1785436040,2.372292,3.721697,22.75
1785436050,2.374073,3.726982,22.75
1785436060,2.3687300000000002,3.715355,22.75
1785436070,2.377635,3.729096,22.75
1785436080,2.375854,3.726982,22.74
1785436090,2.375854,3.729096,22.75
1785436100,2.377635,3.730153,22.77
1785436110,2.372292,3.721697,22.75
1785436120,2.382978,3.740723,22.75
1785436130,2.377635,3.730153,22.75
1785436140,2.377635,3.732267,22.75
1785436150,2.382978,3.740723,22.75
1785436160,2.3687300000000002,3.716412,22.78
1785436170,2.3687300000000002,3.7185259999999998,22.75
1785436180,2.370511,3.72064,22.78
1785436190,2.366949,3.714298,22.75
1785436200,2.366949,3.715355,22.75
1785436210,2.370511,3.723811,22.75
1785436220,2.372292,3.726982,22.77
1785436230,2.379416,3.736495,22.77
1785436240,2.372292,3.728039,22.75
1785436250,2.377635,3.734381,22.77
1785436260,2.377635,3.733324,22.75
1785436270,2.3811970000000002,3.738609,22.78
1785436280,2.379416,3.737552,22.75
1785436290,2.384759,3.743894,22.78
1785436300,2.379416,3.734381,22.77
1785436310,2.375854,3.73121,22.78
1785436320,2.382978,3.739666,22.78
1785436330,2.370511,3.722754,22.75
1785436340,2.382978,3.740723,22.77
1785436350,2.382978,3.739666,22.75
1785436360,2.374073,3.728039,22.75
1785436370,2.38654,3.747065,22.75
1785436380,2.379416,3.736495,22.75
1785436390,2.374073,3.728039,22.74
1785436400,2.382978,3.742837,22.74
1785436410,2.382978,3.742837,22.75
1785436420,2.375854,3.732267,22.77
1785436430,2.388321,3.751293,22.77
1785436440,2.374073,3.730153,22.74
1785436450,2.3811970000000002,3.738609,22.71
1785436460,2.3687300000000002,3.721697,22.74
1785436470,2.382978,3.742837,22.74
1785436480,2.375854,3.732267,22.74
1785436490,2.38654,3.750236,22.74
1785436500,2.384759,3.749179,22.75
1785436510,2.384759,3.748122,22.73
1785436520,2.379416,3.738609,22.75
1785436530,2.3687300000000002,3.721697,22.75
1785436540,2.361606,3.712184,22.74
1785436550,2.382978,3.744951,22.75
1785436560,2.384759,3.748122,22.74
1785436570,2.384759,3.748122,22.74
1785436580,2.38654,3.749179,22.73
1785436590,2.382978,3.744951,22.73
1785436600,2.375854,3.734381,22.71
1785436610,2.379416,3.74178,22.74
1785436620,2.377635,3.739666,22.7
1785436630,2.384759,3.748122,22.7
1785436640,2.3811970000000002,3.74178,22.71
1785436650,2.384759,3.748122,22.71
1785436660,2.3811970000000002,3.743894,22.7
1785436670,2.390102,3.757635,22.71
1785436680,2.3811970000000002,3.743894,22.73
1785436690,2.384759,3.749179,22.73
1785436700,2.382978,3.747065,22.71
1785436710,2.375854,3.737552,22.7
1785436720,2.379416,3.74178,22.71
1785436730,2.384759,3.750236,22.71
1785436740,2.384759,3.751293,22.71
1785436750,2.3811970000000002,3.744951,22.68
1785436760,2.390102,3.758692,22.7
1785436770,2.384759,3.751293,22.7
1785436780,2.384759,3.749179,22.71
1785436790,2.391883,3.760806,22.73
1785436800,2.382978,3.748122,22.71
1785436810,2.384759,3.747065,22.71
1785436820,2.388321,3.75235,22.7
1785436830,2.3811970000000002,3.744951,22.73
1785436840,2.38654,3.751293,22.73
1785436850,2.38654,3.753407,22.71
1785436860,2.3936640000000002,3.76292,22.73
1785436870,2.3811970000000002,3.742837,22.7
1785436880,2.384759,3.750236,22.7
1785436890,2.388321,3.755521,22.68
1785436900,2.399007,3.771376,22.67
1785436910,2.38654,3.754464,22.7
1785436920,2.391883,3.760806,22.65
1785436930,2.3936640000000002,3.76292,22.68
1785436940,2.382978,3.748122,22.65
1785436950,2.390102,3.757635,22.65
1785436960,2.390102,3.757635,22.67
1785436970,2.411474,3.791459,22.65
1785436980,2.391883,3.760806,22.67
1785436990,2.395445,3.767148,22.67
1785437000,2.3936640000000002,3.76292,22.64
1785437010,2.400788,3.774547,22.65
1785437020,2.3936640000000002,3.763977,22.64
1785437030,2.390102,3.758692,22.65
1785437040,2.395445,3.766091,22.64
1785437050,2.395445,3.767148,22.65
1785437060,2.4061310000000002,3.783003,22.65
1785437070,2.402569,3.778775,22.67
1785437080,2.3936640000000002,3.765034,22.68
1785437090,2.400788,3.775604,22.67
1785437100,2.395445,3.768205,22.67
1785437110,2.397226,3.770319,22.67
1785437120,2.397226,3.770319,22.7
1785437130,2.400788,3.775604,22.67
1785437140,2.399007,3.771376,22.7
1785437150,2.402569,3.777718,22.68
1785437160,2.397226,3.771376,22.7
1785437170,2.400788,3.774547,22.67
1785437180,2.3936640000000002,3.765034,22.68
1785437190,2.400788,3.77349,22.67
1785437200,2.3936640000000002,3.766091,22.65
1785437210,2.390102,3.758692,22.68
1785437220,2.397226,3.768205,22.67
1785437230,2.402569,3.778775,22.65
1785437240,2.400788,3.776661,22.67
1785437250,2.4061310000000002,3.781946,22.65
1785437260,2.3936640000000002,3.76292,22.65
1785437270,2.397226,3.771376,22.67
1785437280,2.391883,3.761863,22.65
1785437290,2.402569,3.776661,22.65
1785437300,2.40435,3.781946,22.64
1785437310,2.395445,3.766091,22.63
1785437320,2.4061310000000002,3.783003,22.65
1785437330,2.40435,3.779832,22.65
1785437340,2.40435,3.779832,22.64
1785437350,2.3936640000000002,3.76292,22.63
1785437360,2.402569,3.776661,22.65
1785437370,2.402569,3.776661,22.64
1785437380,2.400788,3.772433,22.64
1785437390,2.409693,3.789345,22.65
1785437400,2.40435,3.779832,22.65
1785437410,2.402569,3.775604,22.65
1785437420,2.402569,3.775604,22.67
1785437430,2.409693,3.786174,22.65
1785437440,2.402569,3.777718,22.65
1785437450,2.4061310000000002,3.78406,22.65
1785437460,2.4061310000000002,3.781946,22.65
1785437470,2.407912,3.786174,22.65
1785437480,2.402569,3.775604,22.65
1785437490,2.40435,3.778775,22.65
1785437500,2.399007,3.771376,22.67
1785437510,2.407912,3.785117,22.65
1785437520,2.411474,3.790402,22.64
1785437530,2.402569,3.777718,22.67
1785437540,2.409693,3.786174,22.64
1785437550,2.40435,3.776661,22.64
1785437560,2.413255,3.792516,22.67
1785437570,2.411474,3.788288,22.64
1785437580,2.409693,3.786174,22.67
1785437590,2.413255,3.792516,22.65
1785437600,2.413255,3.791459,22.64
1785437610,2.415036,3.795687,22.65
1785437620,2.407912,3.781946,22.65
1785437630,2.4061310000000002,3.780889,22.65
1785437640,2.40435,3.778775,22.64
1785437650,2.40435,3.776661,22.63
1785437660,2.409693,3.785117,22.64
1785437670,2.415036,3.793573,22.63
1785437680,2.413255,3.789345,22.65
1785437690,2.415036,3.791459,22.67
1785437700,2.4061310000000002,3.779832,22.65
1785437710,2.411474,3.789345,22.68
1785437720,2.409693,3.78406,22.68
1785437730,2.409693,3.785117,22.67
1785437740,2.409693,3.786174,22.65
1785437750,2.411474,3.786174,22.67
1785437760,2.4061310000000002,3.779832,22.65
1785437770,2.4185980000000002,3.800972,22.67
1785437780,2.42216,3.803086,22.67
1785437790,2.411474,3.787231,22.67
1785437800,2.413255,3.789345,22.68
1785437810,2.413255,3.791459,22.64
1785437820,2.415036,3.792516,22.67
1785437830,2.413255,3.790402,22.65
1785437840,2.411474,3.786174,22.65
1785437850,2.415036,3.790402,22.67
1785437860,2.415036,3.791459,22.65
1785437870,2.411474,3.787231,22.67
1785437880,2.40435,3.77349,22.68
1785437890,2.4185980000000002,3.797801,22.65
1785437900,2.409693,3.783003,22.67
1785437910,2.409693,3.781946,22.67
1785437920,2.409693,3.783003,22.67
1785437930,2.407912,3.778775,22.67
1785437940,2.416817,3.793573,22.68
1785437950,2.42216,3.802029,22.65
1785437960,2.420379,3.799915,22.67
1785437970,2.416817,3.793573,22.67
1785437980,2.427503,3.809428,22.64
1785437990,2.416817,3.793573,22.67
1785438000,2.4185980000000002,3.796744,22.67
1785438010,2.411474,3.783003,22.67
1785438020,2.4185980000000002,3.795687,22.67
1785438030,2.411474,3.783003,22.65
1785438040,2.420379,3.796744,22.67
1785438050,2.413255,3.786174,22.65
1785438060,2.416817,3.790402,22.67
1785438070,2.420379,3.796744,22.63
1785438080,2.416817,3.791459,22.64
1785438090,2.4185980000000002,3.793573,22.64
1785438100,2.420379,3.797801,22.65
1785438110,2.411474,3.78406,22.64
1785438120,2.427503,3.808371,22.64
1785438130,2.42216,3.800972,22.64
1785438140,2.4185980000000002,3.793573,22.64
1785438150,2.416817,3.790402,22.64
1785438160,2.4185980000000002,3.791459,22.61
1785438170,2.4185980000000002,3.791459,22.63
1785438180,2.423941,3.799915,22.61
1785438190,2.415036,3.787231,22.61
1785438200,2.413255,3.786174,22.64
1785438210,2.409693,3.780889,22.64
1785438220,2.413255,3.78406,22.63
1785438230,2.420379,3.796744,22.63
1785438240,2.415036,3.788288,22.64
1785438250,2.42216,3.797801,22.63
1785438260,2.4310650000000003,3.812599,22.63
1785438270,2.4185980000000002,3.792516,22.63
1785438280,2.409693,3.778775,22.65
1785438290,2.416817,3.789345,22.63
1785438300,2.415036,3.786174,22.63
1785438310,2.4185980000000002,3.791459,22.64
1785438320,2.423941,3.799915,22.64
1785438330,2.42216,3.798858,22.6
1785438340,2.427503,3.806257,22.63
1785438350,2.416817,3.789345,22.63
1785438360,2.420379,3.795687,22.64
1785438370,2.4185980000000002,3.789345,22.64
1785438380,2.416817,3.788288,22.63
1785438390,2.40435,3.768205,22.64
1785438400,2.420379,3.792516,22.63
1785438410,2.425722,3.800972,22.6
1785438420,2.4185980000000002,3.789345,22.64
1785438430,2.4310650000000003,3.807314,22.63
1785438440,2.438189,3.822112,22.61
1785438450,2.411474,3.778775,22.61
1785438460,2.416817,3.786174,22.61
1785438470,2.416817,3.787231,22.58
1785438480,2.415036,3.785117,22.6
1785438490,2.42216,3.793573,22.61
1785438500,2.420379,3.793573,22.6
1785438510,2.432846,3.812599,22.61
1785438520,2.4185980000000002,3.791459,22.6
1785438530,2.429284,3.807314,22.63
1785438540,2.420379,3.791459,22.61
1785438550,2.415036,3.786174,22.6
1785438560,2.423941,3.797801,22.61
1785438570,2.420379,3.791459,22.6
1785438580,2.42216,3.79463,22.61
1785438590,2.420379,3.793573,22.61
1785438600,2.420379,3.792516,22.61
1785438610,2.420379,3.792516,22.61
1785438620,2.425722,3.800972,22.58
1785438630,2.423941,3.798858,22.58
1785438640,2.420379,3.791459,22.61
1785438650,2.432846,3.812599,22.63
1785438660,2.42216,3.795687,22.6
1785438670,2.413255,3.779832,22.6
1785438680,2.420379,3.790402,22.58
1785438690,2.425722,3.802029,22.58
1785438700,2.42216,3.795687,22.6
1785438710,2.416817,3.786174,22.58
1785438720,2.427503,3.803086,22.57
1785438730,2.415036,3.785117,22.58
1785438740,2.413255,3.780889,22.57
1785438750,2.411474,3.777718,22.61
1785438760,2.415036,3.785117,22.6
1785438770,2.416817,3.786174,22.57
1785438780,2.423941,3.797801,22.57
1785438790,2.415036,3.786174,22.58
1785438800,2.4185980000000002,3.790402,22.58
1785438810,2.423941,3.797801,22.57
1785438820,2.409693,3.777718,22.57
1785438830,2.425722,3.799915,22.58
1785438840,2.411474,3.778775,22.57
1785438850,2.416817,3.788288,22.58
1785438860,2.423941,3.798858,22.57
1785438870,2.423941,3.797801,22.55
1785438880,2.4185980000000002,3.792516,22.57
1785438890,2.420379,3.79463,22.57
1785438900,2.4185980000000002,3.790402,22.57
1785438910,2.411474,3.778775,22.55
1785438920,2.415036,3.785117,22.57
1785438930,2.420379,3.79463,22.57
1785438940,2.425722,3.802029,22.57
1785438950,2.423941,3.797801,22.57
1785438960,2.420379,3.793573,22.57
1785438970,2.415036,3.78406,22.55
1785438980,2.423941,3.798858,22.57
1785438990,2.413255,3.78406,22.57
1785439000,2.413255,3.783003,22.54
1785439010,2.40435,3.768205,22.55
1785439020,2.420379,3.79463,22.54
1785439030,2.416817,3.788288,22.55
1785439040,2.416817,3.788288,22.55
1785439050,2.4185980000000002,3.790402,22.55
1785439060,2.4185980000000002,3.792516,22.55
1785439070,2.4185980000000002,3.793573,22.55
1785439080,2.409693,3.777718,22.54
1785439090,2.4185980000000002,3.793573,22.57
1785439100,2.416817,3.791459,22.58
1785439110,2.415036,3.786174,22.57
1785439120,2.423941,3.798858,22.54
1785439130,2.420379,3.795687,22.54
1785439140,2.4185980000000002,3.792516,22.57
1785439150,2.416817,3.786174,22.55
1785439160,2.411474,3.779832,22.54
1785439170,2.415036,3.788288,22.54
1785439180,2.416817,3.792516,22.54
1785439190,2.413255,3.78406,22.55
1785439200,2.407912,3.777718,22.57
1785439210,2.409693,3.779832,22.55
1785439220,2.409693,3.777718,22.54
1785439230,2.4061310000000002,3.771376,22.51
1785439240,2.416817,3.789345,22.57
1785439250,2.413255,3.781946,22.54
1785439260,2.409693,3.778775,22.55
1785439270,2.4185980000000002,3.793573,22.54
1785439280,2.407912,3.775604,22.54
1785439290,2.415036,3.787231,22.55
1785439300,2.4061310000000002,3.774547,22.51
1785439310,2.415036,3.787231,22.54
1785439320,2.407912,3.777718,22.54
1785439330,2.423941,3.802029,22.53
1785439340,2.411474,3.783003,22.55
1785439350,2.40435,3.771376,22.55
1785439360,2.407912,3.775604,22.55
1785439370,2.416817,3.791459,22.55
1785439380,2.416817,3.789345,22.55
1785439390,2.407912,3.775604,22.57
1785439400,2.420379,3.797801,22.57
1785439410,2.4061310000000002,3.775604,22.57
1785439420,2.4061310000000002,3.775604,22.55
1785439430,2.415036,3.789345,22.57
1785439440,2.409693,3.779832,22.54
1785439450,2.402569,3.769262,22.55
1785439460,2.402569,3.767148,22.57
1785439470,2.415036,3.789345,22.55
1785439480,2.416817,3.792516,22.53
1785439490,2.411474,3.78406,22.55
1785439500,2.413255,3.787231,22.55
1785439510,2.407912,3.778775,22.6
1785439520,2.407912,3.778775,22.58
1785439530,2.4185980000000002,3.79463,22.57
1785439540,2.4061310000000002,3.77349,22.6
1785439550,2.407912,3.780889,22.57
1785439560,2.413255,3.786174,22.58
1785439570,2.400788,3.769262,22.57
1785439580,2.407912,3.778775,22.57
1785439590,2.409693,3.781946,22.55
1785439600,2.416817,3.79463,22.55
1785439610,2.407912,3.779832,22.54
1785439620,2.409693,3.783003,22.53
1785439630,2.400788,3.771376,22.54
1785439640,2.4061310000000002,3.778775,22.58
1785439650,2.397226,3.765034,22.55
1785439660,2.413255,3.789345,22.53
1785439670,2.409693,3.785117,22.57
1785439680,2.400788,3.770319,22.55
1785439690,2.399007,3.768205,22.54
1785439700,2.400788,3.769262,22.51
1785439710,2.400788,3.770319,22.55
1785439720,2.3936640000000002,3.757635,22.55
1785439730,2.402569,3.772433,22.54
1785439740,2.4061310000000002,3.777718,22.54
1785439750,2.3936640000000002,3.759749,22.53
1785439760,2.400788,3.770319,22.55
1785439770,2.40435,3.775604,22.53
1785439780,2.40435,3.774547,22.55
1785439790,2.409693,3.78406,22.54
1785439800,2.391883,3.755521,22.53
1785439810,2.4061310000000002,3.778775,22.53
1785439820,2.407912,3.780889,22.5
1785439830,2.395445,3.759749,22.53
1785439840,2.397226,3.763977,22.54
1785439850,2.3936640000000002,3.759749,22.53
1785439860,2.391883,3.757635,22.54
1785439870,2.395445,3.760806,22.53
1785439880,2.391883,3.756578,22.54
1785439890,2.384759,3.747065,22.55
1785439900,2.409693,3.78406,22.54
1785439910,2.395445,3.760806,22.51
1785439920,2.391883,3.757635,22.57
1785439930,2.3936640000000002,3.759749,22.55
1785439940,2.400788,3.770319,22.55
1785439950,2.390102,3.753407,22.55
1785439960,2.400788,3.772433,22.54
1785439970,2.402569,3.77349,22.51
1785439980,2.402569,3.776661,22.53
1785439990,2.395445,3.763977,22.53
1785440000,2.399007,3.770319,22.54
1785440010,2.388321,3.753407,22.53
1785440020,2.409693,3.786174,22.54
1785440030,2.3936640000000002,3.761863,22.53
1785440040,2.402569,3.774547,22.51
1785440050,2.40435,3.776661,22.53
1785440060,2.3936640000000002,3.761863,22.53
1785440070,2.397226,3.766091,22.53
1785440080,2.399007,3.768205,22.53
1785440090,2.411474,3.788288,22.53
1785440100,2.391883,3.759749,22.53
1785440110,2.400788,3.772433,22.53
1785440120,2.390102,3.757635,22.54
1785440130,2.395445,3.766091,22.53
1785440140,2.395445,3.76292,22.51
1785440150,2.388321,3.753407,22.51
1785440160,2.391883,3.760806,22.54
1785440170,2.395445,3.766091,22.54
1785440180,2.400788,3.772433,22.53
1785440190,2.391883,3.758692,22.53
1785440200,2.390102,3.757635,22.54
1785440210,2.395445,3.766091,22.53
1785440220,2.388321,3.753407,22.54
1785440230,2.388321,3.754464,22.53
1785440240,2.388321,3.753407,22.54
1785440250,2.388321,3.75235,22.54
1785440260,2.3936640000000002,3.761863,22.53
1785440270,2.388321,3.754464,22.54
1785440280,2.38654,3.751293,22.55
1785440290,2.38654,3.75235,22.54
1785440300,2.395445,3.765034,22.55
1785440310,2.390102,3.756578,22.55
1785440320,2.379416,3.739666,22.58
1785440330,2.382978,3.747065,22.54
1785440340,2.38654,3.751293,22.55
1785440350,2.390102,3.756578,22.55
1785440360,2.395445,3.765034,22.57
1785440370,2.388321,3.755521,22.55
1785440380,2.384759,3.749179,22.55
1785440390,2.388321,3.754464,22.57
1785440400,2.382978,3.744951,22.54
1785440410,2.377635,3.737552,22.55
1785440420,2.384759,3.749179,22.54
1785440430,2.384759,3.749179,22.54
1785440440,2.390102,3.756578,22.53
1785440450,2.384759,3.749179,22.54
1785440460,2.379416,3.740723,22.54
1785440470,2.38654,3.753407,22.53
1785440480,2.382978,3.747065,22.53
1785440490,2.384759,3.748122,22.54
1785440500,2.391883,3.760806,22.54
1785440510,2.384759,3.750236,22.54
1785440520,2.3936640000000002,3.761863,22.53
1785440530,2.390102,3.757635,22.54
1785440540,2.3936640000000002,3.76292,22.54
1785440550,2.384759,3.749179,22.53
1785440560,2.390102,3.756578,22.54
1785440570,2.38654,3.750236,22.53
1785440580,2.3811970000000002,3.743894,22.5
1785440590,2.388321,3.753407,22.53
1785440600,2.38654,3.750236,22.54
1785440610,2.3936640000000002,3.76292,22.54
1785440620,2.384759,3.749179,22.51
1785440630,2.382978,3.746008,22.53
1785440640,2.3811970000000002,3.739666,22.51
1785440650,2.384759,3.749179,22.53
1785440660,2.388321,3.75235,22.48
1785440670,2.390102,3.754464,22.51
1785440680,2.388321,3.75235,22.51
1785440690,2.377635,3.736495,22.51
1785440700,2.382978,3.746008,22.5
1785440710,2.379416,3.738609,22.5
1785440720,2.38654,3.751293,22.51
1785440730,2.379416,3.739666,22.53
1785440740,2.377635,3.735438,22.51
1785440750,2.384759,3.747065,22.53
1785440760,2.388321,3.751293,22.53
1785440770,2.3811970000000002,3.742837,22.48
1785440780,2.379416,3.737552,22.5
1785440790,2.3811970000000002,3.74178,22.48
1785440800,2.3811970000000002,3.740723,22.53
1785440810,2.3811970000000002,3.739666,22.5
1785440820,2.384759,3.746008,22.46
1785440830,2.388321,3.751293,22.48
1785440840,2.384759,3.747065,22.48
1785440850,2.384759,3.746008,22.48
1785440860,2.38654,3.749179,22.48
1785440870,2.3811970000000002,3.739666,22.48
1785440880,2.372292,3.726982,22.48
1785440890,2.3811970000000002,3.739666,22.5
1785440900,2.384759,3.743894,22.47
1785440910,2.38654,3.747065,22.5
1785440920,2.3811970000000002,3.739666,22.48
1785440930,2.3811970000000002,3.739666,22.5
1785440940,2.3811970000000002,3.737552,22.5
1785440950,2.3811970000000002,3.736495,22.47
1785440960,2.38654,3.747065,22.5
1785440970,2.375854,3.729096,22.5
1785440980,2.3811970000000002,3.738609,22.46
1785440990,2.375854,3.730153,22.46
1785441000,2.379416,3.735438,22.46
1785441010,2.375854,3.730153,22.47
1785441020,2.382978,3.739666,22.46
1785441030,2.384759,3.743894,22.44
1785441040,2.374073,3.726982,22.47
1785441050,2.372292,3.722754,22.47
1785441060,2.377635,3.729096,22.5
1785441070,2.382978,3.737552,22.47
1785441080,2.377635,3.730153,22.47
1785441090,2.379416,3.733324,22.5
1785441100,2.377635,3.729096,22.48
1785441110,2.384759,3.740723,22.47
1785441120,2.379416,3.73121,22.46
1785441130,2.372292,3.721697,22.47
1785441140,2.377635,3.729096,22.48
1785441150,2.377635,3.73121,22.46
1785441160,2.382978,3.740723,22.47
1785441170,2.38654,3.744951,22.46
1785441180,2.379416,3.732267,22.46
1785441190,2.390102,3.749179,22.44
1785441200,2.3811970000000002,3.736495,22.46
1785441210,2.3811970000000002,3.734381,22.46
1785441220,2.377635,3.729096,22.47
1785441230,2.3811970000000002,3.735438,22.48
1785441240,2.3811970000000002,3.735438,22.44
1785441250,2.382978,3.737552,22.47
1785441260,2.382978,3.736495,22.46
1785441270,2.3811970000000002,3.733324,22.44
1785441280,2.379416,3.732267,22.46
1785441290,2.3811970000000002,3.734381,22.48
1785441300,2.3811970000000002,3.732267,22.46
1785441310,2.382978,3.735438,22.48
1785441320,2.382978,3.735438,22.46
1785441330,2.3811970000000002,3.732267,22.44
1785441340,2.372292,3.716412,22.47
1785441350,2.384759,3.735438,22.43
1785441360,2.375854,3.722754,22.47
1785441370,2.375854,3.722754,22.47
1785441380,2.3811970000000002,3.73121,22.44
1785441390,2.3811970000000002,3.733324,22.44
1785441400,2.379416,3.73121,22.44
1785441410,2.374073,3.721697,22.44
1785441420,2.377635,3.725925,22.46
1785441430,2.377635,3.725925,22.46
1785441440,2.379416,3.729096,22.48
1785441450,2.379416,3.729096,22.47
1785441460,2.379416,3.729096,22.43
1785441470,2.382978,3.733324,22.46
1785441480,2.377635,3.724868,22.46
1785441490,2.366949,3.709013,22.47
1785441500,2.382978,3.732267,22.46
1785441510,2.377635,3.724868,22.46
1785441520,2.3811970000000002,3.732267,22.44
1785441530,2.366949,3.71007,22.44
1785441540,2.375854,3.722754,22.44
1785441550,2.375854,3.723811,22.43
1785441560,2.372292,3.7185259999999998,22.46
1785441570,2.374073,3.721697,22.44
1785441580,2.375854,3.723811,22.43
1785441590,2.384759,3.738609,22.44
1785441600,2.372292,3.7185259999999998,22.47
1785441610,2.372292,3.717469,22.44
1785441620,2.374073,3.721697,22.47
1785441630,2.370511,3.714298,22.44
1785441640,2.377635,3.728039,22.44
1785441650,2.375854,3.722754,22.44
1785441660,2.370511,3.715355,22.46
1785441670,2.375854,3.722754,22.44
1785441680,2.3687300000000002,3.711127,22.46
1785441690,2.375854,3.721697,22.47
1785441700,2.374073,3.72064,22.47
1785441710,2.38654,3.738609,22.46
1785441720,2.374073,3.72064,22.44
1785441730,2.370511,3.717469,22.46
1785441740,2.375854,3.722754,22.48
1785441750,2.374073,3.72064,22.47
1785441760,2.365168,3.706899,22.44
1785441770,2.379416,3.728039,22.43
1785441780,2.384759,3.736495,22.46
1785441790,2.372292,3.717469,22.47
1785441800,2.379416,3.729096,22.46
1785441810,2.375854,3.722754,22.42
1785441820,2.377635,3.725925,22.46
1785441830,2.3811970000000002,3.729096,22.48
1785441840,2.366949,3.71007,22.44
1785441850,2.379416,3.729096,22.46
1785441860,2.384759,3.738609,22.44
1785441870,2.370511,3.716412,22.44
1785441880,2.377635,3.728039,22.46
1785441890,2.377635,3.726982,22.44
1785441900,2.372292,3.716412,22.44
1785441910,2.370511,3.715355,22.44
1785441920,2.372292,3.7185259999999998,22.43
1785441930,2.370511,3.715355,22.44
1785441940,2.379416,3.729096,22.44
1785441950,2.374073,3.7185259999999998,22.43
1785441960,2.377635,3.725925,22.46
1785441970,2.375854,3.721697,22.44
1785441980,2.377635,3.724868,22.42
1785441990,2.377635,3.725925,22.43
1785442000,2.375854,3.722754,22.43
1785442010,2.375854,3.722754,22.43
1785442020,2.375854,3.723811,22.43
1785442030,2.374073,3.719583,22.43
1785442040,2.370511,3.714298,22.43
1785442050,2.375854,3.721697,22.43
1785442060,2.366949,3.709013,22.43
1785442070,2.370511,3.716412,22.43
1785442080,2.370511,3.714298,22.43
1785442090,2.374073,3.721697,22.43
1785442100,2.3811970000000002,3.733324,22.43
1785442110,2.372292,3.716412,22.42
1785442120,2.379416,3.728039,22.43
1785442130,2.372292,3.715355,22.46
1785442140,2.374073,3.721697,22.44
1785442150,2.379416,3.729096,22.43
1785442160,2.3687300000000002,3.71007,22.44
1785442170,2.3687300000000002,3.711127,22.43
1785442180,2.375854,3.722754,22.44
1785442190,2.372292,3.717469,22.43
1785442200,2.377635,3.725925,22.43
1785442210,2.374073,3.719583,22.44
1785442220,2.365168,3.706899,22.42
1785442230,2.375854,3.724868,22.42
1785442240,2.375854,3.723811,22.44
1785442250,2.375854,3.722754,22.39
1785442260,2.379416,3.728039,22.4
1785442270,2.374073,3.72064,22.4
1785442280,2.375854,3.721697,22.42
1785442290,2.372292,3.7185259999999998,22.42
1785442300,2.3811970000000002,3.732267,22.44
1785442310,2.374073,3.721697,22.43
1785442320,2.372292,3.719583,22.44
1785442330,2.3687300000000002,3.715355,22.43
1785442340,2.377635,3.73121,22.43
1785442350,2.375854,3.725925,22.43
1785442360,2.379416,3.73121,22.43
1785442370,2.382978,3.738609,22.43
1785442380,2.365168,3.71007,22.44
1785442390,2.370511,3.7185259999999998,22.42
1785442400,2.370511,3.717469,22.42
1785442410,2.377635,3.73121,22.42
1785442420,2.379416,3.732267,22.42
1785442430,2.372292,3.72064,22.43
1785442440,2.377635,3.729096,22.42
1785442450,2.379416,3.732267,22.42
1785442460,2.375854,3.730153,22.42
1785442470,2.377635,3.732267,22.44
1785442480,2.372292,3.723811,22.43
1785442490,2.370511,3.722754,22.44
1785442500,2.372292,3.724868,22.42
1785442510,2.375854,3.730153,22.43
1785442520,2.377635,3.733324,22.44
1785442530,2.3687300000000002,3.7185259999999998,22.43
1785442540,2.365168,3.712184,22.44
1785442550,2.374073,3.726982,22.44
1785442560,2.379416,3.737552,22.43
1785442570,2.370511,3.723811,22.42
1785442580,2.377635,3.732267,22.43
1785442590,2.379416,3.735438,22.43
1785442600,2.3811970000000002,3.736495,22.43
1785442610,2.38654,3.744951,22.44
1785442620,2.374073,3.725925,22.44
1785442630,2.377635,3.732267,22.43
1785442640,2.372292,3.721697,22.42
1785442650,2.3811970000000002,3.736495,22.42
1785442660,2.379416,3.733324,22.43
1785442670,2.374073,3.724868,22.42
1785442680,2.379416,3.736495,22.4
1785442690,2.379416,3.735438,22.44
1785442700,2.379416,3.734381,22.44
1785442710,2.377635,3.733324,22.43
1785442720,2.374073,3.726982,22.42
1785442730,2.379416,3.734381,22.43
1785442740,2.377635,3.732267,22.43
1785442750,2.372292,3.723811,22.42
1785442760,2.374073,3.726982,22.42
1785442770,2.377635,3.732267,22.42
1785442780,2.379416,3.734381,22.4
1785442790,2.3811970000000002,3.737552,22.42
1785442800,2.382978,3.740723,22.42
1785442810,2.3811970000000002,3.738609,22.42
1785442820,2.375854,3.730153,22.43
1785442830,2.375854,3.730153,22.42
1785442840,2.382978,3.740723,22.43
1785442850,2.377635,3.733324,22.4
1785442860,2.374073,3.729096,22.43
1785442870,2.374073,3.73121,22.4
1785442880,2.379416,3.737552,22.39
1785442890,2.377635,3.733324,22.4
1785442900,2.370511,3.723811,22.42
1785442910,2.375854,3.732267,22.42
1785442920,2.379416,3.739666,22.42
1785442930,2.38654,3.749179,22.39
1785442940,2.3811970000000002,3.740723,22.37
1785442950,2.379416,3.739666,22.4
1785442960,2.382978,3.743894,22.4
1785442970,2.379416,3.737552,22.39
1785442980,2.382978,3.744951,22.39
1785442990,2.374073,3.73121,22.37
1785443000,2.372292,3.726982,22.37
1785443010,2.379416,3.737552,22.39
1785443020,2.372292,3.73121,22.39
1785443030,2.379416,3.740723,22.42
1785443040,2.384759,3.75235,22.42
1785443050,2.3811970000000002,3.746008,22.4
1785443060,2.382978,3.748122,22.4
1785443070,2.388321,3.756578,22.4
1785443080,2.382978,3.749179,22.39
1785443090,2.390102,3.759749,22.39
1785443100,2.382978,3.748122,22.37
1785443110,2.384759,3.750236,22.4
1785443120,2.38654,3.751293,22.42
1785443130,2.377635,3.739666,22.4
1785443140,2.384759,3.751293,22.39
1785443150,2.382978,3.749179,22.4
1785443160,2.3811970000000002,3.746008,22.4
1785443170,2.384759,3.753407,22.39
1785443180,2.3811970000000002,3.748122,22.4
1785443190,2.382978,3.750236,22.39
1785443200,2.382978,3.751293,22.4
1785443210,2.388321,3.758692,22.4
1785443220,2.384759,3.753407,22.43
1785443230,2.391883,3.765034,22.42
1785443240,2.382978,3.751293,22.4
1785443250,2.3811970000000002,3.749179,22.39
1785443260,2.382978,3.750236,22.42
1785443270,2.382978,3.75235,22.43
1785443280,2.388321,3.759749,22.4
1785443290,2.388321,3.759749,22.43
1785443300,2.384759,3.755521,22.43
1785443310,2.390102,3.761863,22.42
1785443320,2.388321,3.758692,22.43
1785443330,2.390102,3.760806,22.4
1785443340,2.38654,3.754464,22.43
1785443350,2.397226,3.771376,22.42
1785443360,2.388321,3.757635,22.4
1785443370,2.388321,3.758692,22.42
1785443380,2.379416,3.746008,22.4
1785443390,2.382978,3.750236,22.4
1785443400,2.38654,3.755521,22.39
1785443410,2.388321,3.759749,22.4
1785443420,2.390102,3.760806,22.4
1785443430,2.382978,3.751293,22.37
1785443440,2.390102,3.763977,22.4
1785443450,2.390102,3.76292,22.39
1785443460,2.391883,3.765034,22.4
1785443470,2.391883,3.765034,22.4
1785443480,2.3936640000000002,3.767148,22.37
1785443490,2.399007,3.775604,22.39
1785443500,2.395445,3.770319,22.37
1785443510,2.391883,3.766091,22.4
1785443520,2.399007,3.775604,22.37
1785443530,2.390102,3.761863,22.37
1785443540,2.40435,3.786174,22.36
1785443550,2.395445,3.770319,22.37
1785443560,2.3936640000000002,3.769262,22.37
1785443570,2.395445,3.771376,22.37
1785443580,2.397226,3.774547,22.36
1785443590,2.3936640000000002,3.767148,22.37
1785443600,2.3936640000000002,3.769262,22.34
1785443610,2.391883,3.767148,22.36
1785443620,2.3936640000000002,3.769262,22.4
1785443630,2.395445,3.771376,22.39
1785443640,2.395445,3.770319,22.42
1785443650,2.395445,3.771376,22.39
1785443660,2.3936640000000002,3.767148,22.39
1785443670,2.399007,3.777718,22.37
1785443680,2.399007,3.776661,22.39
1785443690,2.400788,3.780889,22.39
1785443700,2.397226,3.77349,22.42
1785443710,2.3936640000000002,3.768205,22.39
1785443720,2.397226,3.775604,22.39
1785443730,2.402569,3.781946,22.42
1785443740,2.402569,3.78406,22.4
1785443750,2.4061310000000002,3.789345,22.42
1785443760,2.407912,3.791459,22.42
1785443770,2.399007,3.777718,22.4
1785443780,2.40435,3.786174,22.42
1785443790,2.399007,3.777718,22.4
1785443800,2.407912,3.790402,22.39
1785443810,2.402569,3.781946,22.37
1785443820,2.4061310000000002,3.789345,22.42
1785443830,2.407912,3.791459,22.4
1785443840,2.402569,3.781946,22.39
1785443850,2.400788,3.779832,22.39
1785443860,2.4061310000000002,3.786174,22.37
1785443870,2.4061310000000002,3.788288,22.4
1785443880,2.40435,3.785117,22.39
1785443890,2.400788,3.780889,22.39
1785443900,2.40435,3.785117,22.39
1785443910,2.402569,3.781946,22.4
1785443920,2.399007,3.774547,22.4
1785443930,2.399007,3.775604,22.37
1785443940,2.407912,3.789345,22.39
1785443950,2.40435,3.787231,22.39
1785443960,2.40435,3.785117,22.37
1785443970,2.40435,3.787231,22.4
1785443980,2.4061310000000002,3.788288,22.42
1785443990,2.411474,3.795687,22.4
1785444000,2.407912,3.791459,22.39
1785444010,2.413255,3.798858,22.39
1785444020,2.40435,3.78406,22.39
1785444030,2.4061310000000002,3.787231,22.37
1785444040,2.402569,3.781946,22.4
1785444050,2.4061310000000002,3.785117,22.39
1785444060,2.409693,3.792516,22.4
1785444070,2.407912,3.789345,22.42
1785444080,2.413255,3.797801,22.39
1785444090,2.409693,3.792516,22.39
1785444100,2.409693,3.792516,22.42
1785444110,2.409693,3.793573,22.39
1785444120,2.411474,3.797801,22.4
1785444130,2.409693,3.793573,22.4
1785444140,2.415036,3.800972,22.4
1785444150,2.4061310000000002,3.788288,22.4
1785444160,2.413255,3.798858,22.39
1785444170,2.411474,3.795687,22.4
1785444180,2.407912,3.790402,22.42
1785444190,2.413255,3.797801,22.42
1785444200,2.413255,3.797801,22.42
1785444210,2.415036,3.798858,22.43
1785444220,2.411474,3.796744,22.4
1785444230,2.4185980000000002,3.807314,22.42
1785444240,2.411474,3.795687,22.4
1785444250,2.416817,3.8052,22.4
1785444260,2.420379,3.808371,22.4
1785444270,2.416817,3.8052,22.39
1785444280,2.411474,3.79463,22.39
1785444290,2.4185980000000002,3.806257,22.4
1785444300,2.423941,3.812599,22.37
1785444310,2.416817,3.800972,22.36
1785444320,2.42216,3.811542,22.39
1785444330,2.415036,3.802029,22.37
1785444340,2.425722,3.816827,22.37
1785444350,2.415036,3.800972,22.4
1785444360,2.413255,3.799915,22.37
1785444370,2.4185980000000002,3.806257,22.4
1785444380,2.413255,3.795687,22.37
1785444390,2.411474,3.79463,22.39
1785444400,2.416817,3.800972,22.39
1785444410,2.420379,3.808371,22.37
1785444420,2.4185980000000002,3.804143,22.37
1785444430,2.416817,3.800972,22.37
1785444440,2.415036,3.798858,22.37
1785444450,2.42216,3.809428,22.34
1785444460,2.4185980000000002,3.803086,22.39
1785444470,2.42216,3.809428,22.39
1785444480,2.427503,3.819998,22.36
1785444490,2.4185980000000002,3.804143,22.37
1785444500,2.420379,3.807314,22.39
1785444510,2.4185980000000002,3.803086,22.37
1785444520,2.423941,3.810485,22.37
1785444530,2.420379,3.804143,22.36
1785444540,2.4185980000000002,3.804143,22.37
1785444550,2.420379,3.804143,22.37
1785444560,2.425722,3.814713,22.34
1785444570,2.4185980000000002,3.8052,22.37
1785444580,2.425722,3.813656,22.36
1785444590,2.427503,3.81577,22.39
1785444600,2.425722,3.81577,22.36
1785444610,2.42216,3.810485,22.36
1785444620,2.427503,3.818941,22.34
1785444630,2.42216,3.810485,22.34
1785444640,2.42216,3.809428,22.36
1785444650,2.423941,3.812599,22.37
1785444660,2.429284,3.818941,22.36
1785444670,2.423941,3.812599,22.36
1785444680,2.425722,3.813656,22.36
1785444690,2.427503,3.817884,22.36
1785444700,2.423941,3.811542,22.36
1785444710,2.432846,3.82634,22.37
1785444720,2.427503,3.817884,22.33
1785444730,2.425722,3.814713,22.36
1785444740,2.425722,3.811542,22.34
1785444750,2.423941,3.809428,22.34
1785444760,2.427503,3.817884,22.37
1785444770,2.42216,3.806257,22.36
1785444780,2.427503,3.81577,22.39
1785444790,2.436408,3.830568,22.36
1785444800,2.427503,3.81577,22.37
1785444810,2.4310650000000003,3.818941,22.39
1785444820,2.4310650000000003,3.819998,22.36
1785444830,2.425722,3.811542,22.34
1785444840,2.425722,3.809428,22.34
1785444850,2.425722,3.812599,22.34
1785444860,2.427503,3.812599,22.32
1785444870,2.434627,3.823169,22.36
1785444880,2.436408,3.8252829999999998,22.33
1785444890,2.432846,3.818941,22.33
1785444900,2.429284,3.81577,22.33
1785444910,2.438189,3.829511,22.33
1785444920,2.423941,3.808371,22.33
1785444930,2.434627,3.824226,22.32
1785444940,2.434627,3.824226,22.32
1785444950,2.429284,3.816827,22.32
1785444960,2.4310650000000003,3.819998,22.33
1785444970,2.427503,3.812599,22.34
1785444980,2.427503,3.813656,22.33
1785444990,2.4310650000000003,3.818941,22.34
1785445000,2.436408,3.8252829999999998,22.34
1785445010,2.438189,3.827397,22.33
1785445020,2.4310650000000003,3.816827,22.32
1785445030,2.4310650000000003,3.816827,22.3
1785445040,2.432846,3.818941,22.3
1785445050,2.429284,3.812599,22.33
1785445060,2.4310650000000003,3.81577,22.33
1785445070,2.429284,3.813656,22.32
1785445080,2.4310650000000003,3.814713,22.32
1785445090,2.432846,3.821055,22.33
1785445100,2.432846,3.821055,22.34
1785445110,2.436408,3.82634,22.34
1785445120,2.43997,3.831625,22.33
1785445130,2.4310650000000003,3.816827,22.32
1785445140,2.429284,3.812599,22.3
1785445150,2.432846,3.817884,22.32
1785445160,2.4310650000000003,3.817884,22.3
1785445170,2.434627,3.823169,22.32
1785445180,2.432846,3.817884,22.32
1785445190,2.4310650000000003,3.813656,22.3
1785445200,2.4310650000000003,3.813656,22.3
1785445210,2.432846,3.816827,22.29
1785445220,2.441751,3.829511,22.29
1785445230,2.436408,3.822112,22.32
1785445240,2.436408,3.821055,22.32
1785445250,2.436408,3.821055,22.29
1785445260,2.4310650000000003,3.812599,22.3
1785445270,2.4310650000000003,3.813656,22.29
1785445280,2.436408,3.822112,22.3
1785445290,2.436408,3.822112,22.29
1785445300,2.436408,3.822112,22.3
1785445310,2.429284,3.809428,22.3
1785445320,2.432846,3.816827,22.3
1785445330,2.429284,3.810485,22.3
1785445340,2.43997,3.8252829999999998,22.32
1785445350,2.441751,3.829511,22.33
1785445360,2.432846,3.813656,22.3
1785445370,2.434627,3.81577,22.32
1785445380,2.436408,3.816827,22.33
1785445390,2.438189,3.824226,22.32
1785445400,2.438189,3.823169,22.34
1785445410,2.434627,3.81577,22.32
1785445420,2.434627,3.81577,22.34
1785445430,2.4435320000000003,3.827397,22.32
1785445440,2.445313,3.831625,22.32
1785445450,2.436408,3.819998,22.32
1785445460,2.43997,3.827397,22.32
1785445470,2.432846,3.814713,22.36
1785445480,2.441751,3.82634,22.32
1785445490,2.43997,3.8252829999999998,22.33
1785445500,2.432846,3.814713,22.32
1785445510,2.441751,3.830568,22.32
1785445520,2.432846,3.81577,22.33
1785445530,2.441751,3.828454,22.33
1785445540,2.438189,3.824226,22.34
1785445550,2.432846,3.816827,22.36
1785445560,2.4435320000000003,3.831625,22.32
1785445570,2.438189,3.8252829999999998,22.3
1785445580,2.43997,3.827397,22.33
1785445590,2.434627,3.818941,22.33
1785445600,2.438189,3.824226,22.34
1785445610,2.4435320000000003,3.831625,22.33
1785445620,2.436408,3.818941,22.33
1785445630,2.441751,3.827397,22.32
1785445640,2.438189,3.823169,22.32
1785445650,2.441751,3.827397,22.34
1785445660,2.445313,3.830568,22.32
1785445670,2.438189,3.822112,22.32
1785445680,2.441751,3.827397,22.33
1785445690,2.434627,3.816827,22.33
1785445700,2.43997,3.824226,22.29
1785445710,2.441751,3.827397,22.32
1785445720,2.438189,3.823169,22.3
1785445730,2.445313,3.831625,22.3
1785445740,2.441751,3.8252829999999998,22.32
1785445750,2.4435320000000003,3.829511,22.3
1785445760,2.445313,3.831625,22.3
1785445770,2.436408,3.817884,22.32
1785445780,2.43997,3.822112,22.29
1785445790,2.43997,3.822112,22.29
1785445800,2.441751,3.8252829999999998,22.32
1785445810,2.438189,3.818941,22.32
1785445820,2.438189,3.818941,22.32
1785445830,2.436408,3.817884,22.27
1785445840,2.4435320000000003,3.829511,22.29
1785445850,2.43997,3.822112,22.29
1785445860,2.445313,3.830568,22.3
1785445870,2.429284,3.8052,22.29
1785445880,2.4435320000000003,3.82634,22.29
1785445890,2.441751,3.824226,22.27
1785445900,2.441751,3.8252829999999998,22.29
1785445910,2.43997,3.819998,22.27
1785445920,2.43997,3.822112,22.29
1785445930,2.438189,3.821055,22.29
1785445940,2.438189,3.818941,22.3
1785445950,2.43997,3.823169,22.27
1785445960,2.438189,3.819998,22.3
1785445970,2.4435320000000003,3.8252829999999998,22.29
1785445980,2.438189,3.817884,22.29
1785445990,2.43997,3.821055,22.27
1785446000,2.436408,3.814713,22.3
1785446010,2.438189,3.816827,22.29
1785446020,2.4435320000000003,3.82634,22.29
1785446030,2.438189,3.818941,22.29
1785446040,2.43997,3.819998,22.27
1785446050,2.4310650000000003,3.806257,22.29
1785446060,2.445313,3.828454,22.27
1785446070,2.441751,3.823169,22.3
1785446080,2.43997,3.818941,22.3
1785446090,2.43997,3.821055,22.27
1785446100,2.43997,3.818941,22.27
1785446110,2.43997,3.819998,22.29
1785446120,2.438189,3.816827,22.29
1785446130,2.438189,3.817884,22.3
1785446140,2.436408,3.813656,22.29
1785446150,2.436408,3.81577,22.26
1785446160,2.436408,3.812599,22.27
1785446170,2.438189,3.817884,22.29
1785446180,2.43997,3.818941,22.27
1785446190,2.447094,3.831625,22.29
1785446200,2.4435320000000003,3.824226,22.27
1785446210,2.441751,3.823169,22.27
1785446220,2.43997,3.818941,22.29
1785446230,2.438189,3.817884,22.29
1785446240,2.4435320000000003,3.8252829999999998,22.27
1785446250,2.436408,3.814713,22.24
1785446260,2.438189,3.817884,22.26
1785446270,2.43997,3.818941,22.27
1785446280,2.436408,3.813656,22.29
1785446290,2.43997,3.818941,22.27
1785446300,2.441751,3.822112,22.26
1785446310,2.438189,3.816827,22.29
1785446320,2.43997,3.822112,22.27
1785446330,2.43997,3.819998,22.26
1785446340,2.436408,3.816827,22.26
1785446350,2.438189,3.816827,22.27
1785446360,2.441751,3.824226,22.26
1785446370,2.436408,3.816827,22.24
1785446380,2.447094,3.830568,22.26
1785446390,2.436408,3.813656,22.26
1785446400,2.43997,3.823169,22.26
1785446410,2.436408,3.814713,22.26
1785446420,2.441751,3.824226,22.26
1785446430,2.436408,3.812599,22.26
1785446440,2.441751,3.823169,22.29
1785446450,2.434627,3.811542,22.27
1785446460,2.434627,3.812599,22.26
1785446470,2.436408,3.813656,22.27
1785446480,2.441751,3.821055,22.27
1785446490,2.441751,3.823169,22.27
1785446500,2.445313,3.827397,22.27
1785446510,2.436408,3.812599,22.26
1785446520,2.445313,3.831625,22.27
1785446530,2.441751,3.8252829999999998,22.26
1785446540,2.436408,3.817884,22.29
1785446550,2.4435320000000003,3.828454,22.27
1785446560,2.432846,3.810485,22.29
1785446570,2.432846,3.811542,22.3
1785446580,2.441751,3.824226,22.29
1785446590,2.434627,3.812599,22.27
1785446600,2.438189,3.819998,22.29
1785446610,2.441751,3.8252829999999998,22.3
1785446620,2.438189,3.819998,22.32
1785446630,2.432846,3.809428,22.3
1785446640,2.434627,3.812599,22.32
1785446650,2.43997,3.821055,22.29
1785446660,2.432846,3.809428,22.3
1785446670,2.436408,3.817884,22.3
1785446680,2.4310650000000003,3.808371,22.29
1785446690,2.432846,3.809428,22.29
1785446700,2.432846,3.811542,22.29
1785446710,2.432846,3.809428,22.29
1785446720,2.425722,3.799915,22.29
1785446730,2.4310650000000003,3.808371,22.27
1785446740,2.438189,3.817884,22.29
1785446750,2.432846,3.811542,22.26
1785446760,2.436408,3.816827,22.27
1785446770,2.4310650000000003,3.810485,22.27
1785446780,2.429284,3.807314,22.27
1785446790,2.432846,3.808371,22.29
1785446800,2.436408,3.816827,22.27
1785446810,2.4310650000000003,3.807314,22.3
1785446820,2.441751,3.8252829999999998,22.3
1785446830,2.434627,3.811542,22.29
1785446840,2.429284,3.806257,22.3
1785446850,2.438189,3.818941,22.27
1785446860,2.43997,3.822112,22.27
1785446870,2.434627,3.810485,22.24
1785446880,2.434627,3.813656,22.29
1785446890,2.436408,3.81577,22.27
1785446900,2.42216,3.79463,22.29
1785446910,2.425722,3.799915,22.27
1785446920,2.432846,3.812599,22.29
1785446930,2.425722,3.802029,22.27
1785446940,2.425722,3.803086,22.29
1785446950,2.4310650000000003,3.811542,22.26
1785446960,2.429284,3.809428,22.26
1785446970,2.423941,3.797801,22.24
1785446980,2.432846,3.810485,22.27
1785446990,2.429284,3.808371,22.23
1785447000,2.429284,3.806257,22.26
1785447010,2.436408,3.818941,22.27
1785447020,2.429284,3.806257,22.27
1785447030,2.4185980000000002,3.790402,22.26
1785447040,2.4310650000000003,3.810485,22.24
1785447050,2.434627,3.81577,22.26
1785447060,2.42216,3.797801,22.27
1785447070,2.429284,3.806257,22.26
1785447080,2.423941,3.797801,22.24
1785447090,2.420379,3.791459,22.26
1785447100,2.416817,3.788288,22.27
1785447110,2.429284,3.808371,22.26
1785447120,2.429284,3.809428,22.27
1785447130,2.427503,3.8052,22.27
1785447140,2.425722,3.802029,22.29
1785447150,2.423941,3.799915,22.24
1785447160,2.427503,3.806257,22.26
1785447170,2.423941,3.799915,22.27
1785447180,2.423941,3.800972,22.29
1785447190,2.425722,3.803086,22.26
1785447200,2.415036,3.786174,22.26
1785447210,2.42216,3.796744,22.26
1785447220,2.429284,3.8052,22.27
1785447230,2.4310650000000003,3.810485,22.26
1785447240,2.420379,3.79463,22.24
1785447250,2.4310650000000003,3.811542,22.26
1785447260,2.413255,3.783003,22.27
1785447270,2.425722,3.803086,22.29
1785447280,2.42216,3.797801,22.27
1785447290,2.42216,3.795687,22.26
1785447300,2.42216,3.796744,22.27
1785447310,2.429284,3.808371,22.24
1785447320,2.4185980000000002,3.79463,22.26
1785447330,2.425722,3.8052,22.29
1785447340,2.423941,3.803086,22.26
1785447350,2.420379,3.796744,22.26
1785447360,2.429284,3.810485,22.24
1785447370,2.4185980000000002,3.792516,22.27
1785447380,2.420379,3.796744,22.27
1785447390,2.429284,3.808371,22.26
1785447400,2.42216,3.796744,22.24
1785447410,2.416817,3.789345,22.27
1785447420,2.415036,3.788288,22.27
1785447430,2.4185980000000002,3.79463,22.26
1785447440,2.425722,3.804143,22.26
1785447450,2.420379,3.79463,22.29
1785447460,2.416817,3.790402,22.24
1785447470,2.4185980000000002,3.796744,22.24
1785447480,2.423941,3.804143,22.23
1785447490,2.4185980000000002,3.796744,22.24
1785447500,2.4185980000000002,3.796744,22.24
1785447510,2.411474,3.78406,22.26
1785447520,2.415036,3.788288,22.26
1785447530,2.413255,3.786174,22.27
1785447540,2.415036,3.791459,22.26
1785447550,2.4185980000000002,3.797801,22.27
1785447560,2.42216,3.804143,22.3
1785447570,2.413255,3.787231,22.27
1785447580,2.407912,3.776661,22.27
1785447590,2.420379,3.797801,22.27
1785447600,2.42216,3.800972,22.26
1785447610,2.415036,3.790402,22.26
1785447620,2.407912,3.778775,22.27
1785447630,2.416817,3.79463,22.29
1785447640,2.409693,3.78406,22.27
1785447650,2.415036,3.792516,22.26
1785447660,2.409693,3.780889,22.27
1785447670,2.409693,3.780889,22.27
1785447680,2.4061310000000002,3.777718,22.26
1785447690,2.409693,3.783003,22.29
1785447700,2.413255,3.787231,22.27
1785447710,2.4061310000000002,3.777718,22.27
1785447720,2.4061310000000002,3.776661,22.26
1785447730,2.413255,3.787231,22.26
1785447740,2.413255,3.788288,22.26
1785447750,2.407912,3.780889,22.26
1785447760,2.4061310000000002,3.775604,22.27
1785447770,2.413255,3.788288,22.26
1785447780,2.407912,3.778775,22.24
1785447790,2.4061310000000002,3.778775,22.26
1785447800,2.411474,3.786174,22.24
1785447810,2.407912,3.781946,22.23
1785447820,2.40435,3.77349,22.26
1785447830,2.411474,3.78406,22.24
1785447840,2.407912,3.779832,22.26
1785447850,2.402569,3.772433,22.24
1785447860,2.413255,3.788288,22.24
1785447870,2.407912,3.781946,22.26
1785447880,2.411474,3.787231,22.2
1785447890,2.407912,3.779832,22.23
1785447900,2.4061310000000002,3.778775,22.24
1785447910,2.407912,3.783003,22.23
1785447920,2.4061310000000002,3.777718,22.24
1785447930,2.407912,3.780889,22.24
1785447940,2.409693,3.780889,22.24
1785447950,2.4061310000000002,3.776661,22.23
1785447960,2.409693,3.780889,22.24
1785447970,2.409693,3.783003,22.23
1785447980,2.4061310000000002,3.775604,22.26
1785447990,2.40435,3.774547,22.27
1785448000,2.407912,3.780889,22.26
1785448010,2.4061310000000002,3.778775,22.23
1785448020,2.411474,3.78406,22.27
1785448030,2.411474,3.78406,22.27
1785448040,2.411474,3.786174,22.27
1785448050,2.411474,3.783003,22.27
1785448060,2.407912,3.778775,22.27
1785448070,2.402569,3.772433,22.27
1785448080,2.413255,3.787231,22.3
1785448090,2.400788,3.769262,22.32
1785448100,2.400788,3.769262,22.29
1785448110,2.40435,3.772433,22.26
1785448120,2.397226,3.761863,22.24
1785448130,2.4061310000000002,3.776661,22.27
1785448140,2.407912,3.780889,22.26
1785448150,2.399007,3.767148,22.27
1785448160,2.400788,3.768205,22.27
1785448170,2.407912,3.778775,22.26
1785448180,2.40435,3.77349,22.24
1785448190,2.411474,3.78406,22.29
1785448200,2.407912,3.779832,22.24
1785448210,2.4061310000000002,3.777718,22.24
1785448220,2.402569,3.772433,22.26
1785448230,2.407912,3.777718,22.24
1785448240,2.400788,3.769262,22.27
1785448250,2.4061310000000002,3.776661,22.24
1785448260,2.400788,3.768205,22.26
1785448270,2.4061310000000002,3.775604,22.26
1785448280,2.4061310000000002,3.776661,22.26
1785448290,2.397226,3.761863,22.27
1785448300,2.397226,3.761863,22.27
1785448310,2.399007,3.765034,22.27
1785448320,2.400788,3.768205,22.29
1785448330,2.399007,3.767148,22.26
1785448340,2.40435,3.774547,22.26
1785448350,2.399007,3.766091,22.27
1785448360,2.400788,3.768205,22.27
1785448370,2.4061310000000002,3.775604,22.27
1785448380,2.397226,3.761863,22.27
1785448390,2.395445,3.758692,22.27
1785448400,2.399007,3.766091,22.23
1785448410,2.399007,3.765034,22.24
1785448420,2.399007,3.765034,22.23
1785448430,2.3936640000000002,3.756578,22.26
1785448440,2.3936640000000002,3.756578,22.26
1785448450,2.400788,3.768205,22.24
1785448460,2.400788,3.769262,22.24
1785448470,2.402569,3.770319,22.23
1785448480,2.40435,3.77349,22.26
1785448490,2.407912,3.776661,22.27
1785448500,2.40435,3.772433,22.26
1785448510,2.402569,3.769262,22.26
1785448520,2.397226,3.761863,22.27
1785448530,2.399007,3.763977,22.27
1785448540,2.395445,3.758692,22.27
1785448550,2.390102,3.750236,22.29
1785448560,2.402569,3.769262,22.26
1785448570,2.402569,3.768205,22.26
1785448580,2.3936640000000002,3.755521,22.27
1785448590,2.400788,3.767148,22.27
1785448600,2.402569,3.768205,22.27
1785448610,2.400788,3.767148,22.27
1785448620,2.400788,3.765034,22.27
1785448630,2.40435,3.770319,22.24
1785448640,2.407912,3.776661,22.26
1785448650,2.400788,3.767148,22.26
1785448660,2.395445,3.757635,22.26
1785448670,2.40435,3.772433,22.24
1785448680,2.3936640000000002,3.754464,22.24
1785448690,2.399007,3.76292,22.24
1785448700,2.395445,3.759749,22.23
1785448710,2.399007,3.765034,22.27
1785448720,2.40435,3.771376,22.24
1785448730,2.40435,3.770319,22.23
1785448740,2.395445,3.758692,22.23
1785448750,2.397226,3.759749,22.22
1785448760,2.395445,3.756578,22.22
1785448770,2.402569,3.766091,22.23
1785448780,2.400788,3.765034,22.26
1785448790,2.400788,3.765034,22.23
1785448800,2.399007,3.76292,22.24
1785448810,2.400788,3.76292,22.27
1785448820,2.399007,3.760806,22.26
1785448830,2.400788,3.766091,22.26
1785448840,2.399007,3.760806,22.24
1785448850,2.402569,3.767148,22.24
1785448860,2.400788,3.765034,22.26
1785448870,2.3936640000000002,3.753407,22.24
1785448880,2.402569,3.765034,22.24
1785448890,2.395445,3.754464,22.26
1785448900,2.399007,3.760806,22.27
1785448910,2.391883,3.749179,22.27
1785448920,2.402569,3.765034,22.24
1785448930,2.391883,3.749179,22.27
1785448940,2.402569,3.766091,22.24
1785448950,2.397226,3.758692,22.26
1785448960,2.390102,3.746008,22.24
1785448970,2.395445,3.753407,22.23
1785448980,2.388321,3.742837,22.24
1785448990,2.388321,3.742837,22.23
1785449000,2.397226,3.75235,22.24
1785449010,2.399007,3.757635,22.26
1785449020,2.3936640000000002,3.751293,22.24
1785449030,2.3936640000000002,3.751293,22.24
1785449040,2.397226,3.756578,22.24
1785449050,2.388321,3.740723,22.23
1785449060,2.395445,3.754464,22.24
1785449070,2.38654,3.740723,22.26
1785449080,2.3936640000000002,3.75235,22.26
1785449090,2.3936640000000002,3.751293,22.23
1785449100,2.388321,3.743894,22.24
1785449110,2.390102,3.748122,22.2
1785449120,2.38654,3.74178,22.23
1785449130,2.391883,3.748122,22.23
1785449140,2.38654,3.74178,22.24
1785449150,2.395445,3.75235,22.24
1785449160,2.395445,3.754464,22.23
1785449170,2.402569,3.761863,22.22
1785449180,2.399007,3.756578,22.23
1785449190,2.391883,3.747065,22.22
1785449200,2.390102,3.740723,22.2
1785449210,2.395445,3.750236,22.22
1785449220,2.390102,3.743894,22.22
1785449230,2.3936640000000002,3.747065,22.22
1785449240,2.38654,3.735438,22.19
1785449250,2.397226,3.755521,22.2
1785449260,2.395445,3.753407,22.23
1785449270,2.391883,3.747065,22.19
1785449280,2.3936640000000002,3.749179,22.22
1785449290,2.3936640000000002,3.747065,22.2
1785449300,2.3936640000000002,3.748122,22.2
1785449310,2.390102,3.742837,22.2
1785449320,2.395445,3.75235,22.22
1785449330,2.391883,3.747065,22.23
1785449340,2.391883,3.746008,22.2
1785449350,2.391883,3.746008,22.19
1785449360,2.38654,3.739666,22.2
1785449370,2.382978,3.733324,22.19
1785449380,2.382978,3.732267,22.2
1785449390,2.390102,3.743894,22.2
1785449400,2.397226,3.75235,22.19
1785449410,2.390102,3.74178,22.19
1785449420,2.3936640000000002,3.746008,22.19
1785449430,2.38654,3.735438,22.17
1785449440,2.391883,3.74178,22.19
1785449450,2.390102,3.74178,22.2
1785449460,2.395445,3.749179,22.16
1785449470,2.399007,3.755521,22.2
1785449480,2.397226,3.750236,22.2
1785449490,2.384759,3.733324,22.19
1785449500,2.384759,3.733324,22.19
1785449510,2.391883,3.744951,22.22
1785449520,2.388321,3.739666,22.22
1785449530,2.38654,3.737552,22.19
1785449540,2.399007,3.751293,22.19
1785449550,2.3936640000000002,3.743894,22.2
1785449560,2.395445,3.747065,22.17
1785449570,2.388321,3.736495,22.19
1785449580,2.390102,3.738609,22.14
1785449590,2.3936640000000002,3.742837,22.17
1785449600,2.399007,3.750236,22.19
1785449610,2.397226,3.747065,22.2
1785449620,2.391883,3.740723,22.17
1785449630,2.395445,3.743894,22.19
1785449640,2.391883,3.740723,22.17
1785449650,2.391883,3.739666,22.19
1785449660,2.3936640000000002,3.743894,22.19
1785449670,2.388321,3.735438,22.19
1785449680,2.388321,3.734381,22.19
1785449690,2.395445,3.746008,22.2
1785449700,2.3936640000000002,3.74178,22.2
1785449710,2.390102,3.735438,22.2
1785449720,2.3936640000000002,3.74178,22.22
1785449730,2.391883,3.736495,22.19
1785449740,2.391883,3.737552,22.2
1785449750,2.3936640000000002,3.739666,22.19
1785449760,2.3936640000000002,3.74178,22.17
1785449770,2.390102,3.735438,22.19
1785449780,2.382978,3.724868,22.19
1785449790,2.390102,3.736495,22.17
1785449800,2.390102,3.736495,22.17
1785449810,2.397226,3.747065,22.19
1785449820,2.390102,3.738609,22.22
1785449830,2.399007,3.753407,22.19
1785449840,2.3936640000000002,3.743894,22.22
1785449850,2.388321,3.735438,22.22
1785449860,2.397226,3.748122,22.2
1785449870,2.391883,3.740723,22.2
1785449880,2.3936640000000002,3.74178,22.19
1785449890,2.391883,3.739666,22.19
1785449900,2.388321,3.733324,22.2
1785449910,2.397226,3.747065,22.17
1785449920,2.388321,3.732267,22.17
1785449930,2.391883,3.738609,22.17
1785449940,2.388321,3.732267,22.19
1785449950,2.395445,3.74178,22.17
1785449960,2.388321,3.730153,22.17
1785449970,2.399007,3.749179,22.2
1785449980,2.391883,3.737552,22.19
1785449990,2.399007,3.750236,22.2
1785450000,2.390102,3.734381,22.2
1785450010,2.391883,3.737552,22.19
1785450020,2.400788,3.751293,22.19
1785450030,2.390102,3.736495,22.17
1785450040,2.3936640000000002,3.740723,22.2
1785450050,2.395445,3.74178,22.22
1785450060,2.391883,3.737552,22.19
1785450070,2.391883,3.735438,22.19
1785450080,2.395445,3.740723,22.22
1785450090,2.399007,3.746008,22.2
1785450100,2.399007,3.749179,22.19
1785450110,2.3936640000000002,3.737552,22.2
1785450120,2.3936640000000002,3.740723,22.19
1785450130,2.391883,3.736495,22.22
1785450140,2.400788,3.751293,22.19
1785450150,2.399007,3.747065,22.23
1785450160,2.399007,3.748122,22.19
1785450170,2.397226,3.746008,22.19
1785450180,2.395445,3.74178,22.22
1785450190,2.382978,3.723811,22.17
1785450200,2.391883,3.735438,22.19
1785450210,2.399007,3.748122,22.2
1785450220,2.3936640000000002,3.738609,22.22
1785450230,2.390102,3.733324,22.23
1785450240,2.390102,3.73121,22.19
1785450250,2.397226,3.744951,22.22
1785450260,2.397226,3.742837,22.2
1785450270,2.38654,3.726982,22.22
1785450280,2.391883,3.734381,22.22
1785450290,2.3936640000000002,3.737552,22.22
1785450300,2.395445,3.739666,22.2
1785450310,2.399007,3.743894,22.22
1785450320,2.397226,3.742837,22.23
1785450330,2.391883,3.735438,22.22
1785450340,2.3936640000000002,3.737552,22.23
1785450350,2.397226,3.74178,22.22
1785450360,2.395445,3.737552,22.22
1785450370,2.395445,3.738609,22.2
1785450380,2.3936640000000002,3.736495,22.2
1785450390,2.395445,3.739666,22.22
1785450400,2.397226,3.740723,22.22
1785450410,2.3936640000000002,3.736495,22.2
1785450420,2.3936640000000002,3.736495,22.22
1785450430,2.390102,3.73121,22.22
1785450440,2.4061310000000002,3.754464,22.23
1785450450,2.390102,3.73121,22.2
1785450460,2.395445,3.740723,22.2
1785450470,2.395445,3.739666,22.23
1785450480,2.395445,3.738609,22.2
1785450490,2.3936640000000002,3.735438,22.19
1785450500,2.391883,3.733324,22.19
1785450510,2.397226,3.74178,22.19
1785450520,2.395445,3.739666,22.2
1785450530,2.397226,3.740723,22.19
1785450540,2.400788,3.746008,22.19
1785450550,2.397226,3.740723,22.17
1785450560,2.402569,3.748122,22.2
1785450570,2.402569,3.749179,22.19
1785450580,2.402569,3.747065,22.19
1785450590,2.395445,3.736495,22.2
1785450600,2.395445,3.736495,22.19
1785450610,2.395445,3.737552,22.2
1785450620,2.399007,3.742837,22.2
1785450630,2.397226,3.739666,22.19
1785450640,2.399007,3.743894,22.19
1785450650,2.397226,3.739666,22.2
1785450660,2.399007,3.740723,22.2
1785450670,2.402569,3.747065,22.19
1785450680,2.40435,3.749179,22.17
1785450690,2.3936640000000002,3.734381,22.19
1785450700,2.397226,3.739666,22.19
1785450710,2.399007,3.740723,22.19
1785450720,2.397226,3.739666,22.2
1785450730,2.400788,3.743894,22.2
1785450740,2.390102,3.726982,22.19
1785450750,2.395445,3.737552,22.2
1785450760,2.400788,3.743894,22.17
1785450770,2.399007,3.740723,22.19
1785450780,2.4061310000000002,3.755521,22.2
1785450790,2.391883,3.730153,22.19
1785450800,2.397226,3.738609,22.2
1785450810,2.402569,3.748122,22.2
1785450820,2.3936640000000002,3.733324,22.19
1785450830,2.391883,3.730153,22.19
1785450840,2.395445,3.736495,22.2
1785450850,2.395445,3.735438,22.19
1785450860,2.400788,3.743894,22.16
1785450870,2.397226,3.739666,22.16
1785450880,2.397226,3.739666,22.2
1785450890,2.390102,3.728039,22.17
1785450900,2.397226,3.738609,22.17
1785450910,2.402569,3.748122,22.16
1785450920,2.402569,3.749179,22.17
1785450930,2.3936640000000002,3.734381,22.17
1785450940,2.397226,3.736495,22.14
1785450950,2.399007,3.74178,22.17
1785450960,2.4061310000000002,3.754464,22.16
1785450970,2.399007,3.74178,22.16
1785450980,2.4061310000000002,3.753407,22.19
1785450990,2.397226,3.738609,22.14
1785451000,2.40435,3.75235,22.17
1785451010,2.397226,3.738609,22.16
1785451020,2.399007,3.74178,22.17
1785451030,2.399007,3.740723,22.16
1785451040,2.400788,3.746008,22.16
1785451050,2.399007,3.740723,22.16
1785451060,2.397226,3.74178,22.17
1785451070,2.402569,3.749179,22.16
1785451080,2.400788,3.746008,22.17
1785451090,2.400788,3.744951,22.17
1785451100,2.402569,3.748122,22.17
1785451110,2.395445,3.738609,22.17
1785451120,2.397226,3.739666,22.17
1785451130,2.402569,3.747065,22.16
1785451140,2.40435,3.750236,22.16
1785451150,2.399007,3.742837,22.19
1785451160,2.395445,3.736495,22.17
1785451170,2.40435,3.75235,22.17
1785451180,2.402569,3.748122,22.19
1785451190,2.402569,3.747065,22.17
1785451200,2.411474,3.761863,22.16
1785451210,2.402569,3.748122,22.17
1785451220,2.407912,3.758692,22.19
1785451230,2.399007,3.742837,22.17
1785451240,2.4061310000000002,3.754464,22.17
1785451250,2.399007,3.74178,22.17
1785451260,2.409693,3.758692,22.16
1785451270,2.402569,3.749179,22.17
1785451280,2.411474,3.76292,22.17
1785451290,2.402569,3.748122,22.16
1785451300,2.409693,3.761863,22.16
1785451310,2.399007,3.742837,22.16
1785451320,2.409693,3.761863,22.17
1785451330,2.411474,3.763977,22.17
1785451340,2.4061310000000002,3.756578,22.14
1785451350,2.40435,3.751293,22.16
1785451360,2.4061310000000002,3.756578,22.17
1785451370,2.409693,3.759749,22.14
1785451380,2.4061310000000002,3.754464,22.16
1785451390,2.407912,3.757635,22.14
1785451400,2.4061310000000002,3.754464,22.16
1785451410,2.402569,3.749179,22.14
1785451420,2.407912,3.757635,22.13
1785451430,2.40435,3.754464,22.16
1785451440,2.409693,3.76292,22.13
1785451450,2.4061310000000002,3.757635,22.13
1785451460,2.407912,3.759749,22.13
1785451470,2.411474,3.765034,22.16
1785451480,2.4061310000000002,3.755521,22.16
1785451490,2.4061310000000002,3.756578,22.13
1785451500,2.4061310000000002,3.758692,22.13
1785451510,2.4061310000000002,3.755521,22.13
1785451520,2.413255,3.768205,22.13
1785451530,2.407912,3.758692,22.1
1785451540,2.40435,3.754464,22.13
1785451550,2.40435,3.754464,22.13
1785451560,2.40435,3.755521,22.12
1785451570,2.409693,3.76292,22.1
1785451580,2.407912,3.760806,22.1
1785451590,2.4061310000000002,3.756578,22.13
1785451600,2.4061310000000002,3.758692,22.13
1785451610,2.413255,3.768205,22.12
1785451620,2.402569,3.75235,22.16
1785451630,2.413255,3.770319,22.12
1785451640,2.413255,3.768205,22.13
1785451650,2.413255,3.767148,22.13
1785451660,2.413255,3.769262,22.13
1785451670,2.411474,3.767148,22.13
1785451680,2.415036,3.771376,22.14
1785451690,2.411474,3.766091,22.12
1785451700,2.395445,3.74178,22.14
1785451710,2.407912,3.760806,22.13
1785451720,2.413255,3.769262,22.13
1785451730,2.413255,3.771376,22.13
1785451740,2.4061310000000002,3.759749,22.09
1785451750,2.413255,3.771376,22.1
1785451760,2.416817,3.776661,22.12
1785451770,2.407912,3.763977,22.1
1785451780,2.411474,3.768205,22.14
1785451790,2.411474,3.769262,22.13
1785451800,2.4185980000000002,3.781946,22.12
1785451810,2.415036,3.77349,22.14
1785451820,2.416817,3.776661,22.12
1785451830,2.413255,3.77349,22.14
1785451840,2.413255,3.771376,22.14
1785451850,2.415036,3.77349,22.13
1785451860,2.423941,3.785117,22.13
1785451870,2.416817,3.776661,22.16
1785451880,2.411474,3.768205,22.16
1785451890,2.416817,3.776661,22.13
1785451900,2.411474,3.768205,22.17
1785451910,2.413255,3.771376,22.13
1785451920,2.413255,3.770319,22.12
1785451930,2.413255,3.771376,22.16
1785451940,2.4185980000000002,3.781946,22.14
1785451950,2.4185980000000002,3.780889,22.13
1785451960,2.416817,3.777718,22.14
1785451970,2.416817,3.777718,22.16
1785451980,2.4185980000000002,3.781946,22.14
1785451990,2.409693,3.768205,22.13
1785452000,2.415036,3.775604,22.14
1785452010,2.411474,3.769262,22.1
1785452020,2.413255,3.77349,22.16
1785452030,2.409693,3.766091,22.16
1785452040,2.413255,3.771376,22.12
1785452050,2.420379,3.783003,22.12
1785452060,2.4185980000000002,3.780889,22.1
1785452070,2.415036,3.77349,22.12
1785452080,2.416817,3.776661,22.1
1785452090,2.416817,3.776661,22.12
1785452100,2.416817,3.775604,22.1
1785452110,2.416817,3.776661,22.09
1785452120,2.415036,3.772433,22.1
1785452130,2.4185980000000002,3.777718,22.09
1785452140,2.413255,3.769262,22.12
1785452150,2.415036,3.771376,22.12
1785452160,2.415036,3.77349,22.12
1785452170,2.411474,3.765034,22.09
1785452180,2.407912,3.760806,22.1
1785452190,2.415036,3.77349,22.1
1785452200,2.415036,3.776661,22.1
1785452210,2.415036,3.774547,22.13
1785452220,2.415036,3.775604,22.12
1785452230,2.415036,3.774547,22.12
1785452240,2.420379,3.78406,22.12
1785452250,2.415036,3.774547,22.12
1785452260,2.415036,3.776661,22.1
1785452270,2.4185980000000002,3.783003,22.12
1785452280,2.4185980000000002,3.779832,22.12
1785452290,2.411474,3.769262,22.12
1785452300,2.409693,3.768205,22.12
1785452310,2.42216,3.785117,22.09
1785452320,2.416817,3.780889,22.12
1785452330,2.411474,3.769262,22.12
1785452340,2.411474,3.770319,22.1
1785452350,2.4185980000000002,3.78406,22.12
1785452360,2.4185980000000002,3.78406,22.13
1785452370,2.415036,3.776661,22.12
1785452380,2.4185980000000002,3.781946,22.12
1785452390,2.42216,3.788288,22.13
1785452400,2.415036,3.777718,22.16
1785452410,2.416817,3.778775,22.13
1785452420,2.416817,3.778775,22.1
1785452430,2.416817,3.779832,22.12
1785452440,2.4185980000000002,3.78406,22.1
1785452450,2.416817,3.778775,22.12
1785452460,2.420379,3.785117,22.12
1785452470,2.42216,3.786174,22.12
1785452480,2.42216,3.788288,22.13
1785452490,2.420379,3.786174,22.12
1785452500,2.420379,3.78406,22.13
1785452510,2.416817,3.778775,22.13
1785452520,2.427503,3.795687,22.13
1785452530,2.423941,3.792516,22.13
1785452540,2.42216,3.787231,22.13
1785452550,2.429284,3.798858,22.1
1785452560,2.420379,3.785117,22.12
1785452570,2.420379,3.787231,22.13
1785452580,2.42216,3.789345,22.12
1785452590,2.416817,3.779832,22.12
1785452600,2.4185980000000002,3.78406,22.13
1785452610,2.425722,3.796744,22.1
1785452620,2.427503,3.797801,22.12
1785452630,2.427503,3.797801,22.13
1785452640,2.423941,3.792516,22.12
1785452650,2.42216,3.789345,22.13
1785452660,2.4185980000000002,3.785117,22.12
1785452670,2.420379,3.786174,22.1
1785452680,2.415036,3.776661,22.1
1785452690,2.420379,3.786174,22.09
1785452700,2.4185980000000002,3.786174,22.12
1785452710,2.423941,3.792516,22.12
1785452720,2.423941,3.792516,22.1
1785452730,2.4185980000000002,3.78406,22.13
1785452740,2.420379,3.788288,22.13
1785452750,2.427503,3.799915,22.12
1785452760,2.42216,3.791459,22.12
1785452770,2.42216,3.791459,22.16
1785452780,2.425722,3.796744,22.14
1785452790,2.427503,3.798858,22.13
1785452800,2.427503,3.797801,22.13
1785452810,2.425722,3.796744,22.13
1785452820,2.423941,3.793573,22.14
1785452830,2.425722,3.795687,22.12
1785452840,2.423941,3.793573,22.13
1785452850,2.427503,3.797801,22.12
1785452860,2.425722,3.795687,22.1
1785452870,2.423941,3.793573,22.13
1785452880,2.425722,3.79463,22.13
1785452890,2.425722,3.79463,22.12
1785452900,2.423941,3.792516,22.13
1785452910,2.420379,3.788288,22.14
1785452920,2.425722,3.79463,22.14
1785452930,2.420379,3.788288,22.13
1785452940,2.42216,3.790402,22.13
1785452950,2.42216,3.788288,22.13
1785452960,2.42216,3.790402,22.16
1785452970,2.42216,3.791459,22.16
1785452980,2.4185980000000002,3.786174,22.14
1785452990,2.420379,3.789345,22.12
1785453000,2.4185980000000002,3.785117,22.16
1785453010,2.423941,3.793573,22.14
1785453020,2.423941,3.79463,22.13
1785453030,2.42216,3.791459,22.12
1785453040,2.42216,3.792516,22.13
1785453050,2.420379,3.791459,22.1
1785453060,2.42216,3.79463,22.13
1785453070,2.423941,3.795687,22.14
1785453080,2.427503,3.800972,22.12
1785453090,2.42216,3.791459,22.12
1785453100,2.413255,3.779832,22.13
1785453110,2.423941,3.79463,22.1
1785453120,2.427503,3.799915,22.12
1785453130,2.429284,3.802029,22.12
1785453140,2.423941,3.793573,22.12
1785453150,2.420379,3.789345,22.12
1785453160,2.429284,3.800972,22.1
1785453170,2.42216,3.793573,22.12
1785453180,2.425722,3.799915,22.1
1785453190,2.420379,3.789345,22.13
1785453200,2.429284,3.804143,22.1
1785453210,2.420379,3.790402,22.1
1785453220,2.427503,3.800972,22.13
1785453230,2.425722,3.797801,22.12
1785453240,2.432846,3.808371,22.12
1785453250,2.427503,3.799915,22.12
1785453260,2.425722,3.797801,22.13
1785453270,2.4310650000000003,3.8052,22.12
1785453280,2.429284,3.8052,22.12
1785453290,2.4310650000000003,3.806257,22.1
1785453300,2.4310650000000003,3.807314,22.12
1785453310,2.423941,3.797801,22.12
1785453320,2.429284,3.8052,22.13
1785453330,2.432846,3.808371,22.13
1785453340,2.432846,3.811542,22.1
1785453350,2.425722,3.798858,22.13
1785453360,2.427503,3.800972,22.13
1785453370,2.425722,3.798858,22.13
1785453380,2.425722,3.799915,22.12
1785453390,2.427503,3.802029,22.12
1785453400,2.434627,3.811542,22.13
1785453410,2.434627,3.813656,22.12
1785453420,2.423941,3.796744,22.12
1785453430,2.429284,3.804143,22.09
1785453440,2.432846,3.811542,22.1
1785453450,2.429284,3.806257,22.12
1785453460,2.429284,3.803086,22.12
1785453470,2.429284,3.803086,22.13
1785453480,2.432846,3.810485,22.1
1785453490,2.4310650000000003,3.808371,22.1
1785453500,2.429284,3.8052,22.1
1785453510,2.4310650000000003,3.806257,22.13
1785453520,2.429284,3.804143,22.13
1785453530,2.427503,3.803086,22.13
1785453540,2.429284,3.804143,22.12
1785453550,2.4310650000000003,3.808371,22.1
1785453560,2.423941,3.796744,22.12
1785453570,2.425722,3.799915,22.1
1785453580,2.427503,3.803086,22.12
1785453590,2.427503,3.803086,22.09
1785453600,2.423941,3.798858,22.09
1785453610,2.427503,3.802029,22.12
1785453620,2.425722,3.799915,22.12
1785453630,2.427503,3.800972,22.09
1785453640,2.429284,3.804143,22.09
1785453650,2.4310650000000003,3.807314,22.09
1785453660,2.429284,3.8052,22.09
1785453670,2.427503,3.804143,22.06
1785453680,2.429284,3.806257,22.06
1785453690,2.425722,3.800972,22.07
1785453700,2.4310650000000003,3.807314,22.04
1785453710,2.4310650000000003,3.808371,22.07
1785453720,2.432846,3.813656,22.07
1785453730,2.436408,3.816827,22.07
1785453740,2.429284,3.8052,22.1
1785453750,2.429284,3.806257,22.09
1785453760,2.429284,3.8052,22.1
1785453770,2.432846,3.811542,22.1
1785453780,2.429284,3.804143,22.1
1785453790,2.4310650000000003,3.807314,22.1
1785453800,2.425722,3.800972,22.06
1785453810,2.432846,3.810485,22.1
1785453820,2.434627,3.812599,22.07
1785453830,2.432846,3.811542,22.12
1785453840,2.429284,3.8052,22.09
1785453850,2.4310650000000003,3.809428,22.09
1785453860,2.427503,3.799915,22.1
1785453870,2.4310650000000003,3.808371,22.1
1785453880,2.4310650000000003,3.807314,22.1
1785453890,2.434627,3.814713,22.09
1785453900,2.4310650000000003,3.809428,22.1
1785453910,2.4310650000000003,3.809428,22.1
1785453920,2.434627,3.813656,22.09
1785453930,2.4310650000000003,3.809428,22.1
1785453940,2.429284,3.807314,22.09
1785453950,2.434627,3.813656,22.09
1785453960,2.436408,3.817884,22.09
1785453970,2.432846,3.811542,22.1
1785453980,2.438189,3.818941,22.07
1785453990,2.427503,3.802029,22.1
1785454000,2.4310650000000003,3.810485,22.09
1785454010,2.425722,3.803086,22.07
1785454020,2.432846,3.812599,22.09
1785454030,2.432846,3.810485,22.07
1785454040,2.436408,3.818941,22.09
1785454050,2.432846,3.811542,22.1
1785454060,2.425722,3.802029,22.1
1785454070,2.429284,3.807314,22.07
1785454080,2.429284,3.807314,22.12
1785454090,2.427503,3.802029,22.09
1785454100,2.429284,3.808371,22.12
1785454110,2.425722,3.802029,22.12
1785454120,2.425722,3.800972,22.09
1785454130,2.4310650000000003,3.810485,22.1
1785454140,2.434627,3.81577,22.09
1785454150,2.427503,3.8052,22.1
1785454160,2.434627,3.816827,22.1
1785454170,2.43997,3.824226,22.13
1785454180,2.429284,3.808371,22.13
1785454190,2.429284,3.807314,22.13
1785454200,2.432846,3.813656,22.14
1785454210,2.432846,3.813656,22.14
1785454220,2.441751,3.828454,22.14
1785454230,2.4310650000000003,3.809428,22.14
1785454240,2.429284,3.808371,22.13
1785454250,2.4310650000000003,3.809428,22.16
1785454260,2.434627,3.814713,22.16
1785454270,2.4310650000000003,3.809428,22.16
1785454280,2.432846,3.811542,22.13
1785454290,2.436408,3.816827,22.13
1785454300,2.432846,3.812599,22.14
1785454310,2.438189,3.819998,22.13
1785454320,2.434627,3.81577,22.14
1785454330,2.434627,3.813656,22.12
1785454340,2.429284,3.8052,22.14
1785454350,2.434627,3.814713,22.1
1785454360,2.438189,3.821055,22.12
1785454370,2.4310650000000003,3.808371,22.14
1785454380,2.4310650000000003,3.809428,22.13
1785454390,2.4310650000000003,3.809428,22.12
1785454400,2.436408,3.818941,22.12
1785454410,2.436408,3.818941,22.13
1785454420,2.434627,3.814713,22.14
1785454430,2.4310650000000003,3.808371,22.16
1785454440,2.436408,3.816827,22.16
1785454450,2.436408,3.817884,22.13
1785454460,2.4310650000000003,3.808371,22.17
1785454470,2.436408,3.81577,22.13
1785454480,2.432846,3.808371,22.16
1785454490,2.43997,3.821055,22.16
1785454500,2.434627,3.814713,22.14
1785454510,2.436408,3.814713,22.12
1785454520,2.441751,3.822112,22.12
1785454530,2.438189,3.819998,22.12
1785454540,2.432846,3.810485,22.14
1785454550,2.4435320000000003,3.828454,22.12
1785454560,2.436408,3.814713,22.13
1785454570,2.436408,3.816827,22.12
1785454580,2.432846,3.810485,22.12
1785454590,2.43997,3.821055,22.13
1785454600,2.445313,3.829511,22.1
1785454610,2.436408,3.814713,22.12
1785454620,2.432846,3.809428,22.1
1785454630,2.436408,3.814713,22.1
1785454640,2.43997,3.817884,22.12
1785454650,2.436408,3.813656,22.09
1785454660,2.434627,3.811542,22.1
1785454670,2.441751,3.821055,22.1
1785454680,2.438189,3.81577,22.12
1785454690,2.43997,3.817884,22.12
1785454700,2.438189,3.81577,22.1
1785454710,2.43997,3.817884,22.1
1785454720,2.432846,3.807314,22.1
1785454730,2.441751,3.823169,22.1
1785454740,2.438189,3.814713,22.09
1785454750,2.438189,3.816827,22.12
1785454760,2.43997,3.818941,22.09
1785454770,2.441751,3.822112,22.12
1785454780,2.434627,3.810485,22.1
1785454790,2.43997,3.818941,22.1
1785454800,2.43997,3.819998,22.12
1785454810,2.438189,3.816827,22.12
1785454820,2.445313,3.82634,22.12
1785454830,2.445313,3.827397,22.1
1785454840,2.441751,3.819998,22.12
1785454850,2.441751,3.817884,22.1
1785454860,2.43997,3.81577,22.1
1785454870,2.438189,3.816827,22.14
1785454880,2.441751,3.821055,22.09
1785454890,2.438189,3.816827,22.1
1785454900,2.4435320000000003,3.8252829999999998,22.1
1785454910,2.438189,3.816827,22.12
1785454920,2.438189,3.81577,22.1
1785454930,2.4435320000000003,3.824226,22.1
1785454940,2.4435320000000003,3.8252829999999998,22.12
1785454950,2.4435320000000003,3.823169,22.09
1785454960,2.436408,3.812599,22.07
1785454970,2.43997,3.817884,22.12
1785454980,2.445313,3.824226,22.1
1785454990,2.43997,3.816827,22.12
1785455000,2.438189,3.813656,22.09
1785455010,2.43997,3.817884,22.09
1785455020,2.441751,3.818941,22.1
1785455030,2.438189,3.814713,22.09
1785455040,2.436408,3.810485,22.07
1785455050,2.4435320000000003,3.824226,22.1
1785455060,2.445313,3.82634,22.1
1785455070,2.4435320000000003,3.823169,22.09
1785455080,2.448875,3.831625,22.12
1785455090,2.43997,3.817884,22.12
1785455100,2.441751,3.818941,22.09
1785455110,2.434627,3.807314,22.09
1785455120,2.441751,3.817884,22.06
1785455130,2.441751,3.818941,22.09
1785455140,2.441751,3.818941,22.1
1785455150,2.43997,3.816827,22.09
1785455160,2.441751,3.819998,22.09
1785455170,2.4435320000000003,3.821055,22.07
1785455180,2.43997,3.816827,22.07
1785455190,2.432846,3.8052,22.1
1785455200,2.438189,3.810485,22.1
1785455210,2.438189,3.812599,22.09
1785455220,2.4435320000000003,3.819998,22.09
1785455230,2.4435320000000003,3.821055,22.12
1785455240,2.441751,3.816827,22.1
1785455250,2.436408,3.810485,22.12
1785455260,2.434627,3.809428,22.12
1785455270,2.432846,3.8052,22.1
1785455280,2.43997,3.813656,22.1
1785455290,2.441751,3.817884,22.1
1785455300,2.441751,3.816827,22.1
1785455310,2.445313,3.823169,22.07
1785455320,2.448875,3.828454,22.09
1785455330,2.441751,3.816827,22.09
1785455340,2.43997,3.81577,22.09
1785455350,2.441751,3.816827,22.07
1785455360,2.447094,3.82634,22.07
1785455370,2.447094,3.8252829999999998,22.09
1785455380,2.4435320000000003,3.818941,22.09
1785455390,2.43997,3.813656,22.09
1785455400,2.441751,3.81577,22.09
1785455410,2.438189,3.812599,22.07
1785455420,2.448875,3.830568,22.09
1785455430,2.43997,3.81577,22.1
1785455440,2.445313,3.822112,22.1
1785455450,2.441751,3.814713,22.07
1785455460,2.4435320000000003,3.818941,22.07
1785455470,2.441751,3.814713,22.07
1785455480,2.441751,3.816827,22.07
1785455490,2.438189,3.808371,22.06
1785455500,2.43997,3.812599,22.07
1785455510,2.452437,3.830568,22.07
1785455520,2.441751,3.813656,22.06
1785455530,2.438189,3.810485,22.07
1785455540,2.4435320000000003,3.816827,22.09
1785455550,2.450656,3.82634,22.1
1785455560,2.441751,3.813656,22.09
1785455570,2.447094,3.819998,22.07
1785455580,2.445313,3.821055,22.09
1785455590,2.447094,3.823169,22.09
1785455600,2.438189,3.811542,22.1
1785455610,2.441751,3.814713,22.1
1785455620,2.447094,3.822112,22.12
1785455630,2.441751,3.813656,22.09
1785455640,2.4435320000000003,3.818941,22.12
1785455650,2.447094,3.823169,22.09
1785455660,2.4435320000000003,3.818941,22.1
1785455670,2.447094,3.822112,22.09
1785455680,2.438189,3.807314,22.07
1785455690,2.447094,3.819998,22.07
1785455700,2.4435320000000003,3.816827,22.06
1785455710,2.43997,3.813656,22.07
1785455720,2.441751,3.812599,22.12
1785455730,2.4435320000000003,3.816827,22.07
1785455740,2.436408,3.808371,22.07
1785455750,2.441751,3.81577,22.1
1785455760,2.441751,3.81577,22.09
1785455770,2.436408,3.809428,22.04
1785455780,2.438189,3.809428,22.09
1785455790,2.43997,3.812599,22.1
1785455800,2.445313,3.819998,22.06
1785455810,2.441751,3.81577,22.07
1785455820,2.441751,3.813656,22.09
1785455830,2.4435320000000003,3.81577,22.12
1785455840,2.441751,3.813656,22.1
1785455850,2.441751,3.814713,22.07
1785455860,2.4435320000000003,3.816827,22.09
1785455870,2.438189,3.808371,22.1
1785455880,2.445313,3.817884,22.1
1785455890,2.441751,3.816827,22.1
1785455900,2.43997,3.811542,22.12
1785455910,2.445313,3.819998,22.1
1785455920,2.4435320000000003,3.817884,22.1
1785455930,2.448875,3.8252829999999998,22.1
1785455940,2.4435320000000003,3.81577,22.1
1785455950,2.438189,3.808371,22.06
1785455960,2.441751,3.811542,22.07
1785455970,2.447094,3.822112,22.09
1785455980,2.438189,3.808371,22.07
1785455990,2.441751,3.814713,22.06
1785456000,2.441751,3.812599,22.07
1785456010,2.448875,3.824226,22.06
1785456020,2.438189,3.808371,22.06
1785456030,2.43997,3.811542,22.07
1785456040,2.4435320000000003,3.81577,22.07
1785456050,2.441751,3.810485,22.1
1785456060,2.445313,3.818941,22.09
1785456070,2.438189,3.809428,22.09
1785456080,2.436408,3.804143,22.07
1785456090,2.445313,3.818941,22.07
1785456100,2.441751,3.813656,22.07
1785456110,2.445313,3.819998,22.07
1785456120,2.43997,3.810485,22.07
1785456130,2.436408,3.8052,22.1
1785456140,2.436408,3.804143,22.07
1785456150,2.438189,3.8052,22.07
1785456160,2.43997,3.811542,22.07
1785456170,2.4435320000000003,3.814713,22.09
1785456180,2.441751,3.813656,22.09
1785456190,2.438189,3.806257,22.06
1785456200,2.43997,3.810485,22.09
1785456210,2.445313,3.816827,22.1
1785456220,2.438189,3.806257,22.06
1785456230,2.4435320000000003,3.814713,22.06
1785456240,2.4435320000000003,3.81577,22.06
1785456250,2.43997,3.811542,22.06
1785456260,2.447094,3.821055,22.07
1785456270,2.438189,3.808371,22.07
1785456280,2.43997,3.811542,22.06
1785456290,2.438189,3.808371,22.04
1785456300,2.436408,3.806257,22.07
1785456310,2.43997,3.812599,22.09
1785456320,2.436408,3.806257,22.04
1785456330,2.436408,3.806257,22.06
1785456340,2.438189,3.806257,22.04
1785456350,2.434627,3.803086,22.06
1785456360,2.43997,3.811542,22.04
1785456370,2.4435320000000003,3.81577,22.04
1785456380,2.4435320000000003,3.814713,22.06
1785456390,2.43997,3.809428,22.06
1785456400,2.434627,3.802029,22.04
1785456410,2.434627,3.802029,22.06
1785456420,2.43997,3.809428,22.06
1785456430,2.438189,3.807314,22.04
1785456440,2.434627,3.803086,22.06
1785456450,2.432846,3.800972,22.04
1785456460,2.436408,3.803086,22.03
1785456470,2.434627,3.802029,22.04
1785456480,2.436408,3.8052,22.06
1785456490,2.4435320000000003,3.814713,22.03
1785456500,2.43997,3.809428,22.04
1785456510,2.438189,3.807314,22.04
1785456520,2.441751,3.812599,22.07
1785456530,2.43997,3.810485,22.06
1785456540,2.441751,3.812599,22.06
1785456550,2.438189,3.806257,22.06
1785456560,2.434627,3.799915,22.04
1785456570,2.441751,3.812599,22.04
1785456580,2.43997,3.809428,22.06
1785456590,2.4310650000000003,3.795687,22.06
1785456600,2.438189,3.806257,22.06
1785456610,2.441751,3.811542,22.03
1785456620,2.434627,3.802029,22.04
1785456630,2.436408,3.8052,22.02
1785456640,2.434627,3.802029,22.06
1785456650,2.436408,3.804143,22.04
1785456660,2.434627,3.802029,22.04
1785456670,2.438189,3.806257,22.06
1785456680,2.432846,3.798858,22.03
1785456690,2.436408,3.806257,22.04
1785456700,2.432846,3.802029,22.04
1785456710,2.438189,3.808371,22.02
1785456720,2.434627,3.804143,22.04
1785456730,2.434627,3.804143,22.06
1785456740,2.436408,3.806257,22.06
1785456750,2.4310650000000003,3.797801,22.04
1785456760,2.434627,3.804143,22.07
1785456770,2.429284,3.79463,22.06
1785456780,2.4435320000000003,3.816827,22.07
1785456790,2.434627,3.803086,22.06
1785456800,2.436408,3.806257,22.06
1785456810,2.4310650000000003,3.797801,22.04
1785456820,2.4310650000000003,3.798858,22.04
1785456830,2.4310650000000003,3.798858,22.06
1785456840,2.427503,3.793573,22.06
1785456850,2.427503,3.79463,22.04
1785456860,2.4310650000000003,3.799915,22.04
1785456870,2.4310650000000003,3.800972,22.03
1785456880,2.427503,3.793573,22.04
1785456890,2.429284,3.795687,22.06
1785456900,2.423941,3.788288,22.04
1785456910,2.427503,3.795687,22.04
1785456920,2.4310650000000003,3.799915,22.06
1785456930,2.425722,3.791459,22.04
1785456940,2.432846,3.803086,22.04
1785456950,2.429284,3.797801,22.04
1785456960,2.4310650000000003,3.798858,22.06
1785456970,2.4310650000000003,3.802029,22.04
1785456980,2.423941,3.788288,22.06
1785456990,2.429284,3.796744,22.03
1785457000,2.427503,3.792516,22.03
1785457010,2.427503,3.79463,22.03
1785457020,2.427503,3.793573,22.02
1785457030,2.432846,3.800972,22.04
1785457040,2.429284,3.79463,22.03
1785457050,2.429284,3.795687,22.04
1785457060,2.423941,3.789345,22.02
1785457070,2.425722,3.793573,22.02
1785457080,2.423941,3.791459,22.0
1785457090,2.423941,3.789345,22.03
1785457100,2.423941,3.789345,22.03
1785457110,2.425722,3.793573,22.04
1785457120,2.420379,3.785117,22.04
1785457130,2.420379,3.783003,22.04
1785457140,2.423941,3.788288,22.04
1785457150,2.420379,3.781946,22.04
1785457160,2.425722,3.791459,22.04
1785457170,2.4310650000000003,3.798858,22.03
1785457180,2.4185980000000002,3.778775,22.07
1785457190,2.423941,3.786174,22.04
1785457200,2.423941,3.787231,22.04
1785457210,2.415036,3.77349,22.03
1785457220,2.42216,3.783003,22.03
1785457230,2.416817,3.775604,22.03
1785457240,2.423941,3.789345,22.04
1785457250,2.420379,3.78406,22.07
1785457260,2.425722,3.792516,22.06
1785457270,2.42216,3.787231,22.06
1785457280,2.425722,3.791459,22.06
1785457290,2.42216,3.787231,22.04
1785457300,2.420379,3.78406,22.04
1785457310,2.420379,3.781946,22.04
1785457320,2.427503,3.79463,22.06
1785457330,2.427503,3.79463,22.04
1785457340,2.42216,3.78406,22.04
1785457350,2.4310650000000003,3.799915,22.06
1785457360,2.42216,3.788288,22.04
1785457370,2.425722,3.791459,22.06
1785457380,2.423941,3.791459,22.04
1785457390,2.425722,3.792516,22.06
1785457400,2.423941,3.790402,22.03
1785457410,2.423941,3.790402,22.03
1785457420,2.427503,3.796744,22.03
1785457430,2.416817,3.779832,22.03
1785457440,2.413255,3.775604,22.04
1785457450,2.415036,3.778775,22.04
1785457460,2.416817,3.780889,22.03
1785457470,2.4185980000000002,3.785117,22.06
1785457480,2.42216,3.791459,22.03
1785457490,2.423941,3.792516,22.07
1785457500,2.420379,3.787231,22.07
1785457510,2.420379,3.788288,22.04
1785457520,2.416817,3.783003,22.09
1785457530,2.4185980000000002,3.786174,22.04
1785457540,2.423941,3.793573,22.06
1785457550,2.416817,3.785117,22.07
1785457560,2.415036,3.780889,22.06
1785457570,2.415036,3.780889,22.06
1785457580,2.416817,3.780889,22.07
1785457590,2.416817,3.78406,22.06
1785457600,2.420379,3.788288,22.07
1785457610,2.411474,3.776661,22.06
1785457620,2.413255,3.778775,22.06
1785457630,2.416817,3.786174,22.07
1785457640,2.416817,3.785117,22.1
1785457650,2.415036,3.781946,22.06
1785457660,2.409693,3.772433,22.06
1785457670,2.409693,3.774547,22.06
1785457680,2.411474,3.778775,22.04
1785457690,2.416817,3.78406,22.06
1785457700,2.411474,3.776661,22.04
1785457710,2.420379,3.790402,22.04
1785457720,2.411474,3.777718,22.04
1785457730,2.4061310000000002,3.769262,22.02
1785457740,2.409693,3.77349,22.03
1785457750,2.413255,3.780889,22.03
1785457760,2.40435,3.771376,22.02
1785457770,2.407912,3.776661,22.03
1785457780,2.407912,3.77349,22.06
1785457790,2.409693,3.775604,22.04
1785457800,2.40435,3.768205,22.04
1785457810,2.409693,3.776661,22.02
1785457820,2.399007,3.76292,22.04
1785457830,2.407912,3.777718,22.02
1785457840,2.40435,3.770319,22.04
1785457850,2.411474,3.780889,22.04
1785457860,2.40435,3.770319,22.03
1785457870,2.411474,3.779832,22.03
1785457880,2.4061310000000002,3.771376,22.04
1785457890,2.415036,3.786174,22.04
1785457900,2.411474,3.778775,22.06
1785457910,2.40435,3.769262,22.04
1785457920,2.407912,3.774547,22.04
1785457930,2.409693,3.777718,22.04
1785457940,2.409693,3.777718,22.03
1785457950,2.4061310000000002,3.771376,22.03
1785457960,2.402569,3.766091,22.03
1785457970,2.407912,3.774547,22.03
1785457980,2.413255,3.783003,22.04
1785457990,2.40435,3.769262,22.04
1785458000,2.409693,3.778775,22.02
1785458010,2.4061310000000002,3.771376,22.03
1785458020,2.40435,3.769262,22.02
1785458030,2.40435,3.768205,22.02
1785458040,2.409693,3.778775,22.03
1785458050,2.4061310000000002,3.77349,22.0
1785458060,2.407912,3.775604,22.03
1785458070,2.402569,3.766091,22.04
1785458080,2.407912,3.772433,22.02
1785458090,2.402569,3.766091,22.02
1785458100,2.40435,3.770319,22.03
1785458110,2.40435,3.769262,22.03
1785458120,2.407912,3.77349,22.03
1785458130,2.407912,3.77349,22.03
1785458140,2.4061310000000002,3.77349,22.02
1785458150,2.4061310000000002,3.77349,22.02
1785458160,2.407912,3.774547,22.04
1785458170,2.400788,3.767148,22.03
1785458180,2.402569,3.769262,22.03
1785458190,2.400788,3.767148,22.02
1785458200,2.402569,3.769262,22.04
1785458210,2.4061310000000002,3.77349,22.03
1785458220,2.400788,3.767148,22.03
1785458230,2.4061310000000002,3.777718,22.03
1785458240,2.407912,3.777718,22.06
1785458250,2.409693,3.781946,22.04
1785458260,2.4061310000000002,3.776661,22.04
1785458270,2.402569,3.770319,22.04
1785458280,2.399007,3.766091,22.03
1785458290,2.399007,3.766091,22.04
1785458300,2.400788,3.770319,22.03
1785458310,2.399007,3.765034,22.06
1785458320,2.395445,3.759749,22.03
1785458330,2.400788,3.770319,22.04
1785458340,2.399007,3.765034,22.04
1785458350,2.400788,3.767148,22.03
1785458360,2.397226,3.761863,22.04
1785458370,2.397226,3.76292,22.04
1785458380,2.402569,3.770319,22.06
1785458390,2.399007,3.766091,22.03
1785458400,2.402569,3.770319,22.04
1785458410,2.40435,3.77349,22.06
1785458420,2.402569,3.77349,22.06
1785458430,2.400788,3.770319,22.04
1785458440,2.388321,3.749179,22.03
1785458450,2.3936640000000002,3.759749,22.03
1785458460,2.391883,3.755521,22.03
1785458470,2.399007,3.765034,22.02
1785458480,2.3936640000000002,3.758692,22.02
1785458490,2.3936640000000002,3.761863,22.02
1785458500,2.400788,3.77349,22.03
1785458510,2.399007,3.768205,22.02
1785458520,2.397226,3.765034,22.04
1785458530,2.399007,3.770319,22.04
1785458540,2.391883,3.758692,22.02
1785458550,2.395445,3.763977,22.04
1785458560,2.395445,3.763977,22.03
1785458570,2.397226,3.765034,22.0
1785458580,2.3936640000000002,3.760806,22.03
1785458590,2.3936640000000002,3.76292,22.02
1785458600,2.397226,3.765034,22.03
1785458610,2.399007,3.769262,22.02
1785458620,2.399007,3.769262,22.03
1785458630,2.400788,3.771376,22.03
1785458640,2.397226,3.765034,22.02
1785458650,2.402569,3.77349,22.0
1785458660,2.395445,3.76292,22.04
1785458670,2.38654,3.749179,22.02
1785458680,2.390102,3.753407,22.02
1785458690,2.391883,3.757635,22.03
1785458700,2.395445,3.761863,22.0
1785458710,2.395445,3.760806,22.02
1785458720,2.40435,3.775604,22.0
1785458730,2.397226,3.767148,22.03
1785458740,2.391883,3.756578,22.02
1785458750,2.402569,3.772433,22.0
1785458760,2.3936640000000002,3.759749,22.0
1785458770,2.391883,3.757635,22.02
1785458780,2.388321,3.754464,22.0
1785458790,2.388321,3.753407,22.03
1785458800,2.388321,3.754464,22.0
1785458810,2.399007,3.769262,22.03
1785458820,2.384759,3.747065,22.03
1785458830,2.3936640000000002,3.761863,22.02
1785458840,2.388321,3.755521,22.02
1785458850,2.384759,3.747065,22.0
1785458860,2.38654,3.751293,22.0
1785458870,2.3936640000000002,3.76292,22.02
1785458880,2.388321,3.75235,22.02
1785458890,2.388321,3.754464,22.03
1785458900,2.395445,3.765034,21.99
1785458910,2.391883,3.759749,22.0
1785458920,2.384759,3.748122,21.99
1785458930,2.390102,3.757635,21.99
1785458940,2.397226,3.767148,21.99
1785458950,2.384759,3.747065,22.0
1785458960,2.390102,3.756578,21.97
1785458970,2.384759,3.748122,22.0
1785458980,2.388321,3.754464,21.99
1785458990,2.388321,3.755521,21.97
1785459000,2.391883,3.759749,21.97
1785459010,2.391883,3.760806,22.0
1785459020,2.3936640000000002,3.76292,21.99
1785459030,2.391883,3.760806,22.03
1785459040,2.390102,3.757635,21.99
1785459050,2.390102,3.759749,22.02
1785459060,2.388321,3.755521,22.02
1785459070,2.390102,3.758692,22.03
1785459080,2.391883,3.760806,22.02
1785459090,2.382978,3.748122,22.03
1785459100,2.384759,3.749179,22.02
1785459110,2.388321,3.756578,22.02
1785459120,2.390102,3.760806,22.02
1785459130,2.388321,3.755521,22.02
1785459140,2.390102,3.758692,22.0
1785459150,2.388321,3.754464,22.02
1785459160,2.38654,3.753407,22.02
1785459170,2.390102,3.758692,22.02
1785459180,2.388321,3.755521,22.03
1785459190,2.38654,3.754464,22.02
1785459200,2.382978,3.749179,21.99
1785459210,2.3936640000000002,3.763977,21.99
1785459220,2.388321,3.756578,21.99
1785459230,2.3811970000000002,3.743894,22.0
1785459240,2.388321,3.756578,21.99
1785459250,2.3811970000000002,3.743894,22.0
1785459260,2.388321,3.755521,22.02
1785459270,2.390102,3.758692,21.99
1785459280,2.379416,3.742837,22.0
1785459290,2.390102,3.757635,21.99
1785459300,2.391883,3.760806,21.97
1785459310,2.382978,3.744951,22.0
1785459320,2.391883,3.76292,22.0
1785459330,2.382978,3.747065,22.0
1785459340,2.379416,3.74178,21.99
1785459350,2.379416,3.74178,21.99
1785459360,2.377635,3.739666,21.99
1785459370,2.384759,3.749179,21.97
1785459380,2.388321,3.754464,21.99
1785459390,2.390102,3.757635,21.97
1785459400,2.379416,3.74178,21.97
1785459410,2.382978,3.748122,21.99
1785459420,2.388321,3.753407,21.99
1785459430,2.384759,3.750236,21.97
1785459440,2.382978,3.747065,21.97
1785459450,2.3811970000000002,3.743894,21.99
1785459460,2.384759,3.748122,21.97
1785459470,2.384759,3.748122,22.0
1785459480,2.384759,3.748122,21.99
1785459490,2.38654,3.753407,21.99
1785459500,2.384759,3.750236,22.02
1785459510,2.388321,3.755521,22.03
1785459520,2.382978,3.747065,22.02
1785459530,2.38654,3.75235,22.02
1785459540,2.384759,3.750236,22.04
1785459550,2.382978,3.747065,22.02
1785459560,2.38654,3.751293,22.03
1785459570,2.388321,3.755521,22.0
1785459580,2.38654,3.751293,22.03
1785459590,2.388321,3.753407,22.0
1785459600,2.384759,3.750236,22.03
1785459610,2.384759,3.750236,22.03
1785459620,2.3811970000000002,3.742837,22.03
1785459630,2.377635,3.738609,22.02
1785459640,2.38654,3.753407,22.03
1785459650,2.382978,3.742837,22.06
1785459660,2.382978,3.746008,22.04
1785459670,2.388321,3.754464,22.03
1785459680,2.38654,3.750236,22.03
1785459690,2.384759,3.749179,22.03
1785459700,2.3811970000000002,3.74178,22.03
1785459710,2.384759,3.749179,22.03
1785459720,2.384759,3.749179,22.03
1785459730,2.3811970000000002,3.744951,22.06
1785459740,2.382978,3.744951,22.06
1785459750,2.38654,3.751293,22.04
1785459760,2.38654,3.750236,22.02
1785459770,2.391883,3.759749,22.04
1785459780,2.38654,3.751293,22.02
1785459790,2.382978,3.746008,22.04
1785459800,2.3811970000000002,3.743894,22.04
1785459810,2.382978,3.746008,22.04
1785459820,2.38654,3.751293,22.03
1785459830,2.38654,3.751293,22.03
1785459840,2.38654,3.75235,22.04
1785459850,2.388321,3.751293,22.04
1785459860,2.388321,3.75235,22.03
1785459870,2.390102,3.754464,22.04
1785459880,2.38654,3.750236,22.03
1785459890,2.390102,3.754464,22.03
1785459900,2.38654,3.751293,22.02
1785459910,2.384759,3.746008,22.02
1785459920,2.38654,3.750236,22.04
1785459930,2.38654,3.750236,22.02
1785459940,2.38654,3.747065,22.0
1785459950,2.390102,3.753407,22.06
1785459960,2.38654,3.750236,22.03
1785459970,2.382978,3.742837,22.06
1785459980,2.38654,3.750236,22.04
1785459990,2.390102,3.753407,22.0
1785460000,2.388321,3.75235,22.02
1785460010,2.384759,3.747065,22.02
1785460020,2.388321,3.75235,22.03
1785460030,2.384759,3.749179,22.03
1785460040,2.38654,3.750236,22.02
1785460050,2.38654,3.747065,22.0
1785460060,2.384759,3.747065,22.03
1785460070,2.38654,3.748122,22.03
1785460080,2.391883,3.755521,22.0
1785460090,2.384759,3.743894,22.03
1785460100,2.388321,3.751293,22.03
1785460110,2.382978,3.744951,22.02
1785460120,2.388321,3.751293,22.03
1785460130,2.38654,3.747065,22.0
1785460140,2.38654,3.748122,22.02
1785460150,2.390102,3.751293,22.03
1785460160,2.388321,3.749179,22.0
1785460170,2.38654,3.746008,22.0
1785460180,2.388321,3.751293,22.03
1785460190,2.388321,3.750236,22.0
1785460200,2.391883,3.756578,22.03
1785460210,2.388321,3.75235,22.0
1785460220,2.390102,3.75235,22.02
1785460230,2.3811970000000002,3.737552,22.02
1785460240,2.38654,3.748122,22.02
1785460250,2.390102,3.75235,22.02
1785460260,2.38654,3.748122,22.0
1785460270,2.382978,3.74178,22.02
1785460280,2.3936640000000002,3.757635,21.99
1785460290,2.38654,3.748122,21.99
1785460300,2.391883,3.753407,22.02
1785460310,2.38654,3.747065,22.0
1785460320,2.384759,3.743894,22.0
1785460330,2.3936640000000002,3.757635,22.02
1785460340,2.388321,3.748122,21.99
1785460350,2.390102,3.750236,22.0
1785460360,2.388321,3.749179,21.99
1785460370,2.390102,3.75235,21.99
1785460380,2.388321,3.750236,21.99
1785460390,2.38654,3.748122,22.0
1785460400,2.390102,3.75235,21.99
1785460410,2.388321,3.748122,21.99
1785460420,2.382978,3.740723,22.0
1785460430,2.38654,3.744951,21.99
1785460440,2.384759,3.743894,21.97
1785460450,2.38654,3.748122,21.99
1785460460,2.390102,3.751293,22.0
1785460470,2.388321,3.750236,21.99
1785460480,2.391883,3.755521,22.0
1785460490,2.390102,3.754464,21.99
1785460500,2.382978,3.742837,22.0
1785460510,2.388321,3.747065,22.0
1785460520,2.388321,3.748122,22.0
1785460530,2.3936640000000002,3.756578,22.0
1785460540,2.38654,3.746008,22.0
1785460550,2.382978,3.740723,22.0
1785460560,2.388321,3.748122,21.99
1785460570,2.38654,3.743894,22.0
1785460580,2.38654,3.74178,21.99
1785460590,2.384759,3.740723,22.0
1785460600,2.390102,3.750236,22.0
1785460610,2.388321,3.747065,22.02
1785460620,2.388321,3.744951,22.02
1785460630,2.388321,3.744951,22.03
1785460640,2.395445,3.756578,22.03
1785460650,2.390102,3.748122,21.99
1785460660,2.388321,3.748122,22.03
1785460670,2.3936640000000002,3.754464,22.02
1785460680,2.3936640000000002,3.754464,22.04
1785460690,2.388321,3.746008,22.02
1785460700,2.3936640000000002,3.75235,22.03
1785460710,2.390102,3.748122,21.99
1785460720,2.3936640000000002,3.751293,22.02
1785460730,2.399007,3.760806,22.04
1785460740,2.388321,3.744951,22.02
1785460750,2.397226,3.759749,22.02
1785460760,2.395445,3.753407,22.02
1785460770,2.3936640000000002,3.751293,22.02
1785460780,2.391883,3.753407,22.02
1785460790,2.395445,3.754464,22.02
1785460800,2.3936640000000002,3.754464,22.02
1785460810,2.391883,3.751293,22.02
1785460820,2.391883,3.751293,22.02
1785460830,2.3936640000000002,3.754464,22.0
1785460840,2.390102,3.747065,22.02
1785460850,2.400788,3.763977,22.0
1785460860,2.391883,3.749179,22.02
1785460870,2.391883,3.750236,21.99
1785460880,2.390102,3.744951,21.99
1785460890,2.397226,3.75235,21.97
1785460900,2.3936640000000002,3.748122,22.0
1785460910,2.402569,3.76292,22.0
1785460920,2.3936640000000002,3.751293,22.0
1785460930,2.3936640000000002,3.750236,22.0
1785460940,2.391883,3.748122,21.99
1785460950,2.397226,3.756578,22.0
1785460960,2.397226,3.757635,22.0
1785460970,2.3936640000000002,3.750236,22.0
1785460980,2.395445,3.751293,22.02
1785460990,2.399007,3.756578,22.02
1785461000,2.3936640000000002,3.748122,22.0
1785461010,2.3936640000000002,3.747065,22.02
1785461020,2.395445,3.750236,22.0
1785461030,2.395445,3.750236,22.0
1785461040,2.400788,3.758692,22.0
1785461050,2.397226,3.754464,21.99
1785461060,2.3936640000000002,3.748122,22.0
1785461070,2.395445,3.754464,22.0
1785461080,2.402569,3.760806,21.99
1785461090,2.399007,3.756578,21.97
1785461100,2.397226,3.75235,21.97
1785461110,2.400788,3.758692,21.99
1785461120,2.399007,3.754464,22.0
1785461130,2.399007,3.756578,21.99
1785461140,2.399007,3.754464,21.97
1785461150,2.399007,3.754464,21.97
1785461160,2.3936640000000002,3.748122,22.0
1785461170,2.399007,3.756578,21.97
1785461180,2.397226,3.75235,21.99
1785461190,2.402569,3.760806,22.0
1785461200,2.3936640000000002,3.747065,22.0
1785461210,2.395445,3.749179,21.99
1785461220,2.402569,3.76292,22.02
1785461230,2.400788,3.759749,21.99
1785461240,2.399007,3.756578,22.0
1785461250,2.397226,3.75235,22.0
1785461260,2.399007,3.755521,22.02
1785461270,2.402569,3.760806,22.02
1785461280,2.397226,3.753407,22.0
1785461290,2.40435,3.76292,22.02
1785461300,2.395445,3.748122,22.0
1785461310,2.397226,3.75235,22.03
1785461320,2.399007,3.754464,22.04
1785461330,2.400788,3.757635,22.0
1785461340,2.395445,3.749179,22.0
1785461350,2.400788,3.757635,22.03
1785461360,2.400788,3.758692,22.0
1785461370,2.402569,3.759749,22.0
1785461380,2.407912,3.769262,21.99
1785461390,2.399007,3.754464,22.02
1785461400,2.399007,3.754464,21.99
1785461410,2.400788,3.756578,22.0
1785461420,2.407912,3.770319,22.02
1785461430,2.400788,3.757635,22.0
1785461440,2.400788,3.756578,21.99
1785461450,2.395445,3.749179,21.97
1785461460,2.402569,3.76292,21.99
1785461470,2.399007,3.757635,21.97
1785461480,2.3936640000000002,3.748122,21.99
1785461490,2.395445,3.751293,21.99
1785461500,2.397226,3.75235,21.97
1785461510,2.402569,3.759749,21.99
1785461520,2.402569,3.758692,21.99
1785461530,2.4061310000000002,3.765034,21.97
1785461540,2.402569,3.757635,21.97
1785461550,2.40435,3.761863,21.99
1785461560,2.402569,3.757635,21.99
1785461570,2.402569,3.757635,21.97
1785461580,2.409693,3.768205,21.97
1785461590,2.399007,3.75235,21.97
1785461600,2.4061310000000002,3.76292,21.99
1785461610,2.402569,3.756578,21.97
1785461620,2.40435,3.760806,22.0
1785461630,2.413255,3.775604,21.99
1785461640,2.40435,3.761863,21.99
1785461650,2.397226,3.751293,22.0
1785461660,2.402569,3.759749,22.0
1785461670,2.40435,3.758692,21.99
1785461680,2.4061310000000002,3.76292,21.99
1785461690,2.400788,3.755521,22.0
1785461700,2.399007,3.753407,21.97
1785461710,2.399007,3.75235,21.99
1785461720,2.402569,3.757635,21.96
1785461730,2.402569,3.754464,21.99
1785461740,2.399007,3.751293,21.97
1785461750,2.400788,3.754464,21.99
1785461760,2.402569,3.757635,21.99
1785461770,2.400788,3.753407,21.96
1785461780,2.416817,3.778775,21.97
1785461790,2.399007,3.750236,21.97
1785461800,2.409693,3.767148,22.0
1785461810,2.402569,3.753407,21.97
1785461820,2.40435,3.757635,22.02
1785461830,2.4061310000000002,3.76292,22.02
1785461840,2.4061310000000002,3.760806,22.0
1785461850,2.407912,3.76292,22.0
1785461860,2.407912,3.761863,21.99
1785461870,2.4061310000000002,3.760806,21.99
1785461880,2.409693,3.767148,21.97
1785461890,2.4061310000000002,3.761863,21.99
1785461900,2.4061310000000002,3.76292,21.99
1785461910,2.413255,3.771376,21.99
1785461920,2.407912,3.763977,21.99
1785461930,2.409693,3.765034,21.99
1785461940,2.4061310000000002,3.761863,21.99
1785461950,2.413255,3.770319,22.0
1785461960,2.411474,3.770319,22.0
1785461970,2.4061310000000002,3.761863,21.99
1785461980,2.413255,3.771376,22.0
1785461990,2.415036,3.776661,21.99
1785462000,2.407912,3.765034,21.99
1785462010,2.4061310000000002,3.760806,22.03
1785462020,2.411474,3.770319,22.0
1785462030,2.413255,3.771376,22.0
1785462040,2.409693,3.768205,22.0
1785462050,2.411474,3.769262,22.0
1785462060,2.416817,3.777718,22.0
1785462070,2.416817,3.775604,21.97
1785462080,2.409693,3.767148,22.0
1785462090,2.411474,3.770319,22.0
1785462100,2.411474,3.767148,22.0
1785462110,2.413255,3.771376,21.99
1785462120,2.411474,3.767148,21.99
1785462130,2.415036,3.770319,22.0
1785462140,2.409693,3.761863,21.97
1785462150,2.415036,3.772433,21.99
1785462160,2.411474,3.767148,21.97
1785462170,2.413255,3.770319,21.99
1785462180,2.413255,3.770319,21.99
1785462190,2.413255,3.768205,21.97
1785462200,2.411474,3.767148,21.96
1785462210,2.415036,3.77349,21.97
1785462220,2.4185980000000002,3.778775,21.97
1785462230,2.413255,3.770319,21.96
1785462240,2.42216,3.783003,21.95
1785462250,2.415036,3.771376,21.96
1785462260,2.416817,3.77349,21.96
1785462270,2.416817,3.77349,21.99
1785462280,2.411474,3.767148,21.99
1785462290,2.413255,3.771376,21.99
1785462300,2.413255,3.769262,21.99
1785462310,2.413255,3.769262,21.97
1785462320,2.420379,3.781946,21.96
1785462330,2.415036,3.77349,21.95
1785462340,2.415036,3.775604,21.96
1785462350,2.413255,3.771376,21.97
1785462360,2.416817,3.775604,21.97
1785462370,2.415036,3.771376,21.96
1785462380,2.415036,3.774547,21.96
1785462390,2.411474,3.768205,21.97
1785462400,2.416817,3.775604,21.97
1785462410,2.4185980000000002,3.778775,21.97
1785462420,2.416817,3.775604,21.96
1785462430,2.415036,3.772433,21.99
1785462440,2.420379,3.783003,21.97
1785462450,2.415036,3.772433,22.0
1785462460,2.416817,3.776661,21.97
1785462470,2.416817,3.775604,21.99
1785462480,2.4185980000000002,3.776661,21.99
1785462490,2.423941,3.787231,21.96
1785462500,2.416817,3.775604,21.97
1785462510,2.416817,3.774547,21.99
1785462520,2.42216,3.783003,21.97
1785462530,2.4185980000000002,3.778775,22.0
1785462540,2.420379,3.781946,21.99
1785462550,2.420379,3.780889,21.97
1785462560,2.415036,3.77349,21.99
1785462570,2.416817,3.775604,22.0
1785462580,2.416817,3.775604,21.99
1785462590,2.423941,3.787231,21.99
1785462600,2.416817,3.777718,21.96
1785462610,2.416817,3.776661,21.97
1785462620,2.415036,3.772433,21.99
1785462630,2.42216,3.783003,21.96
1785462640,2.416817,3.777718,21.97
1785462650,2.415036,3.775604,21.99
1785462660,2.425722,3.790402,21.99
1785462670,2.413255,3.770319,21.97
1785462680,2.4185980000000002,3.779832,21.97
1785462690,2.420379,3.780889,21.97
1785462700,2.415036,3.77349,21.99
1785462710,2.413255,3.769262,21.97
1785462720,2.423941,3.788288,21.99
1785462730,2.416817,3.775604,21.97
1785462740,2.42216,3.78406,21.99
1785462750,2.416817,3.774547,21.99
1785462760,2.4185980000000002,3.777718,21.97
1785462770,2.42216,3.781946,21.96
1785462780,2.425722,3.788288,21.97
1785462790,2.420379,3.780889,21.95
1785462800,2.423941,3.786174,21.95
1785462810,2.420379,3.780889,21.97
1785462820,2.420379,3.781946,21.96
1785462830,2.416817,3.775604,21.99
1785462840,2.420379,3.781946,21.96
1785462850,2.42216,3.78406,21.97
1785462860,2.423941,3.78406,21.97
1785462870,2.423941,3.78406,21.97
1785462880,2.4185980000000002,3.779832,21.97
1785462890,2.420379,3.780889,21.96
1785462900,2.4185980000000002,3.777718,21.97
1785462910,2.423941,3.788288,21.97
1785462920,2.4185980000000002,3.779832,21.96
1785462930,2.42216,3.785117,21.97
1785462940,2.42216,3.785117,21.96
1785462950,2.427503,3.793573,21.96
1785462960,2.423941,3.788288,21.93
1785462970,2.425722,3.789345,21.96
1785462980,2.420379,3.783003,21.97
1785462990,2.420379,3.780889,21.95
1785463000,2.427503,3.791459,21.97
1785463010,2.420379,3.780889,21.99
1785463020,2.427503,3.792516,21.97
1785463030,2.427503,3.792516,21.97
1785463040,2.423941,3.786174,21.99
1785463050,2.429284,3.79463,21.96
1785463060,2.427503,3.792516,22.0
1785463070,2.4310650000000003,3.799915,21.96
1785463080,2.425722,3.79463,21.95
1785463090,2.420379,3.78406,21.96
1785463100,2.42216,3.789345,21.95
1785463110,2.429284,3.799915,21.97
1785463120,2.4185980000000002,3.781946,21.97
1785463130,2.42216,3.787231,21.96
1785463140,2.425722,3.79463,21.95
1785463150,2.425722,3.793573,21.97
1785463160,2.423941,3.790402,21.95
1785463170,2.423941,3.791459,21.97
1785463180,2.42216,3.788288,21.95
1785463190,2.425722,3.795687,21.96
1785463200,2.427503,3.797801,21.97
1785463210,2.416817,3.781946,21.97
1785463220,2.423941,3.790402,21.95
1785463230,2.4185980000000002,3.783003,21.96
1785463240,2.42216,3.785117,21.99
1785463250,2.425722,3.791459,21.96
1785463260,2.423941,3.787231,21.97
1785463270,2.42216,3.785117,21.99
1785463280,2.42216,3.786174,21.99
1785463290,2.4185980000000002,3.780889,21.97
1785463300,2.420379,3.785117,21.96
1785463310,2.425722,3.791459,21.97
1785463320,2.42216,3.788288,21.96
1785463330,2.4185980000000002,3.781946,21.96
1785463340,2.416817,3.779832,21.96
1785463350,2.42216,3.788288,21.97
1785463360,2.4185980000000002,3.783003,21.97
1785463370,2.423941,3.791459,21.99
1785463380,2.4310650000000003,3.800972,21.96
1785463390,2.425722,3.79463,21.96
1785463400,2.420379,3.788288,21.97
1785463410,2.420379,3.788288,21.96
1785463420,2.420379,3.786174,21.99
1785463430,2.425722,3.795687,21.97
1785463440,2.425722,3.79463,21.97
1785463450,2.429284,3.802029,21.99
1785463460,2.420379,3.787231,21.96
1785463470,2.425722,3.796744,21.96
1785463480,2.42216,3.792516,21.95
1785463490,2.42216,3.792516,21.96
1785463500,2.42216,3.793573,21.95
1785463510,2.420379,3.790402,21.96
1785463520,2.4185980000000002,3.786174,21.95
1785463530,2.420379,3.788288,21.96
1785463540,2.423941,3.790402,21.96
1785463550,2.427503,3.796744,21.96
1785463560,2.425722,3.796744,21.95
1785463570,2.423941,3.79463,21.93
1785463580,2.42216,3.791459,21.96
1785463590,2.42216,3.790402,21.95
1785463600,2.425722,3.79463,21.95
1785463610,2.423941,3.791459,21.95
1785463620,2.427503,3.79463,21.92
1785463630,2.423941,3.789345,21.95
1785463640,2.423941,3.792516,21.93
1785463650,2.423941,3.792516,21.95
1785463660,2.42216,3.792516,21.95
1785463670,2.420379,3.787231,21.93
1785463680,2.423941,3.791459,21.95
1785463690,2.427503,3.797801,21.95
1785463700,2.427503,3.797801,21.96
1785463710,2.425722,3.79463,21.96
1785463720,2.425722,3.796744,21.96
1785463730,2.429284,3.799915,21.97
1785463740,2.425722,3.795687,21.95
1785463750,2.427503,3.798858,21.97
1785463760,2.425722,3.796744,21.96
1785463770,2.427503,3.797801,21.97
1785463780,2.4310650000000003,3.804143,21.97
1785463790,2.423941,3.795687,21.95
1785463800,2.42216,3.792516,21.97
1785463810,2.4310650000000003,3.8052,21.96
1785463820,2.423941,3.796744,21.96
1785463830,2.427503,3.800972,21.95
1785463840,2.423941,3.79463,21.93
1785463850,2.427503,3.802029,21.96
1785463860,2.425722,3.800972,21.92
1785463870,2.423941,3.79463,21.93
1785463880,2.427503,3.798858,21.95
1785463890,2.4185980000000002,3.786174,21.92
1785463900,2.423941,3.79463,21.97
1785463910,2.427503,3.797801,21.93
1785463920,2.42216,3.791459,21.92
1785463930,2.427503,3.800972,21.92
1785463940,2.42216,3.792516,21.93
1785463950,2.425722,3.798858,21.93
1785463960,2.429284,3.8052,21.92
1785463970,2.423941,3.79463,21.95
1785463980,2.425722,3.800972,21.93
1785463990,2.4310650000000003,3.808371,21.91
1785464000,2.4185980000000002,3.790402,21.92
1785464010,2.423941,3.798858,21.92
1785464020,2.420379,3.79463,21.92
1785464030,2.423941,3.799915,21.92
1785464040,2.42216,3.799915,21.92
1785464050,2.42216,3.797801,21.92
1785464060,2.425722,3.803086,21.91
1785464070,2.425722,3.802029,21.92
1785464080,2.4310650000000003,3.808371,21.91
1785464090,2.427503,3.804143,21.93
1785464100,2.429284,3.807314,21.91
1785464110,2.423941,3.796744,21.95
1785464120,2.425722,3.802029,21.91
1785464130,2.423941,3.796744,21.93
1785464140,2.425722,3.799915,21.93
1785464150,2.427503,3.803086,21.93
1785464160,2.432846,3.809428,21.95
1785464170,2.423941,3.796744,21.93
1785464180,2.423941,3.795687,21.95
1785464190,2.429284,3.8052,21.92
1785464200,2.425722,3.798858,21.96
1785464210,2.432846,3.809428,21.95
1785464220,2.423941,3.797801,21.95
1785464230,2.425722,3.800972,21.95
1785464240,2.427503,3.803086,21.92
1785464250,2.429284,3.806257,21.93
1785464260,2.42216,3.793573,21.93
1785464270,2.432846,3.810485,21.95
1785464280,2.425722,3.802029,21.93
1785464290,2.420379,3.793573,21.95
1785464300,2.427503,3.804143,21.96
1785464310,2.425722,3.804143,21.95
1785464320,2.423941,3.802029,21.96
1785464330,2.423941,3.798858,21.93
1785464340,2.423941,3.799915,21.96
1785464350,2.429284,3.808371,21.95
1785464360,2.425722,3.802029,21.93
1785464370,2.429284,3.808371,21.95
1785464380,2.42216,3.796744,21.97
1785464390,2.423941,3.798858,21.93
1785464400,2.425722,3.802029,21.96
1785464410,2.4310650000000003,3.811542,21.95
1785464420,2.434627,3.816827,21.96
1785464430,2.429284,3.808371,21.95
1785464440,2.425722,3.802029,21.95
1785464450,2.425722,3.804143,21.95
1785464460,2.425722,3.804143,21.95
1785464470,2.423941,3.800972,21.95
1785464480,2.427503,3.806257,21.96
1785464490,2.425722,3.804143,21.95
1785464500,2.425722,3.803086,21.95
1785464510,2.423941,3.798858,21.95
1785464520,2.42216,3.798858,21.93
1785464530,2.429284,3.810485,21.92
1785464540,2.423941,3.800972,21.95
1785464550,2.4310650000000003,3.810485,21.93
1785464560,2.4310650000000003,3.810485,21.93
1785464570,2.427503,3.808371,21.96
1785464580,2.427503,3.806257,21.93
1785464590,2.425722,3.803086,21.95
1785464600,2.427503,3.804143,21.95
1785464610,2.429284,3.809428,21.93
1785464620,2.427503,3.807314,21.92
1785464630,2.429284,3.809428,21.95
1785464640,2.4310650000000003,3.812599,21.96
1785464650,2.432846,3.812599,21.91
1785464660,2.432846,3.813656,21.93
1785464670,2.429284,3.808371,21.92
1785464680,2.427503,3.806257,21.95
1785464690,2.427503,3.8052,21.92
1785464700,2.425722,3.803086,21.93
1785464710,2.425722,3.804143,21.95
1785464720,2.429284,3.809428,21.95
1785464730,2.423941,3.799915,21.95
1785464740,2.425722,3.804143,21.95
1785464750,2.4310650000000003,3.811542,21.93
1785464760,2.427503,3.807314,21.91
1785464770,2.42216,3.797801,21.92
1785464780,2.429284,3.809428,21.93
1785464790,2.429284,3.808371,21.92
1785464800,2.434627,3.816827,21.89
1785464810,2.4310650000000003,3.813656,21.89
1785464820,2.425722,3.803086,21.89
1785464830,2.4310650000000003,3.811542,21.92
1785464840,2.427503,3.807314,21.92
1785464850,2.4310650000000003,3.810485,21.92
1785464860,2.429284,3.807314,21.92
1785464870,2.427503,3.807314,21.89
1785464880,2.429284,3.810485,21.92
1785464890,2.432846,3.812599,21.91
1785464900,2.427503,3.806257,21.93
1785464910,2.429284,3.810485,21.91
1785464920,2.427503,3.808371,21.88
1785464930,2.429284,3.810485,21.91
1785464940,2.423941,3.802029,21.91
1785464950,2.427503,3.804143,21.93
1785464960,2.427503,3.806257,21.91
1785464970,2.429284,3.808371,21.91
1785464980,2.4310650000000003,3.813656,21.91
1785464990,2.425722,3.8052,21.89
1785465000,2.427503,3.806257,21.92
1785465010,2.434627,3.817884,21.89
1785465020,2.432846,3.812599,21.91
1785465030,2.429284,3.806257,21.89
1785465040,2.425722,3.804143,21.88
1785465050,2.429284,3.808371,21.88
1785465060,2.429284,3.810485,21.91
1785465070,2.429284,3.807314,21.89
1785465080,2.423941,3.802029,21.88
1785465090,2.427503,3.806257,21.89
1785465100,2.429284,3.808371,21.92
1785465110,2.4310650000000003,3.811542,21.92
1785465120,2.432846,3.81577,21.91
1785465130,2.425722,3.8052,21.91
1785465140,2.4310650000000003,3.812599,21.93
1785465150,2.4310650000000003,3.813656,21.91
1785465160,2.429284,3.809428,21.92
1785465170,2.4310650000000003,3.812599,21.91
1785465180,2.429284,3.808371,21.92
1785465190,2.429284,3.809428,21.91
1785465200,2.425722,3.8052,21.92
1785465210,2.434627,3.817884,21.93
1785465220,2.432846,3.814713,21.93
1785465230,2.420379,3.793573,21.93
1785465240,2.427503,3.804143,21.91
1785465250,2.425722,3.803086,21.92
1785465260,2.4310650000000003,3.812599,21.91
1785465270,2.429284,3.810485,21.91
1785465280,2.429284,3.808371,21.92
1785465290,2.429284,3.810485,21.92
1785465300,2.436408,3.821055,21.92
1785465310,2.427503,3.807314,21.93
1785465320,2.429284,3.808371,21.93
1785465330,2.436408,3.821055,21.93
1785465340,2.4310650000000003,3.811542,21.95
1785465350,2.432846,3.814713,21.92
1785465360,2.434627,3.817884,21.93
1785465370,2.425722,3.804143,21.93
1785465380,2.425722,3.803086,21.93
1785465390,2.423941,3.800972,21.92
1785465400,2.425722,3.8052,21.92
1785465410,2.427503,3.807314,21.89
1785465420,2.4310650000000003,3.814713,21.91
1785465430,2.425722,3.804143,21.92
1785465440,2.427503,3.806257,21.91
1785465450,2.434627,3.816827,21.91
1785465460,2.423941,3.800972,21.91
1785465470,2.429284,3.809428,21.91
1785465480,2.429284,3.807314,21.89
1785465490,2.427503,3.8052,21.88
1785465500,2.429284,3.809428,21.89
1785465510,2.4310650000000003,3.810485,21.86
1785465520,2.429284,3.807314,21.89
1785465530,2.429284,3.809428,21.88
1785465540,2.434627,3.816827,21.89
1785465550,2.423941,3.800972,21.88
1785465560,2.425722,3.804143,21.88
1785465570,2.425722,3.8052,21.89
1785465580,2.4310650000000003,3.812599,21.88
1785465590,2.425722,3.8052,21.88
1785465600,2.432846,3.814713,21.88
1785465610,2.427503,3.807314,21.89
1785465620,2.432846,3.812599,21.85
1785465630,2.436408,3.821055,21.88
1785465640,2.4310650000000003,3.810485,21.88
1785465650,2.432846,3.814713,21.88
1785465660,2.429284,3.809428,21.88
1785465670,2.429284,3.810485,21.89
1785465680,2.429284,3.806257,21.89
1785465690,2.432846,3.816827,21.89
1785465700,2.434627,3.817884,21.89
1785465710,2.432846,3.81577,21.86
1785465720,2.432846,3.813656,21.86
1785465730,2.429284,3.809428,21.88
1785465740,2.427503,3.807314,21.89
1785465750,2.429284,3.809428,21.89
1785465760,2.432846,3.814713,21.88
1785465770,2.429284,3.809428,21.91
1785465780,2.425722,3.804143,21.86
1785465790,2.432846,3.813656,21.89
1785465800,2.4310650000000003,3.811542,21.88
1785465810,2.427503,3.804143,21.88
1785465820,2.432846,3.812599,21.88
1785465830,2.432846,3.811542,21.89
1785465840,2.434627,3.816827,21.89
1785465850,2.429284,3.808371,21.86
1785465860,2.4310650000000003,3.810485,21.88
1785465870,2.4310650000000003,3.810485,21.88
1785465880,2.4310650000000003,3.809428,21.88
1785465890,2.432846,3.813656,21.91
1785465900,2.432846,3.813656,21.88
1785465910,2.4310650000000003,3.810485,21.89
1785465920,2.4310650000000003,3.811542,21.88
1785465930,2.429284,3.807314,21.91
1785465940,2.429284,3.807314,21.91
1785465950,2.429284,3.808371,21.91
1785465960,2.425722,3.802029,21.89
1785465970,2.4310650000000003,3.810485,21.89
1785465980,2.432846,3.811542,21.91
1785465990,2.4310650000000003,3.809428,21.89
1785466000,2.4310650000000003,3.810485,21.91
1785466010,2.434627,3.81577,21.89
1785466020,2.427503,3.804143,21.89
1785466030,2.4310650000000003,3.808371,21.91
1785466040,2.4435320000000003,3.828454,21.89
1785466050,2.436408,3.818941,21.89
1785466060,2.427503,3.806257,21.88
1785466070,2.429284,3.808371,21.91
1785466080,2.429284,3.807314,21.89
1785466090,2.434627,3.81577,21.91
1785466100,2.438189,3.821055,21.88
1785466110,2.434627,3.816827,21.88
1785466120,2.434627,3.81577,21.89
1785466130,2.4310650000000003,3.811542,21.91
1785466140,2.4310650000000003,3.808371,21.89
1785466150,2.432846,3.811542,21.91
1785466160,2.434627,3.81577,21.91
1785466170,2.4310650000000003,3.808371,21.89
1785466180,2.4310650000000003,3.810485,21.92
1785466190,2.434627,3.81577,21.91
1785466200,2.4310650000000003,3.808371,21.89
1785466210,2.429284,3.8052,21.88
1785466220,2.425722,3.800972,21.92
1785466230,2.434627,3.814713,21.92
1785466240,2.429284,3.807314,21.92
1785466250,2.427503,3.804143,21.92
1785466260,2.436408,3.817884,21.92
1785466270,2.434627,3.814713,21.91
1785466280,2.438189,3.819998,21.93
1785466290,2.436408,3.817884,21.92
1785466300,2.434627,3.814713,21.91
1785466310,2.427503,3.803086,21.91
1785466320,2.432846,3.811542,21.89
1785466330,2.434627,3.814713,21.88
1785466340,2.436408,3.819998,21.91
1785466350,2.436408,3.818941,21.92
1785466360,2.436408,3.816827,21.91
1785466370,2.438189,3.821055,21.91
1785466380,2.432846,3.811542,21.92
1785466390,2.432846,3.812599,21.89
1785466400,2.434627,3.81577,21.89
1785466410,2.4310650000000003,3.809428,21.91
1785466420,2.434627,3.812599,21.91
1785466430,2.43997,3.822112,21.92
1785466440,2.438189,3.819998,21.92
1785466450,2.43997,3.821055,21.91
1785466460,2.43997,3.821055,21.91
1785466470,2.434627,3.813656,21.91
1785466480,2.436408,3.81577,21.92
1785466490,2.436408,3.81577,21.89
1785466500,2.438189,3.819998,21.91
1785466510,2.434627,3.812599,21.89
1785466520,2.4435320000000003,3.828454,21.93
1785466530,2.425722,3.798858,21.93
1785466540,2.436408,3.816827,21.91
1785466550,2.438189,3.817884,21.92
1785466560,2.438189,3.818941,21.93
1785466570,2.434627,3.813656,21.95
1785466580,2.438189,3.816827,21.93
1785466590,2.432846,3.807314,21.95
1785466600,2.434627,3.810485,21.93
1785466610,2.436408,3.813656,21.95
1785466620,2.432846,3.811542,21.93
1785466630,2.436408,3.816827,21.92
1785466640,2.4310650000000003,3.806257,21.92
1785466650,2.436408,3.81577,21.92
1785466660,2.434627,3.810485,21.91
1785466670,2.436408,3.813656,21.91
1785466680,2.438189,3.81577,21.91
1785466690,2.43997,3.819998,21.91
1785466700,2.436408,3.814713,21.92
1785466710,2.434627,3.813656,21.91
1785466720,2.438189,3.81577,21.92
1785466730,2.438189,3.818941,21.91
1785466740,2.438189,3.816827,21.89
1785466750,2.43997,3.823169,21.91
1785466760,2.434627,3.813656,21.91
1785466770,2.43997,3.821055,21.88
1785466780,2.4310650000000003,3.804143,21.89
1785466790,2.436408,3.814713,21.92
1785466800,2.436408,3.812599,21.91
1785466810,2.436408,3.813656,21.89
1785466820,2.436408,3.81577,21.89
1785466830,2.436408,3.814713,21.89
1785466840,2.43997,3.817884,21.89
1785466850,2.436408,3.813656,21.91
1785466860,2.438189,3.816827,21.91
1785466870,2.436408,3.811542,21.92
1785466880,2.436408,3.813656,21.89
1785466890,2.445313,3.827397,21.88
1785466900,2.4435320000000003,3.824226,21.91
1785466910,2.436408,3.809428,21.89
1785466920,2.43997,3.816827,21.88
1785466930,2.4435320000000003,3.823169,21.86
1785466940,2.441751,3.819998,21.89
1785466950,2.4435320000000003,3.822112,21.89
1785466960,2.43997,3.818941,21.88
1785466970,2.43997,3.818941,21.92
1785466980,2.441751,3.822112,21.92
1785466990,2.436408,3.814713,21.86
1785467000,2.438189,3.816827,21.91
1785467010,2.43997,3.818941,21.88
1785467020,2.436408,3.81577,21.88
1785467030,2.434627,3.811542,21.89
1785467040,2.438189,3.81577,21.89
1785467050,2.441751,3.819998,21.91
1785467060,2.438189,3.81577,21.89
1785467070,2.441751,3.822112,21.89
1785467080,2.436408,3.813656,21.86
1785467090,2.43997,3.819998,21.88
1785467100,2.432846,3.810485,21.89
1785467110,2.438189,3.817884,21.91
1785467120,2.438189,3.816827,21.89
1785467130,2.4435320000000003,3.823169,21.89
1785467140,2.438189,3.813656,21.89
1785467150,2.441751,3.819998,21.91
1785467160,2.43997,3.81577,21.88
1785467170,2.438189,3.814713,21.91
1785467180,2.43997,3.816827,21.88
1785467190,2.4435320000000003,3.821055,21.89
1785467200,2.43997,3.818941,21.86
1785467210,2.448875,3.831625,21.89
1785467220,2.438189,3.812599,21.88
1785467230,2.434627,3.808371,21.89
1785467240,2.438189,3.812599,21.89
1785467250,2.447094,3.82634,21.89
1785467260,2.438189,3.812599,21.86
1785467270,2.436408,3.811542,21.91
1785467280,2.4435320000000003,3.822112,21.88
1785467290,2.438189,3.813656,21.89
1785467300,2.441751,3.816827,21.89
1785467310,2.43997,3.813656,21.88
1785467320,2.4435320000000003,3.818941,21.86
1785467330,2.438189,3.809428,21.86
1785467340,2.4435320000000003,3.817884,21.85
1785467350,2.445313,3.819998,21.86
1785467360,2.4435320000000003,3.816827,21.89
1785467370,2.4435320000000003,3.817884,21.86
1785467380,2.445313,3.818941,21.86
1785467390,2.447094,3.823169,21.86
1785467400,2.441751,3.81577,21.86
1785467410,2.4435320000000003,3.818941,21.83
1785467420,2.447094,3.822112,21.86
1785467430,2.4435320000000003,3.816827,21.85
1785467440,2.450656,3.827397,21.88
1785467450,2.4435320000000003,3.817884,21.85
1785467460,2.445313,3.818941,21.86
1785467470,2.445313,3.819998,21.86
1785467480,2.4435320000000003,3.81577,21.86
1785467490,2.4435320000000003,3.81577,21.86
1785467500,2.447094,3.822112,21.89
1785467510,2.445313,3.819998,21.86
1785467520,2.4435320000000003,3.816827,21.88
1785467530,2.441751,3.81577,21.88
1785467540,2.441751,3.816827,21.88
1785467550,2.43997,3.814713,21.88
1785467560,2.43997,3.811542,21.88
1785467570,2.4435320000000003,3.818941,21.85
1785467580,2.447094,3.822112,21.86
1785467590,2.445313,3.817884,21.85
1785467600,2.441751,3.812599,21.88
1785467610,2.4435320000000003,3.818941,21.86
1785467620,2.441751,3.813656,21.86
1785467630,2.445313,3.821055,21.89
1785467640,2.4435320000000003,3.819998,21.89
1785467650,2.43997,3.813656,21.91
1785467660,2.441751,3.814713,21.88
1785467670,2.4435320000000003,3.816827,21.88
1785467680,2.445313,3.821055,21.91
1785467690,2.4435320000000003,3.818941,21.88
1785467700,2.441751,3.814713,21.91
1785467710,2.445313,3.819998,21.89
1785467720,2.445313,3.818941,21.89
1785467730,2.4435320000000003,3.816827,21.88
1785467740,2.4435320000000003,3.816827,21.89
1785467750,2.450656,3.82634,21.89
1785467760,2.441751,3.813656,21.88
1785467770,2.4435320000000003,3.813656,21.89
1785467780,2.445313,3.818941,21.88
1785467790,2.452437,3.828454,21.88
1785467800,2.447094,3.823169,21.89
1785467810,2.448875,3.8252829999999998,21.88
1785467820,2.43997,3.810485,21.89
1785467830,2.448875,3.819998,21.91
1785467840,2.441751,3.811542,21.88
1785467850,2.441751,3.812599,21.92
1785467860,2.448875,3.822112,21.86
1785467870,2.445313,3.81577,21.89
1785467880,2.445313,3.816827,21.88
1785467890,2.447094,3.816827,21.89
1785467900,2.445313,3.81577,21.88
1785467910,2.438189,3.8052,21.89
1785467920,2.445313,3.814713,21.88
1785467930,2.448875,3.819998,21.88
1785467940,2.447094,3.818941,21.88
1785467950,2.4435320000000003,3.813656,21.88
1785467960,2.4435320000000003,3.81577,21.88
1785467970,2.4435320000000003,3.814713,21.86
1785467980,2.450656,3.82634,21.88
1785467990,2.445313,3.818941,21.86
1785468000,2.450656,3.8252829999999998,21.86
1785468010,2.445313,3.819998,21.89
1785468020,2.4435320000000003,3.81577,21.86
1785468030,2.4435320000000003,3.81577,21.89
1785468040,2.445313,3.817884,21.86
1785468050,2.448875,3.821055,21.89
1785468060,2.43997,3.809428,21.88
1785468070,2.4435320000000003,3.81577,21.88
1785468080,2.4435320000000003,3.814713,21.88
1785468090,2.441751,3.810485,21.86
1785468100,2.447094,3.816827,21.85
1785468110,2.448875,3.822112,21.86
1785468120,2.450656,3.824226,21.86
1785468130,2.448875,3.823169,21.86
1785468140,2.445313,3.81577,21.86
1785468150,2.454218,3.828454,21.85
1785468160,2.448875,3.817884,21.85
1785468170,2.450656,3.822112,21.82
1785468180,2.450656,3.821055,21.86
1785468190,2.455999,3.830568,21.83
1785468200,2.445313,3.814713,21.85
1785468210,2.447094,3.816827,21.85
1785468220,2.448875,3.818941,21.86
1785468230,2.454218,3.827397,21.85
1785468240,2.454218,3.8252829999999998,21.86
1785468250,2.448875,3.816827,21.85
1785468260,2.452437,3.824226,21.86
1785468270,2.447094,3.814713,21.85
1785468280,2.448875,3.816827,21.86
1785468290,2.445313,3.812599,21.83
1785468300,2.448875,3.817884,21.86
1785468310,2.448875,3.816827,21.85
1785468320,2.448875,3.818941,21.88
1785468330,2.448875,3.817884,21.86
1785468340,2.454218,3.82634,21.88
1785468350,2.448875,3.816827,21.86
1785468360,2.447094,3.81577,21.85
1785468370,2.448875,3.817884,21.88
1785468380,2.448875,3.817884,21.86
1785468390,2.450656,3.819998,21.86
1785468400,2.450656,3.819998,21.83
1785468410,2.450656,3.817884,21.83
1785468420,2.452437,3.824226,21.85
1785468430,2.448875,3.816827,21.85
1785468440,2.450656,3.818941,21.85
1785468450,2.445313,3.810485,21.83
1785468460,2.447094,3.814713,21.83
1785468470,2.452437,3.821055,21.85
1785468480,2.447094,3.81577,21.86
1785468490,2.447094,3.813656,21.85
1785468500,2.450656,3.819998,21.85
1785468510,2.450656,3.821055,21.85
1785468520,2.448875,3.816827,21.85
1785468530,2.447094,3.814713,21.85
1785468540,2.450656,3.822112,21.86
1785468550,2.452437,3.823169,21.88
1785468560,2.445313,3.813656,21.88
1785468570,2.4435320000000003,3.811542,21.86
1785468580,2.445313,3.814713,21.86
1785468590,2.445313,3.812599,21.88
1785468600,2.454218,3.827397,21.86
1785468610,2.448875,3.817884,21.88
1785468620,2.448875,3.816827,21.89
1785468630,2.4435320000000003,3.809428,21.86
1785468640,2.450656,3.822112,21.88
1785468650,2.447094,3.81577,21.86
1785468660,2.455999,3.8252829999999998,21.85
1785468670,2.450656,3.821055,21.86
1785468680,2.447094,3.814713,21.88
1785468690,2.445313,3.813656,21.85
1785468700,2.448875,3.816827,21.85
1785468710,2.452437,3.822112,21.86
1785468720,2.450656,3.819998,21.88
1785468730,2.445313,3.812599,21.85
1785468740,2.448875,3.817884,21.83
1785468750,2.450656,3.822112,21.85
1785468760,2.450656,3.819998,21.86
1785468770,2.450656,3.821055,21.86
1785468780,2.447094,3.814713,21.85
1785468790,2.447094,3.814713,21.83
1785468800,2.45778,3.833739,21.83
1785468810,2.4435320000000003,3.811542,21.83
1785468820,2.4435320000000003,3.811542,21.82
1785468830,2.447094,3.813656,21.81
1785468840,2.447094,3.814713,21.86
1785468850,2.448875,3.817884,21.86
1785468860,2.455999,3.828454,21.83
1785468870,2.448875,3.816827,21.83
1785468880,2.450656,3.816827,21.82
1785468890,2.461342,3.833739,21.83
1785468900,2.450656,3.817884,21.81
1785468910,2.448875,3.817884,21.81
1785468920,2.455999,3.82634,21.81
1785468930,2.448875,3.81577,21.81
1785468940,2.448875,3.813656,21.81
1785468950,2.454218,3.824226,21.81
1785468960,2.452437,3.821055,21.81
1785468970,2.454218,3.823169,21.85
1785468980,2.448875,3.81577,21.82
1785468990,2.452437,3.823169,21.82
1785469000,2.448875,3.81577,21.82
1785469010,2.447094,3.812599,21.81
1785469020,2.450656,3.816827,21.82
1785469030,2.447094,3.812599,21.81
1785469040,2.450656,3.816827,21.81
1785469050,2.448875,3.814713,21.81
1785469060,2.450656,3.816827,21.83
1785469070,2.452437,3.822112,21.82
1785469080,2.448875,3.814713,21.82
1785469090,2.450656,3.817884,21.81
1785469100,2.448875,3.81577,21.82
1785469110,2.452437,3.822112,21.82
1785469120,2.454218,3.824226,21.83
1785469130,2.448875,3.81577,21.83
1785469140,2.448875,3.81577,21.82
1785469150,2.454218,3.823169,21.85
1785469160,2.452437,3.818941,21.83
1785469170,2.450656,3.817884,21.82
1785469180,2.448875,3.814713,21.83
1785469190,2.450656,3.816827,21.81
1785469200,2.454218,3.823169,21.83
1785469210,2.447094,3.811542,21.85
1785469220,2.450656,3.816827,21.79
1785469230,2.454218,3.823169,21.83
1785469240,2.448875,3.814713,21.83
1785469250,2.452437,3.818941,21.83
1785469260,2.45778,3.827397,21.81
1785469270,2.454218,3.823169,21.82
1785469280,2.450656,3.817884,21.85
1785469290,2.447094,3.812599,21.82
1785469300,2.454218,3.821055,21.86
1785469310,2.450656,3.818941,21.85
1785469320,2.450656,3.81577,21.85
1785469330,2.455999,3.82634,21.85
1785469340,2.454218,3.819998,21.85
1785469350,2.452437,3.819998,21.85
1785469360,2.448875,3.813656,21.83
1785469370,2.447094,3.811542,21.85
1785469380,2.448875,3.813656,21.83
1785469390,2.452437,3.817884,21.85
1785469400,2.450656,3.816827,21.86
1785469410,2.450656,3.817884,21.85
1785469420,2.452437,3.818941,21.86
1785469430,2.454218,3.823169,21.83
1785469440,2.448875,3.81577,21.86
1785469450,2.447094,3.811542,21.86
1785469460,2.450656,3.817884,21.85
1785469470,2.454218,3.821055,21.86
1785469480,2.455999,3.8252829999999998,21.85
1785469490,2.450656,3.81577,21.83
1785469500,2.447094,3.811542,21.83
1785469510,2.450656,3.81577,21.85
1785469520,2.448875,3.812599,21.85
1785469530,2.448875,3.813656,21.85
1785469540,2.447094,3.810485,21.85
1785469550,2.455999,3.823169,21.86
1785469560,2.448875,3.813656,21.85
1785469570,2.452437,3.817884,21.82
1785469580,2.454218,3.821055,21.82
1785469590,2.452437,3.821055,21.86
1785469600,2.454218,3.821055,21.85
1785469610,2.452437,3.819998,21.86
1785469620,2.452437,3.817884,21.85
1785469630,2.450656,3.816827,21.83
1785469640,2.450656,3.816827,21.85
1785469650,2.450656,3.817884,21.83
1785469660,2.450656,3.816827,21.86
1785469670,2.452437,3.818941,21.83
1785469680,2.448875,3.813656,21.85
1785469690,2.448875,3.812599,21.85
1785469700,2.447094,3.810485,21.85
1785469710,2.452437,3.818941,21.85
1785469720,2.450656,3.816827,21.85
1785469730,2.455999,3.822112,21.85
1785469740,2.454218,3.822112,21.83
1785469750,2.450656,3.812599,21.85
1785469760,2.448875,3.810485,21.83
1785469770,2.455999,3.823169,21.85
1785469780,2.45778,3.82634,21.86
1785469790,2.455999,3.823169,21.88
1785469800,2.447094,3.810485,21.83
1785469810,2.447094,3.811542,21.86
1785469820,2.450656,3.81577,21.86
1785469830,2.45778,3.828454,21.85
1785469840,2.448875,3.814713,21.88
1785469850,2.450656,3.816827,21.88
1785469860,2.448875,3.812599,21.85
1785469870,2.454218,3.821055,21.89
1785469880,2.447094,3.810485,21.89
1785469890,2.450656,3.813656,21.88
1785469900,2.450656,3.81577,21.86
1785469910,2.452437,3.817884,21.86
1785469920,2.448875,3.812599,21.85
1785469930,2.454218,3.819998,21.83
1785469940,2.450656,3.814713,21.83
1785469950,2.450656,3.81577,21.85
1785469960,2.448875,3.811542,21.85
1785469970,2.454218,3.819998,21.81
1785469980,2.452437,3.817884,21.82
1785469990,2.4435320000000003,3.8052,21.83
1785470000,2.452437,3.818941,21.82
1785470010,2.454218,3.819998,21.83
1785470020,2.452437,3.816827,21.82
1785470030,2.450656,3.816827,21.82
1785470040,2.450656,3.816827,21.85
1785470050,2.454218,3.822112,21.82
1785470060,2.454218,3.821055,21.82
1785470070,2.448875,3.814713,21.83
1785470080,2.4435320000000003,3.8052,21.82
1785470090,2.454218,3.821055,21.82
1785470100,2.450656,3.817884,21.85
1785470110,2.452437,3.817884,21.85
1785470120,2.450656,3.81577,21.82
1785470130,2.448875,3.813656,21.85
1785470140,2.450656,3.814713,21.83
1785470150,2.448875,3.813656,21.85
1785470160,2.454218,3.821055,21.85
1785470170,2.450656,3.814713,21.83
1785470180,2.455999,3.823169,21.82
1785470190,2.450656,3.813656,21.85
1785470200,2.447094,3.809428,21.82
1785470210,2.45778,3.82634,21.82
1785470220,2.448875,3.811542,21.83
1785470230,2.448875,3.811542,21.83
1785470240,2.452437,3.818941,21.85
1785470250,2.448875,3.810485,21.82
1785470260,2.455999,3.823169,21.82
1785470270,2.448875,3.811542,21.81
1785470280,2.448875,3.813656,21.82
1785470290,2.452437,3.817884,21.82
1785470300,2.450656,3.814713,21.82
1785470310,2.452437,3.816827,21.82
1785470320,2.450656,3.81577,21.81
1785470330,2.447094,3.810485,21.79
1785470340,2.450656,3.81577,21.83
1785470350,2.452437,3.819998,21.81
1785470360,2.447094,3.812599,21.81
1785470370,2.455999,3.8252829999999998,21.83
1785470380,2.450656,3.817884,21.83
1785470390,2.448875,3.814713,21.85
1785470400,2.448875,3.81577,21.82
1785470410,2.455999,3.824226,21.82
1785470420,2.450656,3.816827,21.81
1785470430,2.454218,3.823169,21.83
1785470440,2.450656,3.814713,21.82
1785470450,2.455999,3.8252829999999998,21.81
1785470460,2.454218,3.823169,21.82
1785470470,2.455999,3.8252829999999998,21.82
1785470480,2.447094,3.811542,21.82
1785470490,2.452437,3.822112,21.81
1785470500,2.450656,3.81577,21.81
1785470510,2.448875,3.812599,21.82
1785470520,2.450656,3.814713,21.82
1785470530,2.452437,3.816827,21.83
1785470540,2.450656,3.816827,21.82
1785470550,2.452437,3.818941,21.82
1785470560,2.45778,3.827397,21.81
1785470570,2.454218,3.822112,21.82
1785470580,2.454218,3.8252829999999998,21.83
1785470590,2.454218,3.822112,21.85
1785470600,2.448875,3.81577,21.83
1785470610,2.448875,3.814713,21.83
1785470620,2.452437,3.822112,21.85
1785470630,2.448875,3.816827,21.85
1785470640,2.450656,3.817884,21.86
1785470650,2.454218,3.823169,21.85
1785470660,2.452437,3.818941,21.85
1785470670,2.452437,3.819998,21.85
1785470680,2.4435320000000003,3.806257,21.86
1785470690,2.45778,3.828454,21.85
1785470700,2.450656,3.816827,21.86
1785470710,2.452437,3.821055,21.83
1785470720,2.450656,3.817884,21.83
1785470730,2.448875,3.816827,21.86
1785470740,2.448875,3.81577,21.86
1785470750,2.455999,3.824226,21.86
1785470760,2.447094,3.812599,21.85
1785470770,2.448875,3.814713,21.86
1785470780,2.452437,3.819998,21.82
1785470790,2.452437,3.818941,21.83
1785470800,2.447094,3.810485,21.83
1785470810,2.452437,3.817884,21.85
1785470820,2.454218,3.821055,21.83
1785470830,2.452437,3.817884,21.83
1785470840,2.455999,3.8252829999999998,21.82
1785470850,2.454218,3.821055,21.81
1785470860,2.452437,3.816827,21.79
1785470870,2.450656,3.816827,21.79
1785470880,2.450656,3.81577,21.81
1785470890,2.441751,3.8052,21.82
1785470900,2.448875,3.81577,21.82
1785470910,2.448875,3.81577,21.81
1785470920,2.450656,3.821055,21.83
1785470930,2.448875,3.81577,21.83
1785470940,2.441751,3.8052,21.83
1785470950,2.447094,3.813656,21.85
1785470960,2.445313,3.811542,21.85
1785470970,2.447094,3.812599,21.83
1785470980,2.447094,3.812599,21.85
1785470990,2.448875,3.813656,21.83
1785471000,2.447094,3.810485,21.85
1785471010,2.452437,3.818941,21.85
1785471020,2.447094,3.810485,21.83
1785471030,2.454218,3.821055,21.83
1785471040,2.448875,3.814713,21.82
1785471050,2.450656,3.81577,21.81
1785471060,2.447094,3.810485,21.81
1785471070,2.448875,3.813656,21.82
1785471080,2.447094,3.809428,21.81
1785471090,2.448875,3.814713,21.79
1785471100,2.447094,3.810485,21.78
1785471110,2.450656,3.816827,21.79
1785471120,2.454218,3.8252829999999998,21.81
1785471130,2.448875,3.817884,21.79
1785471140,2.454218,3.822112,21.79
1785471150,2.4435320000000003,3.807314,21.78
1785471160,2.448875,3.816827,21.78
1785471170,2.450656,3.818941,21.79
1785471180,2.445313,3.808371,21.81
1785471190,2.452437,3.819998,21.81
1785471200,2.445313,3.810485,21.79
1785471210,2.445313,3.810485,21.81
1785471220,2.441751,3.806257,21.79
1785471230,2.4435320000000003,3.811542,21.79
1785471240,2.4435320000000003,3.808371,21.79
1785471250,2.450656,3.818941,21.81
1785471260,2.441751,3.807314,21.81
1785471270,2.441751,3.8052,21.79
1785471280,2.450656,3.817884,21.79
1785471290,2.459561,3.832682,21.81
1785471300,2.445313,3.810485,21.81
1785471310,2.450656,3.816827,21.82
1785471320,2.450656,3.819998,21.82
1785471330,2.450656,3.817884,21.79
1785471340,2.445313,3.809428,21.82
1785471350,2.4435320000000003,3.807314,21.81
1785471360,2.445313,3.809428,21.79
1785471370,2.450656,3.817884,21.79
1785471380,2.448875,3.813656,21.79
1785471390,2.445313,3.809428,21.79
1785471400,2.445313,3.809428,21.79
1785471410,2.448875,3.816827,21.81
1785471420,2.450656,3.817884,21.79
1785471430,2.447094,3.809428,21.79
1785471440,2.447094,3.810485,21.79
1785471450,2.450656,3.81577,21.81
1785471460,2.445313,3.808371,21.79
1785471470,2.448875,3.814713,21.81
1785471480,2.448875,3.814713,21.81
1785471490,2.447094,3.813656,21.81
1785471500,2.445313,3.809428,21.79
1785471510,2.441751,3.8052,21.83
1785471520,2.447094,3.814713,21.83
1785471530,2.447094,3.816827,21.83
1785471540,2.450656,3.821055,21.82
1785471550,2.441751,3.807314,21.83
1785471560,2.445313,3.810485,21.82
1785471570,2.452437,3.824226,21.85
1785471580,2.441751,3.808371,21.81
1785471590,2.4435320000000003,3.810485,21.83
1785471600,2.447094,3.816827,21.81
1785471610,2.441751,3.810485,21.79
1785471620,2.445313,3.812599,21.81
1785471630,2.447094,3.813656,21.82
1785471640,2.448875,3.816827,21.79
1785471650,2.448875,3.817884,21.78
1785471660,2.447094,3.814713,21.78
1785471670,2.445313,3.814713,21.78
1785471680,2.4435320000000003,3.812599,21.79
1785471690,2.441751,3.812599,21.79
1785471700,2.43997,3.8052,21.82
1785471710,2.441751,3.809428,21.79
1785471720,2.4435320000000003,3.813656,21.79
1785471730,2.441751,3.810485,21.79
1785471740,2.445313,3.814713,21.82
1785471750,2.4435320000000003,3.813656,21.81
1785471760,2.450656,3.8252829999999998,21.81
1785471770,2.4435320000000003,3.812599,21.81
1785471780,2.441751,3.810485,21.79
1785471790,2.43997,3.806257,21.79
1785471800,2.4435320000000003,3.812599,21.79
1785471810,2.43997,3.808371,21.79
1785471820,2.445313,3.818941,21.79
1785471830,2.452437,3.827397,21.81
1785471840,2.436408,3.804143,21.81
1785471850,2.448875,3.822112,21.81
1785471860,2.445313,3.81577,21.82
1785471870,2.43997,3.807314,21.79
1785471880,2.447094,3.817884,21.82
1785471890,2.445313,3.814713,21.82
1785471900,2.43997,3.807314,21.79
1785471910,2.447094,3.81577,21.83
1785471920,2.4435320000000003,3.811542,21.79
1785471930,2.447094,3.818941,21.81
1785471940,2.445313,3.814713,21.81
1785471950,2.441751,3.810485,21.82
1785471960,2.450656,3.822112,21.79
1785471970,2.43997,3.808371,21.81
1785471980,2.445313,3.816827,21.82
1785471990,2.447094,3.818941,21.79
1785472000,2.445313,3.816827,21.83
1785472010,2.43997,3.808371,21.83
1785472020,2.4435320000000003,3.812599,21.82
1785472030,2.441751,3.810485,21.82
1785472040,2.447094,3.819998,21.83
1785472050,2.448875,3.823169,21.82
1785472060,2.441751,3.810485,21.83
1785472070,2.43997,3.806257,21.81
1785472080,2.4435320000000003,3.813656,21.81
1785472090,2.445313,3.818941,21.83
1785472100,2.441751,3.813656,21.81
1785472110,2.441751,3.812599,21.79
1785472120,2.432846,3.798858,21.81
1785472130,2.438189,3.807314,21.78
1785472140,2.445313,3.813656,21.81
1785472150,2.4435320000000003,3.813656,21.79
1785472160,2.445313,3.817884,21.81
1785472170,2.448875,3.822112,21.81
1785472180,2.4435320000000003,3.814713,21.81
1785472190,2.441751,3.813656,21.79
1785472200,2.445313,3.821055,21.78
1785472210,2.441751,3.814713,21.79
1785472220,2.438189,3.809428,21.78
1785472230,2.4435320000000003,3.818941,21.79
1785472240,2.438189,3.809428,21.81
1785472250,2.441751,3.812599,21.79
1785472260,2.441751,3.812599,21.76
1785472270,2.441751,3.812599,21.79
1785472280,2.4435320000000003,3.81577,21.79
1785472290,2.438189,3.807314,21.78
1785472300,2.4435320000000003,3.81577,21.79
1785472310,2.436408,3.807314,21.82
1785472320,2.434627,3.8052,21.79
1785472330,2.4435320000000003,3.817884,21.79
1785472340,2.441751,3.812599,21.79
1785472350,2.4435320000000003,3.817884,21.78
1785472360,2.448875,3.8252829999999998,21.81
1785472370,2.43997,3.809428,21.81
1785472380,2.4435320000000003,3.81577,21.82
1785472390,2.43997,3.808371,21.81
1785472400,2.438189,3.806257,21.81
1785472410,2.43997,3.808371,21.79
1785472420,2.43997,3.810485,21.79
1785472430,2.438189,3.8052,21.82
1785472440,2.438189,3.806257,21.79
1785472450,2.441751,3.812599,21.81
1785472460,2.43997,3.810485,21.82
1785472470,2.4435320000000003,3.816827,21.79
1785472480,2.445313,3.817884,21.82
1785472490,2.441751,3.812599,21.82
1785472500,2.452437,3.827397,21.81
1785472510,2.4435320000000003,3.812599,21.81
1785472520,2.4435320000000003,3.816827,21.82
1785472530,2.447094,3.822112,21.81
1785472540,2.441751,3.813656,21.81
1785472550,2.43997,3.811542,21.81
1785472560,2.43997,3.813656,21.81
1785472570,2.441751,3.813656,21.81
1785472580,2.43997,3.813656,21.81
1785472590,2.438189,3.810485,21.79
1785472600,2.438189,3.809428,21.81
1785472610,2.441751,3.81577,21.81
1785472620,2.4435320000000003,3.819998,21.79
1785472630,2.436408,3.808371,21.79
1785472640,2.438189,3.811542,21.83
1785472650,2.43997,3.813656,21.81
1785472660,2.438189,3.809428,21.79
1785472670,2.4435320000000003,3.819998,21.81
1785472680,2.436408,3.809428,21.81
1785472690,2.43997,3.812599,21.81
1785472700,2.432846,3.802029,21.79
1785472710,2.441751,3.812599,21.79
1785472720,2.438189,3.8052,21.79
1785472730,2.438189,3.809428,21.79
1785472740,2.43997,3.812599,21.76
1785472750,2.441751,3.814713,21.76
1785472760,2.43997,3.814713,21.79
1785472770,2.441751,3.81577,21.79
1785472780,2.441751,3.816827,21.81
1785472790,2.432846,3.804143,21.78
1785472800,2.438189,3.812599,21.78
1785472810,2.4310650000000003,3.800972,21.79
1785472820,2.438189,3.809428,21.78
1785472830,2.436408,3.809428,21.78
1785472840,2.438189,3.812599,21.78
1785472850,2.434627,3.807314,21.78
1785472860,2.43997,3.814713,21.79
1785472870,2.438189,3.813656,21.82
1785472880,2.43997,3.813656,21.79
1785472890,2.438189,3.811542,21.79
1785472900,2.434627,3.8052,21.79
1785472910,2.438189,3.813656,21.78
1785472920,2.438189,3.812599,21.78
1785472930,2.43997,3.814713,21.79
1785472940,2.434627,3.806257,21.79
1785472950,2.43997,3.812599,21.78
1785472960,2.432846,3.800972,21.78
1785472970,2.436408,3.809428,21.79
1785472980,2.43997,3.812599,21.79
1785472990,2.438189,3.809428,21.75
1785473000,2.441751,3.81577,21.79
1785473010,2.4435320000000003,3.818941,21.76
1785473020,2.438189,3.811542,21.79
1785473030,2.429284,3.797801,21.79
1785473040,2.438189,3.814713,21.79
1785473050,2.438189,3.812599,21.78
1785473060,2.436408,3.806257,21.81
1785473070,2.43997,3.812599,21.76
1785473080,2.43997,3.812599,21.78
1785473090,2.438189,3.809428,21.76
1785473100,2.436408,3.808371,21.76
1785473110,2.434627,3.806257,21.79
1785473120,2.4310650000000003,3.802029,21.78
1785473130,2.432846,3.803086,21.75
1785473140,2.438189,3.811542,21.76
1785473150,2.43997,3.812599,21.75
1785473160,2.436408,3.808371,21.76
1785473170,2.436408,3.810485,21.73
1785473180,2.4435320000000003,3.821055,21.75
1785473190,2.438189,3.812599,21.76
1785473200,2.438189,3.812599,21.76
1785473210,2.438189,3.812599,21.76
1785473220,2.438189,3.810485,21.75
1785473230,2.434627,3.807314,21.76
1785473240,2.436408,3.808371,21.75
1785473250,2.436408,3.808371,21.73
1785473260,2.43997,3.81577,21.75
1785473270,2.432846,3.8052,21.73
1785473280,2.441751,3.817884,21.73
1785473290,2.4310650000000003,3.803086,21.72
1785473300,2.438189,3.814713,21.75
1785473310,2.43997,3.81577,21.73
1785473320,2.43997,3.817884,21.78
1785473330,2.436408,3.810485,21.76
1785473340,2.425722,3.79463,21.75
1785473350,2.438189,3.813656,21.75
1785473360,2.432846,3.807314,21.75
1785473370,2.438189,3.814713,21.73
1785473380,2.441751,3.817884,21.76
1785473390,2.436408,3.810485,21.75
1785473400,2.436408,3.812599,21.73
1785473410,2.432846,3.8052,21.75
1785473420,2.432846,3.806257,21.75
1785473430,2.438189,3.814713,21.78
1785473440,2.436408,3.811542,21.75
1785473450,2.438189,3.813656,21.76
1785473460,2.436408,3.813656,21.75
1785473470,2.436408,3.811542,21.78
1785473480,2.429284,3.800972,21.75
1785473490,2.4310650000000003,3.804143,21.75
1785473500,2.438189,3.812599,21.76
1785473510,2.432846,3.806257,21.78
1785473520,2.438189,3.812599,21.76
1785473530,2.436408,3.811542,21.75
1785473540,2.434627,3.807314,21.75
1785473550,2.4310650000000003,3.804143,21.76
1785473560,2.432846,3.8052,21.78
1785473570,2.429284,3.799915,21.76
1785473580,2.432846,3.8052,21.75
1785473590,2.432846,3.8052,21.76
1785473600,2.43997,3.816827,21.81
1785473610,2.43997,3.814713,21.78
1785473620,2.436408,3.810485,21.78
1785473630,2.436408,3.808371,21.78
1785473640,2.436408,3.808371,21.78
1785473650,2.434627,3.807314,21.78
1785473660,2.436408,3.810485,21.78
1785473670,2.438189,3.813656,21.79
1785473680,2.434627,3.806257,21.79
1785473690,2.4310650000000003,3.800972,21.79
1785473700,2.432846,3.802029,21.78
1785473710,2.438189,3.812599,21.79
1785473720,2.436408,3.810485,21.79
1785473730,2.438189,3.814713,21.76
1785473740,2.432846,3.804143,21.79
1785473750,2.432846,3.8052,21.79
1785473760,2.4310650000000003,3.803086,21.79
1785473770,2.4310650000000003,3.803086,21.78
1785473780,2.432846,3.806257,21.78
1785473790,2.432846,3.804143,21.81
1785473800,2.43997,3.814713,21.78
1785473810,2.429284,3.800972,21.79
1785473820,2.438189,3.812599,21.79
1785473830,2.434627,3.807314,21.81
1785473840,2.432846,3.8052,21.79
1785473850,2.438189,3.813656,21.81
1785473860,2.436408,3.811542,21.81
1785473870,2.436408,3.810485,21.79
1785473880,2.434627,3.806257,21.81
1785473890,2.436408,3.809428,21.81
1785473900,2.432846,3.8052,21.83
1785473910,2.434627,3.808371,21.82
1785473920,2.441751,3.819998,21.81
1785473930,2.436408,3.810485,21.81
1785473940,2.434627,3.808371,21.81
1785473950,2.434627,3.807314,21.78
1785473960,2.43997,3.814713,21.81
1785473970,2.438189,3.811542,21.81
1785473980,2.441751,3.817884,21.78
1785473990,2.432846,3.8052,21.79
1785474000,2.436408,3.809428,21.78
1785474010,2.4310650000000003,3.804143,21.78
1785474020,2.438189,3.813656,21.79
1785474030,2.43997,3.81577,21.79
1785474040,2.4310650000000003,3.803086,21.78
1785474050,2.436408,3.809428,21.78
1785474060,2.4310650000000003,3.802029,21.78
1785474070,2.438189,3.813656,21.78
1785474080,2.4310650000000003,3.802029,21.79
1785474090,2.436408,3.809428,21.81
1785474100,2.438189,3.812599,21.78
1785474110,2.429284,3.798858,21.79
1785474120,2.436408,3.811542,21.79
1785474130,2.434627,3.808371,21.79
1785474140,2.436408,3.809428,21.79
1785474150,2.438189,3.813656,21.81
1785474160,2.4310650000000003,3.802029,21.78
1785474170,2.434627,3.808371,21.81
1785474180,2.438189,3.813656,21.79
1785474190,2.434627,3.806257,21.79
1785474200,2.434627,3.808371,21.81
1785474210,2.434627,3.809428,21.76
1785474220,2.434627,3.807314,21.79
1785474230,2.436408,3.809428,21.79
1785474240,2.434627,3.810485,21.79
1785474250,2.438189,3.814713,21.78
1785474260,2.43997,3.816827,21.82
1785474270,2.432846,3.806257,21.78
1785474280,2.438189,3.813656,21.79
1785474290,2.436408,3.812599,21.81
1785474300,2.43997,3.81577,21.81
1785474310,2.43997,3.81577,21.81
1785474320,2.43997,3.81577,21.81
1785474330,2.438189,3.811542,21.81
1785474340,2.43997,3.81577,21.82
1785474350,2.432846,3.806257,21.81
1785474360,2.434627,3.808371,21.81
1785474370,2.445313,3.824226,21.81
1785474380,2.432846,3.807314,21.79
1785474390,2.429284,3.799915,21.82
1785474400,2.434627,3.809428,21.81
1785474410,2.434627,3.807314,21.82
1785474420,2.436408,3.809428,21.81
1785474430,2.434627,3.809428,21.79
1785474440,2.432846,3.804143,21.79
1785474450,2.434627,3.806257,21.81
1785474460,2.4310650000000003,3.803086,21.82
1785474470,2.438189,3.811542,21.79
1785474480,2.429284,3.797801,21.83
1785474490,2.434627,3.806257,21.83
1785474500,2.432846,3.8052,21.83
1785474510,2.438189,3.812599,21.83
1785474520,2.436408,3.809428,21.82
1785474530,2.441751,3.81577,21.82
1785474540,2.4310650000000003,3.803086,21.81
1785474550,2.436408,3.808371,21.82
1785474560,2.438189,3.811542,21.81
1785474570,2.441751,3.817884,21.81
1785474580,2.438189,3.809428,21.81
1785474590,2.436408,3.808371,21.81
1785474600,2.43997,3.812599,21.79
1785474610,2.436408,3.809428,21.81
1785474620,2.429284,3.798858,21.79
1785474630,2.432846,3.8052,21.81
1785474640,2.441751,3.816827,21.79
1785474650,2.438189,3.810485,21.79
1785474660,2.432846,3.802029,21.81
1785474670,2.436408,3.810485,21.81
1785474680,2.434627,3.806257,21.81
1785474690,2.438189,3.811542,21.81
1785474700,2.434627,3.8052,21.79
1785474710,2.438189,3.813656,21.81
1785474720,2.441751,3.817884,21.79
1785474730,2.434627,3.806257,21.81
1785474740,2.434627,3.807314,21.79
1785474750,2.436408,3.807314,21.79
1785474760,2.43997,3.814713,21.82
1785474770,2.436408,3.808371,21.79
1785474780,2.432846,3.803086,21.81
1785474790,2.434627,3.8052,21.79
1785474800,2.436408,3.807314,21.79
1785474810,2.432846,3.803086,21.76
1785474820,2.43997,3.814713,21.78
1785474830,2.436408,3.809428,21.79
1785474840,2.432846,3.806257,21.78
1785474850,2.43997,3.817884,21.78
1785474860,2.438189,3.812599,21.78
1785474870,2.434627,3.806257,21.79
1785474880,2.434627,3.808371,21.78
1785474890,2.4310650000000003,3.803086,21.81
1785474900,2.438189,3.810485,21.79
1785474910,2.436408,3.809428,21.79
1785474920,2.436408,3.809428,21.79
1785474930,2.432846,3.803086,21.79
1785474940,2.4310650000000003,3.798858,21.79
1785474950,2.434627,3.806257,21.79
1785474960,2.436408,3.808371,21.78
1785474970,2.434627,3.806257,21.78
1785474980,2.436408,3.810485,21.78
1785474990,2.43997,3.813656,21.76
1785475000,2.432846,3.802029,21.78
1785475010,2.436408,3.806257,21.76
1785475020,2.438189,3.808371,21.78
1785475030,2.4435320000000003,3.819998,21.78
1785475040,2.438189,3.808371,21.78
1785475050,2.434627,3.8052,21.73
1785475060,2.438189,3.808371,21.76
1785475070,2.436408,3.809428,21.75
1785475080,2.434627,3.804143,21.75
1785475090,2.434627,3.806257,21.75
1785475100,2.434627,3.8052,21.75
1785475110,2.434627,3.804143,21.76
1785475120,2.432846,3.800972,21.76
1785475130,2.43997,3.812599,21.75
1785475140,2.436408,3.807314,21.76
1785475150,2.438189,3.810485,21.75
1785475160,2.436408,3.806257,21.75
1785475170,2.434627,3.803086,21.76
1785475180,2.438189,3.810485,21.76
1785475190,2.432846,3.803086,21.75
1785475200,2.436408,3.809428,21.75
1785475210,2.436408,3.810485,21.75
1785475220,2.432846,3.803086,21.76
1785475230,2.436408,3.807314,21.78
1785475240,2.438189,3.811542,21.78
1785475250,2.434627,3.8052,21.76
1785475260,2.434627,3.8052,21.76
1785475270,2.438189,3.811542,21.76
1785475280,2.434627,3.804143,21.76
1785475290,2.432846,3.803086,21.72
1785475300,2.436408,3.806257,21.75
1785475310,2.43997,3.811542,21.73
1785475320,2.434627,3.806257,21.75
1785475330,2.43997,3.813656,21.78
1785475340,2.436408,3.806257,21.75
1785475350,2.438189,3.810485,21.75
1785475360,2.43997,3.814713,21.75
1785475370,2.434627,3.806257,21.78
1785475380,2.436408,3.808371,21.75
1785475390,2.434627,3.8052,21.76
1785475400,2.43997,3.81577,21.76
1785475410,2.434627,3.809428,21.78
1785475420,2.434627,3.807314,21.76
1785475430,2.436408,3.807314,21.79
1785475440,2.4435320000000003,3.821055,21.76
1785475450,2.438189,3.811542,21.76
1785475460,2.438189,3.811542,21.76
1785475470,2.434627,3.806257,21.76
1785475480,2.436408,3.808371,21.78
1785475490,2.432846,3.803086,21.78
1785475500,2.4310650000000003,3.799915,21.76
1785475510,2.441751,3.81577,21.76
1785475520,2.436408,3.807314,21.78
1785475530,2.4310650000000003,3.798858,21.76
1785475540,2.441751,3.81577,21.76
1785475550,2.438189,3.809428,21.79
1785475560,2.441751,3.816827,21.79
1785475570,2.434627,3.806257,21.78
1785475580,2.43997,3.811542,21.78
1785475590,2.436408,3.808371,21.79
1785475600,2.434627,3.806257,21.79
1785475610,2.436408,3.809428,21.76
1785475620,2.436408,3.809428,21.79
1785475630,2.434627,3.807314,21.79
1785475640,2.434627,3.8052,21.78
1785475650,2.434627,3.804143,21.79
1785475660,2.432846,3.804143,21.75
1785475670,2.438189,3.810485,21.79
1785475680,2.432846,3.802029,21.81
1785475690,2.434627,3.803086,21.79
1785475700,2.43997,3.809428,21.78
1785475710,2.43997,3.810485,21.79
1785475720,2.43997,3.811542,21.78
1785475730,2.434627,3.802029,21.79
1785475740,2.436408,3.804143,21.79
1785475750,2.436408,3.8052,21.79
1785475760,2.432846,3.798858,21.81
1785475770,2.438189,3.806257,21.79
1785475780,2.438189,3.808371,21.78
1785475790,2.43997,3.810485,21.79
1785475800,2.43997,3.809428,21.76
1785475810,2.441751,3.809428,21.81
1785475820,2.43997,3.806257,21.82
1785475830,2.441751,3.811542,21.79
1785475840,2.43997,3.808371,21.79
1785475850,2.4435320000000003,3.812599,21.79
1785475860,2.445313,3.814713,21.78
1785475870,2.436408,3.804143,21.78
1785475880,2.436408,3.8052,21.79
1785475890,2.434627,3.802029,21.79
1785475900,2.441751,3.814713,21.79
1785475910,2.436408,3.8052,21.78
1785475920,2.438189,3.808371,21.78
1785475930,2.43997,3.811542,21.78
1785475940,2.441751,3.812599,21.79
1785475950,2.438189,3.8052,21.75
1785475960,2.43997,3.810485,21.79
1785475970,2.441751,3.812599,21.75
1785475980,2.436408,3.803086,21.79
1785475990,2.450656,3.8252829999999998,21.81
1785476000,2.438189,3.804143,21.76
1785476010,2.432846,3.796744,21.78
1785476020,2.43997,3.809428,21.79
1785476030,2.429284,3.791459,21.79
1785476040,2.436408,3.804143,21.79
1785476050,2.441751,3.811542,21.78
1785476060,2.441751,3.812599,21.79
1785476070,2.43997,3.811542,21.76
1785476080,2.4435320000000003,3.81577,21.78
1785476090,2.436408,3.804143,21.76
1785476100,2.4310650000000003,3.795687,21.79
1785476110,2.436408,3.8052,21.75
1785476120,2.4435320000000003,3.814713,21.75
1785476130,2.438189,3.807314,21.76
1785476140,2.438189,3.807314,21.78
1785476150,2.438189,3.808371,21.76
1785476160,2.43997,3.807314,21.75
1785476170,2.441751,3.811542,21.75
1785476180,2.43997,3.808371,21.78
1785476190,2.438189,3.806257,21.73
1785476200,2.43997,3.808371,21.75
1785476210,2.436408,3.8052,21.76
1785476220,2.4435320000000003,3.814713,21.78
1785476230,2.436408,3.803086,21.78
1785476240,2.436408,3.8052,21.76
1785476250,2.436408,3.8052,21.76
1785476260,2.43997,3.808371,21.76
1785476270,2.43997,3.812599,21.78
1785476280,2.434627,3.798858,21.79
1785476290,2.434627,3.804143,21.79
1785476300,2.432846,3.798858,21.76
1785476310,2.438189,3.808371,21.78
1785476320,2.434627,3.798858,21.76
1785476330,2.438189,3.807314,21.81
1785476340,2.441751,3.812599,21.78
1785476350,2.434627,3.798858,21.75
1785476360,2.436408,3.803086,21.78
1785476370,2.438189,3.8052,21.76
1785476380,2.441751,3.811542,21.76
1785476390,2.436408,3.8052,21.79
1785476400,2.436408,3.802029,21.78
1785476410,2.43997,3.807314,21.76
1785476420,2.438189,3.8052,21.76
1785476430,2.441751,3.812599,21.78
1785476440,2.43997,3.808371,21.75
1785476450,2.450656,3.823169,21.79
1785476460,2.438189,3.802029,21.75
1785476470,2.43997,3.807314,21.76
1785476480,2.434627,3.798858,21.76
1785476490,2.43997,3.807314,21.76
1785476500,2.436408,3.802029,21.78
1785476510,2.438189,3.8052,21.78
1785476520,2.436408,3.799915,21.76
1785476530,2.436408,3.800972,21.79
1785476540,2.436408,3.802029,21.79
1785476550,2.434627,3.797801,21.79
1785476560,2.43997,3.806257,21.79
1785476570,2.447094,3.814713,21.78
1785476580,2.441751,3.807314,21.76
1785476590,2.436408,3.799915,21.78
1785476600,2.445313,3.812599,21.78
1785476610,2.436408,3.800972,21.76
1785476620,2.43997,3.8052,21.78
1785476630,2.438189,3.802029,21.76
1785476640,2.43997,3.804143,21.79
1785476650,2.438189,3.8052,21.78
1785476660,2.43997,3.806257,21.76
1785476670,2.436408,3.798858,21.76
1785476680,2.438189,3.802029,21.79
1785476690,2.438189,3.803086,21.78
1785476700,2.438189,3.803086,21.78
1785476710,2.4435320000000003,3.810485,21.76
1785476720,2.4435320000000003,3.810485,21.78
1785476730,2.438189,3.803086,21.76
1785476740,2.438189,3.803086,21.76
1785476750,2.445313,3.814713,21.79
1785476760,2.436408,3.799915,21.79
1785476770,2.43997,3.806257,21.78
1785476780,2.436408,3.800972,21.78
1785476790,2.4435320000000003,3.813656,21.79
1785476800,2.434627,3.797801,21.78
1785476810,2.438189,3.8052,21.75
1785476820,2.434627,3.797801,21.81
1785476830,2.438189,3.800972,21.79
1785476840,2.441751,3.806257,21.79
1785476850,2.434627,3.795687,21.79
1785476860,2.441751,3.806257,21.78
1785476870,2.438189,3.799915,21.81
1785476880,2.447094,3.811542,21.81
1785476890,2.436408,3.797801,21.78
1785476900,2.4435320000000003,3.808371,21.78
1785476910,2.43997,3.802029,21.78
1785476920,2.438189,3.802029,21.79
1785476930,2.438189,3.800972,21.76
1785476940,2.441751,3.806257,21.79
1785476950,2.445313,3.812599,21.78
1785476960,2.43997,3.800972,21.78
1785476970,2.441751,3.808371,21.76
1785476980,2.436408,3.799915,21.75
1785476990,2.4435320000000003,3.810485,21.79
1785477000,2.4435320000000003,3.809428,21.76
1785477010,2.438189,3.800972,21.78
1785477020,2.447094,3.816827,21.75
1785477030,2.434627,3.795687,21.76
1785477040,2.43997,3.803086,21.73
1785477050,2.438189,3.803086,21.75
1785477060,2.436408,3.798858,21.76
1785477070,2.438189,3.803086,21.75
1785477080,2.436408,3.800972,21.72
1785477090,2.436408,3.800972,21.72
1785477100,2.436408,3.799915,21.73
1785477110,2.441751,3.808371,21.72
1785477120,2.436408,3.800972,21.69
1785477130,2.438189,3.800972,21.72
1785477140,2.43997,3.803086,21.71
1785477150,2.441751,3.804143,21.73
1785477160,2.445313,3.810485,21.72
1785477170,2.43997,3.803086,21.71
1785477180,2.43997,3.800972,21.71
1785477190,2.4435320000000003,3.808371,21.72
1785477200,2.43997,3.800972,21.75
1785477210,2.438189,3.799915,21.72
1785477220,2.441751,3.8052,21.73
1785477230,2.43997,3.802029,21.75
1785477240,2.438189,3.799915,21.72
1785477250,2.43997,3.803086,21.75
1785477260,2.4435320000000003,3.806257,21.73
1785477270,2.43997,3.800972,21.72
1785477280,2.4435320000000003,3.806257,21.73
1785477290,2.43997,3.799915,21.75
1785477300,2.441751,3.804143,21.72
1785477310,2.445313,3.807314,21.71
1785477320,2.441751,3.804143,21.72
1785477330,2.441751,3.804143,21.71
1785477340,2.441751,3.802029,21.72
1785477350,2.445313,3.808371,21.72
1785477360,2.436408,3.797801,21.73
1785477370,2.4435320000000003,3.807314,21.75
1785477380,2.4435320000000003,3.807314,21.73
1785477390,2.43997,3.800972,21.75
1785477400,2.441751,3.800972,21.73
1785477410,2.4435320000000003,3.806257,21.72
1785477420,2.43997,3.798858,21.72
1785477430,2.441751,3.803086,21.76
1785477440,2.438189,3.796744,21.75
1785477450,2.445313,3.807314,21.76
1785477460,2.43997,3.799915,21.73
1785477470,2.4435320000000003,3.806257,21.76
1785477480,2.445313,3.809428,21.79
1785477490,2.441751,3.804143,21.75
1785477500,2.441751,3.802029,21.76
1785477510,2.43997,3.800972,21.79
1785477520,2.441751,3.803086,21.76
1785477530,2.4435320000000003,3.8052,21.75
1785477540,2.445313,3.808371,21.75
1785477550,2.445313,3.808371,21.75
1785477560,2.436408,3.796744,21.75
1785477570,2.447094,3.812599,21.78
1785477580,2.43997,3.802029,21.76
1785477590,2.441751,3.8052,21.76
1785477600,2.445313,3.809428,21.78
1785477610,2.448875,3.811542,21.76
1785477620,2.441751,3.804143,21.78
1785477630,2.4435320000000003,3.807314,21.76
1785477640,2.4435320000000003,3.804143,21.78
1785477650,2.4435320000000003,3.803086,21.78
1785477660,2.4435320000000003,3.804143,21.73
1785477670,2.441751,3.800972,21.73
1785477680,2.445313,3.807314,21.73
1785477690,2.441751,3.804143,21.75
1785477700,2.438189,3.797801,21.73
1785477710,2.441751,3.802029,21.72
1785477720,2.445313,3.809428,21.72
1785477730,2.43997,3.800972,21.73
1785477740,2.441751,3.8052,21.73
1785477750,2.447094,3.809428,21.76
1785477760,2.445313,3.806257,21.75
1785477770,2.441751,3.800972,21.75
1785477780,2.452437,3.817884,21.75
1785477790,2.448875,3.810485,21.78
1785477800,2.445313,3.803086,21.75
1785477810,2.445313,3.804143,21.73
1785477820,2.448875,3.809428,21.78
1785477830,2.4435320000000003,3.803086,21.75
1785477840,2.4435320000000003,3.803086,21.79
1785477850,2.447094,3.808371,21.78
1785477860,2.448875,3.812599,21.76
1785477870,2.450656,3.813656,21.75
1785477880,2.43997,3.799915,21.75
1785477890,2.447094,3.812599,21.79
1785477900,2.43997,3.802029,21.75
1785477910,2.4435320000000003,3.8052,21.75
1785477920,2.448875,3.810485,21.75
1785477930,2.445313,3.807314,21.76
1785477940,2.43997,3.797801,21.72
1785477950,2.441751,3.802029,21.75
1785477960,2.4435320000000003,3.806257,21.76
1785477970,2.448875,3.812599,21.73
1785477980,2.441751,3.804143,21.75
1785477990,2.445313,3.810485,21.76
1785478000,2.441751,3.803086,21.76
1785478010,2.4435320000000003,3.806257,21.75
1785478020,2.43997,3.799915,21.75
1785478030,2.445313,3.807314,21.75
1785478040,2.4435320000000003,3.8052,21.78
1785478050,2.447094,3.811542,21.76
1785478060,2.445313,3.806257,21.78
1785478070,2.450656,3.814713,21.78
1785478080,2.447094,3.811542,21.75
1785478090,2.450656,3.813656,21.75
1785478100,2.4435320000000003,3.804143,21.75
1785478110,2.445313,3.806257,21.76
1785478120,2.438189,3.796744,21.76
1785478130,2.43997,3.798858,21.73
1785478140,2.441751,3.802029,21.75
1785478150,2.43997,3.797801,21.73
1785478160,2.4435320000000003,3.802029,21.76
1785478170,2.441751,3.797801,21.75
1785478180,2.4435320000000003,3.802029,21.72
1785478190,2.447094,3.807314,21.73
1785478200,2.445313,3.8052,21.72
1785478210,2.4435320000000003,3.799915,21.73
1785478220,2.445313,3.8052,21.75
1785478230,2.445313,3.8052,21.73
1785478240,2.4435320000000003,3.802029,21.75
1785478250,2.445313,3.803086,21.75
1785478260,2.448875,3.809428,21.73
1785478270,2.450656,3.810485,21.71
1785478280,2.452437,3.813656,21.72
1785478290,2.445313,3.800972,21.72
1785478300,2.43997,3.795687,21.71
1785478310,2.447094,3.804143,21.72
1785478320,2.445313,3.803086,21.73
1785478330,2.445313,3.802029,21.72
1785478340,2.445313,3.798858,21.73
1785478350,2.4435320000000003,3.797801,21.72
1785478360,2.445313,3.802029,21.73
1785478370,2.450656,3.809428,21.73
1785478380,2.448875,3.806257,21.73
1785478390,2.4435320000000003,3.796744,21.73
1785478400,2.4435320000000003,3.796744,21.73
1785478410,2.450656,3.809428,21.75
1785478420,2.448875,3.807314,21.73
1785478430,2.448875,3.807314,21.73
1785478440,2.448875,3.8052,21.75
1785478450,2.447094,3.803086,21.75
1785478460,2.4435320000000003,3.798858,21.75
1785478470,2.445313,3.803086,21.73
1785478480,2.4435320000000003,3.798858,21.73
1785478490,2.445313,3.798858,21.73
1785478500,2.4435320000000003,3.796744,21.75
1785478510,2.445313,3.800972,21.75
1785478520,2.441751,3.796744,21.75
1785478530,2.4435320000000003,3.798858,21.73
1785478540,2.450656,3.810485,21.73
1785478550,2.448875,3.807314,21.75
1785478560,2.447094,3.802029,21.75
1785478570,2.448875,3.8052,21.75
1785478580,2.445313,3.798858,21.76
1785478590,2.4435320000000003,3.796744,21.76
1785478600,2.448875,3.8052,21.73
1785478610,2.445313,3.799915,21.76
1785478620,2.4435320000000003,3.798858,21.73
1785478630,2.450656,3.808371,21.75
1785478640,2.441751,3.79463,21.73
1785478650,2.445313,3.800972,21.72
1785478660,2.445313,3.800972,21.75
1785478670,2.445313,3.802029,21.71
1785478680,2.450656,3.811542,21.75
1785478690,2.448875,3.807314,21.72
1785478700,2.441751,3.797801,21.72
1785478710,2.4435320000000003,3.796744,21.72
1785478720,2.445313,3.803086,21.75
1785478730,2.447094,3.806257,21.75
1785478740,2.441751,3.797801,21.72
1785478750,2.448875,3.809428,21.73
1785478760,2.441751,3.798858,21.73
1785478770,2.445313,3.803086,21.73
1785478780,2.445313,3.803086,21.73
1785478790,2.4435320000000003,3.802029,21.73
1785478800,2.4435320000000003,3.799915,21.73
1785478810,2.4435320000000003,3.800972,21.73
1785478820,2.445313,3.803086,21.72
1785478830,2.445313,3.804143,21.73
1785478840,2.445313,3.802029,21.73
1785478850,2.450656,3.810485,21.73
1785478860,2.4435320000000003,3.799915,21.72
1785478870,2.445313,3.803086,21.72
1785478880,2.447094,3.804143,21.73
1785478890,2.441751,3.799915,21.72
1785478900,2.450656,3.812599,21.73
1785478910,2.441751,3.798858,21.73
1785478920,2.450656,3.809428,21.72
1785478930,2.447094,3.806257,21.71
1785478940,2.4435320000000003,3.799915,21.72
1785478950,2.4435320000000003,3.803086,21.75
1785478960,2.441751,3.798858,21.73
1785478970,2.441751,3.797801,21.71
1785478980,2.447094,3.806257,21.73
1785478990,2.4435320000000003,3.799915,21.75
1785479000,2.4435320000000003,3.799915,21.71
1785479010,2.445313,3.802029,21.73
1785479020,2.450656,3.809428,21.75
1785479030,2.4435320000000003,3.800972,21.75
1785479040,2.445313,3.803086,21.73
1785479050,2.445313,3.800972,21.73
1785479060,2.4435320000000003,3.800972,21.73
1785479070,2.447094,3.803086,21.71
1785479080,2.445313,3.800972,21.73
1785479090,2.4435320000000003,3.798858,21.72
1785479100,2.447094,3.803086,21.72
1785479110,2.447094,3.803086,21.72
1785479120,2.448875,3.806257,21.73
1785479130,2.447094,3.802029,21.72
1785479140,2.445313,3.799915,21.73
1785479150,2.445313,3.799915,21.75
1785479160,2.448875,3.806257,21.75
1785479170,2.450656,3.808371,21.75
1785479180,2.445313,3.800972,21.76
1785479190,2.452437,3.812599,21.73
1785479200,2.448875,3.807314,21.73
1785479210,2.441751,3.796744,21.73
1785479220,2.454218,3.81577,21.76
1785479230,2.447094,3.8052,21.76
1785479240,2.450656,3.807314,21.73
1785479250,2.448875,3.8052,21.73
1785479260,2.447094,3.800972,21.71
1785479270,2.447094,3.803086,21.72
1785479280,2.448875,3.803086,21.71
1785479290,2.445313,3.798858,21.71
1785479300,2.445313,3.800972,21.72
1785479310,2.447094,3.802029,21.71
1785479320,2.445313,3.797801,21.73
1785479330,2.447094,3.798858,21.72
1785479340,2.445313,3.798858,21.71
1785479350,2.450656,3.8052,21.71
1785479360,2.445313,3.798858,21.72
1785479370,2.445313,3.799915,21.72
1785479380,2.448875,3.804143,21.69
1785479390,2.452437,3.809428,21.69
1785479400,2.448875,3.802029,21.69
1785479410,2.4435320000000003,3.795687,21.71
1785479420,2.445313,3.797801,21.72
1785479430,2.447094,3.799915,21.69
1785479440,2.4435320000000003,3.795687,21.71
1785479450,2.448875,3.804143,21.72
1785479460,2.447094,3.803086,21.71
1785479470,2.448875,3.804143,21.72
1785479480,2.447094,3.802029,21.71
1785479490,2.454218,3.810485,21.71
1785479500,2.448875,3.806257,21.71
1785479510,2.452437,3.811542,21.73
1785479520,2.448875,3.803086,21.72
1785479530,2.452437,3.807314,21.71
1785479540,2.448875,3.803086,21.72
1785479550,2.450656,3.804143,21.72
1785479560,2.450656,3.8052,21.73
1785479570,2.452437,3.809428,21.68
1785479580,2.450656,3.807314,21.71
1785479590,2.445313,3.797801,21.66
1785479600,2.448875,3.803086,21.69
1785479610,2.445313,3.797801,21.71
1785479620,2.447094,3.800972,21.69
1785479630,2.448875,3.803086,21.69
1785479640,2.452437,3.808371,21.72
1785479650,2.448875,3.806257,21.71
1785479660,2.454218,3.812599,21.71
1785479670,2.450656,3.806257,21.68
1785479680,2.450656,3.806257,21.69
1785479690,2.452437,3.809428,21.72
1785479700,2.445313,3.799915,21.71
1785479710,2.450656,3.808371,21.71
1785479720,2.448875,3.806257,21.72
1785479730,2.4435320000000003,3.796744,21.72
1785479740,2.450656,3.807314,21.69
1785479750,2.448875,3.804143,21.71
1785479760,2.448875,3.803086,21.71
1785479770,2.448875,3.803086,21.72
1785479780,2.4435320000000003,3.795687,21.71
1785479790,2.445313,3.798858,21.72
1785479800,2.448875,3.802029,21.69
1785479810,2.448875,3.803086,21.69
1785479820,2.448875,3.802029,21.71
1785479830,2.450656,3.807314,21.68
1785479840,2.447094,3.802029,21.69
1785479850,2.454218,3.813656,21.71
1785479860,2.450656,3.806257,21.72
1785479870,2.448875,3.807314,21.69
1785479880,2.447094,3.803086,21.71
1785479890,2.450656,3.8052,21.72
1785479900,2.448875,3.804143,21.72
1785479910,2.454218,3.812599,21.72
1785479920,2.448875,3.804143,21.75
1785479930,2.450656,3.806257,21.73
1785479940,2.454218,3.811542,21.72
1785479950,2.447094,3.800972,21.71
1785479960,2.448875,3.8052,21.73
1785479970,2.447094,3.799915,21.73
1785479980,2.45778,3.816827,21.72
1785479990,2.450656,3.8052,21.75
1785480000,2.447094,3.799915,21.75
1785480010,2.450656,3.804143,21.73
1785480020,2.447094,3.800972,21.76
1785480030,2.447094,3.800972,21.76
1785480040,2.450656,3.804143,21.75
1785480050,2.450656,3.804143,21.75
1785480060,2.455999,3.812599,21.75
1785480070,2.448875,3.802029,21.75
1785480080,2.452437,3.807314,21.78
1785480090,2.450656,3.802029,21.76
1785480100,2.452437,3.807314,21.76
1785480110,2.448875,3.802029,21.75
1785480120,2.447094,3.799915,21.76
1785480130,2.455999,3.810485,21.76
1785480140,2.450656,3.803086,21.75
1785480150,2.450656,3.804143,21.73
1785480160,2.450656,3.803086,21.75
1785480170,2.454218,3.808371,21.75
1785480180,2.445313,3.796744,21.72
1785480190,2.452437,3.8052,21.72
1785480200,2.450656,3.8052,21.73
1785480210,2.452437,3.808371,21.71
1785480220,2.450656,3.8052,21.72
1785480230,2.448875,3.800972,21.73
1785480240,2.452437,3.809428,21.72
1785480250,2.448875,3.799915,21.71
1785480260,2.447094,3.799915,21.72
1785480270,2.447094,3.802029,21.71
1785480280,2.452437,3.809428,21.71
1785480290,2.452437,3.807314,21.71
1785480300,2.452437,3.806257,21.72
1785480310,2.452437,3.808371,21.72
1785480320,2.450656,3.807314,21.71
1785480330,2.450656,3.806257,21.72
1785480340,2.447094,3.800972,21.73
1785480350,2.450656,3.806257,21.72
1785480360,2.447094,3.798858,21.72
1785480370,2.448875,3.804143,21.75
1785480380,2.454218,3.810485,21.71
1785480390,2.448875,3.804143,21.75
1785480400,2.447094,3.799915,21.72
1785480410,2.448875,3.802029,21.72
1785480420,2.452437,3.8052,21.72
1785480430,2.452437,3.808371,21.68
1785480440,2.447094,3.799915,21.71
1785480450,2.448875,3.802029,21.72
1785480460,2.450656,3.8052,21.71
1785480470,2.454218,3.810485,21.73
1785480480,2.455999,3.813656,21.71
1785480490,2.454218,3.807314,21.73
1785480500,2.454218,3.808371,21.69
1785480510,2.448875,3.802029,21.72
1785480520,2.452437,3.808371,21.71
1785480530,2.452437,3.807314,21.69
1785480540,2.455999,3.811542,21.69
1785480550,2.452437,3.807314,21.71
1785480560,2.448875,3.802029,21.71
1785480570,2.454218,3.810485,21.72
1785480580,2.450656,3.803086,21.68
1785480590,2.454218,3.807314,21.68
1785480600,2.450656,3.804143,21.71
1785480610,2.448875,3.802029,21.68
1785480620,2.452437,3.806257,21.71
1785480630,2.450656,3.8052,21.72
1785480640,2.447094,3.799915,21.72
1785480650,2.452437,3.806257,21.69
1785480660,2.454218,3.811542,21.71
1785480670,2.447094,3.800972,21.69
1785480680,2.447094,3.797801,21.68
1785480690,2.45778,3.816827,21.69
1785480700,2.450656,3.803086,21.68
1785480710,2.448875,3.800972,21.66
1785480720,2.447094,3.799915,21.69
1785480730,2.452437,3.807314,21.68
1785480740,2.450656,3.804143,21.68
1785480750,2.448875,3.803086,21.69
1785480760,2.452437,3.8052,21.69
1785480770,2.45778,3.814713,21.69
1785480780,2.450656,3.804143,21.71
1785480790,2.450656,3.804143,21.69
1785480800,2.45778,3.813656,21.68
1785480810,2.452437,3.806257,21.71
1785480820,2.452437,3.807314,21.71
1785480830,2.450656,3.806257,21.69
1785480840,2.452437,3.807314,21.68
1785480850,2.448875,3.800972,21.69
1785480860,2.448875,3.800972,21.69
1785480870,2.450656,3.802029,21.69
1785480880,2.454218,3.810485,21.71
1785480890,2.450656,3.802029,21.72
1785480900,2.450656,3.803086,21.71
1785480910,2.450656,3.804143,21.71
1785480920,2.450656,3.803086,21.71
1785480930,2.455999,3.810485,21.73
1785480940,2.450656,3.800972,21.71
1785480950,2.454218,3.807314,21.73
1785480960,2.452437,3.803086,21.71
1785480970,2.452437,3.806257,21.71
1785480980,2.448875,3.800972,21.72
1785480990,2.454218,3.807314,21.73
1785481000,2.455999,3.811542,21.72
1785481010,2.447094,3.795687,21.72
1785481020,2.452437,3.8052,21.71
1785481030,2.454218,3.807314,21.71
1785481040,2.450656,3.803086,21.72
1785481050,2.452437,3.8052,21.72
1785481060,2.450656,3.802029,21.71
1785481070,2.459561,3.81577,21.69
1785481080,2.454218,3.806257,21.72
1785481090,2.454218,3.806257,21.69
1785481100,2.454218,3.807314,21.71
1785481110,2.450656,3.802029,21.71
1785481120,2.452437,3.8052,21.66
1785481130,2.455999,3.809428,21.69
1785481140,2.455999,3.810485,21.72
1785481150,2.454218,3.807314,21.73
1785481160,2.452437,3.803086,21.69
1785481170,2.452437,3.803086,21.69
1785481180,2.452437,3.804143,21.69
1785481190,2.452437,3.803086,21.69
1785481200,2.452437,3.8052,21.71
1785481210,2.455999,3.808371,21.69
1785481220,2.454218,3.806257,21.69
1785481230,2.452437,3.804143,21.66
1785481240,2.450656,3.799915,21.69
1785481250,2.447094,3.79463,21.71
1785481260,2.452437,3.804143,21.69
1785481270,2.452437,3.804143,21.69
1785481280,2.45778,3.812599,21.68
1785481290,2.454218,3.808371,21.68
1785481300,2.450656,3.803086,21.68
1785481310,2.45778,3.812599,21.69
1785481320,2.455999,3.809428,21.71
1785481330,2.450656,3.799915,21.69
1785481340,2.450656,3.803086,21.71
1785481350,2.454218,3.807314,21.68
1785481360,2.45778,3.813656,21.71
1785481370,2.450656,3.800972,21.73
1785481380,2.454218,3.806257,21.72
1785481390,2.450656,3.800972,21.72
1785481400,2.455999,3.808371,21.73
1785481410,2.454218,3.806257,21.72
1785481420,2.454218,3.807314,21.72
1785481430,2.450656,3.799915,21.72
1785481440,2.454218,3.8052,21.72
1785481450,2.45778,3.813656,21.72
1785481460,2.452437,3.804143,21.71
1785481470,2.454218,3.8052,21.72
1785481480,2.455999,3.809428,21.71
1785481490,2.454218,3.807314,21.73
1785481500,2.454218,3.806257,21.73
1785481510,2.454218,3.807314,21.73
1785481520,2.450656,3.799915,21.72
1785481530,2.455999,3.809428,21.72
1785481540,2.455999,3.807314,21.71
1785481550,2.448875,3.796744,21.71
1785481560,2.455999,3.809428,21.71
1785481570,2.454218,3.806257,21.71
1785481580,2.454218,3.8052,21.73
1785481590,2.450656,3.800972,21.72
1785481600,2.452437,3.804143,21.71
1785481610,2.455999,3.809428,21.69
1785481620,2.452437,3.803086,21.71
1785481630,2.455999,3.808371,21.72
1785481640,2.450656,3.798858,21.73
1785481650,2.45778,3.809428,21.71
1785481660,2.454218,3.8052,21.69
1785481670,2.455999,3.807314,21.71
1785481680,2.454218,3.806257,21.71
1785481690,2.455999,3.807314,21.71
1785481700,2.450656,3.797801,21.68
1785481710,2.455999,3.806257,21.68
1785481720,2.452437,3.800972,21.68
1785481730,2.450656,3.798858,21.68
1785481740,2.454218,3.8052,21.68
1785481750,2.454218,3.8052,21.66
1785481760,2.45778,3.810485,21.69
1785481770,2.454218,3.804143,21.69
1785481780,2.454218,3.8052,21.68
1785481790,2.455999,3.806257,21.69
1785481800,2.452437,3.803086,21.68
1785481810,2.455999,3.809428,21.71
1785481820,2.459561,3.81577,21.69
1785481830,2.454218,3.806257,21.68
1785481840,2.455999,3.808371,21.71
1785481850,2.455999,3.807314,21.69
1785481860,2.452437,3.803086,21.69
1785481870,2.459561,3.812599,21.71
1785481880,2.448875,3.798858,21.68
1785481890,2.455999,3.810485,21.71
1785481900,2.454218,3.806257,21.71
1785481910,2.452437,3.804143,21.73
1785481920,2.459561,3.814713,21.72
1785481930,2.455999,3.810485,21.71
1785481940,2.454218,3.807314,21.73
1785481950,2.455999,3.809428,21.73
1785481960,2.454218,3.808371,21.75
1785481970,2.454218,3.808371,21.72
1785481980,2.454218,3.811542,21.73
1785481990,2.450656,3.808371,21.73
1785482000,2.448875,3.806257,21.72
1785482010,2.445313,3.803086,21.73
1785482020,2.445313,3.803086,21.73
1785482030,2.450656,3.812599,21.72
1785482040,2.447094,3.806257,21.71
1785482050,2.450656,3.813656,21.73
1785482060,2.4435320000000003,3.804143,21.71
1785482070,2.447094,3.810485,21.72
1785482080,2.445313,3.809428,21.72
1785482090,2.447094,3.813656,21.68
1785482100,2.4435320000000003,3.807314,21.71
1785482110,2.441751,3.806257,21.69
1785482120,2.4435320000000003,3.809428,21.69
1785482130,2.4435320000000003,3.809428,21.72
1785482140,2.441751,3.807314,21.69
1785482150,2.441751,3.807314,21.68
1785482160,2.4435320000000003,3.810485,21.69
1785482170,2.441751,3.808371,21.68
1785482180,2.447094,3.814713,21.68
1785482190,2.4435320000000003,3.810485,21.65
1785482200,2.436408,3.797801,21.68
1785482210,2.447094,3.814713,21.65
1785482220,2.4435320000000003,3.808371,21.66
1785482230,2.4435320000000003,3.810485,21.65
1785482240,2.4435320000000003,3.808371,21.66
1785482250,2.445313,3.812599,21.69
1785482260,2.4435320000000003,3.806257,21.66
1785482270,2.452437,3.822112,21.66
1785482280,2.4435320000000003,3.807314,21.66
1785482290,2.4435320000000003,3.806257,21.68
1785482300,2.4435320000000003,3.804143,21.65
1785482310,2.441751,3.800972,21.66
1785482320,2.441751,3.799915,21.65
1785482330,2.447094,3.8052,21.64
1785482340,2.450656,3.812599,21.64
1785482350,2.447094,3.807314,21.68
1785482360,2.448875,3.806257,21.65
1785482370,2.448875,3.8052,21.68
1785482380,2.447094,3.803086,21.66
1785482390,2.445313,3.798858,21.65
1785482400,2.450656,3.804143,21.65
1785482410,2.448875,3.802029,21.66
1785482420,2.448875,3.798858,21.68
1785482430,2.452437,3.804143,21.65
1785482440,2.447094,3.796744,21.69
1785482450,2.454218,3.804143,21.68
1785482460,2.450656,3.798858,21.69
1785482470,2.450656,3.799915,21.69
1785482480,2.450656,3.800972,21.68
1785482490,2.447094,3.795687,21.68
1785482500,2.450656,3.798858,21.68
1785482510,2.452437,3.798858,21.68
1785482520,2.455999,3.804143,21.68
1785482530,2.452437,3.800972,21.68
1785482540,2.450656,3.797801,21.66
1785482550,2.450656,3.798858,21.71
1785482560,2.452437,3.800972,21.69
1785482570,2.452437,3.802029,21.69
1785482580,2.454218,3.804143,21.69
1785482590,2.452437,3.802029,21.71
1785482600,2.452437,3.799915,21.69
1785482610,2.452437,3.800972,21.71
1785482620,2.452437,3.803086,21.71
1785482630,2.45778,3.810485,21.69
1785482640,2.450656,3.802029,21.72
1785482650,2.448875,3.798858,21.71
1785482660,2.454218,3.806257,21.69
1785482670,2.450656,3.803086,21.73
1785482680,2.452437,3.804143,21.73
1785482690,2.454218,3.808371,21.72
1785482700,2.447094,3.797801,21.73
1785482710,2.450656,3.804143,21.73
1785482720,2.452437,3.806257,21.72
1785482730,2.450656,3.804143,21.71
1785482740,2.450656,3.8052,21.72
1785482750,2.447094,3.800972,21.72
1785482760,2.448875,3.8052,21.72
1785482770,2.450656,3.808371,21.72
1785482780,2.448875,3.808371,21.72
1785482790,2.4435320000000003,3.800972,21.75
1785482800,2.447094,3.806257,21.75
1785482810,2.4435320000000003,3.798858,21.75
1785482820,2.447094,3.803086,21.75
1785482830,2.452437,3.813656,21.76
1785482840,2.452437,3.81577,21.79
1785482850,2.448875,3.810485,21.78
1785482860,2.4435320000000003,3.803086,21.76
1785482870,2.43997,3.797801,21.75
1785482880,2.441751,3.800972,21.76
1785482890,2.445313,3.804143,21.76
1785482900,2.445313,3.808371,21.73
1785482910,2.4435320000000003,3.803086,21.76
1785482920,2.4435320000000003,3.804143,21.76
1785482930,2.450656,3.814713,21.76
1785482940,2.445313,3.806257,21.75
1785482950,2.441751,3.802029,21.78
1785482960,2.445313,3.808371,21.75
1785482970,2.43997,3.799915,21.76
1785482980,2.43997,3.802029,21.75
1785482990,2.43997,3.804143,21.76
1785483000,2.43997,3.8052,21.75
1785483010,2.441751,3.8052,21.73
1785483020,2.447094,3.812599,21.76
1785483030,2.43997,3.804143,21.73
1785483040,2.441751,3.806257,21.75
1785483050,2.43997,3.803086,21.75
1785483060,2.438189,3.802029,21.76
1785483070,2.4435320000000003,3.810485,21.73
1785483080,2.438189,3.802029,21.76
1785483090,2.434627,3.793573,21.73
1785483100,2.4435320000000003,3.808371,21.75
1785483110,2.43997,3.804143,21.75
1785483120,2.441751,3.806257,21.71
1785483130,2.441751,3.806257,21.75
1785483140,2.436408,3.800972,21.75
1785483150,2.43997,3.804143,21.76
1785483160,2.445313,3.813656,21.76
1785483170,2.43997,3.803086,21.78
1785483180,2.43997,3.8052,21.76
1785483190,2.445313,3.812599,21.78
1785483200,2.434627,3.795687,21.76
1785483210,2.4435320000000003,3.808371,21.76
1785483220,2.441751,3.806257,21.78
1785483230,2.43997,3.803086,21.76
1785483240,2.438189,3.798858,21.78
1785483250,2.4435320000000003,3.808371,21.78
1785483260,2.438189,3.797801,21.78
1785483270,2.441751,3.803086,21.75
1785483280,2.436408,3.797801,21.78
1785483290,2.441751,3.802029,21.78
1785483300,2.438189,3.796744,21.78
1785483310,2.436408,3.792516,21.78
1785483320,2.441751,3.802029,21.78
1785483330,2.43997,3.797801,21.76
1785483340,2.445313,3.803086,21.78
1785483350,2.445313,3.804143,21.78
1785483360,2.43997,3.797801,21.75
1785483370,2.43997,3.79463,21.78
1785483380,2.441751,3.796744,21.76
1785483390,2.445313,3.803086,21.76
1785483400,2.447094,3.807314,21.78
1785483410,2.441751,3.797801,21.79
1785483420,2.445313,3.802029,21.76
1785483430,2.4435320000000003,3.800972,21.75
1785483440,2.441751,3.797801,21.78
1785483450,2.445313,3.8052,21.79
1785483460,2.448875,3.809428,21.81
1785483470,2.436408,3.791459,21.78
1785483480,2.441751,3.797801,21.79
1785483490,2.441751,3.798858,21.79
1785483500,2.4435320000000003,3.802029,21.79
1785483510,2.445313,3.803086,21.79
1785483520,2.4435320000000003,3.799915,21.75
1785483530,2.441751,3.796744,21.78
1785483540,2.448875,3.8052,21.76
1785483550,2.43997,3.79463,21.76
1785483560,2.43997,3.79463,21.78
1785483570,2.445313,3.802029,21.78
1785483580,2.4435320000000003,3.797801,21.78
1785483590,2.445313,3.798858,21.76
1785483600,2.448875,3.8052,21.78
1785483610,2.447094,3.800972,21.76
1785483620,2.441751,3.791459,21.76
1785483630,2.447094,3.802029,21.78
1785483640,2.447094,3.797801,21.79
1785483650,2.441751,3.793573,21.81
1785483660,2.445313,3.796744,21.78
1785483670,2.448875,3.799915,21.78
1785483680,2.454218,3.808371,21.78
1785483690,2.447094,3.796744,21.76
1785483700,2.445313,3.793573,21.78
1785483710,2.43997,3.786174,21.79
1785483720,2.441751,3.790402,21.82
1785483730,2.448875,3.800972,21.82
1785483740,2.450656,3.803086,21.81
1785483750,2.448875,3.798858,21.81
1785483760,2.4435320000000003,3.791459,21.81
1785483770,2.448875,3.800972,21.83
1785483780,2.448875,3.799915,21.81
1785483790,2.445313,3.795687,21.81
1785483800,2.447094,3.796744,21.81
1785483810,2.4435320000000003,3.793573,21.81
1785483820,2.445313,3.796744,21.81
1785483830,2.4435320000000003,3.793573,21.81
1785483840,2.445313,3.795687,21.82
1785483850,2.445313,3.793573,21.79
1785483860,2.448875,3.799915,21.83
1785483870,2.445313,3.795687,21.82
1785483880,2.447094,3.79463,21.81
1785483890,2.450656,3.799915,21.81
1785483900,2.447094,3.79463,21.81
1785483910,2.445313,3.788288,21.82
1785483920,2.447094,3.786174,21.79
1785483930,2.455999,3.798858,21.76
1785483940,2.448875,3.790402,21.76
1785483950,2.452437,3.800972,21.76
1785483960,2.448875,3.792516,21.78
1785483970,2.441751,3.78406,21.79
1785483980,2.448875,3.796744,21.83
1785483990,2.445313,3.789345,21.81
1785484000,2.4435320000000003,3.78406,21.85
1785484010,2.447094,3.792516,21.83
1785484020,2.448875,3.791459,21.83
1785484030,2.448875,3.795687,21.83
1785484040,2.447094,3.791459,21.85
1785484050,2.445313,3.786174,21.85
1785484060,2.447094,3.789345,21.85
1785484070,2.448875,3.791459,21.85
1785484080,2.450656,3.795687,21.85
1785484090,2.445313,3.787231,21.86
1785484100,2.455999,3.804143,21.86
1785484110,2.441751,3.783003,21.83
1785484120,2.450656,3.793573,21.85
1785484130,2.445313,3.786174,21.83
1785484140,2.448875,3.79463,21.85
1785484150,2.445313,3.788288,21.81
1785484160,2.450656,3.797801,21.83
1785484170,2.447094,3.790402,21.85
1785484180,2.441751,3.783003,21.82
1785484190,2.445313,3.788288,21.81
1785484200,2.447094,3.791459,21.82
1785484210,2.450656,3.797801,21.83
1785484220,2.441751,3.786174,21.83
1785484230,2.445313,3.793573,21.82
1785484240,2.448875,3.797801,21.83
1785484250,2.448875,3.796744,21.82
1785484260,2.4435320000000003,3.788288,21.81
1785484270,2.447094,3.792516,21.81
1785484280,2.450656,3.802029,21.81
1785484290,2.445313,3.792516,21.81
1785484300,2.447094,3.795687,21.78
1785484310,2.450656,3.800972,21.82
1785484320,2.4435320000000003,3.792516,21.79
1785484330,2.445313,3.79463,21.83
1785484340,2.448875,3.798858,21.82
1785484350,2.447094,3.79463,21.81
1785484360,2.4435320000000003,3.788288,21.79
1785484370,2.448875,3.795687,21.82
1785484380,2.447094,3.793573,21.81
1785484390,2.445313,3.789345,21.79
1785484400,2.452437,3.798858,21.78
1785484410,2.445313,3.787231,21.81
1785484420,2.448875,3.793573,21.82
1785484430,2.447094,3.792516,21.82
1785484440,2.4435320000000003,3.786174,21.79
1785484450,2.445313,3.788288,21.81
1785484460,2.4435320000000003,3.785117,21.79
1785484470,2.448875,3.793573,21.81
1785484480,2.452437,3.798858,21.82
1785484490,2.448875,3.79463,21.82
1785484500,2.447094,3.789345,21.81
1785484510,2.448875,3.793573,21.81
1785484520,2.445313,3.788288,21.81
1785484530,2.447094,3.789345,21.85
1785484540,2.447094,3.789345,21.83
1785484550,2.447094,3.791459,21.85
1785484560,2.445313,3.788288,21.85
1785484570,2.447094,3.792516,21.85
1785484580,2.452437,3.800972,21.85
1785484590,2.448875,3.795687,21.83
1785484600,2.450656,3.796744,21.85
1785484610,2.4435320000000003,3.787231,21.88
1785484620,2.448875,3.791459,21.86
1785484630,2.447094,3.785117,21.85
1785484640,2.445313,3.780889,21.82
1785484650,2.454218,3.798858,21.85
1785484660,2.450656,3.789345,21.82
1785484670,2.448875,3.788288,21.83
1785484680,2.445313,3.785117,21.85
1785484690,2.448875,3.788288,21.86
1785484700,2.452437,3.79463,21.86
1785484710,2.450656,3.792516,21.85
1785484720,2.445313,3.785117,21.85
1785484730,2.447094,3.789345,21.86
1785484740,2.445313,3.786174,21.86
1785484750,2.448875,3.793573,21.85
1785484760,2.4435320000000003,3.783003,21.85
1785484770,2.447094,3.79463,21.83
1785484780,2.43997,3.788288,21.83
1785484790,2.4435320000000003,3.791459,21.81
1785484800,2.438189,3.786174,21.82
1785484810,2.438189,3.786174,21.79
1785484820,2.441751,3.79463,21.79
1785484830,2.438189,3.787231,21.79
1785484840,2.438189,3.787231,21.78
1785484850,2.43997,3.789345,21.81
1785484860,2.43997,3.789345,21.78
1785484870,2.441751,3.790402,21.78
1785484880,2.438189,3.78406,21.79
1785484890,2.43997,3.783003,21.81
1785484900,2.4435320000000003,3.785117,21.79
1785484910,2.450656,3.793573,21.78
1785484920,2.4435320000000003,3.783003,21.79
1785484930,2.448875,3.790402,21.79
1785484940,2.4435320000000003,3.783003,21.79
1785484950,2.447094,3.789345,21.79
1785484960,2.448875,3.788288,21.79
1785484970,2.4435320000000003,3.781946,21.79
1785484980,2.447094,3.785117,21.81
1785484990,2.441751,3.778775,21.79
1785485000,2.445313,3.78406,21.79
1785485010,2.450656,3.789345,21.81
1785485020,2.448875,3.786174,21.79
1785485030,2.447094,3.783003,21.79
1785485040,2.445313,3.785117,21.79
1785485050,2.447094,3.787231,21.79
1785485060,2.447094,3.787231,21.81
1785485070,2.448875,3.786174,21.82
1785485080,2.448875,3.789345,21.82
1785485090,2.447094,3.783003,21.83
1785485100,2.445313,3.779832,21.85
1785485110,2.447094,3.785117,21.85
1785485120,2.448875,3.788288,21.83
1785485130,2.454218,3.791459,21.85
1785485140,2.447094,3.785117,21.85
1785485150,2.447094,3.780889,21.83
1785485160,2.448875,3.781946,21.89
1785485170,2.445313,3.778775,21.86
1785485180,2.445313,3.771376,21.88
1785485190,2.447094,3.77349,21.88
1785485200,2.448875,3.779832,21.91
1785485210,2.447094,3.783003,21.91
1785485220,2.445313,3.778775,21.93
1785485230,2.452437,3.786174,21.92
1785485240,2.445313,3.775604,21.93
1785485250,2.448875,3.781946,21.95
1785485260,2.448875,3.783003,21.93
1785485270,2.450656,3.785117,21.96
1785485280,2.448875,3.78406,21.93
1785485290,2.448875,3.786174,21.96
1785485300,2.448875,3.78406,21.97
1785485310,2.450656,3.788288,22.0
1785485320,2.450656,3.789345,21.97
1785485330,2.445313,3.780889,22.0
1785485340,2.452437,3.791459,22.03
1785485350,2.454218,3.79463,22.0
1785485360,2.455999,3.79463,22.02
1785485370,2.450656,3.791459,22.02
1785485380,2.450656,3.789345,22.03
1785485390,2.448875,3.786174,22.0
1785485400,2.447094,3.779832,22.0
1785485410,2.452437,3.790402,22.0
1785485420,2.445313,3.781946,22.0
1785485430,2.448875,3.785117,21.97
1785485440,2.450656,3.78406,21.96
1785485450,2.448875,3.781946,21.96
1785485460,2.450656,3.787231,21.96
1785485470,2.452437,3.787231,21.93
1785485480,2.445313,3.776661,21.95
1785485490,2.450656,3.786174,21.92
1785485500,2.450656,3.787231,21.92
1785485510,2.448875,3.786174,21.92
1785485520,2.450656,3.788288,21.95
1785485530,2.452437,3.792516,21.99
1785485540,2.452437,3.791459,21.92
1785485550,2.450656,3.790402,21.96
1785485560,2.450656,3.790402,21.95
1785485570,2.4435320000000003,3.778775,21.96
1785485580,2.450656,3.787231,21.96
1785485590,2.448875,3.786174,21.95
1785485600,2.447094,3.786174,21.96
1785485610,2.445313,3.783003,21.97
1785485620,2.447094,3.785117,21.95
1785485630,2.447094,3.783003,21.96
1785485640,2.445313,3.783003,21.95
1785485650,2.448875,3.789345,21.96
1785485660,2.450656,3.791459,21.93
1785485670,2.450656,3.790402,21.93
1785485680,2.445313,3.785117,21.93
1785485690,2.447094,3.793573,21.96
1785485700,2.445313,3.789345,21.96
1785485710,2.445313,3.789345,21.96
1785485720,2.441751,3.786174,21.96
1785485730,2.445313,3.793573,21.96
1785485740,2.43997,3.785117,21.97
1785485750,2.441751,3.789345,21.96
1785485760,2.4435320000000003,3.790402,21.97
1785485770,2.445313,3.79463,21.95
1785485780,2.441751,3.787231,21.96
1785485790,2.447094,3.796744,21.97
1785485800,2.4435320000000003,3.792516,21.99
1785485810,2.447094,3.798858,21.96
1785485820,2.445313,3.802029,21.96
1785485830,2.441751,3.795687,21.99
1785485840,2.43997,3.792516,21.99
1785485850,2.441751,3.79463,21.99
1785485860,2.4435320000000003,3.797801,22.0
1785485870,2.441751,3.79463,21.97
1785485880,2.438189,3.790402,21.97
1785485890,2.441751,3.79463,22.0
1785485900,2.43997,3.791459,21.99
1785485910,2.441751,3.795687,22.0
1785485920,2.43997,3.790402,22.0
1785485930,2.441751,3.789345,22.0
1785485940,2.438189,3.785117,21.97
1785485950,2.441751,3.789345,21.99
1785485960,2.438189,3.780889,21.96
1785485970,2.436408,3.776661,21.99
1785485980,2.441751,3.785117,21.96
1785485990,2.438189,3.783003,21.95
1785486000,2.438189,3.778775,21.95
1785486010,2.4435320000000003,3.788288,21.96
1785486020,2.445313,3.790402,21.99
1785486030,2.43997,3.783003,21.99
1785486040,2.4435320000000003,3.788288,22.03
1785486050,2.448875,3.797801,22.04
1785486060,2.447094,3.796744,22.06
1785486070,2.436408,3.781946,22.09
1785486080,2.438189,3.787231,22.07
1785486090,2.43997,3.792516,22.09
1785486100,2.438189,3.791459,22.09
1785486110,2.43997,3.795687,22.09
1785486120,2.436408,3.790402,22.12
1785486130,2.441751,3.800972,22.1
1785486140,2.43997,3.792516,22.13
1785486150,2.441751,3.800972,22.1
1785486160,2.438189,3.792516,22.13
1785486170,2.434627,3.789345,22.13
1785486180,2.445313,3.8052,22.1
1785486190,2.441751,3.798858,22.12
1785486200,2.438189,3.796744,22.12
1785486210,2.441751,3.798858,22.1
1785486220,2.436408,3.792516,22.1
1785486230,2.434627,3.785117,22.12
1785486240,2.43997,3.797801,22.07
1785486250,2.436408,3.785117,22.09
1785486260,2.438189,3.789345,22.12
1785486270,2.436408,3.790402,22.09
1785486280,2.436408,3.785117,22.1
1785486290,2.43997,3.790402,22.1
1785486300,2.43997,3.789345,22.07
1785486310,2.43997,3.788288,22.1
1785486320,2.445313,3.793573,22.09
1785486330,2.452437,3.799915,22.1
1785486340,2.448875,3.789345,22.12
1785486350,2.448875,3.797801,22.12
1785486360,2.445313,3.775604,22.13
1785486370,2.452437,3.788288,22.12
1785486380,2.448875,3.780889,22.12
1785486390,2.448875,3.780889,22.12
1785486400,2.454218,3.787231,22.13
1785486410,2.450656,3.778775,22.1
1785486420,2.447094,3.77349,22.12
1785486430,2.448875,3.778775,22.13
1785486440,2.448875,3.781946,22.13
1785486450,2.452437,3.786174,22.14
1785486460,2.447094,3.777718,22.12
1785486470,2.450656,3.787231,22.13
1785486480,2.450656,3.790402,22.14
1785486490,2.447094,3.787231,22.14
1785486500,2.447094,3.781946,22.14
1785486510,2.445313,3.777718,22.14
1785486520,2.450656,3.787231,22.14
1785486530,2.452437,3.789345,22.14
1785486540,2.448875,3.783003,22.13
1785486550,2.445313,3.783003,22.09
1785486560,2.448875,3.785117,22.09
1785486570,2.452437,3.797801,22.09
1785486580,2.448875,3.790402,22.07
1785486590,2.452437,3.793573,22.12
1785486600,2.448875,3.789345,22.09
1785486610,2.447094,3.789345,22.1
1785486620,2.450656,3.796744,22.12
1785486630,2.448875,3.795687,22.12
1785486640,2.447094,3.793573,22.12
1785486650,2.452437,3.803086,22.13
1785486660,2.450656,3.791459,22.12
1785486670,2.448875,3.786174,22.1
1785486680,2.450656,3.787231,22.1
1785486690,2.447094,3.783003,22.09
1785486700,2.448875,3.787231,22.07
1785486710,2.452437,3.793573,22.07
1785486720,2.448875,3.788288,22.09
1785486730,2.448875,3.787231,22.07
1785486740,2.452437,3.791459,22.06
1785486750,2.454218,3.797801,22.06
1785486760,2.448875,3.788288,22.07
1785486770,2.455999,3.800972,22.07
1785486780,2.448875,3.788288,22.06
1785486790,2.448875,3.788288,22.06
1785486800,2.452437,3.795687,22.06
1785486810,2.452437,3.792516,22.03
1785486820,2.452437,3.795687,22.06
1785486830,2.452437,3.796744,22.06
1785486840,2.450656,3.793573,22.03
1785486850,2.454218,3.79463,22.06
1785486860,2.452437,3.791459,22.04
1785486870,2.448875,3.786174,22.03
1785486880,2.455999,3.797801,22.03
1785486890,2.448875,3.785117,22.03
1785486900,2.448875,3.788288,22.02
1785486910,2.448875,3.786174,22.03
1785486920,2.454218,3.79463,22.03
1785486930,2.447094,3.786174,22.02
1785486940,2.447094,3.786174,22.0
1785486950,2.450656,3.787231,22.0
1785486960,2.454218,3.792516,22.0
1785486970,2.447094,3.781946,22.03
1785486980,2.447094,3.780889,22.02
1785486990,2.454218,3.791459,22.0
1785487000,2.454218,3.795687,22.02
1785487010,2.448875,3.788288,22.02
1785487020,2.447094,3.788288,22.03
1785487030,2.452437,3.796744,22.02
1785487040,2.448875,3.790402,22.03
1785487050,2.447094,3.787231,22.04
1785487060,2.447094,3.787231,22.09
1785487070,2.455999,3.799915,22.07
1785487080,2.445313,3.785117,22.09
1785487090,2.450656,3.791459,22.09
1785487100,2.448875,3.790402,22.09
1785487110,2.448875,3.789345,22.09
1785487120,2.450656,3.792516,22.07
1785487130,2.454218,3.796744,22.06
1785487140,2.448875,3.788288,22.07
1785487150,2.447094,3.78406,22.06
1785487160,2.450656,3.792516,22.06
1785487170,2.445313,3.787231,22.06
1785487180,2.448875,3.791459,22.04
1785487190,2.448875,3.795687,22.02
1785487200,2.447094,3.792516,22.02
1785487210,2.447094,3.789345,22.02
1785487220,2.447094,3.790402,22.0
1785487230,2.448875,3.793573,21.99
1785487240,2.447094,3.793573,22.02
1785487250,2.4435320000000003,3.792516,22.0
1785487260,2.445313,3.795687,22.02
1785487270,2.4435320000000003,3.791459,22.03
1785487280,2.445313,3.798858,22.02
1785487290,2.445313,3.797801,22.03
1785487300,2.445313,3.789345,22.06
1785487310,2.4435320000000003,3.790402,22.07
1785487320,2.4435320000000003,3.793573,22.1
1785487330,2.43997,3.788288,22.09
1785487340,2.4435320000000003,3.795687,22.1
1785487350,2.445313,3.796744,22.12
1785487360,2.4435320000000003,3.791459,22.12
1785487370,2.4435320000000003,3.791459,22.1
1785487380,2.4435320000000003,3.792516,22.1
1785487390,2.4435320000000003,3.791459,22.12
1785487400,2.441751,3.788288,22.13
1785487410,2.4435320000000003,3.793573,22.1
1785487420,2.450656,3.804143,22.09
1785487430,2.4435320000000003,3.793573,22.12
1785487440,2.441751,3.790402,22.1
1785487450,2.445313,3.796744,22.09
1785487460,2.441751,3.793573,22.09
1785487470,2.441751,3.793573,22.09
1785487480,2.43997,3.791459,22.07
1785487490,2.447094,3.802029,22.09
1785487500,2.441751,3.796744,22.04
1785487510,2.445313,3.799915,22.06
1785487520,2.445313,3.798858,22.04
1785487530,2.4435320000000003,3.798858,22.07
1785487540,2.4435320000000003,3.798858,22.07
1785487550,2.43997,3.791459,22.06
1785487560,2.445313,3.798858,22.07
1785487570,2.445313,3.799915,22.06
1785487580,2.441751,3.797801,22.06
1785487590,2.438189,3.793573,22.06
1785487600,2.447094,3.804143,22.02
1785487610,2.438189,3.790402,22.03
1785487620,2.441751,3.803086,22.02
1785487630,2.445313,3.79463,22.06
1785487640,2.441751,3.78406,22.04
1785487650,2.4435320000000003,3.790402,22.06
1785487660,2.4435320000000003,3.790402,22.06
1785487670,2.4435320000000003,3.789345,22.06
1785487680,2.447094,3.800972,22.07
1785487690,2.448875,3.788288,22.13
1785487700,2.441751,3.783003,22.12
1785487710,2.445313,3.788288,22.13
1785487720,2.450656,3.792516,22.14
1785487730,2.447094,3.792516,22.14
1785487740,2.448875,3.799915,22.1
1785487750,2.445313,3.797801,22.13
1785487760,2.441751,3.791459,22.12
1785487770,2.4435320000000003,3.795687,22.1
1785487780,2.447094,3.798858,22.16
1785487790,2.441751,3.796744,22.14
1785487800,2.441751,3.79463,22.16
1785487810,2.4435320000000003,3.792516,22.19
1785487820,2.4435320000000003,3.795687,22.2
1785487830,2.445313,3.796744,22.19
1785487840,2.447094,3.798858,22.19
1785487850,2.4435320000000003,3.79463,22.19
1785487860,2.445313,3.800972,22.2
1785487870,2.441751,3.792516,22.2
1785487880,2.4435320000000003,3.790402,22.17
1785487890,2.448875,3.795687,22.17
1785487900,2.447094,3.792516,22.17
1785487910,2.447094,3.789345,22.16
1785487920,2.450656,3.792516,22.13
1785487930,2.454218,3.796744,22.13
1785487940,2.452437,3.791459,22.13
1785487950,2.450656,3.787231,22.12
1785487960,2.452437,3.790402,22.14
1785487970,2.454218,3.793573,22.12
1785487980,2.450656,3.788288,22.13
1785487990,2.445313,3.780889,22.14
1785488000,2.448875,3.789345,22.14
1785488010,2.447094,3.791459,22.14
1785488020,2.454218,3.795687,22.14
1785488030,2.450656,3.790402,22.14
1785488040,2.450656,3.791459,22.14
1785488050,2.454218,3.797801,22.14
1785488060,2.455999,3.797801,22.14
1785488070,2.454218,3.790402,22.13
1785488080,2.452437,3.790402,22.16
1785488090,2.452437,3.793573,22.13
1785488100,2.454218,3.795687,22.13
1785488110,2.452437,3.789345,22.13
1785488120,2.450656,3.786174,22.13
1785488130,2.45778,3.797801,22.1
1785488140,2.455999,3.79463,22.12
1785488150,2.454218,3.793573,22.1
1785488160,2.454218,3.786174,22.1
1785488170,2.455999,3.785117,22.1
1785488180,2.459561,3.792516,22.1
1785488190,2.45778,3.789345,22.09
1785488200,2.454218,3.78406,22.1
1785488210,2.454218,3.787231,22.06
1785488220,2.454218,3.786174,22.07
1785488230,2.454218,3.790402,22.09
1785488240,2.455999,3.79463,22.1
1785488250,2.452437,3.789345,22.06
1785488260,2.452437,3.792516,22.07
1785488270,2.448875,3.790402,22.09
1785488280,2.454218,3.796744,22.1
1785488290,2.454218,3.797801,22.09
1785488300,2.454218,3.799915,22.12
1785488310,2.455999,3.800972,22.13
1785488320,2.454218,3.799915,22.13
1785488330,2.450656,3.795687,22.12
1785488340,2.448875,3.79463,22.12
1785488350,2.452437,3.798858,22.13
1785488360,2.445313,3.786174,22.13
1785488370,2.447094,3.788288,22.12
1785488380,2.455999,3.802029,22.14
1785488390,2.452437,3.798858,22.16
1785488400,2.452437,3.800972,22.12
1785488410,2.450656,3.796744,22.16
1785488420,2.445313,3.788288,22.12
1785488430,2.447094,3.793573,22.13
1785488440,2.450656,3.797801,22.13
1785488450,2.452437,3.803086,22.12
1785488460,2.448875,3.800972,22.13
1785488470,2.450656,3.798858,22.12
1785488480,2.450656,3.800972,22.12
1785488490,2.447094,3.796744,22.13
1785488500,2.450656,3.802029,22.14
1785488510,2.447094,3.795687,22.14
1785488520,2.448875,3.796744,22.14
1785488530,2.447094,3.795687,22.14
1785488540,2.452437,3.800972,22.14
1785488550,2.448875,3.795687,22.16
1785488560,2.447094,3.79463,22.17
1785488570,2.4435320000000003,3.790402,22.16
1785488580,2.445313,3.793573,22.17
1785488590,2.448875,3.796744,22.2
1785488600,2.447094,3.797801,22.16
1785488610,2.447094,3.795687,22.2
1785488620,2.452437,3.804143,22.17
1785488630,2.450656,3.800972,22.17
1785488640,2.448875,3.800972,22.17
1785488650,2.447094,3.795687,22.16
1785488660,2.447094,3.797801,22.16
1785488670,2.448875,3.800972,22.14
1785488680,2.452437,3.806257,22.16
1785488690,2.447094,3.799915,22.17
1785488700,2.445313,3.795687,22.16
1785488710,2.447094,3.797801,22.17
1785488720,2.441751,3.789345,22.17
1785488730,2.4435320000000003,3.795687,22.17
1785488740,2.4435320000000003,3.79463,22.17
1785488750,2.448875,3.802029,22.16
1785488760,2.4435320000000003,3.791459,22.13
1785488770,2.4435320000000003,3.792516,22.16
1785488780,2.43997,3.786174,22.16
1785488790,2.447094,3.797801,22.14
1785488800,2.445313,3.793573,22.13
1785488810,2.445313,3.795687,22.16
1785488820,2.445313,3.79463,22.14
1785488830,2.447094,3.797801,22.16
1785488840,2.4435320000000003,3.793573,22.14
1785488850,2.4435320000000003,3.793573,22.17
1785488860,2.4435320000000003,3.793573,22.14
1785488870,2.4435320000000003,3.792516,22.14
1785488880,2.441751,3.791459,22.16
1785488890,2.441751,3.791459,22.16
1785488900,2.445313,3.795687,22.16
1785488910,2.447094,3.798858,22.14
1785488920,2.445313,3.796744,22.14
1785488930,2.447094,3.797801,22.13
1785488940,2.43997,3.788288,22.16
1785488950,2.4435320000000003,3.790402,22.16
1785488960,2.441751,3.790402,22.14
1785488970,2.445313,3.795687,22.14
1785488980,2.447094,3.798858,22.14
1785488990,2.4435320000000003,3.790402,22.14
1785489000,2.43997,3.788288,22.14
1785489010,2.441751,3.788288,22.14
1785489020,2.450656,3.8052,22.14
1785489030,2.4435320000000003,3.791459,22.16
1785489040,2.43997,3.787231,22.16
1785489050,2.4435320000000003,3.792516,22.17
1785489060,2.441751,3.788288,22.19
1785489070,2.43997,3.787231,22.17
1785489080,2.450656,3.803086,22.17
1785489090,2.441751,3.792516,22.19
1785489100,2.445313,3.796744,22.17
1785489110,2.4435320000000003,3.793573,22.19
1785489120,2.441751,3.789345,22.17
1785489130,2.441751,3.788288,22.19
1785489140,2.4435320000000003,3.788288,22.19
1785489150,2.438189,3.779832,22.17
1785489160,2.445313,3.789345,22.2
1785489170,2.441751,3.787231,22.23
1785489180,2.4435320000000003,3.788288,22.22
1785489190,2.447094,3.791459,22.22
1785489200,2.4435320000000003,3.787231,22.22
1785489210,2.445313,3.790402,22.22
1785489220,2.454218,3.785117,22.23
1785489230,2.450656,3.779832,22.22
1785489240,2.454218,3.781946,22.22
1785489250,2.455999,3.783003,22.19
1785489260,2.450656,3.77349,22.17
1785489270,2.455999,3.777718,22.19
1785489280,2.455999,3.774547,22.14
1785489290,2.452437,3.767148,22.17
1785489300,2.452437,3.769262,22.14
1785489310,2.454218,3.786174,22.14
1785489320,2.455999,3.772433,22.14
1785489330,2.455999,3.772433,22.17
1785489340,2.45778,3.779832,22.19
1785489350,2.455999,3.78406,22.17
1785489360,2.459561,3.785117,22.2
1785489370,2.452437,3.772433,22.19
1785489380,2.463123,3.781946,22.22
1785489390,2.450656,3.761863,22.2
1785489400,2.454218,3.765034,22.19
1785489410,2.454218,3.772433,22.19
1785489420,2.455999,3.776661,22.19
1785489430,2.454218,3.77349,22.19
1785489440,2.454218,3.777718,22.17
1785489450,2.452437,3.768205,22.22
1785489460,2.459561,3.77349,22.23
1785489470,2.450656,3.76292,22.24
1785489480,2.45778,3.77349,22.24
1785489490,2.452437,3.769262,22.24
1785489500,2.45778,3.778775,22.24
1785489510,2.452437,3.769262,22.24
1785489520,2.450656,3.766091,22.23
1785489530,2.450656,3.765034,22.22
1785489540,2.448875,3.766091,22.24
1785489550,2.459561,3.780889,22.24
1785489560,2.454218,3.774547,22.23
1785489570,2.452437,3.771376,22.26
1785489580,2.447094,3.758692,22.24
1785489590,2.454218,3.770319,22.26
1785489600,2.448875,3.766091,22.23
1785489610,2.454218,3.774547,22.26
1785489620,2.452437,3.769262,22.23
1785489630,2.447094,3.763977,22.22
1785489640,2.454218,3.775604,22.2
1785489650,2.448875,3.769262,22.24
1785489660,2.450656,3.771376,22.19
1785489670,2.448875,3.772433,22.19
1785489680,2.4435320000000003,3.763977,22.19
1785489690,2.447094,3.772433,22.19
1785489700,2.448875,3.776661,22.2
1785489710,2.441751,3.767148,22.19
1785489720,2.447094,3.774547,22.2
1785489730,2.43997,3.765034,22.2
1785489740,2.447094,3.777718,22.23
1785489750,2.441751,3.761863,22.24
1785489760,2.441751,3.757635,22.27
1785489770,2.4435320000000003,3.765034,22.27
1785489780,2.447094,3.769262,22.27
1785489790,2.445313,3.767148,22.29
1785489800,2.445313,3.770319,22.29
1785489810,2.4435320000000003,3.765034,22.26
1785489820,2.447094,3.766091,22.29
1785489830,2.445313,3.763977,22.26
1785489840,2.447094,3.768205,22.24
1785489850,2.447094,3.766091,22.24
1785489860,2.441751,3.758692,22.22
1785489870,2.4435320000000003,3.759749,22.23
1785489880,2.445313,3.759749,22.23
1785489890,2.445313,3.76292,22.23
1785489900,2.454218,3.775604,22.26
1785489910,2.445313,3.763977,22.26
1785489920,2.447094,3.766091,22.26
1785489930,2.445313,3.761863,22.26
1785489940,2.445313,3.760806,22.26
1785489950,2.445313,3.76292,22.29
1785489960,2.447094,3.768205,22.29
1785489970,2.4435320000000003,3.76292,22.29
1785489980,2.4435320000000003,3.772433,22.29
1785489990,2.441751,3.754464,22.3
1785490000,2.447094,3.761863,22.32
1785490010,2.436408,3.750236,22.3
1785490020,2.43997,3.754464,22.29
1785490030,2.4435320000000003,3.76292,22.3
1785490040,2.4435320000000003,3.760806,22.34
1785490050,2.445313,3.760806,22.36
1785490060,2.4435320000000003,3.756578,22.33
1785490070,2.441751,3.756578,22.34
1785490080,2.448875,3.767148,22.36
1785490090,2.445313,3.760806,22.34
1785490100,2.447094,3.76292,22.36
1785490110,2.4435320000000003,3.758692,22.33
1785490120,2.448875,3.766091,22.34
1785490130,2.445313,3.759749,22.33
1785490140,2.447094,3.766091,22.33
1785490150,2.441751,3.754464,22.33
1785490160,2.445313,3.756578,22.3
1785490170,2.4435320000000003,3.755521,22.29
1785490180,2.441751,3.754464,22.27
1785490190,2.43997,3.756578,22.27
1785490200,2.43997,3.755521,22.27
1785490210,2.447094,3.772433,22.27
1785490220,2.4435320000000003,3.756578,22.32
1785490230,2.445313,3.758692,22.3
1785490240,2.445313,3.756578,22.29
1785490250,2.445313,3.757635,22.33
1785490260,2.445313,3.758692,22.33
1785490270,2.4435320000000003,3.753407,22.32
1785490280,2.447094,3.760806,22.32
1785490290,2.445313,3.761863,22.33
1785490300,2.447094,3.76292,22.3
1785490310,2.4435320000000003,3.755521,22.32
1785490320,2.4435320000000003,3.755521,22.33
1785490330,2.445313,3.757635,22.29
1785490340,2.445313,3.754464,22.29
1785490350,2.43997,3.750236,22.29
1785490360,2.445313,3.761863,22.29
1785490370,2.441751,3.754464,22.3
1785490380,2.4435320000000003,3.758692,22.29
1785490390,2.447094,3.76292,22.27
1785490400,2.4435320000000003,3.758692,22.27
1785490410,2.4435320000000003,3.758692,22.27
1785490420,2.441751,3.753407,22.27
1785490430,2.445313,3.761863,22.27
1785490440,2.445313,3.763977,22.3
1785490450,2.445313,3.761863,22.3
1785490460,2.441751,3.757635,22.27
1785490470,2.43997,3.756578,22.29
1785490480,2.445313,3.763977,22.29
1785490490,2.441751,3.758692,22.3
1785490500,2.4435320000000003,3.76292,22.29
1785490510,2.4435320000000003,3.766091,22.3
1785490520,2.438189,3.757635,22.29
1785490530,2.447094,3.768205,22.3
1785490540,2.441751,3.760806,22.3
1785490550,2.43997,3.758692,22.32
1785490560,2.438189,3.756578,22.32
1785490570,2.452437,3.776661,22.32
1785490580,2.4435320000000003,3.763977,22.29
1785490590,2.4435320000000003,3.765034,22.32
1785490600,2.445313,3.768205,22.3
1785490610,2.441751,3.761863,22.29
1785490620,2.441751,3.763977,22.32
1785490630,2.434627,3.751293,22.27
1785490640,2.441751,3.761863,22.29
1785490650,2.438189,3.759749,22.29
1785490660,2.4435320000000003,3.768205,22.26
1785490670,2.4435320000000003,3.767148,22.29
1785490680,2.447094,3.774547,22.27
1785490690,2.436408,3.758692,22.29
1785490700,2.436408,3.756578,22.29
1785490710,2.441751,3.761863,22.29
1785490720,2.436408,3.753407,22.27
1785490730,2.438189,3.756578,22.26
1785490740,2.4435320000000003,3.765034,22.27
1785490750,2.43997,3.759749,22.26
1785490760,2.441751,3.763977,22.27
1785490770,2.438189,3.759749,22.26
1785490780,2.438189,3.76292,22.27
1785490790,2.4310650000000003,3.747065,22.23
1785490800,2.436408,3.754464,22.27
1785490810,2.434627,3.753407,22.24
1785490820,2.436408,3.754464,22.26
1785490830,2.436408,3.753407,22.26
1785490840,2.438189,3.754464,22.23
1785490850,2.434627,3.749179,22.22
1785490860,2.438189,3.75235,22.24
1785490870,2.436408,3.750236,22.23
1785490880,2.438189,3.751293,22.23
1785490890,2.436408,3.750236,22.23
1785490900,2.43997,3.755521,22.2
1785490910,2.438189,3.754464,22.22
1785490920,2.434627,3.753407,22.19
1785490930,2.441751,3.76292,22.22
1785490940,2.436408,3.756578,22.2
1785490950,2.432846,3.75235,22.23
1785490960,2.429284,3.744951,22.22
1785490970,2.436408,3.757635,22.26
1785490980,2.445313,3.767148,22.24
1785490990,2.43997,3.760806,22.24
1785491000,2.43997,3.760806,22.24
1785491010,2.4435320000000003,3.763977,22.24
1785491020,2.436408,3.748122,22.24
1785491030,2.43997,3.750236,22.24
1785491040,2.438189,3.744951,22.22
1785491050,2.43997,3.750236,22.22
1785491060,2.436408,3.743894,22.24
1785491070,2.436408,3.743894,22.22
1785491080,2.434627,3.739666,22.22
1785491090,2.441751,3.750236,22.22
1785491100,2.43997,3.748122,22.2
1785491110,2.43997,3.749179,22.2
1785491120,2.432846,3.738609,22.22
1785491130,2.436408,3.743894,22.19
1785491140,2.434627,3.744951,22.23
1785491150,2.432846,3.740723,22.23
1785491160,2.434627,3.747065,22.24
1785491170,2.4310650000000003,3.740723,22.24
1785491180,2.436408,3.749179,22.24
1785491190,2.438189,3.748122,22.26
1785491200,2.436408,3.742837,22.24
1785491210,2.438189,3.746008,22.23
1785491220,2.438189,3.747065,22.26
1785491230,2.436408,3.743894,22.24
1785491240,2.436408,3.744951,22.24
1785491250,2.43997,3.751293,22.23
1785491260,2.438189,3.746008,22.22
1785491270,2.43997,3.747065,22.23
1785491280,2.434627,3.740723,22.22
1785491290,2.43997,3.748122,22.24
1785491300,2.436408,3.742837,22.23
1785491310,2.43997,3.748122,22.23
1785491320,2.43997,3.751293,22.26
1785491330,2.438189,3.746008,22.26
1785491340,2.43997,3.750236,22.26
1785491350,2.43997,3.75235,22.29
1785491360,2.436408,3.744951,22.29
1785491370,2.447094,3.761863,22.3
1785491380,2.438189,3.750236,22.3
1785491390,2.441751,3.75235,22.33
1785491400,2.436408,3.746008,22.33
1785491410,2.434627,3.742837,22.34
1785491420,2.432846,3.740723,22.33
1785491430,2.43997,3.749179,22.33
1785491440,2.434627,3.743894,22.33
1785491450,2.434627,3.743894,22.32
1785491460,2.436408,3.744951,22.29
1785491470,2.429284,3.736495,22.33
1785491480,2.429284,3.737552,22.3
1785491490,2.436408,3.75235,22.29
1785491500,2.434627,3.747065,22.3
1785491510,2.4310650000000003,3.744951,22.32
1785491520,2.434627,3.749179,22.3
1785491530,2.4310650000000003,3.742837,22.3
1785491540,2.432846,3.746008,22.3
1785491550,2.429284,3.74178,22.32
1785491560,2.432846,3.750236,22.32
1785491570,2.434627,3.751293,22.33
1785491580,2.4310650000000003,3.744951,22.33
1785491590,2.436408,3.750236,22.33
1785491600,2.436408,3.748122,22.3
1785491610,2.4310650000000003,3.739666,22.33
1785491620,2.4310650000000003,3.740723,22.33
1785491630,2.434627,3.744951,22.32
1785491640,2.436408,3.746008,22.33
1785491650,2.438189,3.749179,22.34
1785491660,2.436408,3.748122,22.29
1785491670,2.441751,3.749179,22.3
1785491680,2.434627,3.737552,22.32
1785491690,2.441751,3.753407,22.33
1785491700,2.438189,3.748122,22.33
1785491710,2.4310650000000003,3.737552,22.33
1785491720,2.447094,3.760806,22.34
1785491730,2.429284,3.733324,22.32
1785491740,2.436408,3.740723,22.32
1785491750,2.434627,3.739666,22.33
1785491760,2.4310650000000003,3.735438,22.33
1785491770,2.432846,3.737552,22.33
1785491780,2.436408,3.742837,22.33
1785491790,2.434627,3.742837,22.36
1785491800,2.434627,3.739666,22.37
1785491810,2.434627,3.743894,22.36
1785491820,2.434627,3.74178,22.36
1785491830,2.436408,3.744951,22.39
1785491840,2.4310650000000003,3.737552,22.36
1785491850,2.4435320000000003,3.757635,22.39
1785491860,2.4310650000000003,3.739666,22.37
1785491870,2.432846,3.744951,22.37
1785491880,2.4310650000000003,3.739666,22.37
1785491890,2.434627,3.747065,22.4
1785491900,2.432846,3.746008,22.4
1785491910,2.429284,3.742837,22.4
1785491920,2.4310650000000003,3.744951,22.39
1785491930,2.429284,3.74178,22.39
1785491940,2.429284,3.740723,22.39
1785491950,2.429284,3.740723,22.39
1785491960,2.425722,3.734381,22.37
1785491970,2.425722,3.736495,22.39
1785491980,2.432846,3.749179,22.37
1785491990,2.432846,3.749179,22.34
1785492000,2.427503,3.740723,22.39
1785492010,2.425722,3.739666,22.39
1785492020,2.425722,3.739666,22.36
1785492030,2.42216,3.736495,22.37
1785492040,2.425722,3.740723,22.36
1785492050,2.423941,3.738609,22.36
1785492060,2.427503,3.744951,22.37
1785492070,2.4310650000000003,3.748122,22.34
1785492080,2.427503,3.744951,22.37
1785492090,2.423941,3.735438,22.36
1785492100,2.427503,3.743894,22.36
1785492110,2.423941,3.736495,22.37
1785492120,2.429284,3.742837,22.36
1785492130,2.4310650000000003,3.749179,22.37
1785492140,2.425722,3.737552,22.36
1785492150,2.427503,3.74178,22.36
1785492160,2.425722,3.738609,22.36
1785492170,2.4310650000000003,3.744951,22.34
1785492180,2.429284,3.742837,22.34
1785492190,2.429284,3.74178,22.33
1785492200,2.427503,3.738609,22.32
1785492210,2.427503,3.736495,22.32
1785492220,2.4310650000000003,3.743894,22.33
1785492230,2.432846,3.744951,22.32
1785492240,2.429284,3.737552,22.32
1785492250,2.425722,3.732267,22.33
1785492260,2.436408,3.748122,22.32
1785492270,2.436408,3.746008,22.29
1785492280,2.4310650000000003,3.739666,22.3
1785492290,2.432846,3.740723,22.32
1785492300,2.432846,3.740723,22.3
1785492310,2.432846,3.74178,22.27
1785492320,2.429284,3.737552,22.29
1785492330,2.436408,3.748122,22.26
1785492340,2.4310650000000003,3.740723,22.27
1785492350,2.434627,3.744951,22.29
1785492360,2.436408,3.749179,22.29
1785492370,2.434627,3.743894,22.29
1785492380,2.427503,3.734381,22.26
1785492390,2.434627,3.747065,22.29
1785492400,2.4310650000000003,3.742837,22.26
1785492410,2.427503,3.739666,22.24
1785492420,2.425722,3.736495,22.27
1785492430,2.43997,3.759749,22.27
1785492440,2.427503,3.739666,22.26
1785492450,2.425722,3.739666,22.27
1785492460,2.425722,3.738609,22.26
1785492470,2.4310650000000003,3.749179,22.29
1785492480,2.427503,3.739666,22.29
1785492490,2.427503,3.742837,22.29
1785492500,2.4310650000000003,3.748122,22.29
1785492510,2.429284,3.746008,22.29
1785492520,2.427503,3.74178,22.26
1785492530,2.427503,3.742837,22.29
1785492540,2.427503,3.742837,22.26
1785492550,2.425722,3.740723,22.24
1785492560,2.425722,3.740723,22.24
1785492570,2.429284,3.748122,22.24
1785492580,2.42216,3.736495,22.23
1785492590,2.4310650000000003,3.751293,22.24
1785492600,2.42216,3.738609,22.23
1785492610,2.42216,3.740723,22.24
1785492620,2.429284,3.751293,22.22
1785492630,2.42216,3.737552,22.24
1785492640,2.425722,3.744951,22.26
1785492650,2.420379,3.737552,22.23
1785492660,2.42216,3.738609,22.27
1785492670,2.423941,3.742837,22.24
1785492680,2.423941,3.742837,22.23
1785492690,2.42216,3.740723,22.27
1785492700,2.425722,3.744951,22.27
1785492710,2.423941,3.743894,22.24
1785492720,2.425722,3.747065,22.26
1785492730,2.420379,3.736495,22.24
1785492740,2.423941,3.742837,22.26
1785492750,2.42216,3.739666,22.24
1785492760,2.423941,3.742837,22.26
1785492770,2.420379,3.737552,22.24
1785492780,2.42216,3.74178,22.26
1785492790,2.427503,3.747065,22.26
1785492800,2.427503,3.750236,22.26
1785492810,2.420379,3.736495,22.27
1785492820,2.42216,3.740723,22.26
1785492830,2.420379,3.736495,22.26
1785492840,2.42216,3.736495,22.27
1785492850,2.425722,3.744951,22.27
1785492860,2.42216,3.737552,22.29
1785492870,2.42216,3.737552,22.27
1785492880,2.425722,3.743894,22.26
1785492890,2.425722,3.74178,22.26
1785492900,2.420379,3.733324,22.23
1785492910,2.425722,3.742837,22.26
1785492920,2.423941,3.739666,22.27
1785492930,2.429284,3.747065,22.23
1785492940,2.427503,3.744951,22.26
1785492950,2.4310650000000003,3.748122,22.27
1785492960,2.423941,3.737552,22.24
1785492970,2.423941,3.736495,22.24
1785492980,2.42216,3.734381,22.24
1785492990,2.423941,3.736495,22.23
1785493000,2.425722,3.735438,22.24
1785493010,2.423941,3.734381,22.26
1785493020,2.427503,3.739666,22.24
1785493030,2.42216,3.730153,22.24
1785493040,2.425722,3.737552,22.26
1785493050,2.425722,3.735438,22.26
1785493060,2.429284,3.74178,22.23
1785493070,2.429284,3.74178,22.27
1785493080,2.4310650000000003,3.744951,22.26
1785493090,2.425722,3.736495,22.24
1785493100,2.429284,3.74178,22.26
1785493110,2.427503,3.739666,22.26
1785493120,2.425722,3.736495,22.27
1785493130,2.429284,3.740723,22.26
1785493140,2.4310650000000003,3.742837,22.24
1785493150,2.429284,3.740723,22.26
1785493160,2.425722,3.737552,22.24
1785493170,2.432846,3.746008,22.24
1785493180,2.427503,3.739666,22.27
1785493190,2.429284,3.740723,22.23
1785493200,2.425722,3.735438,22.24
1785493210,2.436408,3.751293,22.2
1785493220,2.432846,3.748122,22.23
1785493230,2.4310650000000003,3.743894,22.23
1785493240,2.429284,3.740723,22.22
1785493250,2.427503,3.737552,22.24
1785493260,2.429284,3.742837,22.23
1785493270,2.425722,3.738609,22.24
1785493280,2.429284,3.74178,22.23
1785493290,2.429284,3.739666,22.24
1785493300,2.425722,3.735438,22.24
1785493310,2.434627,3.749179,22.24
1785493320,2.427503,3.739666,22.26
1785493330,2.432846,3.746008,22.24
1785493340,2.432846,3.747065,22.23
1785493350,2.423941,3.734381,22.24
1785493360,2.427503,3.738609,22.24
1785493370,2.427503,3.739666,22.24
1785493380,2.423941,3.733324,22.23
1785493390,2.4310650000000003,3.744951,22.23
1785493400,2.427503,3.739666,22.24
1785493410,2.429284,3.743894,22.22
1785493420,2.423941,3.736495,22.22
1785493430,2.427503,3.740723,22.24
1785493440,2.434627,3.754464,22.23
1785493450,2.429284,3.744951,22.2
1785493460,2.423941,3.736495,22.24
1785493470,2.423941,3.736495,22.22
1785493480,2.425722,3.736495,22.23
1785493490,2.423941,3.735438,22.23
1785493500,2.4310650000000003,3.749179,22.24
1785493510,2.429284,3.746008,22.23
1785493520,2.427503,3.742837,22.27
1785493530,2.427503,3.740723,22.26
1785493540,2.423941,3.735438,22.27
1785493550,2.42216,3.734381,22.26
1785493560,2.425722,3.740723,22.26
1785493570,2.432846,3.751293,22.26
1785493580,2.427503,3.743894,22.26
1785493590,2.429284,3.748122,22.24
1785493600,2.423941,3.737552,22.26
1785493610,2.416817,3.728039,22.27
1785493620,2.4310650000000003,3.750236,22.24
1785493630,2.4185980000000002,3.733324,22.24
1785493640,2.427503,3.744951,22.24
1785493650,2.420379,3.732267,22.24
1785493660,2.42216,3.738609,22.26
1785493670,2.42216,3.737552,22.27
1785493680,2.42216,3.739666,22.26
1785493690,2.423941,3.743894,22.27
1785493700,2.42216,3.740723,22.24
1785493710,2.425722,3.747065,22.27
1785493720,2.423941,3.740723,22.24
1785493730,2.42216,3.738609,22.24
1785493740,2.423941,3.743894,22.26
1785493750,2.423941,3.743894,22.26
1785493760,2.423941,3.740723,22.26
1785493770,2.420379,3.736495,22.24
1785493780,2.42216,3.739666,22.26
1785493790,2.42216,3.740723,22.23
1785493800,2.42216,3.74178,22.23
1785493810,2.425722,3.747065,22.24
1785493820,2.4310650000000003,3.754464,22.26
1785493830,2.42216,3.739666,22.26
1785493840,2.427503,3.744951,22.24
1785493850,2.4185980000000002,3.734381,22.23
1785493860,2.425722,3.746008,22.24
1785493870,2.416817,3.732267,22.23
1785493880,2.420379,3.74178,22.23
1785493890,2.420379,3.739666,22.26
1785493900,2.42216,3.744951,22.24
1785493910,2.42216,3.746008,22.24
1785493920,2.423941,3.746008,22.23
1785493930,2.423941,3.748122,22.24
1785493940,2.420379,3.742837,22.24
1785493950,2.4185980000000002,3.739666,22.29
1785493960,2.423941,3.747065,22.26
1785493970,2.423941,3.749179,22.29
1785493980,2.415036,3.734381,22.27
1785493990,2.4185980000000002,3.738609,22.26
1785494000,2.42216,3.747065,22.23
1785494010,2.416817,3.736495,22.26
1785494020,2.42216,3.743894,22.27
1785494030,2.415036,3.735438,22.27
1785494040,2.416817,3.736495,22.26
1785494050,2.415036,3.734381,22.27
1785494060,2.420379,3.74178,22.26
1785494070,2.420379,3.74178,22.24
1785494080,2.415036,3.735438,22.23
1785494090,2.42216,3.746008,22.26
1785494100,2.415036,3.735438,22.24
1785494110,2.415036,3.736495,22.24
1785494120,2.4185980000000002,3.74178,22.26
1785494130,2.423941,3.750236,22.24
1785494140,2.42216,3.748122,22.24
1785494150,2.4185980000000002,3.74178,22.24
1785494160,2.4185980000000002,3.739666,22.26
1785494170,2.4185980000000002,3.74178,22.24
1785494180,2.420379,3.743894,22.24
1785494190,2.416817,3.739666,22.27
1785494200,2.42216,3.748122,22.26
1785494210,2.4185980000000002,3.742837,22.27
1785494220,2.415036,3.735438,22.26
1785494230,2.4185980000000002,3.742837,22.24
1785494240,2.416817,3.74178,22.27
1785494250,2.420379,3.746008,22.27
1785494260,2.423941,3.751293,22.26
1785494270,2.415036,3.738609,22.29
1785494280,2.416817,3.740723,22.26
1785494290,2.415036,3.737552,22.29
1785494300,2.42216,3.747065,22.26
1785494310,2.42216,3.748122,22.27
1785494320,2.416817,3.740723,22.24
1785494330,2.42216,3.748122,22.24
1785494340,2.4185980000000002,3.74178,22.24
1785494350,2.420379,3.742837,22.24
1785494360,2.411474,3.73121,22.26
1785494370,2.420379,3.746008,22.26
1785494380,2.416817,3.74178,22.24
1785494390,2.413255,3.735438,22.23
1785494400,2.429284,3.757635,22.26
1785494410,2.42216,3.748122,22.26
1785494420,2.416817,3.74178,22.26
1785494430,2.420379,3.747065,22.23
1785494440,2.420379,3.744951,22.24
1785494450,2.42216,3.749179,22.23
1785494460,2.42216,3.749179,22.23
1785494470,2.420379,3.744951,22.23
1785494480,2.411474,3.73121,22.23
1785494490,2.420379,3.746008,22.23
1785494500,2.4185980000000002,3.74178,22.26
1785494510,2.416817,3.738609,22.22
1785494520,2.420379,3.743894,22.22
1785494530,2.420379,3.743894,22.23
1785494540,2.415036,3.735438,22.24
1785494550,2.42216,3.748122,22.24
1785494560,2.4185980000000002,3.742837,22.24
1785494570,2.423941,3.751293,22.23
1785494580,2.4185980000000002,3.740723,22.23
1785494590,2.416817,3.739666,22.24
1785494600,2.416817,3.738609,22.26
1785494610,2.42216,3.748122,22.26
1785494620,2.4185980000000002,3.74178,22.24
1785494630,2.420379,3.743894,22.27
1785494640,2.432846,3.763977,22.24
1785494650,2.423941,3.749179,22.26
1785494660,2.42216,3.747065,22.27
1785494670,2.42216,3.747065,22.24
1785494680,2.416817,3.739666,22.26
1785494690,2.420379,3.746008,22.24
1785494700,2.420379,3.742837,22.24
1785494710,2.425722,3.751293,22.26
1785494720,2.420379,3.74178,22.24
1785494730,2.42216,3.743894,22.24
1785494740,2.4185980000000002,3.740723,22.23
1785494750,2.425722,3.751293,22.24
1785494760,2.4185980000000002,3.740723,22.24
1785494770,2.4185980000000002,3.740723,22.22
1785494780,2.42216,3.746008,22.22
1785494790,2.420379,3.743894,22.2
1785494800,2.416817,3.740723,22.22
1785494810,2.425722,3.754464,22.24
1785494820,2.4185980000000002,3.743894,22.24
1785494830,2.42216,3.747065,22.23
1785494840,2.42216,3.744951,22.23
1785494850,2.42216,3.744951,22.24
1785494860,2.4185980000000002,3.738609,22.24
1785494870,2.420379,3.743894,22.22
1785494880,2.4185980000000002,3.739666,22.24
1785494890,2.420379,3.743894,22.23
1785494900,2.42216,3.744951,22.23
1785494910,2.415036,3.733324,22.24
1785494920,2.415036,3.736495,22.24
1785494930,2.411474,3.728039,22.23
1785494940,2.420379,3.74178,22.24
1785494950,2.413255,3.732267,22.26
1785494960,2.4185980000000002,3.739666,22.23
1785494970,2.420379,3.74178,22.24
1785494980,2.4185980000000002,3.739666,22.23
1785494990,2.420379,3.739666,22.23
1785495000,2.42216,3.742837,22.23
1785495010,2.415036,3.73121,22.23
1785495020,2.416817,3.736495,22.23
1785495030,2.420379,3.740723,22.22
1785495040,2.423941,3.748122,22.23
1785495050,2.42216,3.743894,22.23
1785495060,2.4185980000000002,3.739666,22.23
1785495070,2.420379,3.740723,22.23
1785495080,2.42216,3.74178,22.24
1785495090,2.427503,3.751293,22.22
1785495100,2.4185980000000002,3.735438,22.26
1785495110,2.42216,3.742837,22.23
1785495120,2.427503,3.748122,22.23
1785495130,2.420379,3.737552,22.24
1785495140,2.413255,3.728039,22.23
1785495150,2.420379,3.740723,22.24
1785495160,2.420379,3.739666,22.2
1785495170,2.425722,3.746008,22.22
1785495180,2.427503,3.749179,22.22
1785495190,2.4185980000000002,3.734381,22.22
1785495200,2.425722,3.742837,22.22
1785495210,2.423941,3.743894,22.23
1785495220,2.420379,3.737552,22.22
1785495230,2.42216,3.740723,22.2
1785495240,2.415036,3.728039,22.22
1785495250,2.42216,3.739666,22.22
1785495260,2.427503,3.747065,22.2
1785495270,2.420379,3.735438,22.22
1785495280,2.423941,3.738609,22.19
1785495290,2.429284,3.747065,22.22
1785495300,2.425722,3.740723,22.2
1785495310,2.427503,3.743894,22.22
1785495320,2.42216,3.736495,22.22
1785495330,2.425722,3.744951,22.19
1785495340,2.4310650000000003,3.750236,22.2
1785495350,2.425722,3.743894,22.2
1785495360,2.416817,3.728039,22.16
1785495370,2.4185980000000002,3.732267,22.22
1785495380,2.423941,3.739666,22.23
1785495390,2.427503,3.743894,22.2
1785495400,2.427503,3.744951,22.2
1785495410,2.425722,3.74178,22.19
1785495420,2.425722,3.743894,22.2
1785495430,2.423941,3.740723,22.2
1785495440,2.423941,3.740723,22.22
1785495450,2.42216,3.736495,22.2
1785495460,2.42216,3.737552,22.23
1785495470,2.423941,3.738609,22.2
1785495480,2.423941,3.738609,22.19
1785495490,2.4185980000000002,3.73121,22.2
1785495500,2.427503,3.747065,22.2
1785495510,2.425722,3.743894,22.2
1785495520,2.423941,3.740723,22.22
1785495530,2.423941,3.738609,22.22
1785495540,2.427503,3.743894,22.22
1785495550,2.4185980000000002,3.733324,22.23
1785495560,2.42216,3.735438,22.22
1785495570,2.429284,3.749179,22.22
1785495580,2.42216,3.739666,22.22
1785495590,2.42216,3.737552,22.2
1785495600,2.425722,3.740723,22.23
1785495610,2.425722,3.740723,22.22
1785495620,2.423941,3.737552,22.22
1785495630,2.429284,3.746008,22.16
1785495640,2.42216,3.736495,22.19
1785495650,2.427503,3.743894,22.2
1785495660,2.42216,3.734381,22.2
1785495670,2.427503,3.742837,22.19
1785495680,2.42216,3.734381,22.2
1785495690,2.42216,3.736495,22.17
1785495700,2.425722,3.738609,22.22
1785495710,2.4185980000000002,3.729096,22.2
1785495720,2.423941,3.738609,22.22
1785495730,2.425722,3.738609,22.22
1785495740,2.423941,3.736495,22.17
1785495750,2.4185980000000002,3.730153,22.22
1785495760,2.432846,3.749179,22.2
1785495770,2.425722,3.739666,22.2
1785495780,2.425722,3.738609,22.2
1785495790,2.4310650000000003,3.746008,22.2
1785495800,2.425722,3.739666,22.2
1785495810,2.42216,3.730153,22.17
1785495820,2.423941,3.734381,22.16
1785495830,2.423941,3.734381,22.14
1785495840,2.423941,3.734381,22.13
1785495850,2.420379,3.732267,22.13
1785495860,2.423941,3.734381,22.12
1785495870,2.423941,3.734381,22.12
1785495880,2.411474,3.719583,22.1
1785495890,2.4185980000000002,3.734381,22.12
1785495900,2.423941,3.743894,22.09
1785495910,2.42216,3.74178,22.13
1785495920,2.413255,3.729096,22.16
1785495930,2.420379,3.738609,22.14
1785495940,2.413255,3.728039,22.14
1785495950,2.416817,3.730153,22.19
1785495960,2.4185980000000002,3.733324,22.2
1785495970,2.423941,3.742837,22.2
1785495980,2.4310650000000003,3.753407,22.23
1785495990,2.415036,3.726982,22.22
1785496000,2.425722,3.737552,22.2
1785496010,2.42216,3.730153,22.16
1785496020,2.425722,3.735438,22.17
1785496030,2.427503,3.736495,22.12
1785496040,2.425722,3.733324,22.12
1785496050,2.427503,3.736495,22.13
1785496060,2.425722,3.736495,22.12
1785496070,2.427503,3.739666,22.09
1785496080,2.425722,3.736495,22.1
1785496090,2.420379,3.728039,22.1
1785496100,2.4310650000000003,3.746008,22.09
1785496110,2.427503,3.737552,22.12
1785496120,2.425722,3.734381,22.14
1785496130,2.42216,3.729096,22.16
1785496140,2.4310650000000003,3.74178,22.12
1785496150,2.423941,3.73121,22.14
1785496160,2.425722,3.728039,22.13
1785496170,2.432846,3.735438,22.12
1785496180,2.434627,3.737552,22.12
1785496190,2.425722,3.72064,22.1
1785496200,2.4310650000000003,3.729096,22.1
1785496210,2.425722,3.722754,22.07
1785496220,2.425722,3.719583,22.09
1785496230,2.427503,3.724868,22.07
1785496240,2.425722,3.721697,22.07
1785496250,2.429284,3.730153,22.07
1785496260,2.425722,3.72064,22.1
1785496270,2.427503,3.724868,22.07
1785496280,2.427503,3.725925,22.09
1785496290,2.423941,3.723811,22.09
1785496300,2.423941,3.725925,22.07
1785496310,2.425722,3.729096,22.09
1785496320,2.423941,3.725925,22.09
1785496330,2.423941,3.725925,22.1
1785496340,2.423941,3.728039,22.09
1785496350,2.42216,3.729096,22.12
1785496360,2.427503,3.737552,22.09
1785496370,2.420379,3.726982,22.07
1785496380,2.427503,3.738609,22.09
1785496390,2.423941,3.736495,22.09
1785496400,2.420379,3.73121,22.07
1785496410,2.42216,3.733324,22.09
1785496420,2.425722,3.737552,22.07
1785496430,2.427503,3.738609,22.09
1785496440,2.427503,3.737552,22.09
1785496450,2.42216,3.729096,22.07
1785496460,2.427503,3.738609,22.09
1785496470,2.423941,3.733324,22.12
1785496480,2.423941,3.732267,22.06
1785496490,2.4185980000000002,3.726982,22.06
1785496500,2.42216,3.732267,22.1
1785496510,2.425722,3.735438,22.12
1785496520,2.423941,3.735438,22.07
1785496530,2.42216,3.729096,22.07
1785496540,2.420379,3.721697,22.07
1785496550,2.425722,3.73121,22.06
1785496560,2.432846,3.74178,22.04
1785496570,2.42216,3.724868,22.04
1785496580,2.42216,3.726982,22.04
1785496590,2.42216,3.724868,22.06
1785496600,2.423941,3.725925,22.04
1785496610,2.429284,3.722754,22.06
1785496620,2.429284,3.724868,22.04
1785496630,2.4310650000000003,3.726982,22.04
1785496640,2.434627,3.732267,22.04
1785496650,2.432846,3.732267,22.06
1785496660,2.427503,3.724868,22.1
1785496670,2.429284,3.724868,22.09
1785496680,2.423941,3.717469,22.09
1785496690,2.438189,3.739666,22.12
1785496700,2.434627,3.730153,22.09
1785496710,2.434627,3.732267,22.09
1785496720,2.427503,3.722754,22.07
1785496730,2.434627,3.732267,22.09
1785496740,2.436408,3.737552,22.09
1785496750,2.434627,3.735438,22.09
1785496760,2.4310650000000003,3.730153,22.1
1785496770,2.427503,3.725925,22.06
1785496780,2.429284,3.729096,22.1
1785496790,2.432846,3.732267,22.1
1785496800,2.438189,3.739666,22.12
1785496810,2.432846,3.734381,22.1
1785496820,2.436408,3.74178,22.13
1785496830,2.436408,3.740723,22.13
1785496840,2.4310650000000003,3.733324,22.13
1785496850,2.423941,3.721697,22.12
1785496860,2.42216,3.7185259999999998,22.13
1785496870,2.429284,3.732267,22.13
1785496880,2.4310650000000003,3.734381,22.13
1785496890,2.432846,3.736495,22.13
1785496900,2.4310650000000003,3.736495,22.13
1785496910,2.4310650000000003,3.734381,22.14
1785496920,2.434627,3.738609,22.16
1785496930,2.427503,3.729096,22.12
1785496940,2.429284,3.735438,22.13
1785496950,2.425722,3.73121,22.12
1785496960,2.425722,3.732267,22.12
1785496970,2.427503,3.738609,22.13
1785496980,2.4310650000000003,3.733324,22.14
1785496990,2.434627,3.74178,22.17
1785497000,2.425722,3.722754,22.14
1785497010,2.425722,3.721697,22.13
1785497020,2.4310650000000003,3.729096,22.12
1785497030,2.4310650000000003,3.732267,22.13
1785497040,2.427503,3.725925,22.12
1785497050,2.429284,3.73121,22.12
1785497060,2.427503,3.728039,22.1
1785497070,2.427503,3.726982,22.1
1785497080,2.423941,3.722754,22.13
1785497090,2.429284,3.732267,22.13
1785497100,2.432846,3.736495,22.14
1785497110,2.4310650000000003,3.734381,22.14
1785497120,2.432846,3.735438,22.16
1785497130,2.4310650000000003,3.733324,22.19
1785497140,2.4310650000000003,3.734381,22.19
1785497150,2.4435320000000003,3.754464,22.22
1785497160,2.4310650000000003,3.735438,22.2
1785497170,2.429284,3.733324,22.23
1785497180,2.432846,3.736495,22.22
1785497190,2.425722,3.728039,22.22
1785497200,2.438189,3.747065,22.2
1785497210,2.432846,3.736495,22.2
1785497220,2.4310650000000003,3.736495,22.22
1785497230,2.427503,3.73121,22.24
1785497240,2.4310650000000003,3.735438,22.23
1785497250,2.4310650000000003,3.735438,22.23
1785497260,2.425722,3.726982,22.23
1785497270,2.425722,3.728039,22.22
1785497280,2.432846,3.736495,22.22
1785497290,2.427503,3.729096,22.22
1785497300,2.429284,3.73121,22.22
1785497310,2.427503,3.729096,22.19
1785497320,2.429284,3.734381,22.22
1785497330,2.425722,3.726982,22.2
1785497340,2.429284,3.733324,22.19
1785497350,2.429284,3.732267,22.22
1785497360,2.434627,3.74178,22.23
1785497370,2.432846,3.737552,22.26
1785497380,2.429284,3.733324,22.29
1785497390,2.4310650000000003,3.734381,22.26
1785497400,2.427503,3.729096,22.26
1785497410,2.429284,3.732267,22.27
1785497420,2.436408,3.742837,22.26
1785497430,2.434627,3.740723,22.24
1785497440,2.427503,3.733324,22.27
1785497450,2.425722,3.730153,22.29
1785497460,2.434627,3.740723,22.26
1785497470,2.432846,3.738609,22.27
1785497480,2.432846,3.739666,22.27
