1788794250,3.3420663100000003,2.65246173,24.85
1788794260,3.3420663100000003,2.65064713,24.85
1788794270,3.34026359,2.64520333,24.83
1788794280,3.34927719,2.65064713,24.82
1788794290,3.34567175,2.64520333,24.83
1788794300,3.34386903,2.64157413,24.82
1788794310,3.34026359,2.63613033,24.82
1788794320,3.3420663100000003,2.63522303,24.82
1788794330,3.3366581500000003,2.62887193,24.79
1788794340,3.3312499900000003,2.62252083,24.81
1788794350,3.33485543,2.62252083,24.81
1788794360,3.33305271,2.61798433,24.81
1788794370,3.33485543,2.61889163,24.81
1788794380,3.33305271,2.61526243,24.81
1788794390,3.32944727,2.61163323,24.82
1788794400,3.3258418300000003,2.60709673,24.81
1788794410,3.32764455,2.60709673,24.81
1788794420,3.33485543,2.61072593,24.79
1788794430,3.34927719,2.61979893,24.81
1788794440,3.35468535,2.62252083,24.79
1788794450,3.35107991,2.61798433,24.79
1788794460,3.34567175,2.61344783,24.78
1788794470,3.33485543,2.60437483,24.79
1788794480,3.3312499900000003,2.60165293,24.79
1788794490,3.32403911,2.59439453,24.76
1788794500,3.3258418300000003,2.59711643,24.78
1788794510,3.32403911,2.59348723,24.79
1788794520,3.31682823,2.58804343,24.78
1788794530,3.3150255100000003,2.58622883,24.76
1788794540,3.31322279,2.58532153,24.75
1788794550,3.3096173500000003,2.58350693,24.76
1788794560,3.31142007,2.58169233,24.76
1788794570,3.30601191,2.57806313,24.76
1788794580,3.30781463,2.57897043,24.75
1788794590,3.30601191,2.57806313,24.76
1788794600,3.3096173500000003,2.57987773,24.76
1788794610,3.30781463,2.57806313,24.78
1788794620,3.31142007,2.58078503,24.78
1788794630,3.3096173500000003,2.57897043,24.78
1788794640,3.30781463,2.57715583,24.75
1788794650,3.30240647,2.57261933,24.76
1788794660,3.30060375,2.57171203,24.76
1788794670,3.30601191,2.57534123,24.78
1788794680,3.30781463,2.57624853,24.75
1788794690,3.30781463,2.57715583,24.75
1788794700,3.3096173500000003,2.57897043,24.76
1788794710,3.30601191,2.57624853,24.78
1788794720,3.3096173500000003,2.57715583,24.76
1788794730,3.32764455,2.59076533,24.76
1788794740,3.3474744700000003,2.60528213,24.72
1788794750,3.34567175,2.60437483,24.76
1788794760,3.34567175,2.60346753,24.75
1788794770,3.36189623,2.61616973,24.75
1788794780,3.3853315900000003,2.63159383,24.75
1788794790,3.40335879,2.64520333,24.75
1788794800,3.4177805500000003,2.65609093,24.75
1788794810,3.41597783,2.65336903,24.76
1788794820,3.41056967,2.64973983,24.75
1788794830,3.4015560700000003,2.64429603,24.76
1788794840,3.38713431,2.63250113,24.76
1788794850,3.36730439,2.61889163,24.75
1788794860,3.35468535,2.60981863,24.74
1788794870,3.3366581500000003,2.59711643,24.74
1788794880,3.32403911,2.58713613,24.74
1788794890,3.3204336700000003,2.58532153,24.75
1788794900,3.32944727,2.59167263,24.75
1788794910,3.3258418300000003,2.58985803,24.75
1788794920,3.31863095,2.58259963,24.74
1788794930,3.32223639,2.58622883,24.76
1788794940,3.3150255100000003,2.58078503,24.74
1788794950,3.31322279,2.58078503,24.75
1788794960,3.31142007,2.57897043,24.75
1788794970,3.3204336700000003,2.58622883,24.76
1788794980,3.3204336700000003,2.58622883,24.74
1788794990,3.31863095,2.58350693,24.75
1788795000,3.33846087,2.59802373,24.75
1788795010,3.36550167,2.61798433,24.76
1788795020,3.38713431,2.63340843,24.75
1788795030,3.39795063,2.64157413,24.76
1788795040,3.3907397500000003,2.63613033,24.72
1788795050,3.37812071,2.62705733,24.74
1788795060,3.37271255,2.62252083,24.72
1788795070,3.3799234300000003,2.62887193,24.75
1788795080,3.38713431,2.63340843,24.75
1788795090,3.38352887,2.63068653,24.75
1788795100,3.38352887,2.63068653,24.74
1788795110,3.38172615,2.62977923,24.75
1788795120,3.39434519,2.63975953,24.74
1788795130,3.39254247,2.63794493,24.74
1788795140,3.3853315900000003,2.63340843,24.76
1788795150,3.3853315900000003,2.63340843,24.71
1788795160,3.4123723900000003,2.65155443,24.74
1788795170,3.40876695,2.64973983,24.75
1788795180,3.39795063,2.64157413,24.71
1788795190,3.3907397500000003,2.63703763,24.71
1788795200,3.37271255,2.62433543,24.72
1788795210,3.36009351,2.61435513,24.72
1788795220,3.36550167,2.61798433,24.72
1788795230,3.36550167,2.61889163,24.71
1788795240,3.3691071100000003,2.62161353,24.69
1788795250,3.3745152700000003,2.62433543,24.68
1788795260,3.3636989500000003,2.61798433,24.71
1788795270,3.36009351,2.61435513,24.71
1788795280,3.3420663100000003,2.60256023,24.71
1788795290,3.3474744700000003,2.60709673,24.69
1788795300,3.3420663100000003,2.60256023,24.69
1788795310,3.35468535,2.61163323,24.71
1788795320,3.3636989500000003,2.61889163,24.69
1788795330,3.3799234300000003,2.63068653,24.69
1788795340,3.38172615,2.63250113,24.69
1788795350,3.37812071,2.62887193,24.69
1788795360,3.3799234300000003,2.63068653,24.68
1788795370,3.38172615,2.63068653,24.69
1788795380,3.38893703,2.63794493,24.68
1788795390,3.40876695,2.65246173,24.66
1788795400,3.42679415,2.66425663,24.66
1788795410,3.4358077500000004,2.67151503,24.71
1788795420,3.42679415,2.66516393,24.66
1788795430,3.41597783,2.65699823,24.69
1788795440,3.4015560700000003,2.64611063,24.68
1788795450,3.3853315900000003,2.63522303,24.66
1788795460,3.36730439,2.62161353,24.68
1788795470,3.36550167,2.62070623,24.68
1788795480,3.37631799,2.62887193,24.69
1788795490,3.3853315900000003,2.63431573,24.68
1788795500,3.39434519,2.64248143,24.68
1788795510,3.39795063,2.64520333,24.68
1788795520,3.39975335,2.64611063,24.69
1788795530,3.4123723900000003,2.65427633,24.66
1788795540,3.41958327,2.66062743,24.66
1788795550,3.42138599,2.66153473,24.68
1788795560,3.41056967,2.65336903,24.66
1788795570,3.41597783,2.65881283,24.68
1788795580,3.40876695,2.65336903,24.68
1788795590,3.40876695,2.65427633,24.68
1788795600,3.3961479100000003,2.64429603,24.68
1788795610,3.4015560700000003,2.64883253,24.66
1788795620,3.41056967,2.65609093,24.68
1788795630,3.42499143,2.66607123,24.68
1788795640,3.4285968700000002,2.66970043,24.66
1788795650,3.43220231,2.67242233,24.66
1788795660,3.4358077500000004,2.67514423,24.65
1788795670,3.4394131900000002,2.67877343,24.64
1788795680,3.4285968700000002,2.67151503,24.62
1788795690,3.42679415,2.66879313,24.64
1788795700,3.4358077500000004,2.67695883,24.61
1788795710,3.4394131900000002,2.67877343,24.66
1788795720,3.43761047,2.67786613,24.61
1788795730,3.43761047,2.67786613,24.64
1788795740,3.4340050300000002,2.67423693,24.61
1788795750,3.4303995900000004,2.67242233,24.62
1788795760,3.42679415,2.66970043,24.59
1788795770,3.4285968700000002,2.67151503,24.62
1788795780,3.43220231,2.67423693,24.61
1788795790,3.4285968700000002,2.67242233,24.62
1788795800,3.4231887100000002,2.66788583,24.59
1788795810,3.42679415,2.67151503,24.61
1788795820,3.43761047,2.67877343,24.58
1788795830,3.43761047,2.67968073,24.58
1788795840,3.4358077500000004,2.67786613,24.62
1788795850,3.4394131900000002,2.68058803,24.59
1788795860,3.44301863,2.68330993,24.58
1788795870,3.4394131900000002,2.68240263,24.57
1788795880,3.43761047,2.67968073,24.57
1788795890,3.43761047,2.68058803,24.58
1788795900,3.4340050300000002,2.67877343,24.58
1788795910,3.4340050300000002,2.67786613,24.57
1788795920,3.43220231,2.67695883,24.58
1788795930,3.4358077500000004,2.67877343,24.58
1788795940,3.4358077500000004,2.67968073,24.58
1788795950,3.43761047,2.68058803,24.58
1788795960,3.43761047,2.68058803,24.57
1788795970,3.4394131900000002,2.68240263,24.54
1788795980,3.4412159100000004,2.68421723,24.55
1788795990,3.4412159100000004,2.68330993,24.55
1788796000,3.43761047,2.68149533,24.57
1788796010,3.4412159100000004,2.68421723,24.57
1788796020,3.43761047,2.68240263,24.58
1788796030,3.4394131900000002,2.68149533,24.54
1788796040,3.4394131900000002,2.68330993,24.55
1788796050,3.4358077500000004,2.68058803,24.55
1788796060,3.43761047,2.68149533,24.55
1788796070,3.43761047,2.68149533,24.57
1788796080,3.4394131900000002,2.68149533,24.55
1788796090,3.4358077500000004,2.68058803,24.55
1788796100,3.4394131900000002,2.68240263,24.57
1788796110,3.43761047,2.68240263,24.57
1788796120,3.43761047,2.68240263,24.55
1788796130,3.4394131900000002,2.68330993,24.55
1788796140,3.43761047,2.68240263,24.54
1788796150,3.43761047,2.68149533,24.57
1788796160,3.43761047,2.68149533,24.55
1788796170,3.4340050300000002,2.67968073,24.55
1788796180,3.4358077500000004,2.68058803,24.58
1788796190,3.43761047,2.68240263,24.55
1788796200,3.4358077500000004,2.68149533,24.57
1788796210,3.43761047,2.68240263,24.57
1788796220,3.4340050300000002,2.67968073,24.57
1788796230,3.4358077500000004,2.68149533,24.57
1788796240,3.4340050300000002,2.67968073,24.58
1788796250,3.4340050300000002,2.67877343,24.58
1788796260,3.4340050300000002,2.68058803,24.54
1788796270,3.4340050300000002,2.68058803,24.58
1788796280,3.4358077500000004,2.68149533,24.58
1788796290,3.4358077500000004,2.68058803,24.57
1788796300,3.4340050300000002,2.67877343,24.58
1788796310,3.48087575,0.44409352999999996,24.61
1788796320,3.48087575,0.43955703,24.59
1788796330,3.4340050300000002,2.67786613,24.58
1788796340,3.4358077500000004,2.67968073,24.61
1788796350,3.4340050300000002,2.67968073,24.58
1788796360,3.4358077500000004,2.68058803,24.59
1788796370,3.4340050300000002,2.67877343,24.61
1788796380,3.42499143,2.67151503,24.59
1788796390,3.42679415,2.67242233,24.61
1788796400,3.42679415,2.67332963,24.59
1788796410,3.42679415,2.67242233,24.61
1788796420,3.4340050300000002,2.67786613,24.59
1788796430,3.4340050300000002,2.67786613,24.59
1788796440,3.43761047,2.67968073,24.61
1788796450,3.43220231,2.67695883,24.61
1788796460,3.40876695,2.66062743,24.59
1788796470,3.41417511,2.66334933,24.59
1788796480,3.41056967,2.66153473,24.61
1788796490,3.41597783,2.66516393,24.59
1788796500,3.40335879,2.65699823,24.61
1788796510,3.39254247,2.64792523,24.59
1788796520,3.37812071,2.63703763,24.59
1788796530,3.37631799,2.63522303,24.59
1788796540,3.37090983,2.63159383,24.62
1788796550,3.36730439,2.62887193,24.59
1788796560,3.38172615,2.64066683,24.59
1788796570,3.39254247,2.64792523,24.59
1788796580,3.39975335,2.65246173,24.61
1788796590,3.3961479100000003,2.64973983,24.59
1788796600,3.38893703,2.64429603,24.59
1788796610,3.3691071100000003,2.63159383,24.59
1788796620,3.36730439,2.62977923,24.59
1788796630,3.3745152700000003,2.63431573,24.58
1788796640,3.3853315900000003,2.64338873,24.59
1788796650,3.3745152700000003,2.63522303,24.59
1788796660,3.38352887,2.64157413,24.59
1788796670,3.3907397500000003,2.64701793,24.59
1788796680,3.39975335,2.65427633,24.59
1788796690,3.40516151,2.65699823,24.59
1788796700,3.42138599,2.66879313,24.58
1788796710,3.42499143,2.67151503,24.57
1788796720,3.43220231,2.67786613,24.61
1788796730,3.4285968700000002,2.67605153,24.59
1788796740,3.42679415,2.67423693,24.58
1788796750,3.4285968700000002,2.67332963,24.58
1788796760,3.43220231,2.67695883,24.61
1788796770,3.43220231,2.67695883,24.61
1788796780,3.43220231,2.67786613,24.61
1788796790,3.43220231,2.67695883,24.59
1788796800,3.42679415,2.67332963,24.58
1788796810,3.41597783,2.66516393,24.61
1788796820,3.40335879,2.65518363,24.58
1788796830,3.39795063,2.65155443,24.58
1788796840,3.38893703,2.64611063,24.59
1788796850,3.38713431,2.64338873,24.58
1788796860,3.38352887,2.64066683,24.58
1788796870,3.3799234300000003,2.63885223,24.58
1788796880,3.38893703,2.64611063,24.58
1788796890,3.3853315900000003,2.64429603,24.57
1788796900,3.3745152700000003,2.63613033,24.58
1788796910,3.37271255,2.63522303,24.59
1788796920,3.36730439,2.63159383,24.57
1788796930,3.36009351,2.62524273,24.58
1788796940,3.36189623,2.62705733,24.55
1788796950,3.35107991,2.61798433,24.55
1788796960,3.35107991,2.61889163,24.58
1788796970,3.33846087,2.60891133,24.54
1788796980,3.32944727,2.60256023,24.55
1788796990,3.3258418300000003,2.60074563,24.57
1788797000,3.32223639,2.59893103,24.54
1788797010,3.32403911,2.59983833,24.55
1788797020,3.3204336700000003,2.59802373,24.55
1788797030,3.32223639,2.59893103,24.53
1788797040,3.32403911,2.59983833,24.53
1788797050,3.3204336700000003,2.59802373,24.53
1788797060,3.3204336700000003,2.59802373,24.57
1788797070,3.31682823,2.59530183,24.54
1788797080,3.31682823,2.59439453,24.53
1788797090,3.3150255100000003,2.59348723,24.53
1788797100,3.31863095,2.59620913,24.53
1788797110,3.31863095,2.59711643,24.55
1788797120,3.31682823,2.59620913,24.53
1788797130,3.3204336700000003,2.59893103,24.54
1788797140,3.3204336700000003,2.59802373,24.53
1788797150,3.3204336700000003,2.59893103,24.51
1788797160,3.32403911,2.60074563,24.54
1788797170,3.32944727,2.60437483,24.53
1788797180,3.33305271,2.60709673,24.53
1788797190,3.3258418300000003,2.60074563,24.51
1788797200,3.32944727,2.60346753,24.53
1788797210,3.3366581500000003,2.60891133,24.53
1788797220,3.33485543,2.60800403,24.5
1788797230,3.33485543,2.60800403,24.55
1788797240,3.3366581500000003,2.60891133,24.51
1788797250,3.34026359,2.61163323,24.51
1788797260,3.3474744700000003,2.61707703,24.51
1788797270,3.35107991,2.62161353,24.51
1788797280,3.3582907900000003,2.62524273,24.5
1788797290,3.3636989500000003,2.62977923,24.45
1788797300,3.3691071100000003,2.63431573,24.47
1788797310,3.37812071,2.64066683,24.48
1788797320,3.3799234300000003,2.64157413,24.48
1788797330,3.38352887,2.64520333,24.47
1788797340,3.39254247,2.65064713,24.45
1788797350,3.4015560700000003,2.65609093,24.47
1788797360,3.40876695,2.66244203,24.47
1788797370,3.39975335,2.65699823,24.47
1788797380,3.40335879,2.65972013,24.47
1788797390,3.40876695,2.66334933,24.45
1788797400,3.4123723900000003,2.66607123,24.42
1788797410,3.4177805500000003,2.66879313,24.45
1788797420,3.41417511,2.66697853,24.42
1788797430,3.41056967,2.66425663,24.41
1788797440,3.4123723900000003,2.66607123,24.41
1788797450,3.41056967,2.66516393,24.44
1788797460,3.41958327,2.67060773,24.42
1788797470,3.42138599,2.67242233,24.41
1788797480,3.4231887100000002,2.67332963,24.39
1788797490,3.42499143,2.67514423,24.39
1788797500,3.42679415,2.67695883,24.39
1788797510,3.42679415,2.67695883,24.42
1788797520,3.4285968700000002,2.67786613,24.39
1788797530,3.4231887100000002,2.67514423,24.41
1788797540,3.4231887100000002,2.67423693,24.39
1788797550,3.4231887100000002,2.67514423,24.42
1788797560,3.42499143,2.67605153,24.38
1788797570,3.4285968700000002,2.67786613,24.39
1788797580,3.42499143,2.67695883,24.42
1788797590,3.4231887100000002,2.67605153,24.38
1788797600,3.42499143,2.67786613,24.39
1788797610,3.42499143,2.67695883,24.38
1788797620,3.4303995900000004,2.68240263,24.39
1788797630,3.42679415,2.67877343,24.36
1788797640,3.42679415,2.67968073,24.36
1788797650,3.42138599,2.67514423,24.36
1788797660,3.41417511,2.67060773,24.34
1788797670,3.4177805500000003,2.67242233,24.36
1788797680,3.4177805500000003,2.67242233,24.35
1788797690,3.4123723900000003,2.66788583,24.35
1788797700,3.4123723900000003,2.66697853,24.36
1788797710,3.40335879,2.65972013,24.36
1788797720,3.39795063,2.65699823,24.35
1788797730,3.4015560700000003,2.66062743,24.34
1788797740,3.4015560700000003,2.65972013,24.36
1788797750,3.40516151,2.66244203,24.35
1788797760,3.4015560700000003,2.65972013,24.39
1788797770,3.3961479100000003,2.65609093,24.36
1788797780,3.39795063,2.65790553,24.39
1788797790,3.39795063,2.65699823,24.38
1788797800,3.39975335,2.65972013,24.38
1788797810,3.39434519,2.65427633,24.38
1788797820,3.3907397500000003,2.65246173,24.38
1788797830,3.39254247,2.65336903,24.38
1788797840,3.3907397500000003,2.65336903,24.36
1788797850,3.3907397500000003,2.65155443,24.35
1788797860,3.38713431,2.64973983,24.35
1788797870,3.3907397500000003,2.65246173,24.35
1788797880,3.38713431,2.64973983,24.34
1788797890,3.38352887,2.64792523,24.35
1788797900,3.37631799,2.64248143,24.35
1788797910,3.37812071,2.64338873,24.35
1788797920,3.37090983,2.63885223,24.36
1788797930,3.37631799,2.64338873,24.32
1788797940,3.3745152700000003,2.64248143,24.34
1788797950,3.37271255,2.64066683,24.34
1788797960,3.37631799,2.64248143,24.32
1788797970,3.3691071100000003,2.63703763,24.34
1788797980,3.3691071100000003,2.63703763,24.35
1788797990,3.3636989500000003,2.63431573,24.32
1788798000,3.36189623,2.63431573,24.32
1788798010,3.35648807,2.62887193,24.34
1788798020,3.36009351,2.63159383,24.32
1788798030,3.36189623,2.63250113,24.3
1788798040,3.35648807,2.62796463,24.34
1788798050,3.35648807,2.62796463,24.32
1788798060,3.36009351,2.63159383,24.31
1788798070,3.36009351,2.63250113,24.31
1788798080,3.36009351,2.63068653,24.31
1788798090,3.3582907900000003,2.62977923,24.32
1788798100,3.36009351,2.63068653,24.31
1788798110,3.35468535,2.62705733,24.31
1788798120,3.3582907900000003,2.63068653,24.31
1788798130,3.36009351,2.63159383,24.32
1788798140,3.3907397500000003,2.65427633,24.32
1788798150,3.4231887100000002,2.67786613,24.3
1788798160,3.4123723900000003,2.66970043,24.27
1788798170,3.4015560700000003,2.66153473,24.28
1788798180,3.38893703,2.65155443,24.3
1788798190,3.37631799,2.64248143,24.31
1788798200,3.39434519,2.65518363,24.32
1788798210,3.41056967,2.66788583,24.3
1788798220,3.41958327,2.67332963,24.3
1788798230,3.42138599,2.67514423,24.3
1788798240,3.41417511,2.67060773,24.3
1788798250,3.40335879,2.66244203,24.3
1788798260,3.3907397500000003,2.65336903,24.3
1788798270,3.37631799,2.64338873,24.28
1788798280,3.37090983,2.63975953,24.28
1788798290,3.36189623,2.63522303,24.3
1788798300,3.3582907900000003,2.63159383,24.3
1788798310,3.3582907900000003,2.63159383,24.28
1788798320,3.3582907900000003,2.63159383,24.28
1788798330,3.3582907900000003,2.63068653,24.27
1788798340,3.36189623,2.63340843,24.28
1788798350,3.3582907900000003,2.63068653,24.3
1788798360,3.36189623,2.63431573,24.27
1788798370,3.36009351,2.63250113,24.25
1788798380,3.36189623,2.63431573,24.28
1788798390,3.36550167,2.63613033,24.25
1788798400,3.36550167,2.63703763,24.28
1788798410,3.36550167,2.63794493,24.28
1788798420,3.36550167,2.63794493,24.28
1788798430,3.36730439,2.63885223,24.3
1788798440,3.37090983,2.64066683,24.28
1788798450,3.37631799,2.64429603,24.3
1788798460,3.37631799,2.64520333,24.27
1788798470,3.37631799,2.64611063,24.3
1788798480,3.37631799,2.64611063,24.3
1788798490,3.37271255,2.64429603,24.28
1788798500,3.37090983,2.64157413,24.27
1788798510,3.37271255,2.64429603,24.27
1788798520,3.37631799,2.64520333,24.28
1788798530,3.37631799,2.64611063,24.28
1788798540,3.3799234300000003,2.64792523,24.28
1788798550,3.38352887,2.65064713,24.27
1788798560,3.38713431,2.65336903,24.28
1788798570,3.3907397500000003,2.65609093,24.28
1788798580,3.39254247,2.65790553,24.3
1788798590,3.38893703,2.65518363,24.28
1788798600,3.3907397500000003,2.65609093,24.27
1788798610,3.3907397500000003,2.65609093,24.28
1788798620,3.3907397500000003,2.65518363,24.27
1788798630,3.38893703,2.65518363,24.28
1788798640,3.3853315900000003,2.65155443,24.28
1788798650,3.3799234300000003,2.64792523,24.27
1788798660,3.3853315900000003,2.65155443,24.28
1788798670,3.3907397500000003,2.65609093,24.31
1788798680,3.39254247,2.65790553,24.28
1788798690,3.38893703,2.65336903,24.3
1788798700,3.38713431,2.65246173,24.3
1788798710,3.38172615,2.64883253,24.28
1788798720,3.38893703,2.65427633,24.27
1788798730,3.39434519,2.65790553,24.31
1788798740,3.39975335,2.66244203,24.28
1788798750,3.4015560700000003,2.66334933,24.3
1788798760,3.4069642300000003,2.66879313,24.31
1788798770,3.40876695,2.66788583,24.31
1788798780,3.4015560700000003,2.66425663,24.28
1788798790,3.40516151,2.66607123,24.28
1788798800,3.40876695,2.66879313,24.28
1788798810,3.4123723900000003,2.67151503,24.28
1788798820,3.40876695,2.66970043,24.3
1788798830,3.4123723900000003,2.67332963,24.3
1788798840,3.41056967,2.67151503,24.28
1788798850,3.4069642300000003,2.66788583,24.28
1788798860,3.41056967,2.67151503,24.3
1788798870,3.41056967,2.67242233,24.28
1788798880,3.4123723900000003,2.67332963,24.27
1788798890,3.41417511,2.67514423,24.25
1788798900,3.41417511,2.67423693,24.27
1788798910,3.41597783,2.67605153,24.28
1788798920,3.41597783,2.67695883,24.27
1788798930,3.41417511,2.67514423,24.27
1788798940,3.41056967,2.67242233,24.24
1788798950,3.41056967,2.67151503,24.24
1788798960,3.41417511,2.67514423,24.25
1788798970,3.41417511,2.67605153,24.23
1788798980,3.4123723900000003,2.67332963,24.24
1788798990,3.4123723900000003,2.67332963,24.25
1788799000,3.41597783,2.67605153,24.25
1788799010,3.41056967,2.67151503,24.25
1788799020,3.4123723900000003,2.67332963,24.24
1788799030,3.41056967,2.67060773,24.24
1788799040,3.41056967,2.67060773,24.24
1788799050,3.4123723900000003,2.67242233,24.24
1788799060,3.4123723900000003,2.67242233,24.27
1788799070,3.41056967,2.67151503,24.23
1788799080,3.4123723900000003,2.67242233,24.24
1788799090,3.41417511,2.67423693,24.25
1788799100,3.40876695,2.67151503,24.23
1788799110,3.41597783,2.67514423,24.25
1788799120,3.4123723900000003,2.67332963,24.23
1788799130,3.41417511,2.67332963,24.23
1788799140,3.4123723900000003,2.67332963,24.24
1788799150,3.40876695,2.66970043,24.21
1788799160,3.4123723900000003,2.67332963,24.21
1788799170,3.4123723900000003,2.67332963,24.23
1788799180,3.41056967,2.67242233,24.24
1788799190,3.4123723900000003,2.67332963,24.21
1788799200,3.4123723900000003,2.67423693,24.24
1788799210,3.4123723900000003,2.67332963,24.23
1788799220,3.4123723900000003,2.67423693,24.23
1788799230,3.4123723900000003,2.67332963,24.2
1788799240,3.4123723900000003,2.67332963,24.21
1788799250,3.41417511,2.67514423,24.23
1788799260,3.4123723900000003,2.67332963,24.23
1788799270,3.40876695,2.67060773,24.23
1788799280,3.41056967,2.67151503,24.23
1788799290,3.40516151,2.66788583,24.21
1788799300,3.40516151,2.66879313,24.21
1788799310,3.39975335,2.66607123,24.21
1788799320,3.39795063,2.66425663,24.2
1788799330,3.3961479100000003,2.66334933,24.23
1788799340,3.3961479100000003,2.66244203,24.21
1788799350,3.3961479100000003,2.66244203,24.21
1788799360,3.4015560700000003,2.66697853,24.2
1788799370,3.40335879,2.66788583,24.17
1788799380,3.4015560700000003,2.66697853,24.17
1788799390,3.4015560700000003,2.66697853,24.15
1788799400,3.39975335,2.66425663,24.17
1788799410,3.39254247,2.66062743,24.18
1788799420,3.3907397500000003,2.65881283,24.17
1788799430,3.3907397500000003,2.65972013,24.17
1788799440,3.3907397500000003,2.65972013,24.18
1788799450,3.39434519,2.66153473,24.18
1788799460,3.39795063,2.66425663,24.17
1788799470,3.4015560700000003,2.66607123,24.17
1788799480,3.39795063,2.66516393,24.17
1788799490,3.38893703,2.65790553,24.17
1788799500,3.38352887,2.65518363,24.17
1788799510,3.38352887,2.65518363,24.15
1788799520,3.3907397500000003,2.65972013,24.18
1788799530,3.39434519,2.66244203,24.15
1788799540,3.39434519,2.66153473,24.13
1788799550,3.3961479100000003,2.66334933,24.18
1788799560,3.39254247,2.65972013,24.15
1788799570,3.3961479100000003,2.66334933,24.15
1788799580,3.39254247,2.66062743,24.14
1788799590,3.3907397500000003,2.65972013,24.18
1788799600,3.38893703,2.65790553,24.14
1788799610,3.39254247,2.66062743,24.17
1788799620,3.38893703,2.65881283,24.14
1788799630,3.3907397500000003,2.66153473,24.14
1788799640,3.38713431,2.65790553,24.15
1788799650,3.38713431,2.65790553,24.15
1788799660,3.38713431,2.65790553,24.14
1788799670,3.3799234300000003,2.65336903,24.14
1788799680,3.37812071,2.65246173,24.14
1788799690,3.3853315900000003,2.65790553,24.13
1788799700,3.37631799,2.65155443,24.13
1788799710,3.37090983,2.64792523,24.11
1788799720,3.36550167,2.64338873,24.11
1788799730,3.36550167,2.64429603,24.11
1788799740,3.37271255,2.64883253,24.08
1788799750,3.37812071,2.65336903,24.08
1788799760,3.36730439,2.64429603,24.1
1788799770,3.36550167,2.64429603,24.08
1788799780,3.3582907900000003,2.63885223,24.11
1788799790,3.3582907900000003,2.63794493,24.1
1788799800,3.3474744700000003,2.62887193,24.08
1788799810,3.3528826300000003,2.63431573,24.08
1788799820,3.3420663100000003,2.62705733,24.08
1788799830,3.3420663100000003,2.62615003,24.1
1788799840,3.34026359,2.62342813,24.11
1788799850,3.3366581500000003,2.62161353,24.1
1788799860,3.32944727,2.61707703,24.1
1788799870,3.32764455,2.61526243,24.08
1788799880,3.3258418300000003,2.61435513,24.08
1788799890,3.3258418300000003,2.61616973,24.06
1788799900,3.32403911,2.61344783,24.11
1788799910,3.3312499900000003,2.61889163,24.07
1788799920,3.32764455,2.61526243,24.08
1788799930,3.31863095,2.60891133,24.06
1788799940,3.31682823,2.60800403,24.08
1788799950,3.3096173500000003,2.60346753,24.06
1788799960,3.3096173500000003,2.60437483,24.06
1788799970,3.30240647,2.59802373,24.01
1788799980,3.30240647,2.59893103,24.04
1788799990,3.29699831,2.59348723,24.01
1788800000,3.30060375,2.59711643,24.01
1788800010,3.30781463,2.60256023,24.0
1788800020,3.30781463,2.60437483,24.01
1788800030,3.30781463,2.60256023,24.0
1788800040,3.2933928700000004,2.59076533,24.01
1788800050,3.28978743,2.58895073,23.99
1788800060,3.2879847100000004,2.58804343,23.99
1788800070,3.29519559,2.59257993,23.97
1788800080,3.28978743,2.58985803,24.0
1788800090,3.2933928700000004,2.59167263,23.97
1788800100,3.29159015,2.59167263,23.97
1788800110,3.2933928700000004,2.59257993,23.97
1788800120,3.2933928700000004,2.59167263,23.99
1788800130,3.2879847100000004,2.58895073,23.97
1788800140,3.2879847100000004,2.58804343,23.97
1788800150,3.2879847100000004,2.58804343,24.0
1788800160,3.28978743,2.58895073,23.97
1788800170,3.29159015,2.59076533,23.97
1788800180,3.29699831,2.59530183,23.94
1788800190,3.29159015,2.59167263,23.94
1788800200,3.29159015,2.59167263,23.97
1788800210,3.29519559,2.59439453,23.96
1788800220,3.29159015,2.59167263,23.97
1788800230,3.29519559,2.59530183,23.96
1788800240,3.29699831,2.59620913,23.96
1788800250,3.29699831,2.59711643,23.97
1788800260,3.28978743,2.59257993,23.97
1788800270,3.29159015,2.59348723,23.97
1788800280,3.2933928700000004,2.59530183,23.96
1788800290,3.28618199,2.58895073,23.97
1788800300,3.28618199,2.58895073,23.94
1788800310,3.28618199,2.58895073,23.99
1788800320,3.2825765500000004,2.58622883,23.94
1788800330,3.2879847100000004,2.59076533,23.96
1788800340,3.28978743,2.59257993,23.92
1788800350,3.2825765500000004,2.58713613,23.93
1788800360,3.28437927,2.58804343,23.93
1788800370,3.27897111,2.58441423,23.96
1788800380,3.27897111,2.58441423,23.97
1788800390,3.2717602300000004,2.57897043,23.93
1788800400,3.27897111,2.58532153,23.94
1788800410,3.27897111,2.58532153,23.93
1788800420,3.27897111,2.58350693,23.92
1788800430,3.28978743,2.59167263,23.94
1788800440,3.28978743,2.59257993,23.92
1788800450,3.2933928700000004,2.59530183,23.92
1788800460,3.28437927,2.58804343,23.92
1788800470,3.2879847100000004,2.59167263,23.93
1788800480,3.2825765500000004,2.58804343,23.92
1788800490,3.28437927,2.58895073,23.88
1788800500,3.27897111,2.58259963,23.93
1788800510,3.2771683900000004,2.58441423,23.9
1788800520,3.2717602300000004,2.57897043,23.93
1788800530,3.2699575100000002,2.57806313,23.92
1788800540,3.26815479,2.57806313,23.88
1788800550,3.27356295,2.58169233,23.88
1788800560,3.27897111,2.58441423,23.9
1788800570,3.2753656700000002,2.58169233,23.87
1788800580,3.2753656700000002,2.58259963,23.88
1788800590,3.2753656700000002,2.58169233,23.88
1788800600,3.2771683900000004,2.58350693,23.88
1788800610,3.27356295,2.58078503,23.88
1788800620,3.2645493500000002,2.57443393,23.9
1788800630,3.2591411900000002,2.57080473,23.88
1788800640,3.2591411900000002,2.56989743,23.87
1788800650,3.26094391,2.57171203,23.87
1788800660,3.26274663,2.57261933,23.88
1788800670,3.2591411900000002,2.56989743,23.87
1788800680,3.25553575,2.56808283,23.87
1788800690,3.2537330300000002,2.56717553,23.86
1788800700,3.25193031,2.56536093,23.87
1788800710,3.2483248700000003,2.56263903,23.88
1788800720,3.25012759,2.56354633,23.88
1788800730,3.2537330300000002,2.56626823,23.88
1788800740,3.25553575,2.56808283,23.87
1788800750,3.25553575,2.56808283,23.88
1788800760,3.24471943,2.55991713,23.87
1788800770,3.24111399,2.55810253,23.88
1788800780,3.24652215,2.56173173,23.88
1788800790,3.26094391,2.57171203,23.9
1788800800,3.26274663,2.57352663,23.92
1788800810,3.27356295,2.58169233,23.92
1788800820,3.2825765500000004,2.58804343,23.88
1788800830,3.28618199,2.58985803,23.92
1788800840,3.29519559,2.59711643,23.92
1788800850,3.2933928700000004,2.59620913,23.9
1788800860,3.23570583,2.55356603,23.92
1788800870,3.26094391,2.57261933,23.93
1788800880,3.33846087,2.62977923,23.96
1788800890,3.37271255,2.65518363,23.93
1788800900,3.38352887,2.66334933,23.92
1788800910,3.37812071,2.65881283,23.93
1788800920,3.3853315900000003,2.66334933,23.92
1788800930,3.37090983,2.65427633,23.92
1788800940,3.33485543,2.62796463,23.92
1788800950,3.2825765500000004,2.58895073,23.87
1788800960,3.23931127,2.55810253,23.93
1788800970,3.2266922300000003,2.54812223,23.94
1788800980,3.2212840700000003,2.54449303,23.93
1788800990,3.22488951,2.54630763,23.93
1788801000,3.2266922300000003,2.54902953,23.92
1788801010,3.24471943,2.56173173,23.93
1788801020,3.25553575,2.56989743,23.94
1788801030,3.26094391,2.57443393,23.93
1788801040,3.2699575100000002,2.57987773,23.94
1788801050,3.27356295,2.58259963,23.94
1788801060,3.28437927,2.59076533,23.94
1788801070,3.28437927,2.59076533,23.93
1788801080,3.30240647,2.60346753,23.94
1788801090,3.30601191,2.60528213,23.94
1788801100,3.31142007,2.60981863,23.94
1788801110,3.31142007,2.60981863,23.93
1788801120,3.3150255100000003,2.61344783,23.93
1788801130,3.30601191,2.60618943,23.94
1788801140,3.30781463,2.60800403,23.96
1788801150,3.3204336700000003,2.61707703,23.97
1788801160,3.3204336700000003,2.61707703,23.97
1788801170,3.31682823,2.61435513,23.94
1788801180,3.33846087,2.63068653,23.96
1788801190,3.34567175,2.63613033,23.94
1788801200,3.34567175,2.63613033,23.96
1788801210,3.34927719,2.63794493,23.96
1788801220,3.3474744700000003,2.63613033,23.93
1788801230,3.33485543,2.62705733,23.97
1788801240,3.33305271,2.62615003,23.97
1788801250,3.32764455,2.62161353,23.96
1788801260,3.3366581500000003,2.62887193,23.97
1788801270,3.34927719,2.63794493,23.97
1788801280,3.35107991,2.63885223,23.96
1788801290,3.34386903,2.63431573,23.96
1788801300,3.3312499900000003,2.62433543,23.96
1788801310,3.33485543,2.62615003,23.96
1788801320,3.33846087,2.63068653,23.97
1788801330,3.3474744700000003,2.63613033,23.99
1788801340,3.36009351,2.64520333,23.99
1788801350,3.3582907900000003,2.64520333,23.94
1788801360,3.3582907900000003,2.64338873,23.99
1788801370,3.36189623,2.64701793,23.94
1788801380,3.36009351,2.64611063,23.94
1788801390,3.3582907900000003,2.64520333,23.94
1788801400,3.35468535,2.64157413,23.96
1788801410,3.3474744700000003,2.63613033,23.93
1788801420,3.3582907900000003,2.64429603,23.93
1788801430,3.35468535,2.64248143,23.96
1788801440,3.35468535,2.64338873,23.96
1788801450,3.36189623,2.64792523,23.96
1788801460,3.3636989500000003,2.64973983,23.94
1788801470,3.36550167,2.65064713,23.97
1788801480,3.36730439,2.65155443,23.96
1788801490,3.36550167,2.64973983,23.96
1788801500,3.3582907900000003,2.64520333,23.96
1788801510,3.35648807,2.64338873,23.96
1788801520,3.36550167,2.64973983,23.97
1788801530,3.37090983,2.65427633,23.94
1788801540,3.3691071100000003,2.65246173,23.96
1788801550,3.36730439,2.65064713,23.96
1788801560,3.36730439,2.65155443,23.93
1788801570,3.36550167,2.64973983,23.93
1788801580,3.35648807,2.64429603,23.94
1788801590,3.35648807,2.64248143,23.94
1788801600,3.36550167,2.64973983,23.93
1788801610,3.36189623,2.64792523,23.94
1788801620,3.36550167,2.65064713,23.96
1788801630,3.36730439,2.65155443,23.96
1788801640,3.36730439,2.65246173,23.97
1788801650,3.36730439,2.65064713,23.97
1788801660,3.36550167,2.65064713,23.96
1788801670,3.36550167,2.65064713,23.96
1788801680,3.36550167,2.64973983,23.94
1788801690,3.3691071100000003,2.65246173,23.96
1788801700,3.3691071100000003,2.65246173,23.94
1788801710,3.3636989500000003,2.64883253,23.97
1788801720,3.37271255,2.65427633,23.96
1788801730,3.37090983,2.65336903,23.93
1788801740,3.37271255,2.65427633,23.96
1788801750,3.37271255,2.65518363,23.96
1788801760,3.37271255,2.65518363,23.96
1788801770,3.3691071100000003,2.65336903,23.94
1788801780,3.3745152700000003,2.65609093,23.96
1788801790,3.37271255,2.65609093,23.94
1788801800,3.37271255,2.65609093,23.97
1788801810,3.3691071100000003,2.65246173,23.94
1788801820,3.37090983,2.65427633,23.97
1788801830,3.37090983,2.65427633,23.97
1788801840,3.3691071100000003,2.65336903,23.97
1788801850,3.36730439,2.65155443,23.97
1788801860,3.3691071100000003,2.65427633,23.96
1788801870,3.3636989500000003,2.65064713,23.97
1788801880,3.36730439,2.65246173,23.97
1788801890,3.3691071100000003,2.65427633,23.94
1788801900,3.37090983,2.65336903,23.97
1788801910,3.3636989500000003,2.64973983,23.96
1788801920,3.3636989500000003,2.64883253,23.96
1788801930,3.3636989500000003,2.64973983,23.96
1788801940,3.36550167,2.65064713,23.99
1788801950,3.3582907900000003,2.64611063,23.99
1788801960,3.36009351,2.64701793,23.96
1788801970,3.3528826300000003,2.64248143,23.97
1788801980,3.35648807,2.64520333,23.96
1788801990,3.35468535,2.64338873,23.97
1788802000,3.36009351,2.64792523,23.97
1788802010,3.3582907900000003,2.64701793,23.96
1788802020,3.3582907900000003,2.64701793,23.96
1788802030,3.3582907900000003,2.64701793,23.94
1788802040,3.35107991,2.63975953,23.93
1788802050,3.34927719,2.64066683,23.94
1788802060,3.35107991,2.64066683,23.93
1788802070,3.34567175,2.63703763,23.96
1788802080,3.33305271,2.62977923,23.94
1788802090,3.33846087,2.63340843,23.93
1788802100,3.3474744700000003,2.63975953,23.94
1788802110,3.34567175,2.63794493,23.94
1788802120,3.34927719,2.63975953,23.93
1788802130,3.34386903,2.63613033,23.93
1788802140,3.3366581500000003,2.63159383,23.96
1788802150,3.34026359,2.63431573,23.96
1788802160,3.34386903,2.63703763,23.94
1788802170,3.34386903,2.63703763,23.92
1788802180,3.3420663100000003,2.63703763,23.94
1788802190,3.32764455,2.62524273,23.94
1788802200,3.32223639,2.62252083,23.94
1788802210,3.3150255100000003,2.61707703,23.96
1788802220,3.30601191,2.61163323,23.92
1788802230,3.32223639,2.62252083,23.93
1788802240,3.3258418300000003,2.62524273,23.9
1788802250,3.3366581500000003,2.63250113,23.93
1788802260,3.34026359,2.63522303,23.92
1788802270,3.35107991,2.64248143,23.92
1788802280,3.33846087,2.63340843,23.94
1788802290,3.3366581500000003,2.63340843,23.93
1788802300,3.34386903,2.63794493,23.93
1788802310,3.33485543,2.63068653,23.93
1788802320,3.33485543,2.63068653,23.92
1788802330,3.34026359,2.63431573,23.93
1788802340,3.34386903,2.63703763,23.94
1788802350,3.33305271,2.62977923,23.92
1788802360,3.31142007,2.61435513,23.94
1788802370,3.3042091900000004,2.60891133,23.94
1788802380,3.30240647,2.60709673,23.93
1788802390,3.29519559,2.60165293,23.92
1788802400,3.2825765500000004,2.59167263,23.93
1788802410,3.2933928700000004,2.59983833,23.93
1788802420,3.3042091900000004,2.60800403,23.92
1788802430,3.2933928700000004,2.60074563,23.88
1788802440,3.28978743,2.59711643,23.93
1788802450,3.28437927,2.59439453,23.92
1788802460,3.27897111,2.58985803,23.93
1788802470,3.28437927,2.59348723,23.93
1788802480,3.28618199,2.59530183,23.93
1788802490,3.28618199,2.59530183,23.93
1788802500,3.28978743,2.59711643,23.93
1788802510,3.2717602300000004,2.58532153,23.92
1788802520,3.2699575100000002,2.58350693,23.92
1788802530,3.2753656700000002,2.58622883,23.92
1788802540,3.29159015,2.59983833,23.93
1788802550,3.2879847100000004,2.59711643,23.9
1788802560,3.28978743,2.59802373,23.9
1788802570,3.2807738300000002,2.59076533,23.94
1788802580,3.2645493500000002,2.57897043,23.92
1788802590,3.26815479,2.58169233,23.93
1788802600,3.2717602300000004,2.58350693,23.93
1788802610,3.2645493500000002,2.57987773,23.92
1788802620,3.2645493500000002,2.57897043,23.96
1788802630,3.2645493500000002,2.57897043,23.94
1788802640,3.26274663,2.57806313,23.93
1788802650,3.26815479,2.58078503,23.93
1788802660,3.27356295,2.58532153,23.92
1788802670,3.2771683900000004,2.58895073,23.92
1788802680,3.2717602300000004,2.58441423,23.93
1788802690,3.26815479,2.58169233,23.94
1788802700,3.2699575100000002,2.58350693,23.93
1788802710,3.26094391,2.57715583,23.93
1788802720,3.25553575,2.57261933,23.93
1788802730,3.25553575,2.57261933,23.92
1788802740,3.25012759,2.56899013,23.94
1788802750,3.2483248700000003,2.56717553,23.92
1788802760,3.25193031,2.57080473,23.9
1788802770,3.25012759,2.56989743,23.93
1788802780,3.2645493500000002,2.58078503,23.93
1788802790,3.2753656700000002,2.58804343,23.93
1788802800,3.2879847100000004,2.59711643,23.92
1788802810,3.28618199,2.59620913,23.92
1788802820,3.29159015,2.60074563,23.92
1788802830,3.2825765500000004,2.59348723,23.92
1788802840,3.28618199,2.59620913,23.9
1788802850,3.2879847100000004,2.59802373,23.9
1788802860,3.28437927,2.59530183,23.92
1788802870,3.2825765500000004,2.59348723,23.88
1788802880,3.26815479,2.58259963,23.9
1788802890,3.2537330300000002,2.57171203,23.9
1788802900,3.25193031,2.57080473,23.9
1788802910,3.25193031,2.57171203,23.88
1788802920,3.25012759,2.57080473,23.92
1788802930,3.23931127,2.56173173,23.92
1788802940,3.24111399,2.56445363,23.86
1788802950,3.23570583,2.55900983,23.9
1788802960,3.23390311,2.55900983,23.88
1788802970,3.23570583,2.55991713,23.9
1788802980,3.2266922300000003,2.55265873,23.88
1788802990,3.23029767,2.55538063,23.9
1788803000,3.2375085500000003,2.55991713,23.87
1788803010,3.23390311,2.55719523,23.87
1788803020,3.2429167100000003,2.56354633,23.86
1788803030,3.24652215,2.56626823,23.87
1788803040,3.24652215,2.56717553,23.86
1788803050,3.24652215,2.56717553,23.87
1788803060,3.24111399,2.56354633,23.87
1788803070,3.2483248700000003,2.56989743,23.88
1788803080,3.2429167100000003,2.56626823,23.87
1788803090,3.25733847,2.57715583,23.88
1788803100,3.2537330300000002,2.57443393,23.87
1788803110,3.25193031,2.57171203,23.86
1788803120,3.24471943,2.56717553,23.88
1788803130,3.2375085500000003,2.56173173,23.87
1788803140,3.24111399,2.56354633,23.87
1788803150,3.2375085500000003,2.56263903,23.87
1788803160,3.24111399,2.56445363,23.86
1788803170,3.24471943,2.56717553,23.86
1788803180,3.23931127,2.56354633,23.84
1788803190,3.2375085500000003,2.56082443,23.86
1788803200,3.23390311,2.55991713,23.86
1788803210,3.23570583,2.55991713,23.87
1788803220,3.2375085500000003,2.56173173,23.83
1788803230,3.23390311,2.55810253,23.84
1788803240,3.23570583,2.55900983,23.86
1788803250,3.24111399,2.56445363,23.86
1788803260,3.2429167100000003,2.56536093,23.84
1788803270,3.24111399,2.56354633,23.84
1788803280,3.23931127,2.56263903,23.84
1788803290,3.24111399,2.56445363,23.84
1788803300,3.23931127,2.56354633,23.87
1788803310,3.2375085500000003,2.56263903,23.86
1788803320,3.2375085500000003,2.56173173,23.84
1788803330,3.2375085500000003,2.56082443,23.86
1788803340,3.24111399,2.56354633,23.86
1788803350,3.24471943,2.56717553,23.83
1788803360,3.24111399,2.56445363,23.87
1788803370,3.25012759,2.57080473,23.86
1788803380,3.25733847,2.57806313,23.84
1788803390,3.31682823,2.62161353,23.84
1788803400,3.37631799,2.66425663,23.84
1788803410,3.36189623,2.65427633,23.84
1788803420,3.33846087,2.63613033,23.84
1788803430,3.31322279,2.61889163,23.86
1788803440,3.3312499900000003,2.63159383,23.86
1788803450,3.37271255,2.66062743,23.84
1788803460,3.37812071,2.66607123,23.83
1788803470,3.36550167,2.65699823,23.84
1788803480,3.34026359,2.63885223,23.84
1788803490,3.3096173500000003,2.61616973,23.84
1788803500,3.2933928700000004,2.60346753,23.86
1788803510,3.28437927,2.59802373,23.86
1788803520,3.27897111,2.59348723,23.84
1788803530,3.27897111,2.59348723,23.86
1788803540,3.27356295,2.58804343,23.83
1788803550,3.26815479,2.58441423,23.83
1788803560,3.2699575100000002,2.58622883,23.84
1788803570,3.26274663,2.58169233,23.84
1788803580,3.2645493500000002,2.58169233,23.84
1788803590,3.26274663,2.57987773,23.84
1788803600,3.27356295,2.58713613,23.84
1788803610,3.2753656700000002,2.58895073,23.83
1788803620,3.26635207,2.58350693,23.83
1788803630,3.26274663,2.57987773,23.84
1788803640,3.26635207,2.58350693,23.84
1788803650,3.27356295,2.58804343,23.84
1788803660,3.2717602300000004,2.58713613,23.83
1788803670,3.2825765500000004,2.59530183,23.83
1788803680,3.2825765500000004,2.59530183,23.83
1788803690,3.27897111,2.59348723,23.83
1788803700,3.27356295,2.58895073,23.81
1788803710,3.26635207,2.58441423,23.83
1788803720,3.27356295,2.58804343,23.83
1788803730,3.2645493500000002,2.58169233,23.84
1788803740,3.26635207,2.58259963,23.84
1788803750,3.26635207,2.58350693,23.83
1788803760,3.26815479,2.58532153,23.84
1788803770,3.27897111,2.59257993,23.81
1788803780,3.2825765500000004,2.59530183,23.84
1788803790,3.2753656700000002,2.58985803,23.84
1788803800,3.28618199,2.59711643,23.81
1788803810,3.28437927,2.59711643,23.81
1788803820,3.2933928700000004,2.60256023,23.81
1788803830,3.2879847100000004,2.59983833,23.81
1788803840,3.28978743,2.59983833,23.81
1788803850,3.2879847100000004,2.59893103,23.81
1788803860,3.2988010300000004,2.60618943,23.81
1788803870,3.30240647,2.60981863,23.83
1788803880,3.29699831,2.60618943,23.81
1788803890,3.3042091900000004,2.60981863,23.84
1788803900,3.2988010300000004,2.60709673,23.84
1788803910,3.29519559,2.60346753,23.83
1788803920,3.28618199,2.59711643,23.83
1788803930,3.30060375,2.60891133,23.83
1788803940,3.29519559,2.60437483,23.83
1788803950,3.2933928700000004,2.60346753,23.84
1788803960,3.29519559,2.60437483,23.84
1788803970,3.30060375,2.60981863,23.84
1788803980,3.29699831,2.60709673,23.83
1788803990,3.29519559,2.60528213,23.84
1788804000,3.29519559,2.60528213,23.81
1788804010,3.30060375,2.60891133,23.83
1788804020,3.30781463,2.61526243,23.83
1788804030,3.31142007,2.61707703,23.83
1788804040,3.30781463,2.61435513,23.84
1788804050,3.31142007,2.61616973,23.8
1788804060,3.3096173500000003,2.61616973,23.84
1788804070,3.31682823,2.62161353,23.84
1788804080,3.32223639,2.62524273,23.83
1788804090,3.32403911,2.62705733,23.84
1788804100,3.3204336700000003,2.62524273,23.83
1788804110,3.3150255100000003,2.62070623,23.8
1788804120,3.31682823,2.62252083,23.83
1788804130,3.31682823,2.62252083,23.83
1788804140,3.31142007,2.61889163,23.81
1788804150,3.3150255100000003,2.62161353,23.83
1788804160,3.31682823,2.62342813,23.83
1788804170,3.3204336700000003,2.62433543,23.83
1788804180,3.3150255100000003,2.61979893,23.83
1788804190,3.3204336700000003,2.62433543,23.83
1788804200,3.3258418300000003,2.62887193,23.83
1788804210,3.32944727,2.63068653,23.8
1788804220,3.3312499900000003,2.63159383,23.79
1788804230,3.33305271,2.63431573,23.79
1788804240,3.3420663100000003,2.64066683,23.8
1788804250,3.34026359,2.63975953,23.81
1788804260,3.32944727,2.63250113,23.81
1788804270,3.3312499900000003,2.63250113,23.83
1788804280,3.3312499900000003,2.63250113,23.81
1788804290,3.3366581500000003,2.63703763,23.8
1788804300,3.3420663100000003,2.64157413,23.8
1788804310,3.34026359,2.63975953,23.79
1788804320,3.34386903,2.64248143,23.8
1788804330,3.34386903,2.64157413,23.81
1788804340,3.3420663100000003,2.64066683,23.8
1788804350,3.33846087,2.63794493,23.8
1788804360,3.3366581500000003,2.63703763,23.79
1788804370,3.33846087,2.63794493,23.83
1788804380,3.34386903,2.64248143,23.79
1788804390,3.34567175,2.64338873,23.81
1788804400,3.3474744700000003,2.64611063,23.8
1788804410,3.34927719,2.64701793,23.81
1788804420,3.3420663100000003,2.64157413,23.8
1788804430,3.34026359,2.64066683,23.79
1788804440,3.33485543,2.63522303,23.81
1788804450,3.33305271,2.63340843,23.8
1788804460,3.33485543,2.63522303,23.81
1788804470,3.3366581500000003,2.63613033,23.79
1788804480,3.3366581500000003,2.63703763,23.8
1788804490,3.3366581500000003,2.63703763,23.79
1788804500,3.33846087,2.63703763,23.81
1788804510,3.3420663100000003,2.63975953,23.76
1788804520,3.34026359,2.63885223,23.8
1788804530,3.34567175,2.64248143,23.77
1788804540,3.3420663100000003,2.64066683,23.79
1788804550,3.34386903,2.64248143,23.79
1788804560,3.34567175,2.64338873,23.79
1788804570,3.34386903,2.64248143,23.79
1788804580,3.34567175,2.64338873,23.79
1788804590,3.34026359,2.63885223,23.77
1788804600,3.3420663100000003,2.64066683,23.79
1788804610,3.33846087,2.63703763,23.79
1788804620,3.3420663100000003,2.64066683,23.8
1788804630,3.34567175,2.64338873,23.77
1788804640,3.34386903,2.64157413,23.79
1788804650,3.34386903,2.64157413,23.79
1788804660,3.34386903,2.64157413,23.79
1788804670,3.3474744700000003,2.64520333,23.77
1788804680,3.34927719,2.64701793,23.8
1788804690,3.35107991,2.64701793,23.76
1788804700,3.3474744700000003,2.64520333,23.79
1788804710,3.3474744700000003,2.64520333,23.79
1788804720,3.3528826300000003,2.64883253,23.76
1788804730,3.3528826300000003,2.64883253,23.77
1788804740,3.35107991,2.64792523,23.76
1788804750,3.34927719,2.64792523,23.77
1788804760,3.34386903,2.64338873,23.76
1788804770,3.34026359,2.64066683,23.76
1788804780,3.3420663100000003,2.64157413,23.74
1788804790,3.34026359,2.64066683,23.76
1788804800,3.3420663100000003,2.64066683,23.76
1788804810,3.34567175,2.64520333,23.76
1788804820,3.34927719,2.64701793,23.77
1788804830,3.35107991,2.64792523,23.74
1788804840,3.35107991,2.64973983,23.74
1788804850,3.35107991,2.64973983,23.74
1788804860,3.35107991,2.64973983,23.73
1788804870,3.34927719,2.64883253,23.74
1788804880,3.3474744700000003,2.64792523,23.73
1788804890,3.35107991,2.65064713,23.72
1788804900,3.34567175,2.64701793,23.72
1788804910,3.34386903,2.64520333,23.72
1788804920,3.34026359,2.64338873,23.72
1788804930,3.34026359,2.64157413,23.72
1788804940,3.34026359,2.64157413,23.73
1788804950,3.34026359,2.64066683,23.73
1788804960,3.34386903,2.64429603,23.72
1788804970,3.34567175,2.64611063,23.73
1788804980,3.34927719,2.64883253,23.74
1788804990,3.34927719,2.64883253,23.73
1788805000,3.3528826300000003,2.65155443,23.73
1788805010,3.35468535,2.65246173,23.73
1788805020,3.3474744700000003,2.64792523,23.73
1788805030,3.3474744700000003,2.64701793,23.74
1788805040,3.34927719,2.64883253,23.7
1788805050,3.3528826300000003,2.65064713,23.73
1788805060,3.35107991,2.64973983,23.74
1788805070,3.3474744700000003,2.64611063,23.72
1788805080,3.3474744700000003,2.64701793,23.73
1788805090,3.34567175,2.64520333,23.74
1788805100,3.34026359,2.64248143,23.74
1788805110,3.34567175,2.64520333,23.72
1788805120,3.3528826300000003,2.65155443,23.73
1788805130,3.34567175,2.64611063,23.73
1788805140,3.35107991,2.64973983,23.73
1788805150,3.35107991,2.64973983,23.73
1788805160,3.34386903,2.64520333,23.74
1788805170,3.3474744700000003,2.64792523,23.74
1788805180,3.34927719,2.64973983,23.72
1788805190,3.3474744700000003,2.64883253,23.72
1788805200,3.34567175,2.64701793,23.7
1788805210,3.3474744700000003,2.64883253,23.7
1788805220,3.34567175,2.64611063,23.67
1788805230,3.34567175,2.64792523,23.67
1788805240,3.3474744700000003,2.64883253,23.7
1788805250,3.3474744700000003,2.64883253,23.69
1788805260,3.34567175,2.64792523,23.7
1788805270,3.34386903,2.64611063,23.69
1788805280,3.3474744700000003,2.64792523,23.69
1788805290,3.34386903,2.64520333,23.69
1788805300,3.34567175,2.64701793,23.67
1788805310,3.35107991,2.65064713,23.69
1788805320,3.3474744700000003,2.64792523,23.69
1788805330,3.3474744700000003,2.64883253,23.7
1788805340,3.3474744700000003,2.64792523,23.69
1788805350,3.34927719,2.64973983,23.69
1788805360,3.3474744700000003,2.64883253,23.7
1788805370,3.3474744700000003,2.64883253,23.7
1788805380,3.34567175,2.64792523,23.7
1788805390,3.3474744700000003,2.64883253,23.7
1788805400,3.34386903,2.64611063,23.7
1788805410,3.3474744700000003,2.64883253,23.69
1788805420,3.3474744700000003,2.64792523,23.7
1788805430,3.3474744700000003,2.64792523,23.67
1788805440,3.34927719,2.64973983,23.67
1788805450,3.34927719,2.64883253,23.67
1788805460,3.34927719,2.64883253,23.69
1788805470,3.34386903,2.64520333,23.69
1788805480,3.3474744700000003,2.64701793,23.69
1788805490,3.34567175,2.64701793,23.67
1788805500,3.3474744700000003,2.64792523,23.69
1788805510,3.34386903,2.64520333,23.69
1788805520,3.34567175,2.64520333,23.69
1788805530,3.3420663100000003,2.64248143,23.7
1788805540,3.3474744700000003,2.64701793,23.69
1788805550,3.34927719,2.64792523,23.67
1788805560,3.34927719,2.64792523,23.69
1788805570,3.34386903,2.64429603,23.69
1788805580,3.3420663100000003,2.64248143,23.66
1788805590,3.34386903,2.64338873,23.67
1788805600,3.3420663100000003,2.64248143,23.64
1788805610,3.34567175,2.64520333,23.64
1788805620,3.34386903,2.64520333,23.64
1788805630,3.34927719,2.64883253,23.64
1788805640,3.35468535,2.65246173,23.69
1788805650,3.34927719,2.64883253,23.66
1788805660,3.34927719,2.64883253,23.66
1788805670,3.34927719,2.64883253,23.67
1788805680,3.34927719,2.64883253,23.67
1788805690,3.3474744700000003,2.64701793,23.69
1788805700,3.3528826300000003,2.65155443,23.69
1788805710,3.3528826300000003,2.65155443,23.67
1788805720,3.3474744700000003,2.64792523,23.67
1788805730,3.34567175,2.64611063,23.69
1788805740,3.3474744700000003,2.64701793,23.67
1788805750,3.35107991,2.64973983,23.7
1788805760,3.3528826300000003,2.65155443,23.66
1788805770,3.3528826300000003,2.65155443,23.69
1788805780,3.35107991,2.65064713,23.69
1788805790,3.3474744700000003,2.64883253,23.66
1788805800,3.3528826300000003,2.65246173,23.67
1788805810,3.35107991,2.65064713,23.7
1788805820,3.3528826300000003,2.65155443,23.69
1788805830,3.34927719,2.64883253,23.69
1788805840,3.3528826300000003,2.65246173,23.7
1788805850,3.3528826300000003,2.65246173,23.66
1788805860,3.35648807,2.65427633,23.7
1788805870,3.3582907900000003,2.65609093,23.66
1788805880,3.35468535,2.65336903,23.66
1788805890,3.32223639,2.62887193,23.69
1788805900,3.30601191,2.61798433,23.66
1788805910,3.32764455,2.63340843,23.7
1788805920,3.33846087,2.64248143,23.69
1788805930,3.35468535,2.65427633,23.69
1788805940,3.36189623,2.65972013,23.67
1788805950,3.34927719,2.65064713,23.69
1788805960,3.33485543,2.64066683,23.67
1788805970,3.31142007,2.62342813,23.67
1788805980,3.30601191,2.61889163,23.67
1788805990,3.30240647,2.61616973,23.67
1788806000,3.31322279,2.62342813,23.67
1788806010,3.32403911,2.62977923,23.66
1788806020,3.3312499900000003,2.63613033,23.67
1788806030,3.33485543,2.63975953,23.66
1788806040,3.3366581500000003,2.64157413,23.69
1788806050,3.3420663100000003,2.64429603,23.67
1788806060,3.3420663100000003,2.64429603,23.67
1788806070,3.34386903,2.64520333,23.66
1788806080,3.34386903,2.64611063,23.67
1788806090,3.3474744700000003,2.64973983,23.66
1788806100,3.3420663100000003,2.64611063,23.69
1788806110,3.3420663100000003,2.64520333,23.66
1788806120,3.34567175,2.64792523,23.66
1788806130,3.34927719,2.64973983,23.67
1788806140,3.3528826300000003,2.65336903,23.66
1788806150,3.35468535,2.65518363,23.67
1788806160,3.35468535,2.65336903,23.66
1788806170,3.35468535,2.65427633,23.64
1788806180,3.34927719,2.64973983,23.66
1788806190,3.3528826300000003,2.65246173,23.66
1788806200,3.35648807,2.65518363,23.64
1788806210,3.3582907900000003,2.65609093,23.67
1788806220,3.3582907900000003,2.65699823,23.67
1788806230,3.35468535,2.65427633,23.69
1788806240,3.35648807,2.65609093,23.66
1788806250,3.36189623,2.65972013,23.69
1788806260,3.3636989500000003,2.65972013,23.69
1788806270,3.36550167,2.66153473,23.69
1788806280,3.3636989500000003,2.66153473,23.64
1788806290,3.36189623,2.65972013,23.7
1788806300,3.3636989500000003,2.66062743,23.69
1788806310,3.3582907900000003,2.65609093,23.66
1788806320,3.3582907900000003,2.65518363,23.66
1788806330,3.35648807,2.65518363,23.69
1788806340,3.3636989500000003,2.66153473,23.67
1788806350,3.36189623,2.65881283,23.66
1788806360,3.36189623,2.65972013,23.64
1788806370,3.36189623,2.65881283,23.63
1788806380,3.3636989500000003,2.66062743,23.67
1788806390,3.36189623,2.65881283,23.67
1788806400,3.3636989500000003,2.66062743,23.64
1788806410,3.3636989500000003,2.65972013,23.66
1788806420,3.36189623,2.65972013,23.63
1788806430,3.3636989500000003,2.66062743,23.67
1788806440,3.3636989500000003,2.66153473,23.66
1788806450,3.36730439,2.66516393,23.63
1788806460,3.36550167,2.66244203,23.64
1788806470,3.36189623,2.65972013,23.64
1788806480,3.3636989500000003,2.66153473,23.64
1788806490,3.36550167,2.66153473,23.64
1788806500,3.36730439,2.66425663,23.66
1788806510,3.36730439,2.66425663,23.66
1788806520,3.36730439,2.66425663,23.64
1788806530,3.36730439,2.66516393,23.64
1788806540,3.3636989500000003,2.66244203,23.64
1788806550,3.3636989500000003,2.66153473,23.66
1788806560,3.3636989500000003,2.66153473,23.66
1788806570,3.36189623,2.66062743,23.66
1788806580,3.36550167,2.66334933,23.63
1788806590,3.3636989500000003,2.66153473,23.63
1788806600,3.36550167,2.66334933,23.64
1788806610,3.36550167,2.66425663,23.63
1788806620,3.36550167,2.66334933,23.63
1788806630,3.36730439,2.66425663,23.62
1788806640,3.36550167,2.66425663,23.64
1788806650,3.36730439,2.66516393,23.62
1788806660,3.36730439,2.66516393,23.62
1788806670,3.36730439,2.66425663,23.62
1788806680,3.36189623,2.66062743,23.63
1788806690,3.36550167,2.66334933,23.62
1788806700,3.3636989500000003,2.66244203,23.6
1788806710,3.36550167,2.66334933,23.6
1788806720,3.36550167,2.66334933,23.62
1788806730,3.36550167,2.66244203,23.62
1788806740,3.36730439,2.66516393,23.62
1788806750,3.36550167,2.66334933,23.62
1788806760,3.36189623,2.66062743,23.62
1788806770,3.3636989500000003,2.66244203,23.63
1788806780,3.36189623,2.66062743,23.6
1788806790,3.36550167,2.66244203,23.62
1788806800,3.36550167,2.66334933,23.62
1788806810,3.36550167,2.66334933,23.62
1788806820,3.36730439,2.66516393,23.6
1788806830,3.36550167,2.66244203,23.59
1788806840,3.36730439,2.66425663,23.6
1788806850,3.3636989500000003,2.66153473,23.62
1788806860,3.36550167,2.66334933,23.6
1788806870,3.36189623,2.66062743,23.59
1788806880,3.36189623,2.66062743,23.59
1788806890,3.3636989500000003,2.66244203,23.62
1788806900,3.3636989500000003,2.66153473,23.59
1788806910,3.36009351,2.65881283,23.59
1788806920,3.36189623,2.66153473,23.6
1788806930,3.36009351,2.65972013,23.59
1788806940,3.36189623,2.66062743,23.63
1788806950,3.36189623,2.66153473,23.62
1788806960,3.3636989500000003,2.66244203,23.6
1788806970,3.36189623,2.66062743,23.62
1788806980,3.36009351,2.65972013,23.62
1788806990,3.36189623,2.66062743,23.62
1788807000,3.36189623,2.66244203,23.64
1788807010,3.36189623,2.66244203,23.63
1788807020,3.36189623,2.66153473,23.6
1788807030,3.36550167,2.66516393,23.62
1788807040,3.3636989500000003,2.66334933,23.59
1788807050,3.36550167,2.66516393,23.6
1788807060,3.36009351,2.66153473,23.56
1788807070,3.36550167,2.66425663,23.6
1788807080,3.36189623,2.66334933,23.6
1788807090,3.3636989500000003,2.66516393,23.6
1788807100,3.3636989500000003,2.66334933,23.62
1788807110,3.36009351,2.66153473,23.6
1788807120,3.36189623,2.66334933,23.62
1788807130,3.36189623,2.66334933,23.6
1788807140,3.3636989500000003,2.66425663,23.57
1788807150,3.36009351,2.66244203,23.59
1788807160,3.3636989500000003,2.66516393,23.57
1788807170,3.36009351,2.66244203,23.59
1788807180,3.3636989500000003,2.66516393,23.56
1788807190,3.36189623,2.66334933,23.55
1788807200,3.36189623,2.66334933,23.55
1788807210,3.36189623,2.66244203,23.56
1788807220,3.36009351,2.66153473,23.56
1788807230,3.36009351,2.66153473,23.56
1788807240,3.3636989500000003,2.66425663,23.56
1788807250,3.3582907900000003,2.66062743,23.56
1788807260,3.35648807,2.65881283,23.57
1788807270,3.35107991,2.65518363,23.59
1788807280,3.34927719,2.65336903,23.57
1788807290,3.35468535,2.65790553,23.56
1788807300,3.35107991,2.65518363,23.57
1788807310,3.35468535,2.65790553,23.55
1788807320,3.35107991,2.65427633,23.57
1788807330,3.35107991,2.65518363,23.57
1788807340,3.35107991,2.65427633,23.56
1788807350,3.35648807,2.65790553,23.57
1788807360,3.3528826300000003,2.65609093,23.57
1788807370,3.35648807,2.65881283,23.57
1788807380,3.3582907900000003,2.66062743,23.57
1788807390,3.35107991,2.65518363,23.53
1788807400,3.3528826300000003,2.65609093,23.56
1788807410,3.3528826300000003,2.65699823,23.57
1788807420,3.34927719,2.65336903,23.56
1788807430,3.34026359,2.64701793,23.6
1788807440,3.34026359,2.64701793,23.57
1788807450,3.3420663100000003,2.64883253,23.59
1788807460,3.34927719,2.65427633,23.59
1788807470,3.35107991,2.65609093,23.57
1788807480,3.35107991,2.65609093,23.59
1788807490,3.3528826300000003,2.65609093,23.57
1788807500,3.3474744700000003,2.65246173,23.59
1788807510,3.34567175,2.65064713,23.59
1788807520,3.34386903,2.64973983,23.56
1788807530,3.34026359,2.64883253,23.57
1788807540,3.33485543,2.64520333,23.57
1788807550,3.32944727,2.64066683,23.56
1788807560,3.3258418300000003,2.63794493,23.57
1788807570,3.3312499900000003,2.64066683,23.57
1788807580,3.32764455,2.63885223,23.57
1788807590,3.33485543,2.64338873,23.56
1788807600,3.32944727,2.63975953,23.59
1788807610,3.32223639,2.63431573,23.57
1788807620,3.32944727,2.63885223,23.59
1788807630,3.3420663100000003,2.64973983,23.57
1788807640,3.33846087,2.64611063,23.57
1788807650,3.34026359,2.64792523,23.56
1788807660,3.34386903,2.64973983,23.59
1788807670,3.35107991,2.65518363,23.56
1788807680,3.35107991,2.65518363,23.56
1788807690,3.34386903,2.65155443,23.59
1788807700,3.3474744700000003,2.65336903,23.56
1788807710,3.34927719,2.65427633,23.57
1788807720,3.34927719,2.65336903,23.56
1788807730,3.33846087,2.64611063,23.57
1788807740,3.33485543,2.64338873,23.57
1788807750,3.33485543,2.64338873,23.57
1788807760,3.3420663100000003,2.64883253,23.6
1788807770,3.34567175,2.65064713,23.57
1788807780,3.3420663100000003,2.64792523,23.56
1788807790,3.33485543,2.64338873,23.59
1788807800,3.33305271,2.64157413,23.59
1788807810,3.31682823,2.62887193,23.59
1788807820,3.3204336700000003,2.63068653,23.59
1788807830,3.31863095,2.62977923,23.59
1788807840,3.31322279,2.62705733,23.57
1788807850,3.3042091900000004,2.61979893,23.56
1788807860,3.3096173500000003,2.62342813,23.59
1788807870,3.31322279,2.62615003,23.56
1788807880,3.30240647,2.61798433,23.57
1788807890,3.30781463,2.62252083,23.59
1788807900,3.31682823,2.62977923,23.57
1788807910,3.31142007,2.62615003,23.59
1788807920,3.31322279,2.62615003,23.59
1788807930,3.32403911,2.63431573,23.55
1788807940,3.32944727,2.63794493,23.56
1788807950,3.3258418300000003,2.63613033,23.55
1788807960,3.32223639,2.63340843,23.57
1788807970,3.32223639,2.63250113,23.53
1788807980,3.3204336700000003,2.63159383,23.55
1788807990,3.3096173500000003,2.62433543,23.55
1788808000,3.31682823,2.62887193,23.52
1788808010,3.3096173500000003,2.62433543,23.53
1788808020,3.3042091900000004,2.62070623,23.53
1788808030,3.2988010300000004,2.61616973,23.53
1788808040,3.30060375,2.61707703,23.53
1788808050,3.30601191,2.62161353,23.52
1788808060,3.32223639,2.63340843,23.52
1788808070,3.3204336700000003,2.63250113,23.53
1788808080,3.31682823,2.63068653,23.52
1788808090,3.30601191,2.62070623,23.53
1788808100,3.30601191,2.62161353,23.56
1788808110,3.3096173500000003,2.62433543,23.56
1788808120,3.30781463,2.62252083,23.53
1788808130,3.31142007,2.62615003,23.53
1788808140,3.31322279,2.62705733,23.55
1788808150,3.30781463,2.62342813,23.53
1788808160,3.31322279,2.62705733,23.55
1788808170,3.30601191,2.62070623,23.55
1788808180,3.30060375,2.61707703,23.53
1788808190,3.30781463,2.62252083,23.56
1788808200,3.29519559,2.61344783,23.55
1788808210,3.29699831,2.61435513,23.55
1788808220,3.2879847100000004,2.60618943,23.56
1788808230,3.28437927,2.60528213,23.56
1788808240,3.2771683900000004,2.59983833,23.55
1788808250,3.2699575100000002,2.59439453,23.55
1788808260,3.2645493500000002,2.58985803,23.53
1788808270,3.2699575100000002,2.59348723,23.55
1788808280,3.2699575100000002,2.59348723,23.52
1788808290,3.26635207,2.59076533,23.53
1788808300,3.2717602300000004,2.59620913,23.53
1788808310,3.2825765500000004,2.60437483,23.52
1788808320,3.28618199,2.60709673,23.53
1788808330,3.2933928700000004,2.61254053,23.55
1788808340,3.2933928700000004,2.61254053,23.53
1788808350,3.29159015,2.61072593,23.53
1788808360,3.29159015,2.61072593,23.53
1788808370,3.2825765500000004,2.60528213,23.53
1788808380,3.28618199,2.60709673,23.53
1788808390,3.2825765500000004,2.60437483,23.53
1788808400,3.28437927,2.60528213,23.55
1788808410,3.2807738300000002,2.60437483,23.55
1788808420,3.28618199,2.60800403,23.53
1788808430,3.2933928700000004,2.61254053,23.52
1788808440,3.28618199,2.60709673,23.53
1788808450,3.2879847100000004,2.60800403,23.53
1788808460,3.28618199,2.60709673,23.53
1788808470,3.28978743,2.61072593,23.55
1788808480,3.27897111,2.60165293,23.53
1788808490,3.2825765500000004,2.60437483,23.52
1788808500,3.2879847100000004,2.60891133,23.53
1788808510,3.34026359,2.64973983,23.53
1788808520,3.35107991,2.65699823,23.52
1788808530,3.30601191,2.62161353,23.5
1788808540,3.2699575100000002,2.59620913,23.5
1788808550,3.25193031,2.58169233,23.5
1788808560,3.2537330300000002,2.58259963,23.52
1788808570,3.2645493500000002,2.59167263,23.49
1788808580,3.30781463,2.62252083,23.5
1788808590,3.33305271,2.64338873,23.48
1788808600,3.3528826300000003,2.65881283,23.48
1788808610,3.35648807,2.66153473,23.46
1788808620,3.34927719,2.65609093,23.48
1788808630,3.34026359,2.64973983,23.46
1788808640,3.33846087,2.64792523,23.45
1788808650,3.3312499900000003,2.64248143,23.48
1788808660,3.32764455,2.64066683,23.48
1788808670,3.3204336700000003,2.63431573,23.45
1788808680,3.3042091900000004,2.62252083,23.45
1788808690,3.29699831,2.61707703,23.46
1788808700,3.29699831,2.61616973,23.46
1788808710,3.29519559,2.61526243,23.48
1788808720,3.28978743,2.61163323,23.46
1788808730,3.28437927,2.60709673,23.48
1788808740,3.2807738300000002,2.60346753,23.46
1788808750,3.28437927,2.60618943,23.46
1788808760,3.28437927,2.60709673,23.45
1788808770,3.2771683900000004,2.60074563,23.48
1788808780,3.2771683900000004,2.60074563,23.48
1788808790,3.27897111,2.60165293,23.49
1788808800,3.27897111,2.60165293,23.48
1788808810,3.2753656700000002,2.59893103,23.43
1788808820,3.2717602300000004,2.59711643,23.48
1788808830,3.2717602300000004,2.59620913,23.48
1788808840,3.27897111,2.60165293,23.48
1788808850,3.2807738300000002,2.60346753,23.49
1788808860,3.2753656700000002,2.59893103,23.48
1788808870,3.26094391,2.58895073,23.48
1788808880,3.25733847,2.58622883,23.5
1788808890,3.26094391,2.58804343,23.48
1788808900,3.26274663,2.59076533,23.48
1788808910,3.2699575100000002,2.59530183,23.48
1788808920,3.26815479,2.59530183,23.45
1788808930,3.2717602300000004,2.59711643,23.46
1788808940,3.27356295,2.59802373,23.45
1788808950,3.26635207,2.59348723,23.46
1788808960,3.27356295,2.59802373,23.46
1788808970,3.26815479,2.59348723,23.46
1788808980,3.26274663,2.58985803,23.46
1788808990,3.26635207,2.59257993,23.42
1788809000,3.26274663,2.58895073,23.45
1788809010,3.26274663,2.58985803,23.43
1788809020,3.26094391,2.58895073,23.46
1788809030,3.26635207,2.59348723,23.46
1788809040,3.26815479,2.59348723,23.42
1788809050,3.25733847,2.58622883,23.46
1788809060,3.2591411900000002,2.58713613,23.46
1788809070,3.25733847,2.58532153,23.46
1788809080,3.25012759,2.57897043,23.46
1788809090,3.2483248700000003,2.57897043,23.46
1788809100,3.25193031,2.58169233,23.45
1788809110,3.25553575,2.58350693,23.46
1788809120,3.26274663,2.58985803,23.46
1788809130,3.25733847,2.58532153,23.48
1788809140,3.2591411900000002,2.58713613,23.46
1788809150,3.25193031,2.58169233,23.45
1788809160,3.25012759,2.57987773,23.46
1788809170,3.25553575,2.58350693,23.48
1788809180,3.2537330300000002,2.58350693,23.46
1788809190,3.25733847,2.58713613,23.48
1788809200,3.25012759,2.57987773,23.48
1788809210,3.25012759,2.58078503,23.45
1788809220,3.25012759,2.57987773,23.46
1788809230,3.2483248700000003,2.57987773,23.46
1788809240,3.24471943,2.57624853,23.46
1788809250,3.2483248700000003,2.57897043,23.5
1788809260,3.24471943,2.57624853,23.48
1788809270,3.2429167100000003,2.57443393,23.48
1788809280,3.2483248700000003,2.57806313,23.48
1788809290,3.2537330300000002,2.58169233,23.45
1788809300,3.25553575,2.58350693,23.46
1788809310,3.2483248700000003,2.57897043,23.46
1788809320,3.2483248700000003,2.57897043,23.45
1788809330,3.2483248700000003,2.57897043,23.46
1788809340,3.2429167100000003,2.57443393,23.48
1788809350,3.24111399,2.57352663,23.48
1788809360,3.24111399,2.57352663,23.49
1788809370,3.2483248700000003,2.57806313,23.49
1788809380,3.25193031,2.57987773,23.5
1788809390,3.24471943,2.57534123,23.46
1788809400,3.2429167100000003,2.57443393,23.5
1788809410,3.24111399,2.57261933,23.46
1788809420,3.23931127,2.57171203,23.49
1788809430,3.24111399,2.57352663,23.48
1788809440,3.24652215,2.57806313,23.49
1788809450,3.2429167100000003,2.57443393,23.48
1788809460,3.23931127,2.57080473,23.46
1788809470,3.2375085500000003,2.56989743,23.48
1788809480,3.23570583,2.56808283,23.49
1788809490,3.23931127,2.57171203,23.5
1788809500,3.24471943,2.57534123,23.46
1788809510,3.25193031,2.58078503,23.5
1788809520,3.2537330300000002,2.58259963,23.49
1788809530,3.25193031,2.58169233,23.48
1788809540,3.2537330300000002,2.58259963,23.48
1788809550,3.24471943,2.57534123,23.49
1788809560,3.24652215,2.57715583,23.46
1788809570,3.25193031,2.57987773,23.46
1788809580,3.24471943,2.57534123,23.48
1788809590,3.24471943,2.57534123,23.46
1788809600,3.2483248700000003,2.57715583,23.5
1788809610,3.2483248700000003,2.57806313,23.46
1788809620,3.2483248700000003,2.57806313,23.48
1788809630,3.25193031,2.58169233,23.49
1788809640,3.2537330300000002,2.58169233,23.46
1788809650,3.2483248700000003,2.57806313,23.49
1788809660,3.24652215,2.57534123,23.49
1788809670,3.24111399,2.57261933,23.49
1788809680,3.2429167100000003,2.57352663,23.48
1788809690,3.25193031,2.57987773,23.49
1788809700,3.2483248700000003,2.57806313,23.49
1788809710,3.24471943,2.57534123,23.49
1788809720,3.24652215,2.57624853,23.48
1788809730,3.2429167100000003,2.57443393,23.48
1788809740,3.2429167100000003,2.57443393,23.48
1788809750,3.2375085500000003,2.57080473,23.49
1788809760,3.2375085500000003,2.56989743,23.48
1788809770,3.23931127,2.57080473,23.48
1788809780,3.23931127,2.57171203,23.48
1788809790,3.23931127,2.57080473,23.46
1788809800,3.2429167100000003,2.57443393,23.48
1788809810,3.2375085500000003,2.57080473,23.49
1788809820,3.24111399,2.57352663,23.48
1788809830,3.24471943,2.57534123,23.46
1788809840,3.2429167100000003,2.57352663,23.45
1788809850,3.2429167100000003,2.57443393,23.46
1788809860,3.23931127,2.57261933,23.46
1788809870,3.23570583,2.56899013,23.46
1788809880,3.2375085500000003,2.57080473,23.43
1788809890,3.23931127,2.57261933,23.45
1788809900,3.24652215,2.57715583,23.48
1788809910,3.2429167100000003,2.57534123,23.46
1788809920,3.24111399,2.57443393,23.48
1788809930,3.2375085500000003,2.57080473,23.45
1788809940,3.24111399,2.57443393,23.46
1788809950,3.24111399,2.57261933,23.43
1788809960,3.2375085500000003,2.56989743,23.45
1788809970,3.2375085500000003,2.57080473,23.46
1788809980,3.24111399,2.57352663,23.45
1788809990,3.24111399,2.57352663,23.45
1788810000,3.2375085500000003,2.57080473,23.45
1788810010,3.23570583,2.56989743,23.43
1788810020,3.23931127,2.57261933,23.43
1788810030,3.23931127,2.57171203,23.45
1788810040,3.23931127,2.57171203,23.46
1788810050,3.2375085500000003,2.57080473,23.45
1788810060,3.2375085500000003,2.57080473,23.46
1788810070,3.2429167100000003,2.57443393,23.42
1788810080,3.24111399,2.57352663,23.45
1788810090,3.24471943,2.57534123,23.43
1788810100,3.24471943,2.57624853,23.42
1788810110,3.23931127,2.57261933,23.41
1788810120,3.2375085500000003,2.57171203,23.39
1788810130,3.2375085500000003,2.57080473,23.41
1788810140,3.2375085500000003,2.57080473,23.39
1788810150,3.23570583,2.57080473,23.41
1788810160,3.2375085500000003,2.57171203,23.39
1788810170,3.2375085500000003,2.57171203,23.39
1788810180,3.23931127,2.57261933,23.38
1788810190,3.2375085500000003,2.57171203,23.38
1788810200,3.2375085500000003,2.57171203,23.36
1788810210,3.2321003900000003,2.56717553,23.39
1788810220,3.2375085500000003,2.57080473,23.38
1788810230,3.2375085500000003,2.57171203,23.41
1788810240,3.2375085500000003,2.57171203,23.38
1788810250,3.2375085500000003,2.57171203,23.38
1788810260,3.23931127,2.57352663,23.38
1788810270,3.24111399,2.57352663,23.39
1788810280,3.23931127,2.57352663,23.39
1788810290,3.2375085500000003,2.57080473,23.36
1788810300,3.2375085500000003,2.57171203,23.39
1788810310,3.23570583,2.57080473,23.41
1788810320,3.23570583,2.57080473,23.41
1788810330,3.2375085500000003,2.57171203,23.39
1788810340,3.23570583,2.57080473,23.39
1788810350,3.23390311,2.56989743,23.38
1788810360,3.23029767,2.56626823,23.39
1788810370,3.23570583,2.57080473,23.39
1788810380,3.23931127,2.57352663,23.39
1788810390,3.23931127,2.57261933,23.36
1788810400,3.23931127,2.57261933,23.35
1788810410,3.23931127,2.57261933,23.35
1788810420,3.23931127,2.57352663,23.33
1788810430,3.24111399,2.57443393,23.38
1788810440,3.23390311,2.56899013,23.38
1788810450,3.23390311,2.56989743,23.38
1788810460,3.2321003900000003,2.56808283,23.35
1788810470,3.2321003900000003,2.56717553,23.35
1788810480,3.23029767,2.56626823,23.36
1788810490,3.2375085500000003,2.57261933,23.36
1788810500,3.2375085500000003,2.57080473,23.38
1788810510,3.23931127,2.57261933,23.36
1788810520,3.2375085500000003,2.57171203,23.36
1788810530,3.23931127,2.57261933,23.36
1788810540,3.2375085500000003,2.57080473,23.38
1788810550,3.2375085500000003,2.57080473,23.38
1788810560,3.23931127,2.57171203,23.38
1788810570,3.23931127,2.57261933,23.39
1788810580,3.2375085500000003,2.57080473,23.38
1788810590,3.2375085500000003,2.57080473,23.38
1788810600,3.24111399,2.57443393,23.38
1788810610,3.2375085500000003,2.57080473,23.38
1788810620,3.2375085500000003,2.57171203,23.39
1788810630,3.24111399,2.57352663,23.38
1788810640,3.2375085500000003,2.57171203,23.38
1788810650,3.23931127,2.57352663,23.39
1788810660,3.23570583,2.57080473,23.38
1788810670,3.23931127,2.57171203,23.41
1788810680,3.2429167100000003,2.57443393,23.41
1788810690,3.24652215,2.57715583,23.38
1788810700,3.2483248700000003,2.57897043,23.41
1788810710,3.23570583,2.56899013,23.42
1788810720,3.23029767,2.56536093,23.42
1788810730,3.22849495,2.56445363,23.41
1788810740,3.23029767,2.56536093,23.42
1788810750,3.22849495,2.56354633,23.42
1788810760,3.23029767,2.56536093,23.43
1788810770,3.23029767,2.56536093,23.41
1788810780,3.23931127,2.57261933,23.42
1788810790,3.23931127,2.57171203,23.42
1788810800,3.23390311,2.56808283,23.41
1788810810,3.23570583,2.56899013,23.43
1788810820,3.23390311,2.56808283,23.39
1788810830,3.23931127,2.57171203,23.42
1788810840,3.23931127,2.57171203,23.42
1788810850,3.23570583,2.56989743,23.39
1788810860,3.23570583,2.56899013,23.41
1788810870,3.2429167100000003,2.57443393,23.41
1788810880,3.23570583,2.56899013,23.39
1788810890,3.23570583,2.56989743,23.39
1788810900,3.23390311,2.56808283,23.38
1788810910,3.24111399,2.57352663,23.39
1788810920,3.23570583,2.56989743,23.42
1788810930,3.22849495,2.56445363,23.39
1788810940,3.2266922300000003,2.56263903,23.41
1788810950,3.2321003900000003,2.56717553,23.39
1788810960,3.2375085500000003,2.57080473,23.42
1788810970,3.2483248700000003,2.57897043,23.41
1788810980,3.25012759,2.58169233,23.39
1788810990,3.24652215,2.57806313,23.41
1788811000,3.2429167100000003,2.57534123,23.39
1788811010,3.24111399,2.57443393,23.39
1788811020,3.24471943,2.57624853,23.38
1788811030,3.24111399,2.57261933,23.39
1788811040,3.25012759,2.58169233,23.36
1788811050,3.24652215,2.57806313,23.36
1788811060,3.2429167100000003,2.57534123,23.36
1788811070,3.2321003900000003,2.56717553,23.36
1788811080,3.22308679,2.55991713,23.36
1788811090,3.2321003900000003,2.56717553,23.36
1788811100,3.2429167100000003,2.57443393,23.38
1788811110,3.2375085500000003,2.57171203,23.38
1788811120,3.23931127,2.57171203,23.39
1788811130,3.23390311,2.56808283,23.41
1788811140,3.2375085500000003,2.57080473,23.36
1788811150,3.24111399,2.57443393,23.41
1788811160,3.23570583,2.56989743,23.38
1788811170,3.2375085500000003,2.57171203,23.39
1788811180,3.2375085500000003,2.57080473,23.38
1788811190,3.2321003900000003,2.56717553,23.39
1788811200,3.22849495,2.56445363,23.38
1788811210,3.21227047,2.55084413,23.39
1788811220,3.2717602300000004,2.59802373,23.38
1788811230,3.32223639,2.63613033,23.42
1788811240,3.3312499900000003,2.64338873,23.41
1788811250,3.32764455,2.63975953,23.41
1788811260,3.32944727,2.64066683,23.39
1788811270,3.3150255100000003,2.62977923,23.41
1788811280,3.2988010300000004,2.61798433,23.41
1788811290,3.28437927,2.60618943,23.42
1788811300,3.2645493500000002,2.59167263,23.39
1788811310,3.24111399,2.57352663,23.41
1788811320,3.22308679,2.55900983,23.42
1788811330,3.2104677500000003,2.54993683,23.41
1788811340,3.20686231,2.54812223,23.42
1788811350,3.2104677500000003,2.54993683,23.41
1788811360,3.21767863,2.55538063,23.41
1788811370,3.22308679,2.55991713,23.39
1788811380,3.22488951,2.56173173,23.41
1788811390,3.22849495,2.56445363,23.39
1788811400,3.2321003900000003,2.56717553,23.41
1788811410,3.23570583,2.56989743,23.41
1788811420,3.23390311,2.56808283,23.42
1788811430,3.2321003900000003,2.56626823,23.39
1788811440,3.23029767,2.56626823,23.45
1788811450,3.22308679,2.56082443,23.42
1788811460,3.22308679,2.56082443,23.41
1788811470,3.22488951,2.56263903,23.41
1788811480,3.23029767,2.56626823,23.41
1788811490,3.23570583,2.57080473,23.38
1788811500,3.23570583,2.57080473,23.39
1788811510,3.2321003900000003,2.56808283,23.38
1788811520,3.22488951,2.56263903,23.39
1788811530,3.22849495,2.56536093,23.39
1788811540,3.22849495,2.56536093,23.36
1788811550,3.23029767,2.56717553,23.38
1788811560,3.2321003900000003,2.56808283,23.36
1788811570,3.2321003900000003,2.56808283,23.36
1788811580,3.2266922300000003,2.56354633,23.39
1788811590,3.23029767,2.56808283,23.38
1788811600,3.2321003900000003,2.56808283,23.39
1788811610,3.23390311,2.56989743,23.38
1788811620,3.2321003900000003,2.56899013,23.39
1788811630,3.23570583,2.57080473,23.38
1788811640,3.23029767,2.56717553,23.38
1788811650,3.2321003900000003,2.56899013,23.38
1788811660,3.2375085500000003,2.57171203,23.38
1788811670,3.24111399,2.57534123,23.38
1788811680,3.25553575,2.58622883,23.38
1788811690,3.2537330300000002,2.58532153,23.38
1788811700,3.25012759,2.58259963,23.39
1788811710,3.25193031,2.58350693,23.36
1788811720,3.24652215,2.57897043,23.39
1788811730,3.24471943,2.57806313,23.38
1788811740,3.24111399,2.57624853,23.39
1788811750,3.25012759,2.58350693,23.38
1788811760,3.25012759,2.58259963,23.36
1788811770,3.24652215,2.57987773,23.36
1788811780,3.25012759,2.58169233,23.36
1788811790,3.2483248700000003,2.58078503,23.36
1788811800,3.2429167100000003,2.57624853,23.36
1788811810,3.25012759,2.58169233,23.36
1788811820,3.2483248700000003,2.58078503,23.36
1788811830,3.2483248700000003,2.58078503,23.38
1788811840,3.2537330300000002,2.58532153,23.36
1788811850,3.2645493500000002,2.59348723,23.38
1788811860,3.26094391,2.59167263,23.35
1788811870,3.25733847,2.58895073,23.32
1788811880,3.2483248700000003,2.58078503,23.35
1788811890,3.25012759,2.58259963,23.35
1788811900,3.25553575,2.58532153,23.32
1788811910,3.26815479,2.59530183,23.33
1788811920,3.25733847,2.58804343,23.35
1788811930,3.25733847,2.58804343,23.33
1788811940,3.2591411900000002,2.58985803,23.33
1788811950,3.25733847,2.58804343,23.32
1788811960,3.2537330300000002,2.58532153,23.32
1788811970,3.25193031,2.58441423,23.32
1788811980,3.24111399,2.57624853,23.33
1788811990,3.2483248700000003,2.58169233,23.32
1788812000,3.24471943,2.57897043,23.3
1788812010,3.24652215,2.57897043,23.32
1788812020,3.2429167100000003,2.57624853,23.3
1788812030,3.23931127,2.57443393,23.32
1788812040,3.2375085500000003,2.57352663,23.33
1788812050,3.23390311,2.56989743,23.3
1788812060,3.2321003900000003,2.56899013,23.32
1788812070,3.2212840700000003,2.56082443,23.32
1788812080,3.22849495,2.56536093,23.33
1788812090,3.2321003900000003,2.56808283,23.32
1788812100,3.2429167100000003,2.57624853,23.33
1788812110,3.24471943,2.57897043,23.35
1788812120,3.2483248700000003,2.58169233,23.36
1788812130,3.25193031,2.58350693,23.33
1788812140,3.2429167100000003,2.57715583,23.33
1788812150,3.23931127,2.57443393,23.33
1788812160,3.2483248700000003,2.58169233,23.33
1788812170,3.24471943,2.57897043,23.32
1788812180,3.2483248700000003,2.58169233,23.33
1788812190,3.24471943,2.57897043,23.32
1788812200,3.24471943,2.57897043,23.32
1788812210,3.23390311,2.56989743,23.33
1788812220,3.23390311,2.57080473,23.35
1788812230,3.23570583,2.57080473,23.33
1788812240,3.24111399,2.57443393,23.32
1788812250,3.24111399,2.57443393,23.32
1788812260,3.23931127,2.57352663,23.33
1788812270,3.24111399,2.57534123,23.35
1788812280,3.24471943,2.57806313,23.33
1788812290,3.24111399,2.57534123,23.32
1788812300,3.24471943,2.57806313,23.32
1788812310,3.2483248700000003,2.58169233,23.35
1788812320,3.25193031,2.58350693,23.35
1788812330,3.2537330300000002,2.58532153,23.35
1788812340,3.25193031,2.58350693,23.33
1788812350,3.2537330300000002,2.58532153,23.36
1788812360,3.2537330300000002,2.58441423,23.33
1788812370,3.25012759,2.58169233,23.32
1788812380,3.25193031,2.58441423,23.32
1788812390,3.2537330300000002,2.58532153,23.32
1788812400,3.24471943,2.57806313,23.3
1788812410,3.25193031,2.58441423,23.33
1788812420,3.25553575,2.58622883,23.35
1788812430,3.26635207,2.59439453,23.3
1788812440,3.2591411900000002,2.58895073,23.32
1788812450,3.26274663,2.59167263,23.33
1788812460,3.2591411900000002,2.58895073,23.32
1788812470,3.25553575,2.58713613,23.3
1788812480,3.25733847,2.58804343,23.3
1788812490,3.26094391,2.59076533,23.32
1788812500,3.26635207,2.59348723,23.32
1788812510,3.26635207,2.59439453,23.32
1788812520,3.25733847,2.58804343,23.32
1788812530,3.23931127,2.57443393,23.32
1788812540,3.24471943,2.57897043,23.32
1788812550,3.25733847,2.58713613,23.33
1788812560,3.2591411900000002,2.58804343,23.33
1788812570,3.2645493500000002,2.59257993,23.32
1788812580,3.26815479,2.59620913,23.35
1788812590,3.2717602300000004,2.59893103,23.32
1788812600,3.27356295,2.59983833,23.33
1788812610,3.26815479,2.59620913,23.3
1788812620,3.2591411900000002,2.58985803,23.32
1788812630,3.26094391,2.58985803,23.32
1788812640,3.27356295,2.59983833,23.32
1788812650,3.27356295,2.59983833,23.32
1788812660,3.2717602300000004,2.59893103,23.32
1788812670,3.2591411900000002,2.58895073,23.33
1788812680,3.25733847,2.58804343,23.29
1788812690,3.25733847,2.58804343,23.29
1788812700,3.25553575,2.58622883,23.3
1788812710,3.25733847,2.58804343,23.3
1788812720,3.25012759,2.58259963,23.3
1788812730,3.25012759,2.58259963,23.32
1788812740,3.25193031,2.58350693,23.29
1788812750,3.24111399,2.57534123,23.32
1788812760,3.23390311,2.56989743,23.29
1788812770,3.24652215,2.57897043,23.3
1788812780,3.25733847,2.58804343,23.3
1788812790,3.25733847,2.58804343,23.32
1788812800,3.25733847,2.58804343,23.32
1788812810,3.26815479,2.59620913,23.3
1788812820,3.2753656700000002,2.60165293,23.3
1788812830,3.2699575100000002,2.59802373,23.29
1788812840,3.26094391,2.59076533,23.28
1788812850,3.2537330300000002,2.58532153,23.28
1788812860,3.24471943,2.57806313,23.3
1788812870,3.2429167100000003,2.57624853,23.28
1788812880,3.2483248700000003,2.58169233,23.28
1788812890,3.23931127,2.57443393,23.29
1788812900,3.25012759,2.58350693,23.28
1788812910,3.24111399,2.57624853,23.29
1788812920,3.23931127,2.57443393,23.29
1788812930,3.23931127,2.57443393,23.29
1788812940,3.24652215,2.57897043,23.28
1788812950,3.2537330300000002,2.58441423,23.26
1788812960,3.2591411900000002,2.58804343,23.26
1788812970,3.26274663,2.59167263,23.29
1788812980,3.25193031,2.58350693,23.28
1788812990,3.24652215,2.57897043,23.28
1788813000,3.23931127,2.57352663,23.26
1788813010,3.2375085500000003,2.57352663,23.28
1788813020,3.24652215,2.57806313,23.28
1788813030,3.24652215,2.57987773,23.28
1788813040,3.26274663,2.59167263,23.28
1788813050,3.2717602300000004,2.59802373,23.26
1788813060,3.2807738300000002,2.60528213,23.29
1788813070,3.2825765500000004,2.60618943,23.26
1788813080,3.28618199,2.60891133,23.29
1788813090,3.28437927,2.60800403,23.24
1788813100,3.27897111,2.60346753,23.25
1788813110,3.2753656700000002,2.60165293,23.28
1788813120,3.27897111,2.60437483,23.26
1788813130,3.2807738300000002,2.60437483,23.28
1788813140,3.2825765500000004,2.60709673,23.26
1788813150,3.2807738300000002,2.60528213,23.26
1788813160,3.27356295,2.59893103,23.25
1788813170,3.27356295,2.59893103,23.26
1788813180,3.26815479,2.59530183,23.25
1788813190,3.26274663,2.59076533,23.25
1788813200,3.2591411900000002,2.58895073,23.29
1788813210,3.25733847,2.58804343,23.25
1788813220,3.2591411900000002,2.58895073,23.29
1788813230,3.25553575,2.58713613,23.25
1788813240,3.26094391,2.59076533,23.28
1788813250,3.2717602300000004,2.59893103,23.26
1788813260,3.26094391,2.59167263,23.26
1788813270,3.25733847,2.58804343,23.28
1788813280,3.26094391,2.59076533,23.26
1788813290,3.26635207,2.59439453,23.25
1788813300,3.2717602300000004,2.59893103,23.25
1788813310,3.2753656700000002,2.60165293,23.25
1788813320,3.2753656700000002,2.60165293,23.28
1788813330,3.2771683900000004,2.60256023,23.26
1788813340,3.27356295,2.59983833,23.25
1788813350,3.2717602300000004,2.59802373,23.25
1788813360,3.2699575100000002,2.59711643,23.26
1788813370,3.27356295,2.59983833,23.28
1788813380,3.2753656700000002,2.60165293,23.26
1788813390,3.27356295,2.60074563,23.28
1788813400,3.2699575100000002,2.59802373,23.26
1788813410,3.2771683900000004,2.60346753,23.25
1788813420,3.2753656700000002,2.60165293,23.29
1788813430,3.27356295,2.59893103,23.26
1788813440,3.26815479,2.59620913,23.25
1788813450,3.2591411900000002,2.58804343,23.26
1788813460,3.25733847,2.58895073,23.26
1788813470,3.25012759,2.58259963,23.26
1788813480,3.2321003900000003,2.56899013,23.26
1788813490,3.23931127,2.57352663,23.28
1788813500,3.24471943,2.57897043,23.26
1788813510,3.2537330300000002,2.58441423,23.26
1788813520,3.2483248700000003,2.57987773,23.26
1788813530,3.25193031,2.58350693,23.26
1788813540,3.26635207,2.59439453,23.26
1788813550,3.2699575100000002,2.59711643,23.26
1788813560,3.2717602300000004,2.59802373,23.25
1788813570,3.2717602300000004,2.59893103,23.29
1788813580,3.2699575100000002,2.59711643,23.28
1788813590,3.26815479,2.59620913,23.26
1788813600,3.2645493500000002,2.59348723,23.28
1788813610,3.26635207,2.59439453,23.29
1788813620,3.27356295,2.59983833,23.26
1788813630,3.27897111,2.60346753,23.26
1788813640,3.2771683900000004,2.60256023,23.28
1788813650,3.27897111,2.60346753,23.29
1788813660,3.2807738300000002,2.60528213,23.29
1788813670,3.27897111,2.60346753,23.3
1788813680,3.27897111,2.60256023,23.26
1788813690,3.27897111,2.60346753,23.26
1788813700,3.2771683900000004,2.60165293,23.3
1788813710,3.2717602300000004,2.59802373,23.29
1788813720,3.2717602300000004,2.59802373,23.29
1788813730,3.2717602300000004,2.59802373,23.3
1788813740,3.2771683900000004,2.60165293,23.3
1788813750,3.2753656700000002,2.60165293,23.29
1788813760,3.2771683900000004,2.60165293,23.32
1788813770,3.2771683900000004,2.60256023,23.3
1788813780,3.2753656700000002,2.60074563,23.28
1788813790,3.2771683900000004,2.60165293,23.29
1788813800,3.27356295,2.59983833,23.29
1788813810,3.27356295,2.59893103,23.29
1788813820,3.2753656700000002,2.59983833,23.26
1788813830,3.2699575100000002,2.59711643,23.29
1788813840,3.2699575100000002,2.59711643,23.28
1788813850,3.26815479,2.59620913,23.28
1788813860,3.2717602300000004,2.59802373,23.28
1788813870,3.2699575100000002,2.59711643,23.3
1788813880,3.2717602300000004,2.59893103,23.3
1788813890,3.27356295,2.59983833,23.29
1788813900,3.2699575100000002,2.59620913,23.28
1788813910,3.2717602300000004,2.59893103,23.26
1788813920,3.2753656700000002,2.60165293,23.26
1788813930,3.2753656700000002,2.60165293,23.29
1788813940,3.2771683900000004,2.60256023,23.29
1788813950,3.27356295,2.59983833,23.29
1788813960,3.2771683900000004,2.60165293,23.26
1788813970,3.2753656700000002,2.60074563,23.28
1788813980,3.2753656700000002,2.60074563,23.28
1788813990,3.2717602300000004,2.59893103,23.3
1788814000,3.26815479,2.59620913,23.29
1788814010,3.26815479,2.59620913,23.29
1788814020,3.2645493500000002,2.59348723,23.28
1788814030,3.26635207,2.59439453,23.3
1788814040,3.26635207,2.59530183,23.29
1788814050,3.26274663,2.59257993,23.29
1788814060,3.2645493500000002,2.59348723,23.29
1788814070,3.2699575100000002,2.59802373,23.29
1788814080,3.26815479,2.59620913,23.28
1788814090,3.26274663,2.59167263,23.28
1788814100,3.26274663,2.59167263,23.28
1788814110,3.2645493500000002,2.59348723,23.28
1788814120,3.26635207,2.59348723,23.29
1788814130,3.26815479,2.59620913,23.29
1788814140,3.2645493500000002,2.59257993,23.29
1788814150,3.26635207,2.59439453,23.29
1788814160,3.26635207,2.59439453,23.28
1788814170,3.26815479,2.59620913,23.29
1788814180,3.2717602300000004,2.59802373,23.28
1788814190,3.2699575100000002,2.59620913,23.28
1788814200,3.2699575100000002,2.59711643,23.26
1788814210,3.2699575100000002,2.59711643,23.25
1788814220,3.26815479,2.59530183,23.28
1788814230,3.2645493500000002,2.59348723,23.28
1788814240,3.26635207,2.59439453,23.28
1788814250,3.26274663,2.59257993,23.29
1788814260,3.2645493500000002,2.59257993,23.29
1788814270,3.26094391,2.59076533,23.28
1788814280,3.26094391,2.59076533,23.28
1788814290,3.26094391,2.58985803,23.29
1788814300,3.2645493500000002,2.59348723,23.3
1788814310,3.26094391,2.58985803,23.28
1788814320,3.2591411900000002,2.58985803,23.3
1788814330,3.26094391,2.59076533,23.3
1788814340,3.25733847,2.58804343,23.29
1788814350,3.25733847,2.58895073,23.3
1788814360,3.2591411900000002,2.58985803,23.3
1788814370,3.2537330300000002,2.58713613,23.28
1788814380,3.18162423,2.53088353,23.3
1788814390,3.13114807,2.49186963,23.3
1788814400,3.14376711,2.5000353300000002,23.3
1788814410,3.17080791,2.52181053,23.3
1788814420,3.1888351100000003,2.53542003,23.29
1788814430,3.19604599,2.54086383,23.28
1788814440,3.1617943100000003,2.51455213,23.26
1788814450,3.13655623,2.49640613,23.3
1788814460,3.12213447,2.4855185300000002,23.28
1788814470,3.1401616700000003,2.50094263,23.28
1788814480,3.16900519,2.52181053,23.29
1788814490,3.1942432700000003,2.54086383,23.28
1788814500,3.20686231,2.55084413,23.29
1788814510,3.2158759100000003,2.55900983,23.29
1788814520,3.21767863,2.55900983,23.29
1788814530,3.23029767,2.56808283,23.28
1788814540,3.2375085500000003,2.57443393,23.3
1788814550,3.2429167100000003,2.57715583,23.28
1788814560,3.2483248700000003,2.58169233,23.29
1788814570,3.24652215,2.58078503,23.32
1788814580,3.2537330300000002,2.58532153,23.3
1788814590,3.2537330300000002,2.58532153,23.3
1788814600,3.25553575,2.58622883,23.3
1788814610,3.25553575,2.58622883,23.3
1788814620,3.2591411900000002,2.58985803,23.3
1788814630,3.26094391,2.59076533,23.32
1788814640,3.26274663,2.59257993,23.3
1788814650,3.26094391,2.58985803,23.3
1788814660,3.26094391,2.59076533,23.3
1788814670,3.2591411900000002,2.58985803,23.32
1788814680,3.25553575,2.58622883,23.3
1788814690,3.25553575,2.58713613,23.29
1788814700,3.25733847,2.58895073,23.3
1788814710,3.2537330300000002,2.58622883,23.28
1788814720,3.2537330300000002,2.58532153,23.29
1788814730,3.25733847,2.58804343,23.3
1788814740,3.25553575,2.58713613,23.28
1788814750,3.25733847,2.58713613,23.3
1788814760,3.25733847,2.58804343,23.28
1788814770,3.25733847,2.58713613,23.28
1788814780,3.25733847,2.58804343,23.3
1788814790,3.25553575,2.58622883,23.29
1788814800,3.25733847,2.58713613,23.29
1788814810,3.25553575,2.58622883,23.28
1788814820,3.2537330300000002,2.58532153,23.26
1788814830,3.2537330300000002,2.58441423,23.28
1788814840,3.25553575,2.58622883,23.28
1788814850,3.25193031,2.58441423,23.3
1788814860,3.2483248700000003,2.58078503,23.28
1788814870,3.25012759,2.58259963,23.28
1788814880,3.25012759,2.58259963,23.3
1788814890,3.24652215,2.57897043,23.28
1788814900,3.24652215,2.57806313,23.26
1788814910,3.25193031,2.58441423,23.25
1788814920,3.25012759,2.58169233,23.26
1788814930,3.24652215,2.57987773,23.25
1788814940,3.24471943,2.57806313,23.28
1788814950,3.24111399,2.57534123,23.28
1788814960,3.24652215,2.57987773,23.26
1788814970,3.2483248700000003,2.58078503,23.26
1788814980,3.24471943,2.57715583,23.28
1788814990,3.24111399,2.57443393,23.25
1788815000,3.24111399,2.57443393,23.26
1788815010,3.2429167100000003,2.57624853,23.28
1788815020,3.24111399,2.57534123,23.26
1788815030,3.23931127,2.57352663,23.26
1788815040,3.2375085500000003,2.57171203,23.28
1788815050,3.23390311,2.56808283,23.26
1788815060,3.2375085500000003,2.57171203,23.29
1788815070,3.23029767,2.56626823,23.28
1788815080,3.23570583,2.56989743,23.26
1788815090,3.2321003900000003,2.56717553,23.28
1788815100,3.23570583,2.56989743,23.28
1788815110,3.2429167100000003,2.57715583,23.28
1788815120,3.24471943,2.57806313,23.3
1788815130,3.24111399,2.57534123,23.26
1788815140,3.2429167100000003,2.57624853,23.28
1788815150,3.23931127,2.57261933,23.29
1788815160,3.23931127,2.57261933,23.3
1788815170,3.2429167100000003,2.57534123,23.26
1788815180,3.23570583,2.56989743,23.28
1788815190,3.2375085500000003,2.57080473,23.25
1788815200,3.2375085500000003,2.57261933,23.26
1788815210,3.23931127,2.57352663,23.25
1788815220,3.23931127,2.57443393,23.24
1788815230,3.23931127,2.57352663,23.26
1788815240,3.23931127,2.57443393,23.26
1788815250,3.23570583,2.57171203,23.26
1788815260,3.23931127,2.57352663,23.24
1788815270,3.23390311,2.56989743,23.25
1788815280,3.24471943,2.57806313,23.24
1788815290,3.24111399,2.57443393,23.25
1788815300,3.23931127,2.57352663,23.24
1788815310,3.23390311,2.57080473,23.24
1788815320,3.23570583,2.57080473,23.21
1788815330,3.23029767,2.56717553,23.25
1788815340,3.2321003900000003,2.56899013,23.26
1788815350,3.23029767,2.56717553,23.24
1788815360,3.2266922300000003,2.56263903,23.24
1788815370,3.23029767,2.56717553,23.22
1788815380,3.23390311,2.56899013,23.25
1788815390,3.23570583,2.56989743,23.24
1788815400,3.23390311,2.56899013,23.24
1788815410,3.23570583,2.57080473,23.24
1788815420,3.23931127,2.57261933,23.24
1788815430,3.2321003900000003,2.56717553,23.26
1788815440,3.2321003900000003,2.56717553,23.25
1788815450,3.22308679,2.56082443,23.25
1788815460,3.2104677500000003,2.54993683,23.25
1788815470,3.20325687,2.54540033,23.25
1788815480,3.20686231,2.54812223,23.25
1788815490,3.2104677500000003,2.55175143,23.26
1788815500,3.20866503,2.54993683,23.25
1788815510,3.21407319,2.55356603,23.26
1788815520,3.2158759100000003,2.55538063,23.24
1788815530,3.21767863,2.55628793,23.25
1788815540,3.21767863,2.55628793,23.26
1788815550,3.21767863,2.55628793,23.25
1788815560,3.22308679,2.55991713,23.24
1788815570,3.22488951,2.56082443,23.24
1788815580,3.2158759100000003,2.55538063,23.25
1788815590,3.2104677500000003,2.55084413,23.24
1788815600,3.20866503,2.54902953,23.25
1788815610,3.2266922300000003,2.56263903,23.25
1788815620,3.23390311,2.56808283,23.24
1788815630,3.22849495,2.56445363,23.22
1788815640,3.21948135,2.55719523,23.24
1788815650,3.20866503,2.54812223,23.24
1788815660,3.20325687,2.54449303,23.22
1788815670,3.19063783,2.53632733,23.24
1788815680,3.19063783,2.53542003,23.21
1788815690,3.1996514300000003,2.54267843,23.21
1788815700,3.1996514300000003,2.54358573,23.22
1788815710,3.1996514300000003,2.54267843,23.24
1788815720,3.2050595900000003,2.54540033,23.22
1788815730,3.18703239,2.53179083,23.22
1788815740,3.18703239,2.53269813,23.22
1788815750,3.1834269500000003,2.52997623,23.22
1788815760,3.18703239,2.53269813,23.22
1788815770,3.1888351100000003,2.53451273,23.24
1788815780,3.19244055,2.53723463,23.24
1788815790,3.19244055,2.53723463,23.24
1788815800,3.19244055,2.53723463,23.25
1788815810,3.1996514300000003,2.54177113,23.22
1788815820,3.20866503,2.54993683,23.25
1788815830,3.20866503,2.54902953,23.22
1788815840,3.21767863,2.55628793,23.26
1788815850,3.21407319,2.55447333,23.26
1788815860,3.20866503,2.54993683,23.24
1788815870,3.20325687,2.54540033,23.25
1788815880,3.1996514300000003,2.54358573,23.24
1788815890,3.20866503,2.55084413,23.25
1788815900,3.1996514300000003,2.54267843,23.26
1788815910,3.19604599,2.53995653,23.24
1788815920,3.20866503,2.54993683,23.25
1788815930,3.20325687,2.54449303,23.24
1788815940,3.20866503,2.54993683,23.24
1788815950,3.2050595900000003,2.54721493,23.22
1788815960,3.19063783,2.53632733,23.21
1788815970,3.19063783,2.53632733,23.24
1788815980,3.19784871,2.54177113,23.24
1788815990,3.2050595900000003,2.54721493,23.22
1788816000,3.19244055,2.53814193,23.24
1788816010,3.19063783,2.53632733,23.22
1788816020,3.18703239,2.53360543,23.24
1788816030,3.18162423,2.52906893,23.25
1788816040,3.17982151,2.52816163,23.25
1788816050,3.17982151,2.52816163,23.24
1788816060,3.17621607,2.52453243,23.24
1788816070,3.17982151,2.52816163,23.22
1788816080,3.18703239,2.53451273,23.25
1788816090,3.20145415,2.54449303,23.21
1788816100,3.19063783,2.53632733,23.24
1788816110,3.1888351100000003,2.53542003,23.22
1788816120,3.17982151,2.52725433,23.22
1788816130,3.1726106300000003,2.52271783,23.24
1788816140,3.17621607,2.52543973,23.22
1788816150,3.17080791,2.52090323,23.22
1788816160,3.17621607,2.52543973,23.21
1788816170,3.1780187900000003,2.52634703,23.22
1788816180,3.1780187900000003,2.52725433,23.21
1788816190,3.16900519,2.51999593,23.25
1788816200,3.16900519,2.51908863,23.25
1788816210,3.16359703,2.51636673,23.22
1788816220,3.17441335,2.52453243,23.24
1788816230,3.17621607,2.52453243,23.22
1788816240,3.17621607,2.52453243,23.24
1788816250,3.17080791,2.52090323,23.22
1788816260,3.17621607,2.52543973,23.22
1788816270,3.17621607,2.52543973,23.24
1788816280,3.17982151,2.52725433,23.24
1788816290,3.1726106300000003,2.52181053,23.22
1788816300,3.16900519,2.51908863,23.22
1788816310,3.15999159,2.51273753,23.25
1788816320,3.15999159,2.51273753,23.22
1788816330,3.1672024700000003,2.51908863,23.26
1788816340,3.1726106300000003,2.52181053,23.25
1788816350,3.1726106300000003,2.52181053,23.26
1788816360,3.17621607,2.52453243,23.24
1788816370,3.18162423,2.52997623,23.26
1788816380,3.1834269500000003,2.53088353,23.25
1788816390,3.1834269500000003,2.53088353,23.26
1788816400,3.1726106300000003,2.52271783,23.26
1788816410,3.16900519,2.51908863,23.24
1788816420,3.1672024700000003,2.51818133,23.25
1788816430,3.16359703,2.51545943,23.25
1788816440,3.16359703,2.51636673,23.24
1788816450,3.15999159,2.51364483,23.25
1788816460,3.1563861500000003,2.51092293,23.25
1788816470,3.1563861500000003,2.51092293,23.22
1788816480,3.17080791,2.52181053,23.25
1788816490,3.16900519,2.51999593,23.25
1788816500,3.15999159,2.51364483,23.25
1788816510,3.1509779900000003,2.50638643,23.25
1788816520,3.14737255,2.50366453,23.24
1788816530,3.14917527,2.50457183,23.24
1788816540,3.15458343,2.50910833,23.26
1788816550,3.14917527,2.50547913,23.22
1788816560,3.14917527,2.50547913,23.22
1788816570,3.1563861500000003,2.51092293,23.25
1788816580,3.15999159,2.51364483,23.22
1788816590,3.15999159,2.51273753,23.26
1788816600,3.16900519,2.51999593,23.25
1788816610,3.17080791,2.52090323,23.25
1788816620,3.1672024700000003,2.51818133,23.24
1788816630,3.15818887,2.51273753,23.25
1788816640,3.14737255,2.50366453,23.28
1788816650,3.1401616700000003,2.49912803,23.25
1788816660,3.13655623,2.49640613,23.24
1788816670,3.1509779900000003,2.50638643,23.22
1788816680,3.15999159,2.51273753,23.24
1788816690,3.1563861500000003,2.51001563,23.22
1788816700,3.16359703,2.51545943,23.25
1788816710,3.1726106300000003,2.52271783,23.21
1788816720,3.16539975,2.51636673,23.22
1788816730,3.16359703,2.51545943,23.22
1788816740,3.1563861500000003,2.51092293,23.24
1788816750,3.15278071,2.50729373,23.24
1788816760,3.1563861500000003,2.51001563,23.25
1788816770,3.1563861500000003,2.51092293,23.24
1788816780,3.1563861500000003,2.51092293,23.21
1788816790,3.15818887,2.51183023,23.22
1788816800,3.15818887,2.51183023,23.21
1788816810,3.14917527,2.50547913,23.22
1788816820,3.14917527,2.50638643,23.21
1788816830,3.14376711,2.50184993,23.22
1788816840,3.1347535100000004,2.49368423,23.21
1788816850,3.13114807,2.4927769300000002,23.18
1788816860,3.1347535100000004,2.49549883,23.21
1788816870,3.14376711,2.50094263,23.19
1788816880,3.14376711,2.50094263,23.22
1788816890,3.14376711,2.50094263,23.22
1788816900,3.1347535100000004,2.49459153,23.22
1788816910,3.13655623,2.49549883,23.19
1788816920,3.13835895,2.49822073,23.21
1788816930,3.12573991,2.48914773,23.22
1788816940,3.1239371900000004,2.48642583,23.22
1788816950,3.12033175,2.48461123,23.22
1788816960,3.12754263,2.48914773,23.21
1788816970,3.1293453500000004,2.49096233,23.22
1788816980,3.1293453500000004,2.49096233,23.21
1788816990,3.1293453500000004,2.49096233,23.21
1788817000,3.1293453500000004,2.49096233,23.21
1788817010,3.12573991,2.48824043,23.19
1788817020,3.13655623,2.49640613,23.21
1788817030,3.1455698300000003,2.50275723,23.22
1788817040,3.14737255,2.50457183,23.21
1788817050,3.15278071,2.50910833,23.21
1788817060,3.1672024700000003,2.51908863,23.22
1788817070,3.16359703,2.51545943,23.21
1788817080,3.1563861500000003,2.51092293,23.21
1788817090,3.14917527,2.50638643,23.22
1788817100,3.14196439,2.50094263,23.21
1788817110,3.1401616700000003,2.49912803,23.22
1788817120,3.13114807,2.49368423,23.24
1788817130,3.1347535100000004,2.49549883,23.22
1788817140,3.14376711,2.50184993,23.24
1788817150,3.1401616700000003,2.49912803,23.21
1788817160,3.13295079,2.49368423,23.21
1788817170,3.13295079,2.49368423,23.21
1788817180,3.14376711,2.50094263,23.24
1788817190,3.14376711,2.50184993,23.22
1788817200,3.1455698300000003,2.50366453,23.25
1788817210,3.13655623,2.49640613,23.22
1788817220,3.13295079,2.49459153,23.25
1788817230,3.14196439,2.50094263,23.22
1788817240,3.1455698300000003,2.50366453,23.25
1788817250,3.14376711,2.50184993,23.21
1788817260,3.19063783,2.53723463,23.21
1788817270,3.19784871,2.54449303,23.21
1788817280,3.1617943100000003,2.51818133,23.22
1788817290,3.10951543,2.48007473,23.21
1788817300,3.08788279,2.46283603,23.21
1788817310,3.09148823,2.46465063,23.19
1788817320,3.1077127100000004,2.4782601300000002,23.21
1788817330,3.14917527,2.50820103,23.19
1788817340,3.18522967,2.53451273,23.21
1788817350,3.19784871,2.54267843,23.22
1788817360,3.1996514300000003,2.54449303,23.22
1788817370,3.19244055,2.53814193,23.21
1788817380,3.18703239,2.53360543,23.21
1788817390,3.17080791,2.52090323,23.19
1788817400,3.15818887,2.51273753,23.19
1788817410,3.1563861500000003,2.51092293,23.19
1788817420,3.15818887,2.51364483,23.19
1788817430,3.1509779900000003,2.50729373,23.21
1788817440,3.14917527,2.50638643,23.19
1788817450,3.1509779900000003,2.50820103,23.16
1788817460,3.14737255,2.50547913,23.18
1788817470,3.13835895,2.49822073,23.16
1788817480,3.14376711,2.50184993,23.16
1788817490,3.14917527,2.50638643,23.18
1788817500,3.13835895,2.49912803,23.18
1788817510,3.13655623,2.49731343,23.16
1788817520,3.1455698300000003,2.50366453,23.18
1788817530,3.14196439,2.50094263,23.16
1788817540,3.14196439,2.50094263,23.18
1788817550,3.1401616700000003,2.5000353300000002,23.19
1788817560,3.14376711,2.50184993,23.18
1788817570,3.1347535100000004,2.49549883,23.19
1788817580,3.1455698300000003,2.50275723,23.18
1788817590,3.14917527,2.50638643,23.19
1788817600,3.14196439,2.50094263,23.19
1788817610,3.13114807,2.49186963,23.19
1788817620,3.12573991,2.48914773,23.16
1788817630,3.12213447,2.48642583,23.19
1788817640,3.11672631,2.48279663,23.21
1788817650,3.10951543,2.47735283,23.21
1788817660,3.1059099900000002,2.47463093,23.18
1788817670,3.10410727,2.47372363,23.18
1788817680,3.10230455,2.47190903,23.19
1788817690,3.10951543,2.47735283,23.18
1788817700,3.1077127100000004,2.47553823,23.18
1788817710,3.10951543,2.47644553,23.19
1788817720,3.1131208700000004,2.48007473,23.16
1788817730,3.11492359,2.48188933,23.19
1788817740,3.12213447,2.48642583,23.19
1788817750,3.12213447,2.48642583,23.21
1788817760,3.1239371900000004,2.48733313,23.19
1788817770,3.12033175,2.48461123,23.19
1788817780,3.11672631,2.48279663,23.18
1788817790,3.1113181500000002,2.47916743,23.21
1788817800,3.1077127100000004,2.47735283,23.21
1788817810,3.1059099900000002,2.47644553,23.19
1788817820,3.1131208700000004,2.48007473,23.19
1788817830,3.10951543,2.4782601300000002,23.21
1788817840,3.10410727,2.47463093,23.22
1788817850,3.09869911,2.4710017300000002,23.22
1788817860,3.10410727,2.47372363,23.21
1788817870,3.1059099900000002,2.47463093,23.21
1788817880,3.10410727,2.47372363,23.19
1788817890,3.10230455,2.47190903,23.22
1788817900,3.1113181500000002,2.47916743,23.21
1788817910,3.1131208700000004,2.48007473,23.21
1788817920,3.1113181500000002,2.47916743,23.19
1788817930,3.11492359,2.48098203,23.21
1788817940,3.1131208700000004,2.47916743,23.21
1788817950,3.1131208700000004,2.48007473,23.18
1788817960,3.1185290300000004,2.48461123,23.19
1788817970,3.10951543,2.4782601300000002,23.22
1788817980,3.10230455,2.47372363,23.21
1788817990,3.1005018300000002,2.47190903,23.18
1788818000,3.10410727,2.47281633,23.19
1788818010,3.10410727,2.47463093,23.19
1788818020,3.10951543,2.47735283,23.21
1788818030,3.1113181500000002,2.47916743,23.21
1788818040,3.11672631,2.48279663,23.21
1788818050,3.11672631,2.48279663,23.19
1788818060,3.12754263,2.49005503,23.21
1788818070,3.12573991,2.48914773,23.21
1788818080,3.11672631,2.48188933,23.21
1788818090,3.1113181500000002,2.4782601300000002,23.21
1788818100,3.1077127100000004,2.47644553,23.21
1788818110,3.1113181500000002,2.47916743,23.21
1788818120,3.10951543,2.47735283,23.22
1788818130,3.11492359,2.48007473,23.21
1788818140,3.1185290300000004,2.48279663,23.19
1788818150,3.1239371900000004,2.48733313,23.19
1788818160,3.12213447,2.48642583,23.22
1788818170,3.10951543,2.47644553,23.21
1788818180,3.10951543,2.47644553,23.19
1788818190,3.10230455,2.4710017300000002,23.21
1788818200,3.10410727,2.47281633,23.21
1788818210,3.10230455,2.47190903,23.19
1788818220,3.10410727,2.47372363,23.21
1788818230,3.1077127100000004,2.47644553,23.18
1788818240,3.10410727,2.47372363,23.19
1788818250,3.1005018300000002,2.47190903,23.19
1788818260,3.09869911,2.47009443,23.19
1788818270,3.1005018300000002,2.4710017300000002,23.21
1788818280,3.10230455,2.47190903,23.18
1788818290,3.0950936700000002,2.46737253,23.18
1788818300,3.09329095,2.46555793,23.19
1788818310,3.0896855100000002,2.4637433300000002,23.21
1788818320,3.08788279,2.46192873,23.19
1788818330,3.09329095,2.46555793,23.19
1788818340,3.09869911,2.46918713,23.19
1788818350,3.09329095,2.46646523,23.18
1788818360,3.09869911,2.47009443,23.18
1788818370,3.09689639,2.46827983,23.18
1788818380,3.09329095,2.46555793,23.19
1788818390,3.09329095,2.46555793,23.19
1788818400,3.09689639,2.46918713,23.19
1788818410,3.09329095,2.46646523,23.21
1788818420,3.0950936700000002,2.46827983,23.18
1788818430,3.09329095,2.46646523,23.19
1788818440,3.09148823,2.46555793,23.21
1788818450,3.09329095,2.46646523,23.21
1788818460,3.08608007,2.46102143,23.19
1788818470,3.0896855100000002,2.46465063,23.19
1788818480,3.0896855100000002,2.4637433300000002,23.18
1788818490,3.09148823,2.46465063,23.19
1788818500,3.08788279,2.46192873,23.19
1788818510,3.0842773500000003,2.46011413,23.18
1788818520,3.0896855100000002,2.4637433300000002,23.18
1788818530,3.08608007,2.46102143,23.19
1788818540,3.08608007,2.46102143,23.18
1788818550,3.09148823,2.46465063,23.18
1788818560,3.09329095,2.46646523,23.19
1788818570,3.09689639,2.46918713,23.19
1788818580,3.0896855100000002,2.4637433300000002,23.19
1788818590,3.09689639,2.46918713,23.21
1788818600,3.08788279,2.46283603,23.19
1788818610,3.0842773500000003,2.46011413,23.18
1788818620,3.08788279,2.46283603,23.18
1788818630,3.0896855100000002,2.4637433300000002,23.19
1788818640,3.09689639,2.46827983,23.21
1788818650,3.10230455,2.47190903,23.19
1788818660,3.09689639,2.46918713,23.18
1788818670,3.0950936700000002,2.46737253,23.19
1788818680,3.09869911,2.47009443,23.19
1788818690,3.1113181500000002,2.47916743,23.19
1788818700,3.10951543,2.4782601300000002,23.21
1788818710,3.1059099900000002,2.47553823,23.19
1788818720,3.1005018300000002,2.4710017300000002,23.21
1788818730,3.09689639,2.46918713,23.19
1788818740,3.0950936700000002,2.46827983,23.19
1788818750,3.0950936700000002,2.46827983,23.21
1788818760,3.09689639,2.46918713,23.22
1788818770,3.10230455,2.47281633,23.15
1788818780,3.09689639,2.46918713,23.21
1788818790,3.1005018300000002,2.4710017300000002,23.19
1788818800,3.1077127100000004,2.47735283,23.21
1788818810,3.1059099900000002,2.47463093,23.19
1788818820,3.1059099900000002,2.47553823,23.18
1788818830,3.09689639,2.46918713,23.19
1788818840,3.0950936700000002,2.46827983,23.21
1788818850,3.09329095,2.46555793,23.18
1788818860,3.10230455,2.47372363,23.18
1788818870,3.1005018300000002,2.47190903,23.22
1788818880,3.09329095,2.46737253,23.21
1788818890,3.09148823,2.46555793,23.19
1788818900,3.08788279,2.46283603,23.19
1788818910,3.08608007,2.46192873,23.19
1788818920,3.08247463,2.45920683,23.19
1788818930,3.08247463,2.45920683,23.22
1788818940,3.08788279,2.46283603,23.21
1788818950,3.08608007,2.46192873,23.21
1788818960,3.08608007,2.46192873,23.21
1788818970,3.08788279,2.4637433300000002,23.19
1788818980,3.08788279,2.4637433300000002,23.19
1788818990,3.09148823,2.46555793,23.18
1788819000,3.08608007,2.46192873,23.21
1788819010,3.0896855100000002,2.46465063,23.21
1788819020,3.0896855100000002,2.46465063,23.16
1788819030,3.09329095,2.46737253,23.19
1788819040,3.09148823,2.46646523,23.18
1788819050,3.08788279,2.4637433300000002,23.19
1788819060,3.09148823,2.46646523,23.18
1788819070,3.09329095,2.46737253,23.19
1788819080,3.09329095,2.46737253,23.19
1788819090,3.09148823,2.46555793,23.18
1788819100,3.0950936700000002,2.46827983,23.18
1788819110,3.0842773500000003,2.46102143,23.18
1788819120,3.09148823,2.46555793,23.18
1788819130,3.09148823,2.46646523,23.18
1788819140,3.09329095,2.46827983,23.19
1788819150,3.09329095,2.46737253,23.16
1788819160,3.0950936700000002,2.46918713,23.18
1788819170,3.09148823,2.46555793,23.19
1788819180,3.0896855100000002,2.46646523,23.18
1788819190,3.08788279,2.46283603,23.19
1788819200,3.08788279,2.4637433300000002,23.18
1788819210,3.09148823,2.46646523,23.18
1788819220,3.08788279,2.46465063,23.15
1788819230,3.09148823,2.46737253,23.15
1788819240,3.0950936700000002,2.47009443,23.15
1788819250,3.09148823,2.46737253,23.15
1788819260,3.09148823,2.46737253,23.12
1788819270,3.08788279,2.4637433300000002,23.14
1788819280,3.0842773500000003,2.46192873,23.15
1788819290,3.0896855100000002,2.46555793,23.14
1788819300,3.09329095,2.46827983,23.14
1788819310,3.09689639,2.47009443,23.14
1788819320,3.09148823,2.46737253,23.14
1788819330,3.08788279,2.4637433300000002,23.14
1788819340,3.0896855100000002,2.46555793,23.14
1788819350,3.08608007,2.4637433300000002,23.15
1788819360,3.0896855100000002,2.46555793,23.14
1788819370,3.08608007,2.4637433300000002,23.16
1788819380,3.0896855100000002,2.46555793,23.15
1788819390,3.09148823,2.46737253,23.14
1788819400,3.0896855100000002,2.46555793,23.14
1788819410,3.1005018300000002,2.47372363,23.12
1788819420,3.09148823,2.46737253,23.14
1788819430,3.0950936700000002,2.46918713,23.14
1788819440,3.0896855100000002,2.46465063,23.12
1788819450,3.08247463,2.46011413,23.12
1788819460,3.08788279,2.4637433300000002,23.12
1788819470,3.09148823,2.46737253,23.12
1788819480,3.09148823,2.46737253,23.14
1788819490,3.0950936700000002,2.46918713,23.12
1788819500,3.0896855100000002,2.46555793,23.15
1788819510,3.09148823,2.46646523,23.15
1788819520,3.0896855100000002,2.46555793,23.14
1788819530,3.0950936700000002,2.46918713,23.14
1788819540,3.0896855100000002,2.46465063,23.14
1788819550,3.09329095,2.46737253,23.15
1788819560,3.09689639,2.47009443,23.18
1788819570,3.09329095,2.46737253,23.14
1788819580,3.0950936700000002,2.47009443,23.14
1788819590,3.09148823,2.46646523,23.15
1788819600,3.08608007,2.46283603,23.12
1788819610,3.0896855100000002,2.46555793,23.15
1788819620,3.09148823,2.46737253,23.15
1788819630,3.09329095,2.46827983,23.16
1788819640,3.0950936700000002,2.46827983,23.14
1788819650,3.0950936700000002,2.46827983,23.16
1788819660,3.1005018300000002,2.47281633,23.16
1788819670,3.10410727,2.47553823,23.16
1788819680,3.1005018300000002,2.47372363,23.16
1788819690,3.09329095,2.46737253,23.18
1788819700,3.10230455,2.47372363,23.14
1788819710,3.1059099900000002,2.47735283,23.15
1788819720,3.1005018300000002,2.47372363,23.18
1788819730,3.1005018300000002,2.47372363,23.18
1788819740,3.0896855100000002,2.46465063,23.16
1788819750,3.08608007,2.46283603,23.19
1788819760,3.08608007,2.46192873,23.15
1788819770,3.08788279,2.46465063,23.18
1788819780,3.09148823,2.46737253,23.15
1788819790,3.09329095,2.46827983,23.16
1788819800,3.09869911,2.47190903,23.15
1788819810,3.09689639,2.47009443,23.14
1788819820,3.09329095,2.46827983,23.15
1788819830,3.10230455,2.47463093,23.15
1788819840,3.10410727,2.47644553,23.16
1788819850,3.09869911,2.47190903,23.16
1788819860,3.09689639,2.47009443,23.16
1788819870,3.09869911,2.47190903,23.14
1788819880,3.1005018300000002,2.47281633,23.14
1788819890,3.09148823,2.46646523,23.14
1788819900,3.09689639,2.47009443,23.18
1788819910,3.0896855100000002,2.46465063,23.16
1788819920,3.09869911,2.4710017300000002,23.15
1788819930,3.09329095,2.46827983,23.15
1788819940,3.0896855100000002,2.46555793,23.15
1788819950,3.10230455,2.47463093,23.15
1788819960,3.09869911,2.4710017300000002,23.16
1788819970,3.09689639,2.4710017300000002,23.14
1788819980,3.0950936700000002,2.47009443,23.14
1788819990,3.09689639,2.4710017300000002,23.15
1788820000,3.09689639,2.4710017300000002,23.15
1788820010,3.09689639,2.47009443,23.15
1788820020,3.09689639,2.4710017300000002,23.15
1788820030,3.1077127100000004,2.4782601300000002,23.16
1788820040,3.0950936700000002,2.47009443,23.15
1788820050,3.0950936700000002,2.47009443,23.15
1788820060,3.13295079,2.49549883,23.16
1788820070,3.15458343,2.51092293,23.15
1788820080,3.14737255,2.50638643,23.18
1788820090,3.1347535100000004,2.49731343,23.15
1788820100,3.1455698300000003,2.50638643,23.14
1788820110,3.1509779900000003,2.50910833,23.15
1788820120,3.15818887,2.51455213,23.16
1788820130,3.14737255,2.50729373,23.15
1788820140,3.13114807,2.49549883,23.14
1788820150,3.1239371900000004,2.49005503,23.15
1788820160,3.11672631,2.4855185300000002,23.15
1788820170,3.1005018300000002,2.47281633,23.14
1788820180,3.1005018300000002,2.47372363,23.11
1788820190,3.0950936700000002,2.46918713,23.14
1788820200,3.0950936700000002,2.47009443,23.12
1788820210,3.09689639,2.4710017300000002,23.12
1788820220,3.10230455,2.47463093,23.14
1788820230,3.09869911,2.47190903,23.14
1788820240,3.09329095,2.46827983,23.14
1788820250,3.09869911,2.47372363,23.15
1788820260,3.1059099900000002,2.4782601300000002,23.11
1788820270,3.10230455,2.47553823,23.14
1788820280,3.09689639,2.4710017300000002,23.11
1788820290,3.09689639,2.47190903,23.14
1788820300,3.10410727,2.47735283,23.12
1788820310,3.10230455,2.47463093,23.14
1788820320,3.10230455,2.47553823,23.15
1788820330,3.1059099900000002,2.4782601300000002,23.14
1788820340,3.10410727,2.47553823,23.14
1788820350,3.09869911,2.47281633,23.14
1788820360,3.1005018300000002,2.47372363,23.14
1788820370,3.10230455,2.47553823,23.15
1788820380,3.0950936700000002,2.47009443,23.12
1788820390,3.1005018300000002,2.47372363,23.14
1788820400,3.09329095,2.46827983,23.14
1788820410,3.10230455,2.47553823,23.15
1788820420,3.10230455,2.47463093,23.16
1788820430,3.09689639,2.4710017300000002,23.15
1788820440,3.10230455,2.47553823,23.15
1788820450,3.10230455,2.47553823,23.15
1788820460,3.1005018300000002,2.47463093,23.16
1788820470,3.10230455,2.47553823,23.14
1788820480,3.10410727,2.47735283,23.12
1788820490,3.09689639,2.47190903,23.15
1788820500,3.10410727,2.47644553,23.12
1788820510,3.1005018300000002,2.47463093,23.12
1788820520,3.1077127100000004,2.48007473,23.14
1788820530,3.10951543,2.48098203,23.11
1788820540,3.11492359,2.48461123,23.12
1788820550,3.10230455,2.47553823,23.15
1788820560,3.09869911,2.47190903,23.12
1788820570,3.10410727,2.47644553,23.14
1788820580,3.1059099900000002,2.47735283,23.16
1788820590,3.1005018300000002,2.47372363,23.12
1788820600,3.10230455,2.47553823,23.14
1788820610,3.09869911,2.47281633,23.12
1788820620,3.09689639,2.47190903,23.14
1788820630,3.1059099900000002,2.47735283,23.15
1788820640,3.09869911,2.47281633,23.12
1788820650,3.1059099900000002,2.47735283,23.14
1788820660,3.1005018300000002,2.47372363,23.15
1788820670,3.0950936700000002,2.47009443,23.14
1788820680,3.09869911,2.47281633,23.14
1788820690,3.09869911,2.47281633,23.18
1788820700,3.1005018300000002,2.47463093,23.16
1788820710,3.10410727,2.47735283,23.15
1788820720,3.1005018300000002,2.47463093,23.14
1788820730,3.09689639,2.47190903,23.15
1788820740,3.1059099900000002,2.4782601300000002,23.16
1788820750,3.09329095,2.46918713,23.14
1788820760,3.09689639,2.47190903,23.15
1788820770,3.09869911,2.47281633,23.15
1788820780,3.09148823,2.46827983,23.16
1788820790,3.09689639,2.4710017300000002,23.15
1788820800,3.09329095,2.46918713,23.14
1788820810,3.1059099900000002,2.47735283,23.15
1788820820,3.11492359,2.48461123,23.14
1788820830,3.1131208700000004,2.48279663,23.14
1788820840,3.10951543,2.48007473,23.15
1788820850,3.10951543,2.48098203,23.15
1788820860,3.1113181500000002,2.48188933,23.15
1788820870,3.1131208700000004,2.48279663,23.15
1788820880,3.1059099900000002,2.4782601300000002,23.15
1788820890,3.1131208700000004,2.48370393,23.15
1788820900,3.11492359,2.48370393,23.14
1788820910,3.11672631,2.48642583,23.15
1788820920,3.1113181500000002,2.48279663,23.16
1788820930,3.1059099900000002,2.4782601300000002,23.15
1788820940,3.1059099900000002,2.4782601300000002,23.14
1788820950,3.1005018300000002,2.47463093,23.12
1788820960,3.1059099900000002,2.4782601300000002,23.12
1788820970,3.10951543,2.48098203,23.14
1788820980,3.1113181500000002,2.48188933,23.14
1788820990,3.10410727,2.47735283,23.11
1788821000,3.1077127100000004,2.47916743,23.14
1788821010,3.10951543,2.48007473,23.11
1788821020,3.1077127100000004,2.48007473,23.12
1788821030,3.09689639,2.47190903,23.11
1788821040,3.09689639,2.47190903,23.11
1788821050,3.09869911,2.47281633,23.11
1788821060,3.09689639,2.4710017300000002,23.11
1788821070,3.1005018300000002,2.47372363,23.14
1788821080,3.10951543,2.48007473,23.12
1788821090,3.1113181500000002,2.48188933,23.12
1788821100,3.1113181500000002,2.48188933,23.11
1788821110,3.10951543,2.48007473,23.14
1788821120,3.1077127100000004,2.47916743,23.11
1788821130,3.1005018300000002,2.47463093,23.14
1788821140,3.0950936700000002,2.47009443,23.12
1788821150,3.1077127100000004,2.47916743,23.14
1788821160,3.1113181500000002,2.48098203,23.14
1788821170,3.1131208700000004,2.48279663,23.15
1788821180,3.11492359,2.48461123,23.15
1788821190,3.1185290300000004,2.48733313,23.15
1788821200,3.1185290300000004,2.48642583,23.15
1788821210,3.1239371900000004,2.49096233,23.15
1788821220,3.12213447,2.48914773,23.14
1788821230,3.11672631,2.4855185300000002,23.18
1788821240,3.12213447,2.48914773,23.14
1788821250,3.1239371900000004,2.49005503,23.14
1788821260,3.12033175,2.48824043,23.14
1788821270,3.1185290300000004,2.48642583,23.14
1788821280,3.1113181500000002,2.48188933,23.14
1788821290,3.1131208700000004,2.48279663,23.14
1788821300,3.12213447,2.48914773,23.14
1788821310,3.11492359,2.48370393,23.14
1788821320,3.11492359,2.48461123,23.16
1788821330,3.12213447,2.48914773,23.12
1788821340,3.1131208700000004,2.48279663,23.14
1788821350,3.11492359,2.48461123,23.11
1788821360,3.11672631,2.4855185300000002,23.12
1788821370,3.12213447,2.49005503,23.12
1788821380,3.1185290300000004,2.48733313,23.12
1788821390,3.1131208700000004,2.48188933,23.12
1788821400,3.11492359,2.48370393,23.12
1788821410,3.11672631,2.4855185300000002,23.12
1788821420,3.1239371900000004,2.49005503,23.12
1788821430,3.12033175,2.48824043,23.12
1788821440,3.12033175,2.48824043,23.11
1788821450,3.1113181500000002,2.48188933,23.12
1788821460,3.11492359,2.48370393,23.08
1788821470,3.10951543,2.48098203,23.12
1788821480,3.10951543,2.48098203,23.11
1788821490,3.1131208700000004,2.48279663,23.11
1788821500,3.1077127100000004,2.48007473,23.14
1788821510,3.1059099900000002,2.4782601300000002,23.11
1788821520,3.1077127100000004,2.47916743,23.12
1788821530,3.10951543,2.48007473,23.12
1788821540,3.1185290300000004,2.48642583,23.14
1788821550,3.1185290300000004,2.48733313,23.12
1788821560,3.1185290300000004,2.48642583,23.11
1788821570,3.11492359,2.48461123,23.14
1788821580,3.12213447,2.48914773,23.12
1788821590,3.1185290300000004,2.48642583,23.15
1788821600,3.12033175,2.48824043,23.12
1788821610,3.13114807,2.49731343,23.12
1788821620,3.13655623,2.5000353300000002,23.12
1788821630,3.13295079,2.49731343,23.12
1788821640,3.13295079,2.49822073,23.14
1788821650,3.13295079,2.49822073,23.14
1788821660,3.13655623,2.5000353300000002,23.11
1788821670,3.1293453500000004,2.49549883,23.11
1788821680,3.1347535100000004,2.49912803,23.12
1788821690,3.1239371900000004,2.49096233,23.08
1788821700,3.12573991,2.4927769300000002,23.11
1788821710,3.12033175,2.48824043,23.11
1788821720,3.1239371900000004,2.49005503,23.12
1788821730,3.1239371900000004,2.49096233,23.11
1788821740,3.12573991,2.4927769300000002,23.11
1788821750,3.12033175,2.48914773,23.11
1788821760,3.1239371900000004,2.49186963,23.11
1788821770,3.1185290300000004,2.48733313,23.12
1788821780,3.11492359,2.48461123,23.09
1788821790,3.1185290300000004,2.48733313,23.11
1788821800,3.12754263,2.49368423,23.09
1788821810,3.12573991,2.49186963,23.11
1788821820,3.12213447,2.48914773,23.11
1788821830,3.13114807,2.49640613,23.09
1788821840,3.13114807,2.49640613,23.09
1788821850,3.13295079,2.49731343,23.08
1788821860,3.13114807,2.49731343,23.09
1788821870,3.12213447,2.49005503,23.09
1788821880,3.12754263,2.49368423,23.09
1788821890,3.12754263,2.49368423,23.11
1788821900,3.12754263,2.49368423,23.11
1788821910,3.12033175,2.48824043,23.09
1788821920,3.1239371900000004,2.49096233,23.09
1788821930,3.1239371900000004,2.49005503,23.11
1788821940,3.1293453500000004,2.49459153,23.12
1788821950,3.13114807,2.49731343,23.09
1788821960,3.13114807,2.49640613,23.11
1788821970,3.1347535100000004,2.49822073,23.09
1788821980,3.1347535100000004,2.49912803,23.11
1788821990,3.13655623,2.50094263,23.09
1788822000,3.13295079,2.49822073,23.08
1788822010,3.12754263,2.49459153,23.11
1788822020,3.1185290300000004,2.48733313,23.06
1788822030,3.12033175,2.48914773,23.11
1788822040,3.1293453500000004,2.49459153,23.08
1788822050,3.12213447,2.49005503,23.11
1788822060,3.12213447,2.49005503,23.09
1788822070,3.1239371900000004,2.49186963,23.11
1788822080,3.12573991,2.49186963,23.09
1788822090,3.12573991,2.49186963,23.11
1788822100,3.1239371900000004,2.49096233,23.08
1788822110,3.13114807,2.49640613,23.08
1788822120,3.12754263,2.49459153,23.08
1788822130,3.13114807,2.49549883,23.11
1788822140,3.12754263,2.4927769300000002,23.11
1788822150,3.1239371900000004,2.49005503,23.11
1788822160,3.1293453500000004,2.49549883,23.09
1788822170,3.13655623,2.5000353300000002,23.12
1788822180,3.13295079,2.49731343,23.09
1788822190,3.1293453500000004,2.49549883,23.12
1788822200,3.13295079,2.49731343,23.11
1788822210,3.1293453500000004,2.49459153,23.12
1788822220,3.13114807,2.49640613,23.11
1788822230,3.12754263,2.49368423,23.09
1788822240,3.12754263,2.49459153,23.11
1788822250,3.12754263,2.4927769300000002,23.11
1788822260,3.12573991,2.4927769300000002,23.09
1788822270,3.12573991,2.4927769300000002,23.11
1788822280,3.1293453500000004,2.49549883,23.12
1788822290,3.12573991,2.4927769300000002,23.12
1788822300,3.12754263,2.4927769300000002,23.12
1788822310,3.12754263,2.49368423,23.11
1788822320,3.13114807,2.49640613,23.11
1788822330,3.13295079,2.49731343,23.12
1788822340,3.13114807,2.49640613,23.14
1788822350,3.13114807,2.49640613,23.11
1788822360,3.13295079,2.49731343,23.12
1788822370,3.13114807,2.49640613,23.11
1788822380,3.1293453500000004,2.49459153,23.09
1788822390,3.13114807,2.49549883,23.09
1788822400,3.12754263,2.49368423,23.09
1788822410,3.1293453500000004,2.49459153,23.11
1788822420,3.1293453500000004,2.49459153,23.09
1788822430,3.12754263,2.49368423,23.09
1788822440,3.13295079,2.49731343,23.09
1788822450,3.1347535100000004,2.49912803,23.11
1788822460,3.1239371900000004,2.49096233,23.09
1788822470,3.12573991,2.4927769300000002,23.09
1788822480,3.12573991,2.49186963,23.06
1788822490,3.12033175,2.48824043,23.08
1788822500,3.12213447,2.48914773,23.12
1788822510,3.12033175,2.48824043,23.12
1788822520,3.1293453500000004,2.49459153,23.09
1788822530,3.1293453500000004,2.49459153,23.09
1788822540,3.12573991,2.4927769300000002,23.11
1788822550,3.1293453500000004,2.49549883,23.09
1788822560,3.1293453500000004,2.49459153,23.09
1788822570,3.1293453500000004,2.49459153,23.09
1788822580,3.1293453500000004,2.49549883,23.11
1788822590,3.12754263,2.49459153,23.12
1788822600,3.1293453500000004,2.49549883,23.09
1788822610,3.13295079,2.49822073,23.09
1788822620,3.13114807,2.49640613,23.09
1788822630,3.1293453500000004,2.49459153,23.11
1788822640,3.12754263,2.49368423,23.12
1788822650,3.1347535100000004,2.49912803,23.11
1788822660,3.13835895,2.50184993,23.11
1788822670,3.13835895,2.50275723,23.09
1788822680,3.1347535100000004,2.5000353300000002,23.09
1788822690,3.13655623,2.50094263,23.12
1788822700,3.1293453500000004,2.49549883,23.11
1788822710,3.1347535100000004,2.49912803,23.09
1788822720,3.1347535100000004,2.5000353300000002,23.09
1788822730,3.13655623,2.5000353300000002,23.11
1788822740,3.13295079,2.49822073,23.11
1788822750,3.1293453500000004,2.49549883,23.11
1788822760,3.12573991,2.4927769300000002,23.12
1788822770,3.12754263,2.49368423,23.11
1788822780,3.1293453500000004,2.49459153,23.12
1788822790,3.1293453500000004,2.49549883,23.11
1788822800,3.12573991,2.49186963,23.08
1788822810,3.1293453500000004,2.49549883,23.08
1788822820,3.1293453500000004,2.49549883,23.11
1788822830,3.1293453500000004,2.49459153,23.14
1788822840,3.12573991,2.4927769300000002,23.11
1788822850,3.12754263,2.49459153,23.09
1788822860,3.1293453500000004,2.49459153,23.11
1788822870,3.13114807,2.49640613,23.09
1788822880,3.12213447,2.49186963,23.11
1788822890,3.12033175,2.49005503,23.09
1788822900,3.12573991,2.49459153,23.11
1788822910,3.12754263,2.49549883,23.09
1788822920,3.13295079,2.49912803,23.11
1788822930,3.1293453500000004,2.49640613,23.11
1788822940,3.1239371900000004,2.49368423,23.11
1788822950,3.1131208700000004,2.4855185300000002,23.09
1788822960,3.10951543,2.48370393,23.11
1788822970,3.1185290300000004,2.48914773,23.08
1788822980,3.11492359,2.48642583,23.09
1788822990,3.11492359,2.48642583,23.09
1788823000,3.12213447,2.49096233,23.09
1788823010,3.11492359,2.4855185300000002,23.09
1788823020,3.1131208700000004,2.48461123,23.12
1788823030,3.1239371900000004,2.49186963,23.12
1788823040,3.12754263,2.49459153,23.11
1788823050,3.1239371900000004,2.49186963,23.14
1788823060,3.1293453500000004,2.49549883,23.12
1788823070,3.12573991,2.4927769300000002,23.12
1788823080,3.12754263,2.49459153,23.14
1788823090,3.12754263,2.49368423,23.12
1788823100,3.1293453500000004,2.49549883,23.12
1788823110,3.13114807,2.49731343,23.14
1788823120,3.12754263,2.49459153,23.12
1788823130,3.12213447,2.49096233,23.11
1788823140,3.1239371900000004,2.49096233,23.14
1788823150,3.12573991,2.49186963,23.14
1788823160,3.12573991,2.4927769300000002,23.14
1788823170,3.1293453500000004,2.49640613,23.11
1788823180,3.1293453500000004,2.49549883,23.12
1788823190,3.12573991,2.49368423,23.12
1788823200,3.12573991,2.49368423,23.12
1788823210,3.12213447,2.49096233,23.14
1788823220,3.12033175,2.49005503,23.14
1788823230,3.12213447,2.49005503,23.11
1788823240,3.1185290300000004,2.48824043,23.11
1788823250,3.11672631,2.48642583,23.12
1788823260,3.11492359,2.4855185300000002,23.12
1788823270,3.11672631,2.48733313,23.12
1788823280,3.1185290300000004,2.48824043,23.12
1788823290,3.10951543,2.48188933,23.11
1788823300,3.1131208700000004,2.48370393,23.14
1788823310,3.1185290300000004,2.48733313,23.11
1788823320,3.11672631,2.48642583,23.14
1788823330,3.12033175,2.48824043,23.12
1788823340,3.12213447,2.49096233,23.14
1788823350,3.12033175,2.48914773,23.12
1788823360,3.1185290300000004,2.48733313,23.12
1788823370,3.12033175,2.48914773,23.12
1788823380,3.12213447,2.49096233,23.12
1788823390,3.11672631,2.48642583,23.11
1788823400,3.1185290300000004,2.48733313,23.12
1788823410,3.11492359,2.4855185300000002,23.12
1788823420,3.1185290300000004,2.48733313,23.12
1788823430,3.11492359,2.4855185300000002,23.14
1788823440,3.1239371900000004,2.49186963,23.15
1788823450,3.12213447,2.49005503,23.14
1788823460,3.1239371900000004,2.4927769300000002,23.14
1788823470,3.1239371900000004,2.49186963,23.12
1788823480,3.12754263,2.49459153,23.14
1788823490,3.1293453500000004,2.49549883,23.14
1788823500,3.12213447,2.49096233,23.12
1788823510,3.12213447,2.49096233,23.12
1788823520,3.12213447,2.49096233,23.11
1788823530,3.12573991,2.4927769300000002,23.14
1788823540,3.12573991,2.49368423,23.14
1788823550,3.13114807,2.49822073,23.11
1788823560,3.12754263,2.49549883,23.12
1788823570,3.12573991,2.49368423,23.14
1788823580,3.13295079,2.49912803,23.12
1788823590,3.1293453500000004,2.49640613,23.11
1788823600,3.12754263,2.49459153,23.12
1788823610,3.12573991,2.4927769300000002,23.11
1788823620,3.12573991,2.49368423,23.09
1788823630,3.12573991,2.49368423,23.11
1788823640,3.12573991,2.4927769300000002,23.09
1788823650,3.1239371900000004,2.4927769300000002,23.11
1788823660,3.12754263,2.49459153,23.11
1788823670,3.1293453500000004,2.49640613,23.09
1788823680,3.12754263,2.49459153,23.14
1788823690,3.13114807,2.49822073,23.14
1788823700,3.13114807,2.49731343,23.12
1788823710,3.1239371900000004,2.49186963,23.12
1788823720,3.11672631,2.48642583,23.11
1788823730,3.1185290300000004,2.48824043,23.14
1788823740,3.1239371900000004,2.49186963,23.08
1788823750,3.1239371900000004,2.4927769300000002,23.11
1788823760,3.1239371900000004,2.49186963,23.12
1788823770,3.12213447,2.49005503,23.11
1788823780,3.12213447,2.49186963,23.11
1788823790,3.1239371900000004,2.4927769300000002,23.11
1788823800,3.1239371900000004,2.49186963,23.14
1788823810,3.1239371900000004,2.49186963,23.12
1788823820,3.12573991,2.49368423,23.12
1788823830,3.12573991,2.49368423,23.09
1788823840,3.1293453500000004,2.49640613,23.12
1788823850,3.1293453500000004,2.49640613,23.12
1788823860,3.1293453500000004,2.49640613,23.09
1788823870,3.12573991,2.49368423,23.08
1788823880,3.1239371900000004,2.49186963,23.09
1788823890,3.12033175,2.49005503,23.09
1788823900,3.12213447,2.49005503,23.11
1788823910,3.12033175,2.49005503,23.08
1788823920,3.12573991,2.49368423,23.09
1788823930,3.1239371900000004,2.4927769300000002,23.09
1788823940,3.12573991,2.49368423,23.09
1788823950,3.11672631,2.48733313,23.11
1788823960,3.12573991,2.49459153,23.12
1788823970,3.1239371900000004,2.4927769300000002,23.08
1788823980,3.1185290300000004,2.48914773,23.08
1788823990,3.11672631,2.48642583,23.11
1788824000,3.1239371900000004,2.4927769300000002,23.11
1788824010,3.12213447,2.49096233,23.09
1788824020,3.12033175,2.49005503,23.08
1788824030,3.12213447,2.49096233,23.11
1788824040,3.12213447,2.49096233,23.11
1788824050,3.12033175,2.49005503,23.11
1788824060,3.12573991,2.49368423,23.12
1788824070,3.12213447,2.4927769300000002,23.11
1788824080,3.12213447,2.49186963,23.12
1788824090,3.12033175,2.49096233,23.11
1788824100,3.12213447,2.49186963,23.12
1788824110,3.11672631,2.48733313,23.11
1788824120,3.12033175,2.49005503,23.11
1788824130,3.1239371900000004,2.4927769300000002,23.12
1788824140,3.1239371900000004,2.49368423,23.11
1788824150,3.1239371900000004,2.4927769300000002,23.11
1788824160,3.12033175,2.49005503,23.09
1788824170,3.12033175,2.49005503,23.11
1788824180,3.11672631,2.48733313,23.08
1788824190,3.1131208700000004,2.4855185300000002,23.08
1788824200,3.11492359,2.4855185300000002,23.09
1788824210,3.1131208700000004,2.48461123,23.12
1788824220,3.11492359,2.4855185300000002,23.08
1788824230,3.12033175,2.49096233,23.09
1788824240,3.12213447,2.49186963,23.11
1788824250,3.1239371900000004,2.49368423,23.11
1788824260,3.12213447,2.49096233,23.09
1788824270,3.11492359,2.4855185300000002,23.09
1788824280,3.1185290300000004,2.48914773,23.11
1788824290,3.10951543,2.48188933,23.11
1788824300,3.10410727,2.47735283,23.12
1788824310,3.1077127100000004,2.48007473,23.08
1788824320,3.1131208700000004,2.48461123,23.11
1788824330,3.10951543,2.48188933,23.09
1788824340,3.1131208700000004,2.48461123,23.11
1788824350,3.11492359,2.48733313,23.12
1788824360,3.1113181500000002,2.48370393,23.09
1788824370,3.1077127100000004,2.48188933,23.11
1788824380,3.11492359,2.48642583,23.09
1788824390,3.1131208700000004,2.48461123,23.09
1788824400,3.11492359,2.48642583,23.08
1788824410,3.11672631,2.48733313,23.08
1788824420,3.1239371900000004,2.4927769300000002,23.09
1788824430,3.12213447,2.4927769300000002,23.11
1788824440,3.12754263,2.49640613,23.09
1788824450,3.12033175,2.49096233,23.09
1788824460,3.12213447,2.49186963,23.09
1788824470,3.11672631,2.48824043,23.08
1788824480,3.11672631,2.48733313,23.11
1788824490,3.11672631,2.48733313,23.09
1788824500,3.12033175,2.49096233,23.11
1788824510,3.1239371900000004,2.4927769300000002,23.08
1788824520,3.12213447,2.4927769300000002,23.09
1788824530,3.12213447,2.4927769300000002,23.08
1788824540,3.12213447,2.4927769300000002,23.08
1788824550,3.12033175,2.49096233,23.09
1788824560,3.12213447,2.49186963,23.08
1788824570,3.12213447,2.4927769300000002,23.08
1788824580,3.1239371900000004,2.49368423,23.06
1788824590,3.12213447,2.49186963,23.08
1788824600,3.1185290300000004,2.48914773,23.08
1788824610,3.1185290300000004,2.49005503,23.05
1788824620,3.11492359,2.48642583,23.05
1788824630,3.11672631,2.48824043,23.06
1788824640,3.12033175,2.49096233,23.08
1788824650,3.12213447,2.49186963,23.09
1788824660,3.1239371900000004,2.49368423,23.06
1788824670,3.12213447,2.49186963,23.06
1788824680,3.12213447,2.49186963,23.09
1788824690,3.12033175,2.49005503,23.05
1788824700,3.1239371900000004,2.49368423,23.08
1788824710,3.1185290300000004,2.49005503,23.08
1788824720,3.12213447,2.49186963,23.06
1788824730,3.12033175,2.49005503,23.06
1788824740,3.1113181500000002,2.48370393,23.08
1788824750,3.1185290300000004,2.48824043,23.05
1788824760,3.12033175,2.49096233,23.06
1788824770,3.12573991,2.49459153,23.06
1788824780,3.12213447,2.4927769300000002,23.08
1788824790,3.11492359,2.48642583,23.05
1788824800,3.12033175,2.49096233,23.06
1788824810,3.11672631,2.48824043,23.05
1788824820,3.11672631,2.48824043,23.06
1788824830,3.12033175,2.49096233,23.05
1788824840,3.1185290300000004,2.48914773,23.08
1788824850,3.12033175,2.49096233,23.08
1788824860,3.12033175,2.49005503,23.05
1788824870,3.1185290300000004,2.49005503,23.08
1788824880,3.11492359,2.48642583,23.09
1788824890,3.12213447,2.49186963,23.09
1788824900,3.12213447,2.49186963,23.09
1788824910,3.11672631,2.48824043,23.08
1788824920,3.11492359,2.48642583,23.08
1788824930,3.1113181500000002,2.48461123,23.09
1788824940,3.1185290300000004,2.48914773,23.09
1788824950,3.1185290300000004,2.49005503,23.08
1788824960,3.12033175,2.49096233,23.09
1788824970,3.11672631,2.48914773,23.08
1788824980,3.12033175,2.49096233,23.06
1788824990,3.12033175,2.49186963,23.06
1788825000,3.12033175,2.49096233,23.06
1788825010,3.1185290300000004,2.49005503,23.06
1788825020,3.12213447,2.4927769300000002,23.06
1788825030,3.1185290300000004,2.49005503,23.06
1788825040,3.1185290300000004,2.49005503,23.09
1788825050,3.12213447,2.49186963,23.06
1788825060,3.11492359,2.48733313,23.06
1788825070,3.12033175,2.49186963,23.06
1788825080,3.12213447,2.4927769300000002,23.08
1788825090,3.12573991,2.49549883,23.06
1788825100,3.1185290300000004,2.49005503,23.08
1788825110,3.1239371900000004,2.49368423,23.06
1788825120,3.1185290300000004,2.49005503,23.06
1788825130,3.1239371900000004,2.49368423,23.08
1788825140,3.12033175,2.49096233,23.06
1788825150,3.1185290300000004,2.49005503,23.05
1788825160,3.1185290300000004,2.48914773,23.05
1788825170,3.1239371900000004,2.49368423,23.06
1788825180,3.1293453500000004,2.49822073,23.06
1788825190,3.1239371900000004,2.49459153,23.08
1788825200,3.12213447,2.49368423,23.04
1788825210,3.12213447,2.4927769300000002,23.06
1788825220,3.1239371900000004,2.4927769300000002,23.05
1788825230,3.12573991,2.49459153,23.04
1788825240,3.1239371900000004,2.49459153,23.06
1788825250,3.1239371900000004,2.49459153,23.06
1788825260,3.11672631,2.48824043,23.06
1788825270,3.12213447,2.49368423,23.08
1788825280,3.12213447,2.4927769300000002,23.08
1788825290,3.1239371900000004,2.49459153,23.06
1788825300,3.11672631,2.48824043,23.06
1788825310,3.1131208700000004,2.48733313,23.08
1788825320,3.11672631,2.48914773,23.06
1788825330,3.11672631,2.48914773,23.08
1788825340,3.12213447,2.49368423,23.09
1788825350,3.12033175,2.4927769300000002,23.06
1788825360,3.1185290300000004,2.49005503,23.06
1788825370,3.1185290300000004,2.49005503,23.05
1788825380,3.1239371900000004,2.49368423,23.08
1788825390,3.12573991,2.49640613,23.09
1788825400,3.11672631,2.48914773,23.09
1788825410,3.11492359,2.48824043,23.08
1788825420,3.11672631,2.48914773,23.08
1788825430,3.11492359,2.48733313,23.06
1788825440,3.11672631,2.48824043,23.06
1788825450,3.11492359,2.48733313,23.08
1788825460,3.1185290300000004,2.48914773,23.06
1788825470,3.1239371900000004,2.49549883,23.09
1788825480,3.12033175,2.4927769300000002,23.09
1788825490,3.11672631,2.49005503,23.08
1788825500,3.1239371900000004,2.49368423,23.06
1788825510,3.1239371900000004,2.4927769300000002,23.06
1788825520,3.12213447,2.49186963,23.05
1788825530,3.12573991,2.49459153,23.08
1788825540,3.12754263,2.49731343,23.05
1788825550,3.1293453500000004,2.49912803,23.06
1788825560,3.1293453500000004,2.49912803,23.06
1788825570,3.1293453500000004,2.49912803,23.06
1788825580,3.12754263,2.49640613,23.06
1788825590,3.12573991,2.49459153,23.08
1788825600,3.12573991,2.49459153,23.05
1788825610,3.1239371900000004,2.49368423,23.08
1788825620,3.1185290300000004,2.48914773,23.08
1788825630,3.12033175,2.49005503,23.08
1788825640,3.12033175,2.49005503,23.06
1788825650,3.12213447,2.49186963,23.05
1788825660,3.12033175,2.49005503,23.06
1788825670,3.1113181500000002,2.48461123,23.08
1788825680,3.11492359,2.48642583,23.08
1788825690,3.1131208700000004,2.4855185300000002,23.09
1788825700,3.1113181500000002,2.48461123,23.06
1788825710,3.11672631,2.48733313,23.09
1788825720,3.1131208700000004,2.4855185300000002,23.05
1788825730,3.12033175,2.49186963,23.09
1788825740,3.11672631,2.48824043,23.08
1788825750,3.12033175,2.49096233,23.09
1788825760,3.12033175,2.49186963,23.06
1788825770,3.11492359,2.48824043,23.08
1788825780,3.12033175,2.49096233,23.06
1788825790,3.1185290300000004,2.49096233,23.08
1788825800,3.12033175,2.49096233,23.09
1788825810,3.12033175,2.49186963,23.08
1788825820,3.11492359,2.48733313,23.08
1788825830,3.11672631,2.48914773,23.08
1788825840,3.11492359,2.48824043,23.08
1788825850,3.1131208700000004,2.48642583,23.08
1788825860,3.11672631,2.48914773,23.06
1788825870,3.12033175,2.49186963,23.09
1788825880,3.12033175,2.49186963,23.09
1788825890,3.12033175,2.4927769300000002,23.08
1788825900,3.12033175,2.49186963,23.11
1788825910,3.11672631,2.48914773,23.08
1788825920,3.11672631,2.48914773,23.09
1788825930,3.11492359,2.48824043,23.06
1788825940,3.11492359,2.48733313,23.09
1788825950,3.12033175,2.49186963,23.11
1788825960,3.1131208700000004,2.48642583,23.09
1788825970,3.1185290300000004,2.49005503,23.09
1788825980,3.11492359,2.48733313,23.11
1788825990,3.12573991,2.49549883,23.08
1788826000,3.12033175,2.4927769300000002,23.12
1788826010,3.1239371900000004,2.49549883,23.14
1788826020,3.12213447,2.4927769300000002,23.09
1788826030,3.12573991,2.49640613,23.11
1788826040,3.1239371900000004,2.49459153,23.09
1788826050,3.12573991,2.49640613,23.09
1788826060,3.12754263,2.49731343,23.09
1788826070,3.1293453500000004,2.5000353300000002,23.08
1788826080,3.12754263,2.49822073,23.09
1788826090,3.1239371900000004,2.49459153,23.06
1788826100,3.1239371900000004,2.49549883,23.05
1788826110,3.12213447,2.4927769300000002,23.06
1788826120,3.1239371900000004,2.49459153,23.05
1788826130,3.12213447,2.49368423,23.05
1788826140,3.1239371900000004,2.49459153,23.05
1788826150,3.12573991,2.49549883,23.04
1788826160,3.11672631,2.49005503,23.05
1788826170,3.11492359,2.48824043,23.04
1788826180,3.1131208700000004,2.48642583,23.04
1788826190,3.1185290300000004,2.49096233,23.02
1788826200,3.1185290300000004,2.49096233,23.06
1788826210,3.12033175,2.4927769300000002,23.04
1788826220,3.12213447,2.49368423,23.05
1788826230,3.12213447,2.4927769300000002,23.09
1788826240,3.12033175,2.49186963,23.04
1788826250,3.12213447,2.49459153,23.05
1788826260,3.1185290300000004,2.49005503,23.08
1788826270,3.11492359,2.48824043,23.06
1788826280,3.11492359,2.48824043,23.04
1788826290,3.12033175,2.49186963,23.05
1788826300,3.12573991,2.49640613,23.04
1788826310,3.1185290300000004,2.49005503,23.06
1788826320,3.1131208700000004,2.4855185300000002,23.05
1788826330,3.11672631,2.49005503,23.06
1788826340,3.12033175,2.4927769300000002,23.08
1788826350,3.1239371900000004,2.49459153,23.05
1788826360,3.1185290300000004,2.49096233,23.05
1788826370,3.11672631,2.48914773,23.06
1788826380,3.11672631,2.48914773,23.06
1788826390,3.12573991,2.49549883,23.08
1788826400,3.1185290300000004,2.49096233,23.06
1788826410,3.12213447,2.49368423,23.09
1788826420,3.1239371900000004,2.49459153,23.08
1788826430,3.1293453500000004,2.49822073,23.05
1788826440,3.13114807,2.5000353300000002,23.09
1788826450,3.12573991,2.49549883,23.09
1788826460,3.12573991,2.49640613,23.09
1788826470,3.12754263,2.49731343,23.09
1788826480,3.12754263,2.49731343,23.08
1788826490,3.13114807,2.5000353300000002,23.08
1788826500,3.1293453500000004,2.49822073,23.08
1788826510,3.12213447,2.49368423,23.09
1788826520,3.12754263,2.49731343,23.08
1788826530,3.1293453500000004,2.49912803,23.09
1788826540,3.12754263,2.49731343,23.06
1788826550,3.1293453500000004,2.49912803,23.06
1788826560,3.1239371900000004,2.49459153,23.09
1788826570,3.1239371900000004,2.49549883,23.08
1788826580,3.12033175,2.4927769300000002,23.06
1788826590,3.1239371900000004,2.49549883,23.06
1788826600,3.1239371900000004,2.49459153,23.08
1788826610,3.1185290300000004,2.49096233,23.06
1788826620,3.11492359,2.48824043,23.06
1788826630,3.12033175,2.49186963,23.08
1788826640,3.12213447,2.49368423,23.09
1788826650,3.12754263,2.49731343,23.09
1788826660,3.12573991,2.49640613,23.09
1788826670,3.12033175,2.4927769300000002,23.08
1788826680,3.12754263,2.49822073,23.09
1788826690,3.1293453500000004,2.49912803,23.06
1788826700,3.13295079,2.50275723,23.09
1788826710,3.13295079,2.50184993,23.09
1788826720,3.12754263,2.49822073,23.06
1788826730,3.12754263,2.49731343,23.11
1788826740,3.1239371900000004,2.49549883,23.11
1788826750,3.1185290300000004,2.49096233,23.09
1788826760,3.11492359,2.48824043,23.06
1788826770,3.1131208700000004,2.48733313,23.08
1788826780,3.12213447,2.49368423,23.08
1788826790,3.12754263,2.49822073,23.06
1788826800,3.12213447,2.49368423,23.08
1788826810,3.1293453500000004,2.5000353300000002,23.08
1788826820,3.1239371900000004,2.49549883,23.11
1788826830,3.12573991,2.49640613,23.08
1788826840,3.12573991,2.49640613,23.09
1788826850,3.13295079,2.50184993,23.08
1788826860,3.13295079,2.50275723,23.11
1788826870,3.13295079,2.50184993,23.09
1788826880,3.1293453500000004,2.49912803,23.09
1788826890,3.12754263,2.49731343,23.09
1788826900,3.12573991,2.49731343,23.09
1788826910,3.12754263,2.49912803,23.08
1788826920,3.12213447,2.49459153,23.08
1788826930,3.13114807,2.50094263,23.06
1788826940,3.1239371900000004,2.49549883,23.06
1788826950,3.12754263,2.49731343,23.08
1788826960,3.1239371900000004,2.49459153,23.08
1788826970,3.12033175,2.49368423,23.06
1788826980,3.12213447,2.49459153,23.05
1788826990,3.12573991,2.49640613,23.06
1788827000,3.1239371900000004,2.49549883,23.06
1788827010,3.12213447,2.49368423,23.08
1788827020,3.12033175,2.4927769300000002,23.06
1788827030,3.12213447,2.49368423,23.02
1788827040,3.12213447,2.49368423,23.05
1788827050,3.1239371900000004,2.49549883,23.04
1788827060,3.1239371900000004,2.49459153,23.06
1788827070,3.12213447,2.49459153,23.02
1788827080,3.1185290300000004,2.49005503,23.05
1788827090,3.1185290300000004,2.49096233,23.05
1788827100,3.1131208700000004,2.48733313,23.02
1788827110,3.11672631,2.49005503,23.06
1788827120,3.11672631,2.49005503,23.04
1788827130,3.11672631,2.49005503,23.06
1788827140,3.11672631,2.49005503,23.06
1788827150,3.1185290300000004,2.49096233,23.06
1788827160,3.11492359,2.48914773,23.06
1788827170,3.11672631,2.49005503,23.06
1788827180,3.1239371900000004,2.49459153,23.06
1788827190,3.12213447,2.49368423,23.06
1788827200,3.1185290300000004,2.49186963,23.08
1788827210,3.1185290300000004,2.49186963,23.08
1788827220,3.11672631,2.49005503,23.05
1788827230,3.1239371900000004,2.49459153,23.08
1788827240,3.12754263,2.49731343,23.06
1788827250,3.1239371900000004,2.49549883,23.06
1788827260,3.1293453500000004,2.49912803,23.06
1788827270,3.12754263,2.49731343,23.05
1788827280,3.12213447,2.49368423,23.05
1788827290,3.12213447,2.49368423,23.05
1788827300,3.12033175,2.49186963,23.05
1788827310,3.11492359,2.48914773,23.05
1788827320,3.11672631,2.49005503,23.04
1788827330,3.12213447,2.49459153,23.02
1788827340,3.12573991,2.49640613,23.02
1788827350,3.12213447,2.49459153,23.02
1788827360,3.12573991,2.49640613,23.04
1788827370,3.1239371900000004,2.49549883,23.02
1788827380,3.1239371900000004,2.49549883,23.02
1788827390,3.12754263,2.49822073,23.04
1788827400,3.1239371900000004,2.49549883,23.02
1788827410,3.1239371900000004,2.49549883,23.02
1788827420,3.12754263,2.49822073,23.02
1788827430,3.13114807,2.50094263,23.02
1788827440,3.1347535100000004,2.50366453,23.04
1788827450,3.13655623,2.50457183,23.04
1788827460,3.13295079,2.50184993,23.05
1788827470,3.12573991,2.49640613,23.01
1788827480,3.12573991,2.49731343,23.04
1788827490,3.13295079,2.50275723,23.05
1788827500,3.12754263,2.49912803,23.05
1788827510,3.13114807,2.5000353300000002,23.04
1788827520,3.13295079,2.50275723,23.04
1788827530,3.13655623,2.50457183,23.04
1788827540,3.13835895,2.50547913,23.02
1788827550,3.1347535100000004,2.50275723,23.05
1788827560,3.13114807,2.50094263,23.04
1788827570,3.13295079,2.50275723,23.02
1788827580,3.1347535100000004,2.50275723,23.05
1788827590,3.13295079,2.50184993,23.04
1788827600,3.1347535100000004,2.50275723,23.08
1788827610,3.1347535100000004,2.50275723,23.05
1788827620,3.1293453500000004,2.5000353300000002,23.02
1788827630,3.13114807,2.50094263,23.04
1788827640,3.13114807,2.5000353300000002,23.04
1788827650,3.13295079,2.50184993,23.05
1788827660,3.1347535100000004,2.50366453,23.05
1788827670,3.1293453500000004,2.5000353300000002,23.01
1788827680,3.12754263,2.49822073,23.04
1788827690,3.1293453500000004,2.49912803,23.04
1788827700,3.1293453500000004,2.49912803,23.04
1788827710,3.1293453500000004,2.5000353300000002,23.01
1788827720,3.1293453500000004,2.49912803,23.02
1788827730,3.1293453500000004,2.49912803,23.06
1788827740,3.12754263,2.49822073,23.04
1788827750,3.1293453500000004,2.5000353300000002,23.04
1788827760,3.13114807,2.5000353300000002,23.04
1788827770,3.13114807,2.5000353300000002,23.04
1788827780,3.1293453500000004,2.49912803,23.04
1788827790,3.12754263,2.49822073,23.02
1788827800,3.13114807,2.50094263,23.02
1788827810,3.1293453500000004,2.49912803,23.02
1788827820,3.1293453500000004,2.49912803,23.04
1788827830,3.12754263,2.49822073,23.04
1788827840,3.12573991,2.49640613,23.04
1788827850,3.12573991,2.49731343,23.04
1788827860,3.13295079,2.50184993,23.04
1788827870,3.13114807,2.50184993,23.01
1788827880,3.1239371900000004,2.49549883,23.02
1788827890,3.1239371900000004,2.49549883,23.02
1788827900,3.13114807,2.50094263,23.02
1788827910,3.1347535100000004,2.50366453,23.04
1788827920,3.1293453500000004,2.5000353300000002,23.05
1788827930,3.12754263,2.49912803,23.04
1788827940,3.13114807,2.50094263,23.02
1788827950,3.1293453500000004,2.5000353300000002,23.04
1788827960,3.13295079,2.50275723,23.04
1788827970,3.1293453500000004,2.5000353300000002,23.04
1788827980,3.13114807,2.50184993,23.05
1788827990,3.12754263,2.49822073,23.05
1788828000,3.12754263,2.49822073,23.04
1788828010,3.12573991,2.49731343,23.05
1788828020,3.12573991,2.49731343,23.02
1788828030,3.1239371900000004,2.49549883,23.02
1788828040,3.12213447,2.49459153,23.02
1788828050,3.12033175,2.4927769300000002,23.02
1788828060,3.11672631,2.49096233,23.02
1788828070,3.11492359,2.48914773,23.02
1788828080,3.11672631,2.49005503,23.04
1788828090,3.11672631,2.49096233,23.02
1788828100,3.11672631,2.49096233,23.05
1788828110,3.12573991,2.49731343,23.02
1788828120,3.12754263,2.49822073,23.04
1788828130,3.12573991,2.49822073,23.01
1788828140,3.1293453500000004,2.5000353300000002,22.99
1788828150,3.1293453500000004,2.5000353300000002,23.01
1788828160,3.1347535100000004,2.50366453,23.01
1788828170,3.13114807,2.50094263,23.02
1788828180,3.13114807,2.50094263,23.05
1788828190,3.1347535100000004,2.50366453,23.02
1788828200,3.13114807,2.50094263,23.04
1788828210,3.13114807,2.50094263,23.04
1788828220,3.13295079,2.50275723,23.04
1788828230,3.1239371900000004,2.49640613,23.05
1788828240,3.10951543,2.48461123,23.02
1788828250,3.1113181500000002,2.48461123,23.04
1788828260,3.11672631,2.48824043,23.06
1788828270,3.12573991,2.49640613,23.04
1788828280,3.1293453500000004,2.49822073,23.05
1788828290,3.12573991,2.49549883,23.01
1788828300,3.1185290300000004,2.48914773,23.04
1788828310,3.1113181500000002,2.48461123,23.04
1788828320,3.10230455,2.47916743,23.02
1788828330,3.10230455,2.4782601300000002,23.05
1788828340,3.1077127100000004,2.48279663,23.04
1788828350,3.10951543,2.4855185300000002,23.04
1788828360,3.11492359,2.48914773,23.04
1788828370,3.12033175,2.49368423,23.04
1788828380,3.1185290300000004,2.49186963,23.04
1788828390,3.12213447,2.49459153,23.02
1788828400,3.11672631,2.49005503,23.02
1788828410,3.12033175,2.4927769300000002,23.01
1788828420,3.12033175,2.49368423,23.04
1788828430,3.12573991,2.49731343,23.05
1788828440,3.12573991,2.49731343,23.02
1788828450,3.1293453500000004,2.5000353300000002,23.05
1788828460,3.1293453500000004,2.5000353300000002,23.02
1788828470,3.1293453500000004,2.50094263,23.04
1788828480,3.13655623,2.50547913,23.02
1788828490,3.13655623,2.50457183,23.02
1788828500,3.13114807,2.50094263,23.04
1788828510,3.1347535100000004,2.50366453,23.05
1788828520,3.13295079,2.50275723,23.05
1788828530,3.1293453500000004,2.5000353300000002,23.04
1788828540,3.12573991,2.49731343,23.05
1788828550,3.12033175,2.49368423,23.02
1788828560,3.12033175,2.4927769300000002,23.04
1788828570,3.12033175,2.49368423,23.02
1788828580,3.12213447,2.49459153,23.04
1788828590,3.12033175,2.49368423,23.04
1788828600,3.1185290300000004,2.4927769300000002,23.05
1788828610,3.12573991,2.49640613,23.01
1788828620,3.12754263,2.49822073,23.02
1788828630,3.1293453500000004,2.5000353300000002,23.04
1788828640,3.12754263,2.49822073,23.05
1788828650,3.12033175,2.49368423,23.04
1788828660,3.12033175,2.4927769300000002,23.04
1788828670,3.1239371900000004,2.49640613,23.05
1788828680,3.1239371900000004,2.49640613,23.05
1788828690,3.1239371900000004,2.49549883,23.04
1788828700,3.12754263,2.49822073,23.06
1788828710,3.13114807,2.50184993,23.04
1788828720,3.1239371900000004,2.49549883,23.04
1788828730,3.1239371900000004,2.49549883,23.02
1788828740,3.1239371900000004,2.49640613,23.05
1788828750,3.1239371900000004,2.49640613,23.04
1788828760,3.1185290300000004,2.49186963,23.02
1788828770,3.12033175,2.4927769300000002,23.04
1788828780,3.1239371900000004,2.49549883,23.04
1788828790,3.12754263,2.49822073,23.01
1788828800,3.12754263,2.49822073,23.02
1788828810,3.13114807,2.50094263,23.02
1788828820,3.13295079,2.50366453,23.02
1788828830,3.13114807,2.50094263,23.02
1788828840,3.12573991,2.49731343,23.04
1788828850,3.12033175,2.49368423,23.04
1788828860,3.12213447,2.49459153,23.02
1788828870,3.12213447,2.49459153,23.04
1788828880,3.12213447,2.49459153,23.02
1788828890,3.12213447,2.49459153,23.04
1788828900,3.12033175,2.4927769300000002,23.02
1788828910,3.12033175,2.49368423,23.05
1788828920,3.1239371900000004,2.49640613,23.01
1788828930,3.12213447,2.49459153,23.02
1788828940,3.1239371900000004,2.49640613,23.05
1788828950,3.12573991,2.49731343,23.02
1788828960,3.12573991,2.49640613,23.02
1788828970,3.12573991,2.49731343,23.04
1788828980,3.1239371900000004,2.49640613,23.02
1788828990,3.1239371900000004,2.49640613,23.05
1788829000,3.12573991,2.49640613,23.04
1788829010,3.12754263,2.49912803,23.04
1788829020,3.12754263,2.49822073,23.04
1788829030,3.1239371900000004,2.49549883,23.02
1788829040,3.12754263,2.49822073,23.02
1788829050,3.12213447,2.49368423,23.01
1788829060,3.1239371900000004,2.49640613,23.01
1788829070,3.12754263,2.49912803,23.02
1788829080,3.12213447,2.49549883,23.02
1788829090,3.1239371900000004,2.49640613,23.02
1788829100,3.12033175,2.49368423,23.02
1788829110,3.12573991,2.49822073,23.02
1788829120,3.12573991,2.49822073,23.02
1788829130,3.12213447,2.49549883,23.04
1788829140,3.1239371900000004,2.49549883,23.02
1788829150,3.12573991,2.49731343,23.04
1788829160,3.12754263,2.49822073,23.01
1788829170,3.12754263,2.49822073,23.04
1788829180,3.1239371900000004,2.49640613,23.05
1788829190,3.12213447,2.49549883,23.04
1788829200,3.12033175,2.4927769300000002,23.02
1788829210,3.1185290300000004,2.49186963,23.01
1788829220,3.12213447,2.49459153,23.01
1788829230,3.12213447,2.49549883,23.02
1788829240,3.12573991,2.49731343,23.01
1788829250,3.12573991,2.49731343,23.01
1788829260,3.1239371900000004,2.49549883,23.02
1788829270,3.1239371900000004,2.49640613,23.01
1788829280,3.1239371900000004,2.49640613,23.01
1788829290,3.12213447,2.49459153,22.99
1788829300,3.1185290300000004,2.4927769300000002,23.01
1788829310,3.12033175,2.49368423,23.01
1788829320,3.12573991,2.49731343,23.01
1788829330,3.12573991,2.49822073,22.99
1788829340,3.12573991,2.49822073,23.01
1788829350,3.1239371900000004,2.49640613,23.01
1788829360,3.12213447,2.49459153,22.98
1788829370,3.12033175,2.49368423,22.99
1788829380,3.1239371900000004,2.49549883,22.99
1788829390,3.1239371900000004,2.49731343,23.01
1788829400,3.12213447,2.49459153,22.99
1788829410,3.12033175,2.49368423,22.99
1788829420,3.1239371900000004,2.49640613,22.99
1788829430,3.12573991,2.49731343,22.99
1788829440,3.12213447,2.49549883,23.01
1788829450,3.1239371900000004,2.49549883,23.01
1788829460,3.1239371900000004,2.49549883,22.98
1788829470,3.12213447,2.49549883,23.01
1788829480,3.1239371900000004,2.49640613,22.99
1788829490,3.12754263,2.49912803,23.01
1788829500,3.12213447,2.49459153,22.99
1788829510,3.12213447,2.49459153,22.99
1788829520,3.1239371900000004,2.49549883,23.01
1788829530,3.1185290300000004,2.4927769300000002,23.02
1788829540,3.11672631,2.49186963,22.99
1788829550,3.12033175,2.49368423,23.01
1788829560,3.12033175,2.49368423,23.02
1788829570,3.12213447,2.49459153,23.04
1788829580,3.12754263,2.49822073,23.02
1788829590,3.12573991,2.49640613,23.01
1788829600,3.1239371900000004,2.49640613,23.01
1788829610,3.1293453500000004,2.5000353300000002,23.01
1788829620,3.1239371900000004,2.49640613,23.01
1788829630,3.1239371900000004,2.49640613,23.04
1788829640,3.12573991,2.49640613,23.02
1788829650,3.12573991,2.49822073,23.01
1788829660,3.1239371900000004,2.49549883,23.01
1788829670,3.12033175,2.49368423,22.99
1788829680,3.12033175,2.49368423,23.01
1788829690,3.12213447,2.49549883,23.02
1788829700,3.12754263,2.49822073,23.02
1788829710,3.12754263,2.49912803,23.01
1788829720,3.12754263,2.49912803,22.99
1788829730,3.12573991,2.49731343,23.04
1788829740,3.12754263,2.49912803,23.04
1788829750,3.13114807,2.50094263,23.05
1788829760,3.12754263,2.49822073,23.04
1788829770,3.1293453500000004,2.49912803,23.04
1788829780,3.12754263,2.49822073,23.02
1788829790,3.12754263,2.49822073,23.05
1788829800,3.12573991,2.49731343,23.01
1788829810,3.12754263,2.49912803,23.04
1788829820,3.1239371900000004,2.49640613,23.02
1788829830,3.12573991,2.49731343,23.02
1788829840,3.12573991,2.49640613,23.04
1788829850,3.12573991,2.49640613,23.02
1788829860,3.1239371900000004,2.49549883,23.04
1788829870,3.12573991,2.49731343,23.04
1788829880,3.12213447,2.49459153,23.04
1788829890,3.12213447,2.49459153,23.02
1788829900,3.1239371900000004,2.49640613,23.02
1788829910,3.12213447,2.49549883,23.05
1788829920,3.12573991,2.49822073,23.05
1788829930,3.1239371900000004,2.49640613,23.04
1788829940,3.12754263,2.49912803,23.05
1788829950,3.1239371900000004,2.49549883,23.04
1788829960,3.1239371900000004,2.49640613,23.04
1788829970,3.12213447,2.49549883,23.06
1788829980,3.12573991,2.49640613,23.04
1788829990,3.12573991,2.49822073,23.05
1788830000,3.1239371900000004,2.49640613,23.04
1788830010,3.1239371900000004,2.49640613,23.05
1788830020,3.1239371900000004,2.49549883,23.06
1788830030,3.12213447,2.49459153,23.05
1788830040,3.12754263,2.49912803,23.04
1788830050,3.12754263,2.49822073,23.08
1788830060,3.12573991,2.49640613,23.06
1788830070,3.12213447,2.49459153,23.05
1788830080,3.1239371900000004,2.49640613,23.05
1788830090,3.1239371900000004,2.49549883,23.05
1788830100,3.1239371900000004,2.49640613,23.08
1788830110,3.12573991,2.49731343,23.04
1788830120,3.1185290300000004,2.49186963,23.06
1788830130,3.11672631,2.49096233,23.05
1788830140,3.12213447,2.49459153,23.05
1788830150,3.12213447,2.49459153,23.05
1788830160,3.12033175,2.49368423,23.08
1788830170,3.12573991,2.49731343,23.04
1788830180,3.12754263,2.49822073,23.02
1788830190,3.12573991,2.49822073,23.06
1788830200,3.12754263,2.49822073,23.06
1788830210,3.12754263,2.49912803,23.04
1788830220,3.12754263,2.49912803,23.05
1788830230,3.1239371900000004,2.49549883,23.04
1788830240,3.1239371900000004,2.49549883,23.05
1788830250,3.1239371900000004,2.49549883,23.05
1788830260,3.12213447,2.49459153,23.04
1788830270,3.12573991,2.49640613,23.02
1788830280,3.1239371900000004,2.49640613,23.05
1788830290,3.1239371900000004,2.49549883,23.04
1788830300,3.12033175,2.49368423,23.04
1788830310,3.12033175,2.4927769300000002,23.04
1788830320,3.12213447,2.49459153,23.04
1788830330,3.12213447,2.49459153,23.06
1788830340,3.12213447,2.49459153,23.02
1788830350,3.12033175,2.49368423,23.02
1788830360,3.12213447,2.49459153,23.02
1788830370,3.12213447,2.49368423,23.04
1788830380,3.12033175,2.4927769300000002,23.02
1788830390,3.12213447,2.49459153,23.04
1788830400,3.12033175,2.4927769300000002,23.05
1788830410,3.12033175,2.4927769300000002,23.04
1788830420,3.1185290300000004,2.49186963,23.05
1788830430,3.12033175,2.49368423,23.02
1788830440,3.12033175,2.4927769300000002,23.04
1788830450,3.12033175,2.49368423,23.04
1788830460,3.12213447,2.49459153,23.06
1788830470,3.12213447,2.49459153,23.04
1788830480,3.12033175,2.49368423,23.04
1788830490,3.12033175,2.49368423,23.02
1788830500,3.12033175,2.49368423,23.05
1788830510,3.12033175,2.49368423,23.04
1788830520,3.1185290300000004,2.4927769300000002,23.05
1788830530,3.1185290300000004,2.4927769300000002,23.04
1788830540,3.1185290300000004,2.49186963,23.04
1788830550,3.1185290300000004,2.4927769300000002,23.02
1788830560,3.12213447,2.49459153,23.02
1788830570,3.12213447,2.49549883,23.02
1788830580,3.12033175,2.49459153,23.04
1788830590,3.12033175,2.49368423,23.01
1788830600,3.12033175,2.49368423,23.02
1788830610,3.11672631,2.49096233,23.05
1788830620,3.1185290300000004,2.49186963,23.02
1788830630,3.12033175,2.49368423,23.04
1788830640,3.12213447,2.49459153,23.01
1788830650,3.12213447,2.49549883,23.02
1788830660,3.12033175,2.49368423,23.02
1788830670,3.1185290300000004,2.49186963,23.02
1788830680,3.11672631,2.49096233,23.02
1788830690,3.12033175,2.49368423,23.01
1788830700,3.11672631,2.49096233,22.99
1788830710,3.1185290300000004,2.49186963,23.04
1788830720,3.11672631,2.49096233,22.99
1788830730,3.1185290300000004,2.4927769300000002,22.99
1788830740,3.1185290300000004,2.4927769300000002,23.02
1788830750,3.11672631,2.49005503,22.99
1788830760,3.11672631,2.49096233,23.01
1788830770,3.1185290300000004,2.49186963,23.01
1788830780,3.11672631,2.49096233,23.01
1788830790,3.12033175,2.49368423,22.99
1788830800,3.11672631,2.49096233,22.98
1788830810,3.1185290300000004,2.4927769300000002,23.01
1788830820,3.12033175,2.4927769300000002,23.04
1788830830,3.12033175,2.4927769300000002,23.01
1788830840,3.1185290300000004,2.49186963,22.99
1788830850,3.11672631,2.49096233,22.99
1788830860,3.1185290300000004,2.49186963,22.99
1788830870,3.1185290300000004,2.4927769300000002,22.99
1788830880,3.11672631,2.49096233,23.01
1788830890,3.1185290300000004,2.49186963,22.99
1788830900,3.11492359,2.48914773,22.99
1788830910,3.11672631,2.49096233,22.99
1788830920,3.1059099900000002,2.48279663,22.98
1788830930,3.08608007,2.46737253,22.98
1788830940,3.08608007,2.46737253,22.99
1788830950,3.0950936700000002,2.47372363,22.99
1788830960,3.1059099900000002,2.48188933,22.99
1788830970,3.1077127100000004,2.48461123,22.98
1788830980,3.1005018300000002,2.47735283,22.99
1788830990,3.0896855100000002,2.47009443,23.01
1788831000,3.08608007,2.46827983,23.01
1788831010,3.08788279,2.47009443,23.01
1788831020,3.09869911,2.47735283,22.99
1788831030,3.1059099900000002,2.48370393,22.98
1788831040,3.1131208700000004,2.48824043,22.99
1788831050,3.11672631,2.49186963,22.99
1788831060,3.1131208700000004,2.48824043,22.95
1788831070,3.1131208700000004,2.48914773,22.98
1788831080,3.1131208700000004,2.48914773,22.98
1788831090,3.11672631,2.49096233,22.99
1788831100,3.1113181500000002,2.48733313,22.98
1788831110,3.11492359,2.49005503,22.98
1788831120,3.11672631,2.49096233,22.99
1788831130,3.11672631,2.49096233,22.99
1788831140,3.11672631,2.49096233,22.99
1788831150,3.11672631,2.49005503,22.97
1788831160,3.11672631,2.49096233,22.99
1788831170,3.11492359,2.49005503,23.01
1788831180,3.11672631,2.49096233,22.99
1788831190,3.11492359,2.49005503,23.01
1788831200,3.1131208700000004,2.48914773,22.98
1788831210,3.1113181500000002,2.48733313,23.01
1788831220,3.11492359,2.48914773,22.98
1788831230,3.1131208700000004,2.48824043,22.99
1788831240,3.11672631,2.49005503,22.98
1788831250,3.11492359,2.48914773,22.98
1788831260,3.11492359,2.49005503,22.99
1788831270,3.11672631,2.49096233,22.98
1788831280,3.11492359,2.49005503,22.99
1788831290,3.1113181500000002,2.48642583,22.99
1788831300,3.11492359,2.49005503,23.01
1788831310,3.11492359,2.48914773,22.97
1788831320,3.11492359,2.49005503,23.01
1788831330,3.11492359,2.49005503,22.99
1788831340,3.11492359,2.49005503,23.02
1788831350,3.11492359,2.49005503,23.02
1788831360,3.11492359,2.49005503,22.99
1788831370,3.11492359,2.48914773,23.02
1788831380,3.1131208700000004,2.48733313,23.02
1788831390,3.1113181500000002,2.48733313,23.01
1788831400,3.1113181500000002,2.48733313,22.98
1788831410,3.1113181500000002,2.48642583,22.99
1788831420,3.1113181500000002,2.48642583,22.99
1788831430,3.1131208700000004,2.48733313,22.99
1788831440,3.11492359,2.48914773,22.99
1788831450,3.1131208700000004,2.48733313,23.01
1788831460,3.11672631,2.49005503,22.99
1788831470,3.11672631,2.49096233,22.99
1788831480,3.11492359,2.49005503,23.01
1788831490,3.11672631,2.49096233,22.99
1788831500,3.11492359,2.48914773,22.99
1788831510,3.11492359,2.48914773,22.99
1788831520,3.1131208700000004,2.48914773,22.99
1788831530,3.11492359,2.48914773,22.99
1788831540,3.1131208700000004,2.48824043,23.01
1788831550,3.11492359,2.48914773,23.01
1788831560,3.11492359,2.49005503,22.99
1788831570,3.11492359,2.48914773,23.01
1788831580,3.11672631,2.49096233,23.01
1788831590,3.1131208700000004,2.48914773,23.01
1788831600,3.11492359,2.48914773,23.01
1788831610,3.1131208700000004,2.48824043,22.99
1788831620,3.11492359,2.48914773,22.99
1788831630,3.1131208700000004,2.48914773,22.99
1788831640,3.11492359,2.49005503,22.99
1788831650,3.11492359,2.48914773,23.01
1788831660,3.1131208700000004,2.48824043,22.99
1788831670,3.1131208700000004,2.48824043,23.01
1788831680,3.11492359,2.48914773,22.99
1788831690,3.1113181500000002,2.48733313,23.01
1788831700,3.11492359,2.49005503,23.01
1788831710,3.1113181500000002,2.48733313,23.01
1788831720,3.11492359,2.49005503,23.01
1788831730,3.1113181500000002,2.48733313,23.01
1788831740,3.1131208700000004,2.48824043,23.01
1788831750,3.1113181500000002,2.48642583,22.99
1788831760,3.1113181500000002,2.48733313,22.99
1788831770,3.1113181500000002,2.48642583,23.01
1788831780,3.1113181500000002,2.48733313,22.98
1788831790,3.1113181500000002,2.48733313,22.99
1788831800,3.1131208700000004,2.48824043,23.01
1788831810,3.1131208700000004,2.48733313,22.98
1788831820,3.10951543,2.48642583,23.01
1788831830,3.1113181500000002,2.48733313,22.99
1788831840,3.10951543,2.4855185300000002,22.99
1788831850,3.1113181500000002,2.48733313,23.01
1788831860,3.10951543,2.48642583,22.99
1788831870,3.1113181500000002,2.48642583,22.99
1788831880,3.1131208700000004,2.48824043,23.01
1788831890,3.1113181500000002,2.48642583,22.99
1788831900,3.10951543,2.48461123,23.01
1788831910,3.10951543,2.4855185300000002,23.05
1788831920,3.1113181500000002,2.48733313,23.01
1788831930,3.1131208700000004,2.48824043,23.01
1788831940,3.1113181500000002,2.48733313,22.99
1788831950,3.10951543,2.48642583,23.01
1788831960,3.1113181500000002,2.48642583,23.02
1788831970,3.10951543,2.4855185300000002,22.99
1788831980,3.1113181500000002,2.48733313,23.01
1788831990,3.1113181500000002,2.48642583,23.01
1788832000,3.1077127100000004,2.48461123,22.99
1788832010,3.10951543,2.4855185300000002,23.01
1788832020,3.1077127100000004,2.48461123,23.01
1788832030,3.10951543,2.48461123,23.02
1788832040,3.10951543,2.4855185300000002,23.01
1788832050,3.10951543,2.4855185300000002,22.99
1788832060,3.1113181500000002,2.48642583,22.98
1788832070,3.1077127100000004,2.48461123,22.99
1788832080,3.1077127100000004,2.48461123,22.99
1788832090,3.1113181500000002,2.48642583,22.99
1788832100,3.10951543,2.48642583,22.97
1788832110,3.10951543,2.48642583,22.98
1788832120,3.10951543,2.4855185300000002,22.98
1788832130,3.1113181500000002,2.48733313,22.99
1788832140,3.10951543,2.4855185300000002,22.98
1788832150,3.10951543,2.48642583,22.99
1788832160,3.10951543,2.48461123,23.01
1788832170,3.1077127100000004,2.48461123,22.97
1788832180,3.1077127100000004,2.48461123,22.99
1788832190,3.10951543,2.4855185300000002,22.97
1788832200,3.1077127100000004,2.48461123,23.01
1788832210,3.1077127100000004,2.48461123,22.99
1788832220,3.1077127100000004,2.48370393,22.98
1788832230,3.1077127100000004,2.48370393,23.01
1788832240,3.10951543,2.4855185300000002,23.02
1788832250,3.1077127100000004,2.48461123,23.01
1788832260,3.1077127100000004,2.48461123,23.04
1788832270,3.1077127100000004,2.48370393,23.02
1788832280,3.1059099900000002,2.48279663,23.04
1788832290,3.10230455,2.48007473,23.01
1788832300,3.10410727,2.48098203,23.02
1788832310,3.10410727,2.48098203,22.99
1788832320,3.10410727,2.48188933,23.02
1788832330,3.10410727,2.48188933,23.02
1788832340,3.10410727,2.48098203,23.02
1788832350,3.1059099900000002,2.48279663,23.02
1788832360,3.1059099900000002,2.48370393,23.01
1788832370,3.1077127100000004,2.48461123,23.02
1788832380,3.10951543,2.4855185300000002,23.04
1788832390,3.1077127100000004,2.48370393,23.02
1788832400,3.1077127100000004,2.48461123,23.01
1788832410,3.1059099900000002,2.48279663,23.01
1788832420,3.1059099900000002,2.48279663,23.01
1788832430,3.1077127100000004,2.48461123,23.02
1788832440,3.1077127100000004,2.4855185300000002,23.02
1788832450,3.1077127100000004,2.48461123,23.01
1788832460,3.1077127100000004,2.48370393,23.02
1788832470,3.1059099900000002,2.48279663,23.02
1788832480,3.1059099900000002,2.48279663,23.04
1788832490,3.10410727,2.48279663,23.02
1788832500,3.10230455,2.48098203,23.02
1788832510,3.10230455,2.48007473,23.02
1788832520,3.1059099900000002,2.48279663,22.99
1788832530,3.10230455,2.48098203,23.01
1788832540,3.1059099900000002,2.48188933,22.99
1788832550,3.10410727,2.48098203,22.99
1788832560,3.10410727,2.48098203,23.02
1788832570,3.10410727,2.48188933,23.01
1788832580,3.1005018300000002,2.47916743,23.02
1788832590,3.10230455,2.48007473,23.02
1788832600,3.10230455,2.48007473,23.04
1788832610,3.10410727,2.48188933,23.02
1788832620,3.10230455,2.48098203,23.01
1788832630,3.1005018300000002,2.47916743,23.02
1788832640,3.1005018300000002,2.48007473,23.04
1788832650,3.1005018300000002,2.48007473,23.01
1788832660,3.10410727,2.48098203,23.01
1788832670,3.10230455,2.48098203,23.01
1788832680,3.10230455,2.48007473,23.01
1788832690,3.10410727,2.48188933,23.02
1788832700,3.10230455,2.48098203,22.99
1788832710,3.10230455,2.48098203,23.01
1788832720,3.10230455,2.48007473,23.02
1788832730,3.1005018300000002,2.47916743,23.02
1788832740,3.10230455,2.48098203,22.99
1788832750,3.10410727,2.48188933,23.01
1788832760,3.10230455,2.48007473,23.01
1788832770,3.1005018300000002,2.47916743,23.01
1788832780,3.09869911,2.4782601300000002,23.02
1788832790,3.09869911,2.47735283,22.98
1788832800,3.1005018300000002,2.4782601300000002,22.99
1788832810,3.09869911,2.4782601300000002,22.99
1788832820,3.10230455,2.48007473,22.99
1788832830,3.10230455,2.48098203,22.99
1788832840,3.10410727,2.48188933,22.99
1788832850,3.09689639,2.47735283,23.01
1788832860,3.1005018300000002,2.47916743,22.97
1788832870,3.1005018300000002,2.47916743,22.98
1788832880,3.0950936700000002,2.47553823,22.99
1788832890,3.0950936700000002,2.47463093,22.98
1788832900,3.09869911,2.47735283,22.99
1788832910,3.0950936700000002,2.47553823,22.95
1788832920,3.0950936700000002,2.47463093,22.98
1788832930,3.0950936700000002,2.47553823,22.97
1788832940,3.1005018300000002,2.47916743,22.97
1788832950,3.09689639,2.47735283,22.99
1788832960,3.09689639,2.47644553,22.98
1788832970,3.09689639,2.47644553,22.99
1788832980,3.0950936700000002,2.47463093,22.98
1788832990,3.0950936700000002,2.47553823,22.98
1788833000,3.09689639,2.47644553,22.98
1788833010,3.09869911,2.4782601300000002,22.97
1788833020,3.09869911,2.4782601300000002,22.98
1788833030,3.0950936700000002,2.47553823,22.98
1788833040,3.09329095,2.47372363,22.97
1788833050,3.09329095,2.47372363,22.95
1788833060,3.0950936700000002,2.47553823,22.97
1788833070,3.0950936700000002,2.47553823,22.98
1788833080,3.09869911,2.4782601300000002,22.98
1788833090,3.09869911,2.4782601300000002,22.97
1788833100,3.0950936700000002,2.47553823,22.98
1788833110,3.09689639,2.47644553,22.97
1788833120,3.0950936700000002,2.47553823,22.98
1788833130,3.0950936700000002,2.47553823,22.98
1788833140,3.0896855100000002,2.4710017300000002,22.99
1788833150,3.09329095,2.47372363,22.99
1788833160,3.09329095,2.47463093,22.97
1788833170,3.09148823,2.47281633,22.98
1788833180,3.09689639,2.47644553,22.98
1788833190,3.09689639,2.47644553,22.98
1788833200,3.09689639,2.47735283,22.98
1788833210,3.09148823,2.47281633,22.98
1788833220,3.1005018300000002,2.47916743,22.99
1788833230,3.09869911,2.47735283,22.98
1788833240,3.0950936700000002,2.47553823,22.99
1788833250,3.09869911,2.47735283,23.01
1788833260,3.09689639,2.47644553,23.01
1788833270,3.0896855100000002,2.47190903,22.99
1788833280,3.09148823,2.47190903,22.98
1788833290,3.09148823,2.47281633,23.01
1788833300,3.09148823,2.47281633,23.01
1788833310,3.09148823,2.47281633,23.01
1788833320,3.09329095,2.47372363,22.98
1788833330,3.09329095,2.47372363,22.98
1788833340,3.09148823,2.47190903,23.01
1788833350,3.09148823,2.47281633,22.99
1788833360,3.09148823,2.47281633,22.98
1788833370,3.0950936700000002,2.47463093,22.99
1788833380,3.0950936700000002,2.47553823,22.98
1788833390,3.09148823,2.47190903,22.99
1788833400,3.08788279,2.46918713,23.01
1788833410,3.08788279,2.47009443,22.97
1788833420,3.08788279,2.47009443,22.99
1788833430,3.08608007,2.46918713,22.99
1788833440,3.08608007,2.46918713,22.99
1788833450,3.0896855100000002,2.47190903,22.97
1788833460,3.0896855100000002,2.47190903,22.98
1788833470,3.0896855100000002,2.4710017300000002,22.98
1788833480,3.08608007,2.46918713,22.99
1788833490,3.0842773500000003,2.46737253,22.99
1788833500,3.08247463,2.46555793,23.01
1788833510,3.07706647,2.46283603,23.01
1788833520,3.08067191,2.46555793,22.97
1788833530,3.0788691900000003,2.4637433300000002,23.02
1788833540,3.08247463,2.46555793,22.98
1788833550,3.08067191,2.4637433300000002,23.01
1788833560,3.07706647,2.46283603,22.98
1788833570,3.08247463,2.46646523,23.02
1788833580,3.08247463,2.46555793,23.01
1788833590,3.0842773500000003,2.46737253,22.99
1788833600,3.08608007,2.46918713,23.02
1788833610,3.09689639,2.47644553,22.99
1788833620,3.08247463,2.46737253,22.97
1788833630,3.0680528700000003,2.45648493,22.99
1788833640,3.0626447100000003,2.45194843,22.99
1788833650,3.06084199,2.45013383,22.99
1788833660,3.06444743,2.45285573,22.97
1788833670,3.0626447100000003,2.45194843,22.98
1788833680,3.0680528700000003,2.45648493,22.99
1788833690,3.06625015,2.45467033,23.01
1788833700,3.0734610300000003,2.46102143,23.01
1788833710,3.08608007,2.46918713,22.99
1788833720,3.0896855100000002,2.47190903,22.99
1788833730,3.09869911,2.4782601300000002,22.97
1788833740,3.0950936700000002,2.47644553,22.97
1788833750,3.09689639,2.47644553,22.98
1788833760,3.09689639,2.47735283,22.97
1788833770,3.09329095,2.47372363,22.98
1788833780,3.09329095,2.47372363,22.98
1788833790,3.09148823,2.47281633,23.01
1788833800,3.0896855100000002,2.4710017300000002,22.97
1788833810,3.09329095,2.47463093,22.97
1788833820,3.09329095,2.47463093,23.01
1788833830,3.09329095,2.47463093,22.98
1788833840,3.09148823,2.47372363,22.99
1788833850,3.0950936700000002,2.47553823,22.97
1788833860,3.09329095,2.47372363,22.98
1788833870,3.0950936700000002,2.47553823,22.99
1788833880,3.09329095,2.47463093,22.97
1788833890,3.09329095,2.47372363,22.97
1788833900,3.0896855100000002,2.47190903,22.97
1788833910,3.08788279,2.46918713,22.98
1788833920,3.08608007,2.46918713,22.98
1788833930,3.08788279,2.47009443,22.98
1788833940,3.0842773500000003,2.46827983,22.95
1788833950,3.0842773500000003,2.46827983,22.97
1788833960,3.08788279,2.47009443,22.97
1788833970,3.08608007,2.46827983,22.97
1788833980,3.08788279,2.47009443,22.97
1788833990,3.08067191,2.46465063,22.98
1788834000,3.0788691900000003,2.4637433300000002,22.99
1788834010,3.07706647,2.46192873,22.99
1788834020,3.0734610300000003,2.45920683,22.97
1788834030,3.0788691900000003,2.4637433300000002,22.99
1788834040,3.08067191,2.46465063,22.97
1788834050,3.08247463,2.46646523,22.98
1788834060,3.07706647,2.46283603,22.97
1788834070,3.08067191,2.46465063,22.98
1788834080,3.08067191,2.46465063,22.97
1788834090,3.07706647,2.46283603,22.97
1788834100,3.08067191,2.46465063,22.98
1788834110,3.0734610300000003,2.46011413,22.98
1788834120,3.07526375,2.46011413,22.97
1788834130,3.07165831,2.45829953,22.98
1788834140,3.06625015,2.45467033,23.01
1788834150,3.07165831,2.45739223,22.98
1788834160,3.07165831,2.45829953,22.97
1788834170,3.07165831,2.45739223,23.01
1788834180,3.06985559,2.45739223,22.97
1788834190,3.07165831,2.45829953,22.98
1788834200,3.07526375,2.46011413,22.99
1788834210,3.0680528700000003,2.45467033,22.99
1788834220,3.07165831,2.45829953,22.98
1788834230,3.0734610300000003,2.46011413,23.01
1788834240,3.06985559,2.45739223,23.01
1788834250,3.07165831,2.45829953,22.98
1788834260,3.07165831,2.45829953,22.99
1788834270,3.0680528700000003,2.45557763,23.01
1788834280,3.06625015,2.45467033,23.02
1788834290,3.06084199,2.45013383,22.99
1788834300,3.0626447100000003,2.45194843,22.98
1788834310,3.0626447100000003,2.45194843,22.98
1788834320,3.0680528700000003,2.45557763,22.99
1788834330,3.07165831,2.45920683,23.01
1788834340,3.07165831,2.45829953,22.99
1788834350,3.0680528700000003,2.45557763,23.02
1788834360,3.0680528700000003,2.45648493,23.02
1788834370,3.0680528700000003,2.45648493,22.99
1788834380,3.06625015,2.45467033,23.02
1788834390,3.06625015,2.45376303,23.01
1788834400,3.06625015,2.45467033,23.01
1788834410,3.06625015,2.45467033,23.01
1788834420,3.0626447100000003,2.45194843,23.01
1788834430,3.06625015,2.45467033,23.01
1788834440,3.06444743,2.45285573,22.99
1788834450,3.06625015,2.45376303,22.99
1788834460,3.0626447100000003,2.45194843,22.99
1788834470,3.06084199,2.45104113,22.99
1788834480,3.06084199,2.45104113,22.99
1788834490,3.06625015,2.45467033,23.01
1788834500,3.06084199,2.45013383,22.99
1788834510,3.06444743,2.45285573,22.99
1788834520,3.06625015,2.45467033,23.01
1788834530,3.06444743,2.45376303,23.02
1788834540,3.0626447100000003,2.45104113,23.01
1788834550,3.0626447100000003,2.45194843,22.99
1788834560,3.0626447100000003,2.45104113,23.01
1788834570,3.06084199,2.45013383,22.99
1788834580,3.0626447100000003,2.45194843,23.01
1788834590,3.05903927,2.44922653,23.01
1788834600,3.06084199,2.45013383,23.02
1788834610,3.0572365500000003,2.44831923,23.04
1788834620,3.06084199,2.45013383,23.01
1788834630,3.0572365500000003,2.44831923,23.01
1788834640,3.05903927,2.44922653,23.04
1788834650,3.06444743,2.45285573,22.99
1788834660,3.0626447100000003,2.45194843,23.01
1788834670,3.06444743,2.45285573,23.02
1788834680,3.05903927,2.44922653,23.05
1788834690,3.0518283900000003,2.44469003,23.01
1788834700,3.04822295,2.44106083,23.01
1788834710,3.0464202300000003,2.44015353,23.02
1788834720,3.05002567,2.44196813,23.04
1788834730,3.0518283900000003,2.44287543,23.04
1788834740,3.0518283900000003,2.44378273,23.02
1788834750,3.05002567,2.44196813,23.02
1788834760,3.04822295,2.44196813,23.02
1788834770,3.04461751,2.43833893,23.01
1788834780,3.0464202300000003,2.44015353,23.01
1788834790,3.05002567,2.44287543,23.01
1788834800,3.05363111,2.44469003,23.01
1788834810,3.0518283900000003,2.44287543,23.02
1788834820,3.04822295,2.44196813,23.02
1788834830,3.05002567,2.44196813,23.02
1788834840,3.0464202300000003,2.44015353,23.01
1788834850,3.05002567,2.44196813,23.01
1788834860,3.05002567,2.44287543,23.02
1788834870,3.04822295,2.44106083,23.04
1788834880,3.0518283900000003,2.44469003,23.04
1788834890,3.0518283900000003,2.44378273,23.05
1788834900,3.0518283900000003,2.44378273,23.02
1788834910,3.05002567,2.44287543,23.04
1788834920,3.05002567,2.44196813,23.02
1788834930,3.0464202300000003,2.44015353,23.01
1788834940,3.04461751,2.43833893,22.99
1788834950,3.0464202300000003,2.44015353,23.01
1788834960,3.04822295,2.44106083,23.01
1788834970,3.05002567,2.44196813,23.01
1788834980,3.0518283900000003,2.44469003,22.99
1788834990,3.05363111,2.44559733,23.01
1788835000,3.04822295,2.44106083,23.01
1788835010,3.04822295,2.44106083,23.01
1788835020,3.04822295,2.44196813,23.01
1788835030,3.04281479,2.43833893,23.02
1788835040,3.04461751,2.43924623,23.04
1788835050,3.04461751,2.43833893,23.02
1788835060,3.04461751,2.43924623,23.02
1788835070,3.04281479,2.43743163,23.02
1788835080,3.0464202300000003,2.44015353,23.02
1788835090,3.0464202300000003,2.44015353,23.02
1788835100,3.0410120700000003,2.43652433,23.01
1788835110,3.0410120700000003,2.43652433,23.01
1788835120,3.04281479,2.43743163,23.05
1788835130,3.04281479,2.43652433,23.02
1788835140,3.04281479,2.43743163,23.02
1788835150,3.03920935,2.43470973,23.06
1788835160,3.04461751,2.43924623,23.05
1788835170,3.03920935,2.43561703,23.02
1788835180,3.04461751,2.43833893,23.05
1788835190,3.0464202300000003,2.44015353,23.04
1788835200,3.04461751,2.43924623,23.02
1788835210,3.04461751,2.43924623,23.04
1788835220,3.04822295,2.44196813,23.02
1788835230,3.04822295,2.44106083,23.04
1788835240,3.05002567,2.44196813,23.02
1788835250,3.04822295,2.44196813,23.01
1788835260,3.05002567,2.44287543,23.01
1788835270,3.05002567,2.44287543,23.01
1788835280,3.0518283900000003,2.44378273,23.02
1788835290,3.0518283900000003,2.44378273,23.02
1788835300,3.05002567,2.44378273,23.02
1788835310,3.0464202300000003,2.44015353,23.01
1788835320,3.04822295,2.44106083,23.02
1788835330,3.04822295,2.44106083,23.02
1788835340,3.05002567,2.44196813,23.04
1788835350,3.04822295,2.44106083,23.05
1788835360,3.05363111,2.44469003,23.05
1788835370,3.05543383,2.44650463,23.04
1788835380,3.05363111,2.44559733,23.05
1788835390,3.0518283900000003,2.44378273,23.04
1788835400,3.04822295,2.44106083,23.05
1788835410,3.05002567,2.44196813,23.05
1788835420,3.04822295,2.44196813,23.02
1788835430,3.04822295,2.44106083,23.02
1788835440,3.05002567,2.44196813,23.04
1788835450,3.0464202300000003,2.44015353,23.02
1788835460,3.0464202300000003,2.43924623,23.04
1788835470,3.04461751,2.43924623,23.04
1788835480,3.03920935,2.43380243,23.04
1788835490,3.03920935,2.43561703,23.02
1788835500,3.03920935,2.43470973,23.05
1788835510,3.04461751,2.43924623,23.04
1788835520,3.05363111,2.44559733,23.02
1788835530,3.0518283900000003,2.44378273,23.05
1788835540,3.0464202300000003,2.44015353,23.04
1788835550,3.0518283900000003,2.44378273,23.02
1788835560,3.05363111,2.44469003,23.05
1788835570,3.04822295,2.44196813,23.04
1788835580,3.0464202300000003,2.44015353,23.05
1788835590,3.05002567,2.44196813,23.02
1788835600,3.04822295,2.44106083,23.02
1788835610,3.0464202300000003,2.44015353,23.01
1788835620,3.04461751,2.43833893,23.02
1788835630,3.04461751,2.43833893,23.01
1788835640,3.03920935,2.43561703,23.02
1788835650,3.04281479,2.43743163,22.99
1788835660,3.04461751,2.43833893,23.01
1788835670,3.04461751,2.43833893,23.04
1788835680,3.04461751,2.43924623,23.02
1788835690,3.04461751,2.43833893,23.02
1788835700,3.0464202300000003,2.44015353,23.04
1788835710,3.03920935,2.43470973,22.99
1788835720,3.03920935,2.43380243,23.02
1788835730,3.03740663,2.43380243,23.04
1788835740,3.03740663,2.43380243,23.04
1788835750,3.0410120700000003,2.43561703,23.02
1788835760,3.04281479,2.43743163,23.02
1788835770,3.03740663,2.43380243,23.02
1788835780,3.03920935,2.43470973,23.02
1788835790,3.03380119,2.43017323,23.02
1788835800,3.03740663,2.43289513,23.02
1788835810,3.03380119,2.43017323,23.02
1788835820,3.0301957500000003,2.42835863,23.04
1788835830,3.0356039100000003,2.43108053,23.02
1788835840,3.03920935,2.43470973,23.04
1788835850,3.03920935,2.43470973,23.01
1788835860,3.03740663,2.43380243,23.04
1788835870,3.03740663,2.43289513,23.01
1788835880,3.03380119,2.43017323,23.05
1788835890,3.0301957500000003,2.42745133,23.06
1788835900,3.0356039100000003,2.43198783,23.04
1788835910,3.03920935,2.43470973,23.02
1788835920,3.03920935,2.43380243,23.05
1788835930,3.0356039100000003,2.43198783,23.02
1788835940,3.03380119,2.43017323,23.02
1788835950,3.03199847,2.42926593,23.05
1788835960,3.03199847,2.42926593,23.02
1788835970,3.03380119,2.43108053,23.05
1788835980,3.03380119,2.43108053,23.01
1788835990,3.0356039100000003,2.43198783,23.01
1788836000,3.03199847,2.42926593,23.04
1788836010,3.03380119,2.43108053,23.02
1788836020,3.0356039100000003,2.43289513,23.02
1788836030,3.0356039100000003,2.43289513,23.04
1788836040,3.03740663,2.43380243,23.04
1788836050,3.03199847,2.43017323,23.01
1788836060,3.03380119,2.43017323,23.01
1788836070,3.0356039100000003,2.43198783,22.99
1788836080,3.0356039100000003,2.43289513,23.02
1788836090,3.03380119,2.43108053,22.99
1788836100,3.0301957500000003,2.42835863,22.99
1788836110,3.03199847,2.42926593,23.01
1788836120,3.0301957500000003,2.42745133,23.01
1788836130,3.03199847,2.42926593,23.01
1788836140,3.02659031,2.42563673,23.02
1788836150,3.03380119,2.43108053,23.02
1788836160,3.03199847,2.43017323,23.01
1788836170,3.0356039100000003,2.43108053,22.99
1788836180,3.0356039100000003,2.43198783,23.01
1788836190,3.03199847,2.42926593,23.02
1788836200,3.0301957500000003,2.42745133,22.99
1788836210,3.03380119,2.43108053,23.01
1788836220,3.03199847,2.42926593,23.01
1788836230,3.03380119,2.43017323,22.99
1788836240,3.0301957500000003,2.42745133,23.02
1788836250,3.0356039100000003,2.43108053,23.01
1788836260,3.0301957500000003,2.42835863,23.02
1788836270,3.03380119,2.43017323,23.01
1788836280,3.03380119,2.43108053,22.99
1788836290,3.0356039100000003,2.43289513,23.01
1788836300,3.03380119,2.43108053,22.98
1788836310,3.03740663,2.43380243,22.99
1788836320,3.06625015,2.45467033,22.99
1788836330,3.07526375,2.46192873,23.01
1788836340,3.0734610300000003,2.46011413,22.99
1788836350,3.06444743,2.45376303,23.01
1788836360,3.0626447100000003,2.45194843,23.02
1788836370,3.05903927,2.44922653,22.99
1788836380,3.0680528700000003,2.45557763,23.02
1788836390,3.07706647,2.46283603,23.01
1788836400,3.07706647,2.46192873,23.02
1788836410,3.07526375,2.46011413,23.02
1788836420,3.0626447100000003,2.45104113,23.01
1788836430,3.05363111,2.44559733,23.02
1788836440,3.05002567,2.44196813,23.01
1788836450,3.04281479,2.43743163,23.04
1788836460,3.03380119,2.43017323,23.04
1788836470,3.03380119,2.43017323,23.01
1788836480,3.0301957500000003,2.42745133,23.02
1788836490,3.02298487,2.42291483,23.04
1788836500,3.0247875900000003,2.42382213,23.02
1788836510,3.02298487,2.42200753,23.01
1788836520,3.02298487,2.42200753,23.02
1788836530,3.02839303,2.42563673,23.02
1788836540,3.02118215,2.42110023,23.05
1788836550,3.02298487,2.42200753,23.02
1788836560,3.02118215,2.42110023,23.04
1788836570,3.02839303,2.42563673,23.04
1788836580,3.02839303,2.42654403,23.02
1788836590,3.0301957500000003,2.42745133,23.02
1788836600,3.02839303,2.42654403,23.04
1788836610,3.02659031,2.42472943,22.99
1788836620,3.02659031,2.42472943,23.02
1788836630,3.02839303,2.42654403,23.02
1788836640,3.02839303,2.42654403,23.02
1788836650,3.0301957500000003,2.42745133,23.04
1788836660,3.0301957500000003,2.42745133,23.05
1788836670,3.0301957500000003,2.42835863,23.04
1788836680,3.02839303,2.42654403,23.04
1788836690,3.02839303,2.42654403,23.04
1788836700,3.02659031,2.42472943,23.01
1788836710,3.02839303,2.42654403,23.02
1788836720,3.0301957500000003,2.42745133,23.04
1788836730,3.0247875900000003,2.42382213,23.02
1788836740,3.0247875900000003,2.42382213,23.02
1788836750,3.02298487,2.42200753,23.02
1788836760,3.02298487,2.42291483,23.01
1788836770,3.02659031,2.42472943,23.02
1788836780,3.02659031,2.42472943,23.01
1788836790,3.0247875900000003,2.42382213,23.04
1788836800,3.02659031,2.42563673,22.99
1788836810,3.02839303,2.42563673,23.02
1788836820,3.0301957500000003,2.42654403,23.04
1788836830,3.0301957500000003,2.42745133,23.01
1788836840,3.0301957500000003,2.42745133,23.01
1788836850,3.02839303,2.42654403,22.99
1788836860,3.02659031,2.42472943,23.02
1788836870,3.02298487,2.42291483,22.99
1788836880,3.02839303,2.42654403,23.01
1788836890,3.02659031,2.42563673,23.04
1788836900,3.02839303,2.42563673,23.01
1788836910,3.02298487,2.42291483,23.01
1788836920,3.02298487,2.42200753,23.01
1788836930,3.02659031,2.42472943,23.02
1788836940,3.02659031,2.42382213,22.99
1788836950,3.0247875900000003,2.42291483,23.02
1788836960,3.02839303,2.42563673,23.02
1788836970,3.0301957500000003,2.42654403,23.01
1788836980,3.03199847,2.42835863,23.02
1788836990,3.0247875900000003,2.42382213,23.04
1788837000,3.02659031,2.42472943,23.04
1788837010,3.0301957500000003,2.42745133,23.02
1788837020,3.03199847,2.42835863,23.04
1788837030,3.03199847,2.42926593,23.01
1788837040,3.02839303,2.42563673,23.01
1788837050,3.0247875900000003,2.42472943,23.01
1788837060,3.02839303,2.42563673,23.01
1788837070,3.0247875900000003,2.42382213,22.99
1788837080,3.0247875900000003,2.42382213,23.01
1788837090,3.02298487,2.42291483,23.01
1788837100,3.0193794300000003,2.42019293,23.01
1788837110,3.02659031,2.42472943,23.02
1788837120,3.0247875900000003,2.42291483,22.98
1788837130,3.02839303,2.42654403,23.01
1788837140,3.0247875900000003,2.42382213,23.01
1788837150,3.0247875900000003,2.42291483,23.01
1788837160,3.02659031,2.42472943,23.02
1788837170,3.02298487,2.42200753,23.02
1788837180,3.0247875900000003,2.42291483,22.99
1788837190,3.0247875900000003,2.42382213,23.01
1788837200,3.02659031,2.42563673,23.04
1788837210,3.0247875900000003,2.42291483,23.01
1788837220,3.02659031,2.42563673,23.02
1788837230,3.02659031,2.42563673,23.02
1788837240,3.03380119,2.43017323,23.01
1788837250,3.03199847,2.42835863,23.02
1788837260,3.03380119,2.43017323,22.98
1788837270,3.0301957500000003,2.42835863,22.99
1788837280,3.0247875900000003,2.42382213,23.01
1788837290,3.02298487,2.42291483,23.01
1788837300,3.0247875900000003,2.42382213,23.01
1788837310,3.02298487,2.42110023,22.99
1788837320,3.02298487,2.42291483,22.99
1788837330,3.02298487,2.42291483,22.97
1788837340,3.02659031,2.42472943,22.99
1788837350,3.02839303,2.42654403,22.99
1788837360,3.03199847,2.42835863,23.01
1788837370,3.02839303,2.42654403,22.99
1788837380,3.02298487,2.42291483,22.99
1788837390,3.02839303,2.42563673,22.99
1788837400,3.0301957500000003,2.42835863,23.01
1788837410,3.03199847,2.42926593,22.99
1788837420,3.02659031,2.42472943,23.01
1788837430,3.0247875900000003,2.42382213,22.99
1788837440,3.0193794300000003,2.41928563,22.98
1788837450,3.02298487,2.42200753,23.02
1788837460,3.0247875900000003,2.42382213,22.98
1788837470,3.02659031,2.42472943,22.99
1788837480,3.0247875900000003,2.42382213,23.01
1788837490,3.02118215,2.42110023,23.01
1788837500,3.02298487,2.42200753,22.99
1788837510,3.02659031,2.42472943,23.01
1788837520,3.02118215,2.42110023,23.02
1788837530,3.0247875900000003,2.42291483,23.01
1788837540,3.0301957500000003,2.42745133,23.01
1788837550,3.0301957500000003,2.42745133,23.02
1788837560,3.0301957500000003,2.42745133,23.01
1788837570,3.0301957500000003,2.42835863,23.01
1788837580,3.03199847,2.42926593,22.99
1788837590,3.02839303,2.42563673,23.01
1788837600,3.02659031,2.42563673,22.98
1788837610,3.0301957500000003,2.42745133,22.99
1788837620,3.0301957500000003,2.42835863,23.04
1788837630,3.03380119,2.43108053,22.99
1788837640,3.03380119,2.43017323,23.02
1788837650,3.0356039100000003,2.43108053,22.99
1788837660,3.03380119,2.43017323,23.01
1788837670,3.0356039100000003,2.43198783,23.01
1788837680,3.03380119,2.43108053,23.01
1788837690,3.03199847,2.42926593,23.01
1788837700,3.02839303,2.42654403,22.98
1788837710,3.0301957500000003,2.42654403,23.01
1788837720,3.02659031,2.42472943,23.02
1788837730,3.0301957500000003,2.42745133,22.99
1788837740,3.03740663,2.43198783,22.98
1788837750,3.03380119,2.42926593,23.01
1788837760,3.03199847,2.42926593,23.02
1788837770,3.0356039100000003,2.43108053,23.02
1788837780,3.03920935,2.43380243,22.99
1788837790,3.03199847,2.42835863,23.01
1788837800,3.03380119,2.43108053,23.01
1788837810,3.03380119,2.43017323,22.99
1788837820,3.0301957500000003,2.42835863,23.02
1788837830,3.02839303,2.42563673,23.02
1788837840,3.02659031,2.42563673,23.01
1788837850,3.02839303,2.42563673,23.02
1788837860,3.02839303,2.42654403,23.02
1788837870,3.0247875900000003,2.42382213,22.99
1788837880,3.02839303,2.42563673,23.02
1788837890,3.02839303,2.42563673,22.99
1788837900,3.02659031,2.42472943,23.01
1788837910,3.03199847,2.42926593,23.01
1788837920,3.0410120700000003,2.43470973,23.01
1788837930,3.03920935,2.43470973,23.02
1788837940,3.03740663,2.43198783,23.01
1788837950,3.03380119,2.43017323,23.02
1788837960,3.03380119,2.43017323,23.01
1788837970,3.03199847,2.42835863,23.02
1788837980,3.02839303,2.42654403,22.98
1788837990,3.02659031,2.42382213,22.99
1788838000,3.02839303,2.42563673,22.99
1788838010,3.0356039100000003,2.43198783,23.02
1788838020,3.03920935,2.43380243,23.01
1788838030,3.03740663,2.43289513,22.98
1788838040,3.03740663,2.43289513,23.01
1788838050,3.03920935,2.43380243,23.01
1788838060,3.03920935,2.43470973,22.99
1788838070,3.0301957500000003,2.42745133,23.02
1788838080,3.03199847,2.42835863,23.01
1788838090,3.03740663,2.43289513,23.01
1788838100,3.0356039100000003,2.43108053,22.99
1788838110,3.0410120700000003,2.43470973,23.02
1788838120,3.04461751,2.43743163,23.01
1788838130,3.03920935,2.43380243,22.99
1788838140,3.03740663,2.43289513,22.98
1788838150,3.02659031,2.42563673,22.98
1788838160,3.03199847,2.42926593,22.99
1788838170,3.02659031,2.42563673,22.99
1788838180,3.0247875900000003,2.42382213,23.01
1788838190,3.02118215,2.42019293,22.99
1788838200,3.0193794300000003,2.41928563,22.99
1788838210,3.0193794300000003,2.41928563,23.01
1788838220,3.02659031,2.42472943,23.01
1788838230,3.0301957500000003,2.42745133,23.01
1788838240,3.02839303,2.42654403,22.99
1788838250,3.0247875900000003,2.42382213,23.02
1788838260,3.02118215,2.42019293,23.02
1788838270,3.0247875900000003,2.42382213,22.99
1788838280,3.0247875900000003,2.42291483,23.02
1788838290,3.0247875900000003,2.42382213,23.01
1788838300,3.02118215,2.42110023,22.99
1788838310,3.0139712700000003,2.41565643,23.02
1788838320,3.01036583,2.41293453,22.99
1788838330,3.01577399,2.41656373,23.01
1788838340,3.01577399,2.41656373,23.04
1788838350,3.0193794300000003,2.41928563,23.02
1788838360,3.0247875900000003,2.42291483,23.04
1788838370,3.02659031,2.42472943,23.02
1788838380,3.03199847,2.42835863,23.04
1788838390,3.03380119,2.43017323,23.01
1788838400,3.03380119,2.42926593,23.02
1788838410,3.03199847,2.42835863,23.02
1788838420,3.02839303,2.42654403,23.02
1788838430,3.0301957500000003,2.42745133,23.02
1788838440,3.02839303,2.42654403,23.02
1788838450,3.02298487,2.42200753,23.01
1788838460,3.02298487,2.42291483,22.99
1788838470,3.02118215,2.42019293,22.99
1788838480,3.02298487,2.42200753,23.01
1788838490,3.0193794300000003,2.41928563,22.99
1788838500,3.02118215,2.42110023,22.99
1788838510,3.02118215,2.42019293,22.99
1788838520,3.02839303,2.42654403,23.04
1788838530,3.03199847,2.42926593,23.01
1788838540,3.0301957500000003,2.42745133,22.98
1788838550,3.0301957500000003,2.42654403,22.98
1788838560,3.02839303,2.42563673,23.01
1788838570,3.0247875900000003,2.42291483,22.98
1788838580,3.0247875900000003,2.42382213,23.02
1788838590,3.02659031,2.42472943,23.01
1788838600,3.03199847,2.42835863,22.98
1788838610,3.0301957500000003,2.42835863,22.98
1788838620,3.03380119,2.43017323,22.98
1788838630,3.0356039100000003,2.43108053,22.99
1788838640,3.03380119,2.43017323,22.98
1788838650,3.0356039100000003,2.43198783,22.98
1788838660,3.0356039100000003,2.43198783,22.99
1788838670,3.0410120700000003,2.43561703,22.99
1788838680,3.03740663,2.43289513,22.99
1788838690,3.0464202300000003,2.44015353,23.01
1788838700,3.04461751,2.43743163,22.98
1788838710,3.04281479,2.43652433,23.01
1788838720,3.05002567,2.44196813,22.98
1788838730,3.05543383,2.44559733,23.02
1788838740,3.04461751,2.43743163,22.98
1788838750,3.03920935,2.43470973,22.99
1788838760,3.03740663,2.43289513,22.99
1788838770,3.0356039100000003,2.43198783,22.98
1788838780,3.03740663,2.43289513,22.98
1788838790,3.03920935,2.43470973,22.97
1788838800,3.0356039100000003,2.43108053,22.95
1788838810,3.03740663,2.43289513,22.98
1788838820,3.03920935,2.43380243,22.98
1788838830,3.0410120700000003,2.43561703,22.97
1788838840,3.0410120700000003,2.43561703,23.01
1788838850,3.03920935,2.43380243,22.97
1788838860,3.0410120700000003,2.43561703,22.98
1788838870,3.0410120700000003,2.43561703,22.95
1788838880,3.04281479,2.43652433,22.98
1788838890,3.0464202300000003,2.43924623,23.01
1788838900,3.05002567,2.44287543,22.99
1788838910,3.05363111,2.44378273,22.97
1788838920,3.0518283900000003,2.44287543,22.99
1788838930,3.05002567,2.44196813,22.98
1788838940,3.04461751,2.43833893,22.99
1788838950,3.04281479,2.43652433,22.98
1788838960,3.0410120700000003,2.43470973,23.02
1788838970,3.03740663,2.43198783,22.99
1788838980,3.03380119,2.43017323,22.99
1788838990,3.03740663,2.43380243,22.97
1788839000,3.03380119,2.43108053,22.98
1788839010,3.03380119,2.42926593,22.99
1788839020,3.03199847,2.42835863,22.98
1788839030,3.03199847,2.42926593,22.98
1788839040,3.03199847,2.42835863,22.98
1788839050,3.04281479,2.43652433,22.98
1788839060,3.04281479,2.43652433,23.01
1788839070,3.0518283900000003,2.44378273,22.98
1788839080,3.04822295,2.44106083,22.99
1788839090,3.05002567,2.44196813,22.99
1788839100,3.04822295,2.44106083,22.99
1788839110,3.05002567,2.44196813,22.99
1788839120,3.05002567,2.44196813,23.02
1788839130,3.04461751,2.43833893,22.98
1788839140,3.04822295,2.44106083,23.01
1788839150,3.04461751,2.43833893,22.99
1788839160,3.0410120700000003,2.43470973,23.02
1788839170,3.0356039100000003,2.43108053,22.98
1788839180,3.03380119,2.42926593,23.01
1788839190,3.03740663,2.43289513,23.01
1788839200,3.04461751,2.43743163,23.02
1788839210,3.04461751,2.43743163,23.01
1788839220,3.0410120700000003,2.43561703,22.99
1788839230,3.0464202300000003,2.43924623,22.99
1788839240,3.04461751,2.43833893,23.01
1788839250,3.0410120700000003,2.43561703,23.01
1788839260,3.0247875900000003,2.42382213,23.01
1788839270,2.9977467900000003,2.40295423,22.99
1788839280,3.01216855,2.41384183,22.98
1788839290,3.03920935,2.43380243,22.99
1788839300,3.05002567,2.44196813,23.01
1788839310,3.05543383,2.44559733,22.98
1788839320,3.0464202300000003,2.43924623,22.99
1788839330,3.02659031,2.42472943,22.99
1788839340,3.01577399,2.41565643,22.98
1788839350,2.99954951,2.40476883,22.98
1788839360,2.99954951,2.40386153,22.98
1788839370,3.00135223,2.40567613,22.97
1788839380,3.0031549500000003,2.40658343,22.97
1788839390,3.01036583,2.41202723,22.98
1788839400,3.01757671,2.41837833,22.97
1788839410,3.0247875900000003,2.42382213,22.98
1788839420,3.02839303,2.42563673,22.98
1788839430,3.03380119,2.42926593,22.99
1788839440,3.03920935,2.43380243,22.98
1788839450,3.04281479,2.43743163,22.97
1788839460,3.04461751,2.43743163,22.97
1788839470,3.0356039100000003,2.43198783,22.98
1788839480,3.03740663,2.43198783,22.98
1788839490,3.0301957500000003,2.42745133,22.98
1788839500,3.0301957500000003,2.42745133,22.98
1788839510,3.03380119,2.43017323,22.98
1788839520,3.03199847,2.42835863,22.98
1788839530,3.0247875900000003,2.42382213,22.95
1788839540,3.0247875900000003,2.42291483,22.98
1788839550,3.02839303,2.42563673,22.98
1788839560,3.03199847,2.42835863,23.02
1788839570,3.03380119,2.43017323,22.99
1788839580,3.0356039100000003,2.43108053,22.99
1788839590,3.0410120700000003,2.43470973,22.98
1788839600,3.04281479,2.43652433,22.98
1788839610,3.04281479,2.43652433,22.99
1788839620,3.0464202300000003,2.43833893,22.98
1788839630,3.0464202300000003,2.43924623,22.99
1788839640,3.04822295,2.44015353,22.99
1788839650,3.0464202300000003,2.43833893,22.98
1788839660,3.04281479,2.43561703,22.99
1788839670,3.0464202300000003,2.43833893,22.95
1788839680,3.04461751,2.43833893,22.98
1788839690,3.04281479,2.43652433,23.01
1788839700,3.04461751,2.43833893,22.99
1788839710,3.0464202300000003,2.44015353,22.99
1788839720,3.0518283900000003,2.44287543,22.99
1788839730,3.04822295,2.44106083,22.99
1788839740,3.04822295,2.44015353,22.99
1788839750,3.04461751,2.43833893,23.01
1788839760,3.0464202300000003,2.43924623,22.99
1788839770,3.0464202300000003,2.43924623,22.98
1788839780,3.0464202300000003,2.43924623,22.98
1788839790,3.04461751,2.43833893,22.99
1788839800,3.04281479,2.43652433,23.02
1788839810,3.04461751,2.43743163,22.99
1788839820,3.04822295,2.44015353,23.01
1788839830,3.04281479,2.43652433,22.98
1788839840,3.0464202300000003,2.43924623,22.98
1788839850,3.04281479,2.43743163,22.98
1788839860,3.04822295,2.44015353,22.99
1788839870,3.05002567,2.44196813,22.98
1788839880,3.0518283900000003,2.44287543,22.99
1788839890,3.05002567,2.44196813,22.99
1788839900,3.04822295,2.44106083,22.98
1788839910,3.05002567,2.44196813,22.97
1788839920,3.05002567,2.44196813,22.98
1788839930,3.0464202300000003,2.43924623,22.97
1788839940,3.04281479,2.43561703,22.98
1788839950,3.04281479,2.43743163,22.94
1788839960,3.04281479,2.43652433,22.97
1788839970,3.04461751,2.43743163,22.97
1788839980,3.05002567,2.44196813,22.97
1788839990,3.04822295,2.44015353,22.94
1788840000,3.04822295,2.44015353,22.97
1788840010,3.04461751,2.43833893,22.97
1788840020,3.04822295,2.44106083,22.97
1788840030,3.04461751,2.43743163,22.97
1788840040,3.0464202300000003,2.43924623,22.97
1788840050,3.04822295,2.43924623,22.99
1788840060,3.04281479,2.43652433,22.97
1788840070,3.0464202300000003,2.43833893,22.97
1788840080,3.0410120700000003,2.43561703,22.97
1788840090,3.04461751,2.43743163,22.98
1788840100,3.04461751,2.43743163,22.97
1788840110,3.05002567,2.44196813,22.97
1788840120,3.0464202300000003,2.43833893,22.94
1788840130,3.04822295,2.44015353,22.97
1788840140,3.0464202300000003,2.43833893,22.99
1788840150,3.04822295,2.44015353,22.97
1788840160,3.0464202300000003,2.43924623,22.98
1788840170,3.04461751,2.43743163,22.97
1788840180,3.04461751,2.43743163,22.97
1788840190,3.04281479,2.43652433,22.97
1788840200,3.04822295,2.43924623,22.98
1788840210,3.0518283900000003,2.44196813,22.98
1788840220,3.05002567,2.44106083,22.97
1788840230,3.0518283900000003,2.44287543,22.97
1788840240,3.05002567,2.44106083,22.98
1788840250,3.0518283900000003,2.44287543,22.95
1788840260,3.0518283900000003,2.44196813,22.97
1788840270,3.04822295,2.44015353,22.95
1788840280,3.0464202300000003,2.43924623,22.97
1788840290,3.0410120700000003,2.43470973,22.99
1788840300,3.0410120700000003,2.43561703,22.97
1788840310,3.04281479,2.43561703,22.98
1788840320,3.04461751,2.43743163,22.97
1788840330,3.05002567,2.44196813,22.98
1788840340,3.0518283900000003,2.44196813,22.98
1788840350,3.05543383,2.44559733,22.98
1788840360,3.05363111,2.44469003,22.99
1788840370,3.0518283900000003,2.44287543,22.98
1788840380,3.0518283900000003,2.44287543,22.99
1788840390,3.0518283900000003,2.44287543,22.98
1788840400,3.0464202300000003,2.43833893,22.97
1788840410,3.04822295,2.44015353,22.97
1788840420,3.05002567,2.44196813,22.97
1788840430,3.05002567,2.44196813,22.95
1788840440,3.05363111,2.44378273,22.97
1788840450,3.05363111,2.44378273,22.98
1788840460,3.05363111,2.44378273,22.97
1788840470,3.05002567,2.44196813,22.98
1788840480,3.05002567,2.44106083,22.97
1788840490,3.04461751,2.43743163,22.99
1788840500,3.04822295,2.44015353,22.99
1788840510,3.04822295,2.44015353,22.99
1788840520,3.05002567,2.44196813,22.98
1788840530,3.05002567,2.44106083,22.98
1788840540,3.0518283900000003,2.44287543,22.95
1788840550,3.0518283900000003,2.44287543,22.98
1788840560,3.0518283900000003,2.44196813,22.95
1788840570,3.05002567,2.44106083,22.95
1788840580,3.05002567,2.44106083,22.95
1788840590,3.0518283900000003,2.44196813,22.98
1788840600,3.0518283900000003,2.44287543,22.97
1788840610,3.0518283900000003,2.44287543,22.97
1788840620,3.0518283900000003,2.44287543,22.95
1788840630,3.05363111,2.44378273,22.97
1788840640,3.0518283900000003,2.44287543,22.97
1788840650,3.05363111,2.44287543,22.97
1788840660,3.05002567,2.44106083,22.97
1788840670,3.0518283900000003,2.44287543,22.95
1788840680,3.0464202300000003,2.43833893,22.97
1788840690,3.05002567,2.44106083,22.97
1788840700,3.05002567,2.44106083,22.99
1788840710,3.0518283900000003,2.44287543,22.98
1788840720,3.05002567,2.44196813,22.98
1788840730,3.05002567,2.44106083,22.98
1788840740,3.05002567,2.44106083,22.97
1788840750,3.0518283900000003,2.44287543,22.98
1788840760,3.0518283900000003,2.44196813,22.98
1788840770,3.04822295,2.44015353,22.97
1788840780,3.05002567,2.44106083,22.98
1788840790,3.0518283900000003,2.44287543,22.97
1788840800,3.05002567,2.44196813,22.97
1788840810,3.04822295,2.44015353,22.98
1788840820,3.05002567,2.44106083,22.95
1788840830,3.04822295,2.44015353,22.98
1788840840,3.04822295,2.44015353,22.98
1788840850,3.04822295,2.44015353,22.97
1788840860,3.04822295,2.44015353,22.94
1788840870,3.0464202300000003,2.43833893,22.97
1788840880,3.04461751,2.43743163,22.97
1788840890,3.04822295,2.43924623,22.97
1788840900,3.04822295,2.44015353,22.95
1788840910,3.0518283900000003,2.44196813,22.97
1788840920,3.04822295,2.44015353,22.97
1788840930,3.04822295,2.44015353,22.98
1788840940,3.05002567,2.44106083,22.97
1788840950,3.05002567,2.44106083,22.95
1788840960,3.04822295,2.44015353,22.97
1788840970,3.0464202300000003,2.43833893,22.97
1788840980,3.04822295,2.43924623,22.97
1788840990,3.04822295,2.43924623,22.97
1788841000,3.05002567,2.44106083,22.98
1788841010,3.04822295,2.44015353,22.95
1788841020,3.0464202300000003,2.43924623,22.95
1788841030,3.0464202300000003,2.43924623,22.98
1788841040,3.04822295,2.44015353,22.95
1788841050,3.0464202300000003,2.43833893,22.98
1788841060,3.0464202300000003,2.43743163,23.01
1788841070,3.04461751,2.43743163,22.95
1788841080,3.04822295,2.43924623,22.97
1788841090,3.04822295,2.43924623,22.95
1788841100,3.0464202300000003,2.43743163,22.97
1788841110,3.04281479,2.43561703,22.95
1788841120,3.04461751,2.43652433,22.98
1788841130,3.04822295,2.44015353,22.95
1788841140,3.05002567,2.44015353,22.97
1788841150,3.05002567,2.44106083,22.97
1788841160,3.05002567,2.44196813,22.95
1788841170,3.04822295,2.44015353,22.98
1788841180,3.04822295,2.44015353,22.95
1788841190,3.04822295,2.44015353,22.95
1788841200,3.05002567,2.44015353,22.97
1788841210,3.05002567,2.44015353,22.98
1788841220,3.05002567,2.44106083,22.97
1788841230,3.04461751,2.43743163,22.98
1788841240,3.04822295,2.43924623,22.99
1788841250,3.04822295,2.44015353,22.98
1788841260,3.0464202300000003,2.43833893,22.99
1788841270,3.0464202300000003,2.43924623,22.97
1788841280,3.04822295,2.43924623,22.97
1788841290,3.05002567,2.44015353,22.98
1788841300,3.0464202300000003,2.43924623,22.97
1788841310,3.04461751,2.43743163,22.95
1788841320,3.04822295,2.44015353,22.98
1788841330,3.05002567,2.44015353,22.95
1788841340,3.0464202300000003,2.43743163,22.95
1788841350,3.04822295,2.44015353,22.98
1788841360,3.04822295,2.43924623,22.94
1788841370,3.0464202300000003,2.43924623,22.95
1788841380,3.05002567,2.44106083,22.94
1788841390,3.04822295,2.43924623,22.97
1788841400,3.04461751,2.43652433,22.95
1788841410,3.0464202300000003,2.43833893,22.98
1788841420,3.04822295,2.43924623,22.95
1788841430,3.04822295,2.43924623,22.98
1788841440,3.04461751,2.43743163,22.97
1788841450,3.04461751,2.43743163,22.95
1788841460,3.0464202300000003,2.43743163,22.95
1788841470,3.0464202300000003,2.43833893,22.94
1788841480,3.05002567,2.44106083,22.95
1788841490,3.04822295,2.43924623,22.95
1788841500,3.04281479,2.43561703,22.95
1788841510,3.03740663,2.43198783,22.95
1788841520,3.0410120700000003,2.43470973,22.95
1788841530,3.04461751,2.43652433,22.97
1788841540,3.0464202300000003,2.43833893,22.95
1788841550,3.04461751,2.43652433,22.95
1788841560,3.0464202300000003,2.43833893,22.97
1788841570,3.04281479,2.43561703,22.97
1788841580,3.0410120700000003,2.43380243,22.97
1788841590,3.04461751,2.43652433,22.97
1788841600,3.04461751,2.43743163,22.97
1788841610,3.04461751,2.43652433,22.98
1788841620,3.04281479,2.43561703,22.97
1788841630,3.0410120700000003,2.43380243,22.95
1788841640,3.0410120700000003,2.43380243,22.97
1788841650,3.04281479,2.43561703,22.97
1788841660,3.0464202300000003,2.43833893,22.97
1788841670,3.0410120700000003,2.43380243,22.97
1788841680,3.0356039100000003,2.43017323,22.98
1788841690,3.0301957500000003,2.42563673,22.95
1788841700,3.0301957500000003,2.42563673,22.95
1788841710,3.0301957500000003,2.42654403,22.97
1788841720,3.0356039100000003,2.43017323,22.94
1788841730,3.0356039100000003,2.43017323,22.95
1788841740,3.03920935,2.43289513,22.97
1788841750,3.03740663,2.43108053,22.95
1788841760,3.03920935,2.43380243,22.97
1788841770,3.0356039100000003,2.43017323,22.98
1788841780,3.03920935,2.43198783,22.95
1788841790,3.03740663,2.43108053,22.97
1788841800,3.03920935,2.43198783,22.95
1788841810,3.0356039100000003,2.43017323,22.94
1788841820,3.03199847,2.42745133,22.97
1788841830,3.03199847,2.42745133,22.95
1788841840,3.03740663,2.43108053,22.94
1788841850,3.03740663,2.43108053,22.95
1788841860,3.0410120700000003,2.43380243,22.94
1788841870,3.03920935,2.43380243,22.97
1788841880,3.0356039100000003,2.43017323,22.94
1788841890,3.0356039100000003,2.43017323,22.94
1788841900,3.03740663,2.43108053,22.95
1788841910,3.0301957500000003,2.42563673,22.95
1788841920,3.03199847,2.42654403,22.97
1788841930,3.03380119,2.42835863,22.98
1788841940,3.03199847,2.42745133,22.97
1788841950,3.03380119,2.42835863,22.95
1788841960,3.03199847,2.42745133,22.97
1788841970,3.02659031,2.42382213,22.98
1788841980,3.02839303,2.42563673,22.97
1788841990,3.0356039100000003,2.42926593,22.97
1788842000,3.03740663,2.43198783,22.97
1788842010,3.0356039100000003,2.43017323,22.94
1788842020,3.02659031,2.42291483,22.98
1788842030,3.02839303,2.42563673,22.99
1788842040,3.02659031,2.42291483,22.94
1788842050,3.02839303,2.42472943,22.95
1788842060,3.02839303,2.42382213,22.95
1788842070,3.02839303,2.42472943,22.93
1788842080,3.02839303,2.42472943,22.93
1788842090,3.0301957500000003,2.42654403,22.97
1788842100,3.03380119,2.42835863,22.94
1788842110,3.03380119,2.42835863,22.93
1788842120,3.03380119,2.42926593,22.94
1788842130,3.0356039100000003,2.43017323,22.94
1788842140,3.0356039100000003,2.43017323,22.93
1788842150,3.03199847,2.42745133,22.93
1788842160,3.0301957500000003,2.42654403,22.94
1788842170,3.0356039100000003,2.43017323,22.93
1788842180,3.0356039100000003,2.43017323,22.94
1788842190,3.03199847,2.42745133,22.94
1788842200,3.03199847,2.42835863,22.94
1788842210,3.03199847,2.42654403,22.94
1788842220,3.03199847,2.42745133,22.95
1788842230,3.0356039100000003,2.43017323,22.97
1788842240,3.0301957500000003,2.42563673,22.94
1788842250,3.0356039100000003,2.43017323,22.97
1788842260,3.03740663,2.43108053,22.95
1788842270,3.03740663,2.43198783,22.98
1788842280,3.03740663,2.43108053,22.95
1788842290,3.03199847,2.42835863,22.98
1788842300,3.02298487,2.42110023,22.98
1788842310,3.0247875900000003,2.42200753,22.97
1788842320,3.02298487,2.42110023,22.97
1788842330,3.0193794300000003,2.41747103,22.94
1788842340,3.0247875900000003,2.42200753,22.97
1788842350,3.0247875900000003,2.42200753,22.93
1788842360,3.02839303,2.42382213,22.95
1788842370,3.0410120700000003,2.43380243,22.95
1788842380,3.01577399,2.41565643,22.95
1788842390,2.97791687,2.38753013,22.94
1788842400,2.9652978300000004,2.37754983,22.94
1788842410,2.9598896700000004,2.37392063,22.95
1788842420,2.95808695,2.37210603,22.93
1788842430,2.96169239,2.37482793,22.94
1788842440,2.97250871,2.38390093,22.93
1788842450,2.9977467900000003,2.40204693,22.93
1788842460,3.01757671,2.41656373,22.94
1788842470,3.03380119,2.42835863,22.93
1788842480,3.03380119,2.42926593,22.87
1788842490,3.0410120700000003,2.43380243,22.93
1788842500,3.0410120700000003,2.43380243,22.93
1788842510,3.03740663,2.43108053,22.93
1788842520,3.03380119,2.42835863,22.91
1788842530,3.03199847,2.42654403,22.93
1788842540,3.03199847,2.42654403,22.93
1788842550,3.03199847,2.42745133,22.91
1788842560,3.0247875900000003,2.42200753,22.91
1788842570,3.02659031,2.42382213,22.91
1788842580,3.0247875900000003,2.42200753,22.91
1788842590,3.02118215,2.41837833,22.94
1788842600,3.01577399,2.41474913,22.91
1788842610,3.02659031,2.42200753,22.94
1788842620,3.0247875900000003,2.42200753,22.94
1788842630,3.02298487,2.42110023,22.94
1788842640,3.0139712700000003,2.41293453,22.95
1788842650,3.01757671,2.41656373,22.93
1788842660,3.00495767,2.40567613,22.95
1788842670,2.99954951,2.40113963,22.93
1788842680,2.9977467900000003,2.40023233,22.95
1788842690,2.9977467900000003,2.40023233,22.94
1788842700,2.99594407,2.39751043,22.95
1788842710,3.0031549500000003,2.40386153,22.95
1788842720,3.00676039,2.40749073,22.93
1788842730,3.0031549500000003,2.40476883,22.93
1788842740,3.0031549500000003,2.40476883,22.93
1788842750,3.01036583,2.40930533,22.93
1788842760,3.00676039,2.40567613,22.93
1788842770,3.00495767,2.40567613,22.93
1788842780,3.01216855,2.41111993,22.91
1788842790,3.0085631100000003,2.40839803,22.93
1788842800,3.0031549500000003,2.40204693,22.94
1788842810,2.9977467900000003,2.39932503,22.93
1788842820,2.99954951,2.40023233,22.91
1788842830,3.01036583,2.40476883,22.91
1788842840,3.0139712700000003,2.41202723,22.91
1788842850,3.01757671,2.41565643,22.91
1788842860,3.01036583,2.41021263,22.9
1788842870,3.00676039,2.40839803,22.9
1788842880,3.01757671,2.41565643,22.91
1788842890,3.01577399,2.41384183,22.93
1788842900,3.0139712700000003,2.41293453,22.91
1788842910,3.01577399,2.41293453,22.88
1788842920,3.0031549500000003,2.40476883,22.9
1788842930,2.99954951,2.40295423,22.93
1788842940,3.00676039,2.40839803,22.9
1788842950,3.00135223,2.40476883,22.93
1788842960,3.0031549500000003,2.40476883,22.9
1788842970,3.00495767,2.40658343,22.91
1788842980,3.00495767,2.40749073,22.93
1788842990,3.00495767,2.40386153,22.93
1788843000,3.0031549500000003,2.39751043,22.93
1788843010,2.99954951,2.39115933,22.93
1788843020,3.00135223,2.39206663,22.94
1788843030,2.9923386300000003,2.39025203,22.91
1788843040,2.9923386300000003,2.39751043,22.93
1788843050,2.99414135,2.39841773,22.93
1788843060,3.01577399,2.41384183,22.93
1788843070,3.02118215,2.41474913,22.94
1788843080,3.0247875900000003,2.41384183,22.94
1788843090,3.01577399,2.40023233,22.91
1788843100,3.0085631100000003,2.38299363,22.91
1788843110,3.0085631100000003,2.37573523,22.91
1788843120,3.0031549500000003,2.36938413,22.94
1788843130,2.9977467900000003,2.38208633,22.91
1788843140,2.99594407,2.38571553,22.94
1788843150,2.9815223100000003,2.37936443,22.93
1788843160,2.98873319,2.38027173,22.95
1788843170,2.99053591,2.39115933,22.91
1788843180,2.9923386300000003,2.36394033,22.94
1788843190,2.99414135,2.38480823,22.91
1788843200,2.99414135,2.37936443,22.93
1788843210,2.99414135,2.36666223,22.93
1788843220,2.99594407,2.35758923,22.91
1788843230,2.9869304700000003,2.33581403,22.93
1788843240,2.9869304700000003,2.33218483,22.94
1788843250,2.98873319,2.33037023,22.95
1788843260,2.98512775,2.28046873,22.91
1788843270,2.9815223100000003,2.2723030300000002,22.93
1788843280,2.9761141500000003,2.28228333,22.97
1788843290,2.9815223100000003,2.32311183,22.93
1788843300,2.9815223100000003,2.33127753,22.94
1788843310,2.97431143,2.32946293,22.93
1788843320,2.9707059900000004,2.31585343,22.93
1788843330,2.96890327,2.31857533,22.93
1788843340,2.97431143,2.31766803,22.93
1788843350,2.97250871,2.33581403,22.91
1788843360,2.96890327,2.32038993,22.94
1788843370,2.96169239,2.29952203,22.93
1788843380,2.9598896700000004,2.31040963,22.94
1788843390,2.95267879,2.30315123,22.95
1788843400,2.95628423,2.30405853,22.93
1788843410,2.9598896700000004,2.27683953,22.94
1788843420,2.9761141500000003,2.27774683,22.94
1788843430,2.9815223100000003,2.26685923,22.93
1788843440,2.98512775,2.29317093,22.91
1788843450,2.9869304700000003,2.31222423,22.91
1788843460,2.98332503,2.32220453,22.91
1788843470,2.98873319,2.33581403,22.93
1788843480,2.98332503,2.32492643,22.9
1788843490,2.9761141500000003,2.29317093,22.94
1788843500,2.97431143,2.28228333,22.93
1788843510,2.97971959,2.28137603,22.91
1788843520,2.98512775,2.30315123,22.91
1788843530,2.9815223100000003,2.28681983,22.9
1788843540,2.97431143,2.27139573,22.93
1788843550,2.97431143,2.25687893,22.93
1788843560,2.9761141500000003,2.2650446300000002,22.91
1788843570,2.97971959,2.25234243,22.93
1788843580,2.97431143,2.24871323,22.9
1788843590,2.97250871,2.24145483,22.91
1788843600,2.96710055,2.23873293,22.91
1788843610,2.96710055,2.23782563,22.91
1788843620,2.9761141500000003,2.24599133,22.9
1788843630,2.97791687,2.24599133,22.9
1788843640,2.98332503,2.24599133,22.93
1788843650,2.9761141500000003,2.24145483,22.93
1788843660,2.96890327,2.23510373,22.91
1788843670,2.97250871,2.2360110300000002,22.93
1788843680,2.9598896700000004,2.22603073,22.93
1788843690,2.95808695,2.22784533,22.93
1788843700,2.9544815100000004,2.22784533,22.9
1788843710,2.95087607,2.22240153,22.93
1788843720,2.95267879,2.22693803,22.94
1788843730,2.95628423,2.23147453,22.94
1788843740,2.95628423,2.23147453,22.9
1788843750,2.9598896700000004,2.23510373,22.91
1788843760,2.9598896700000004,2.23691833,22.93
1788843770,2.9544815100000004,2.23419643,22.9
1788843780,2.95087607,2.22875263,22.9
1788843790,2.95087607,2.22512343,22.9
1788843800,2.95267879,2.22149423,22.9
1788843810,2.95087607,2.22149423,22.9
1788843820,2.9544815100000004,2.22784533,22.91
1788843830,2.9598896700000004,2.23147453,22.9
1788843840,2.95087607,2.22149423,22.93
1788843850,2.95628423,2.22784533,22.91
1788843860,2.96349511,2.23328913,22.91
1788843870,2.96349511,2.23964023,22.93
1788843880,2.96349511,2.23691833,22.91
1788843890,2.96349511,2.23510373,22.9
1788843900,2.9598896700000004,2.22965993,22.9
1788843910,2.95628423,2.22875263,22.88
1788843920,2.9472706300000002,2.21967963,22.91
1788843930,2.9472706300000002,2.22149423,22.9
1788843940,2.9418624700000002,2.21877233,22.91
1788843950,2.9418624700000002,2.22149423,22.9
1788843960,2.94366519,2.22149423,22.87
1788843970,2.9472706300000002,2.22421613,22.9
1788843980,2.9472706300000002,2.22421613,22.9
1788843990,2.94005975,2.22058693,22.9
1788844000,2.93825703,2.22058693,22.88
1788844010,2.94546791,2.22421613,22.9
1788844020,2.9490733500000004,2.22603073,22.87
1788844030,2.9490733500000004,2.22149423,22.88
1788844040,2.94546791,2.21695773,22.88
1788844050,2.94366519,2.21877233,22.87
1788844060,2.9472706300000002,2.21967963,22.88
1788844070,2.9472706300000002,2.22240153,22.87
1788844080,2.94366519,2.22058693,22.88
1788844090,2.94546791,2.21786503,22.88
1788844100,2.93465159,2.21242123,22.85
1788844110,2.94005975,2.23328913,22.87
1788844120,2.9364543100000002,2.22603073,22.85
1788844130,2.93465159,2.22421613,22.87
1788844140,2.93284887,2.21786503,22.87
1788844150,2.9364543100000002,2.25234243,22.87
1788844160,2.9418624700000002,2.23328913,22.87
1788844170,2.93465159,2.22058693,22.85
1788844180,2.94005975,2.23147453,22.85
1788844190,2.94546791,2.23238183,22.85
1788844200,2.9418624700000002,2.22603073,22.84
1788844210,2.94546791,2.22603073,22.85
1788844220,2.94546791,2.22693803,22.84
1788844230,2.9490733500000004,2.2360110300000002,22.87
1788844240,2.94546791,2.23691833,22.87
1788844250,2.9472706300000002,2.23782563,22.88
1788844260,2.9472706300000002,2.24417673,22.85
1788844270,2.93825703,2.23782563,22.85
1788844280,2.93825703,2.23238183,22.87
1788844290,2.94546791,2.24599133,22.87
1788844300,2.9472706300000002,2.27502493,22.85
1788844310,2.94546791,2.27411763,22.84
1788844320,2.95267879,2.27502493,22.85
1788844330,2.95628423,2.23964023,22.84
1788844340,2.9544815100000004,2.23147453,22.84
1788844350,2.95808695,2.23782563,22.85
1788844360,2.95267879,2.25143513,22.85
1788844370,2.9490733500000004,2.26323003,22.84
1788844380,2.94546791,2.23691833,22.84
1788844390,2.9364543100000002,2.22875263,22.84
1788844400,2.94366519,2.24054753,22.87
1788844410,2.9418624700000002,2.23964023,22.87
1788844420,2.94546791,2.2505278300000002,22.85
1788844430,2.9418624700000002,2.24145483,22.85
1788844440,2.9490733500000004,2.2505278300000002,22.85
1788844450,2.9472706300000002,2.29226363,22.87
1788844460,2.94366519,2.30768773,22.84
1788844470,2.94546791,2.30315123,22.88
1788844480,2.9472706300000002,2.31403883,22.87
1788844490,2.94546791,2.30950233,22.87
1788844500,2.95267879,2.28046873,22.88
1788844510,2.9544815100000004,2.24599133,22.88
1788844520,2.95267879,2.26776653,22.87
1788844530,2.95087607,2.24780593,22.84
1788844540,2.94366519,2.25869353,22.85
1788844550,2.9418624700000002,2.26323003,22.87
1788844560,2.93825703,2.28772713,22.88
1788844570,2.94005975,2.29770743,22.85
1788844580,2.9418624700000002,2.30587313,22.85
1788844590,2.9472706300000002,2.31676073,22.88
1788844600,2.94546791,2.31040963,22.87
1788844610,2.9418624700000002,2.28591253,22.87
1788844620,2.93825703,2.29680013,22.88
1788844630,2.9364543100000002,2.31313153,22.87
1788844640,2.9364543100000002,2.30768773,22.87
1788844650,2.93825703,2.28228333,22.87
1788844660,2.93465159,2.27774683,22.85
1788844670,2.93465159,2.29317093,22.87
1788844680,2.93284887,2.30042933,22.87
1788844690,2.9418624700000002,2.31494613,22.84
1788844700,2.9418624700000002,2.32492643,22.85
1788844710,2.9364543100000002,2.32038993,22.88
1788844720,2.94005975,2.31313153,22.85
1788844730,2.9364543100000002,2.30405853,22.87
1788844740,2.92924343,2.29135633,22.87
1788844750,2.9310461500000002,2.31222423,22.88
1788844760,2.93825703,2.32583373,22.88
1788844770,2.93825703,2.30224393,22.9
1788844780,2.93465159,2.29680013,22.87
1788844790,2.93465159,2.30133663,22.88
1788844800,2.94005975,2.30133663,22.87
1788844810,2.93825703,2.30768773,22.88
1788844820,2.9364543100000002,2.30224393,22.87
1788844830,2.94366519,2.30768773,22.88
1788844840,2.9418624700000002,2.29226363,22.87
1788844850,2.93825703,2.29317093,22.87
1788844860,2.94005975,2.30587313,22.84
1788844870,2.94005975,2.30315123,22.87
1788844880,2.93284887,2.30042933,22.87
1788844890,2.93465159,2.28772713,22.87
1788844900,2.93465159,2.29407823,22.87
1788844910,2.9418624700000002,2.31857533,22.85
1788844920,2.9472706300000002,2.31494613,22.87
1788844930,2.94366519,2.27774683,22.87
1788844940,2.94366519,2.27593223,22.84
1788844950,2.93465159,2.29044903,22.84
1788844960,2.93825703,2.30042933,22.85
1788844970,2.94005975,2.30678043,22.85
1788844980,2.9364543100000002,2.30315123,22.85
1788844990,2.94005975,2.30042933,22.84
1788845000,2.93825703,2.29952203,22.87
1788845010,2.93825703,2.29770743,22.87
1788845020,2.94366519,2.26595193,22.84
1788845030,2.94005975,2.26867383,22.83
1788845040,2.93465159,2.27683953,22.83
1788845050,2.93465159,2.27048843,22.85
1788845060,2.93825703,2.29317093,22.84
1788845070,2.9364543100000002,2.28591253,22.87
1788845080,2.93465159,2.27139573,22.81
1788845090,2.9310461500000002,2.26413733,22.85
1788845100,2.93465159,2.24689863,22.84
1788845110,2.94366519,2.25234243,22.85
1788845120,2.93465159,2.28137603,22.85
1788845130,2.93284887,2.24599133,22.83
1788845140,2.92744071,2.24962053,22.84
1788845150,2.93465159,2.2360110300000002,22.84
1788845160,2.93284887,2.22603073,22.84
1788845170,2.9310461500000002,2.24145483,22.84
1788845180,2.92744071,2.25960083,22.83
1788845190,2.9256379900000002,2.26323003,22.84
1788845200,2.92924343,2.2577862300000002,22.83
1788845210,2.93284887,2.2577862300000002,22.83
1788845220,2.92744071,2.26050813,22.84
1788845230,2.9256379900000002,2.26141543,22.84
1788845240,2.9256379900000002,2.23147453,22.83
1788845250,2.93284887,2.26958113,22.83
1788845260,2.93465159,2.26685923,22.83
1788845270,2.9310461500000002,2.26050813,22.84
1788845280,2.92744071,2.24236213,22.83
1788845290,2.92744071,2.21967963,22.81
1788845300,2.9256379900000002,2.22330883,22.83
1788845310,2.92744071,2.23873293,22.81
1788845320,2.92744071,2.23419643,22.84
1788845330,2.92744071,2.23510373,22.83
1788845340,2.9256379900000002,2.2650446300000002,22.81
1788845350,2.92744071,2.26413733,22.85
1788845360,2.92924343,2.2577862300000002,22.81
1788845370,2.9310461500000002,2.24236213,22.85
1788845380,2.92924343,2.23328913,22.83
1788845390,2.93465159,2.25415703,22.85
1788845400,2.93284887,2.25597163,22.85
1788845410,2.92924343,2.23056723,22.85
1788845420,2.93465159,2.2432694300000002,22.84
1788845430,2.93465159,2.25234243,22.85
1788845440,2.93465159,2.27139573,22.84
1788845450,2.92924343,2.27139573,22.84
1788845460,2.93284887,2.27411763,22.84
1788845470,2.93284887,2.28046873,22.84
1788845480,2.9364543100000002,2.28772713,22.84
1788845490,2.93465159,2.28591253,22.83
1788845500,2.93465159,2.27593223,22.85
1788845510,2.93284887,2.28591253,22.84
1788845520,2.93465159,2.28137603,22.81
1788845530,2.9364543100000002,2.29680013,22.84
1788845540,2.93284887,2.28863443,22.83
1788845550,2.9310461500000002,2.27956143,22.83
1788845560,2.92924343,2.28409793,22.83
1788845570,2.92924343,2.28863443,22.83
1788845580,2.9256379900000002,2.27956143,22.84
1788845590,2.93465159,2.29044903,22.84
1788845600,2.9364543100000002,2.28772713,22.81
1788845610,2.9364543100000002,2.28591253,22.83
1788845620,2.93465159,2.27774683,22.84
1788845630,2.93825703,2.28228333,22.84
1788845640,2.94366519,2.29135633,22.84
1788845650,2.9418624700000002,2.29226363,22.83
1788845660,2.93465159,2.28954173,22.85
1788845670,2.9364543100000002,2.29407823,22.84
1788845680,2.93284887,2.29407823,22.85
1788845690,2.9310461500000002,2.29135633,22.85
1788845700,2.92924343,2.29135633,22.85
1788845710,2.9310461500000002,2.29680013,22.84
1788845720,2.9310461500000002,2.28863443,22.84
1788845730,2.92924343,2.29498553,22.84
1788845740,2.9256379900000002,2.27865413,22.83
1788845750,2.92924343,2.27593223,22.84
1788845760,2.93465159,2.2505278300000002,22.81
1788845770,2.9364543100000002,2.23782563,22.81
1788845780,2.9364543100000002,2.23782563,22.83
1788845790,2.93825703,2.26685923,22.83
1788845800,2.9310461500000002,2.2650446300000002,22.81
1788845810,2.9256379900000002,2.26323003,22.84
1788845820,2.92924343,2.27321033,22.83
1788845830,2.93465159,2.27593223,22.83
1788845840,2.92924343,2.27048843,22.83
1788845850,2.9256379900000002,2.26776653,22.83
1788845860,2.92744071,2.25687893,22.83
1788845870,2.9256379900000002,2.25597163,22.81
1788845880,2.9256379900000002,2.25597163,22.83
1788845890,2.9202298300000002,2.25960083,22.81
1788845900,2.92744071,2.2505278300000002,22.83
1788845910,2.93284887,2.26958113,22.79
1788845920,2.92744071,2.25687893,22.79
1788845930,2.93284887,2.26323003,22.83
1788845940,2.93284887,2.27411763,22.83
1788845950,2.93465159,2.28137603,22.81
1788845960,2.94005975,2.28863443,22.84
1788845970,2.9364543100000002,2.28772713,22.84
1788845980,2.9310461500000002,2.29407823,22.84
1788845990,2.93465159,2.29589283,22.84
1788846000,2.9364543100000002,2.29861473,22.84
1788846010,2.9364543100000002,2.30042933,22.83
1788846020,2.9418624700000002,2.30133663,22.84
1788846030,2.93825703,2.30224393,22.83
1788846040,2.9364543100000002,2.28681983,22.81
1788846050,2.94005975,2.28500523,22.83
1788846060,2.9418624700000002,2.27411763,22.79
1788846070,2.94005975,2.26141543,22.79
1788846080,2.93825703,2.28228333,22.83
1788846090,2.94546791,2.29498553,22.81
1788846100,2.94366519,2.29407823,22.79
1788846110,2.94366519,2.28409793,22.81
1788846120,2.94005975,2.30042933,22.81
1788846130,2.93465159,2.29770743,22.81
1788846140,2.92744071,2.28137603,22.81
1788846150,2.9310461500000002,2.28591253,22.84
1788846160,2.93284887,2.2650446300000002,22.83
1788846170,2.93284887,2.2577862300000002,22.83
1788846180,2.9364543100000002,2.25687893,22.81
1788846190,2.93465159,2.25324973,22.83
1788846200,2.9418624700000002,2.29135633,22.81
1788846210,2.94546791,2.27956143,22.79
1788846220,2.9472706300000002,2.25869353,22.79
1788846230,2.9472706300000002,2.24054753,22.81
1788846240,2.9544815100000004,2.23873293,22.79
1788846250,2.95267879,2.2360110300000002,22.79
1788846260,2.9544815100000004,2.23238183,22.81
1788846270,2.9490733500000004,2.23419643,22.83
1788846280,2.95267879,2.24508403,22.81
1788846290,2.95087607,2.24599133,22.83
1788846300,2.9490733500000004,2.23873293,22.81
1788846310,2.9544815100000004,2.23510373,22.81
1788846320,2.95628423,2.23873293,22.83
1788846330,2.95628423,2.23328913,22.81
1788846340,2.9544815100000004,2.2360110300000002,22.84
1788846350,2.9544815100000004,2.23419643,22.81
1788846360,2.9490733500000004,2.22875263,22.79
1788846370,2.95267879,2.23419643,22.79
1788846380,2.94546791,2.22784533,22.79
1788846390,2.9418624700000002,2.22784533,22.79
1788846400,2.9364543100000002,2.22875263,22.79
1788846410,2.93825703,2.23328913,22.81
1788846420,2.94005975,2.22784533,22.81
1788846430,2.94366519,2.22784533,22.79
1788846440,2.9418624700000002,2.22693803,22.79
1788846450,2.93465159,2.21786503,22.79
1788846460,2.93825703,2.22784533,22.83
1788846470,2.9364543100000002,2.22149423,22.81
1788846480,2.93284887,2.21877233,22.81
1788846490,2.9364543100000002,2.22058693,22.83
1788846500,2.93465159,2.21877233,22.83
1788846510,2.9364543100000002,2.22058693,22.84
1788846520,2.9418624700000002,2.22965993,22.84
1788846530,2.9472706300000002,2.23147453,22.81
1788846540,2.9472706300000002,2.23328913,22.83
1788846550,2.9472706300000002,2.23328913,22.83
1788846560,2.94546791,2.23147453,22.81
1788846570,2.95267879,2.23510373,22.84
1788846580,2.95267879,2.23147453,22.81
1788846590,2.9598896700000004,2.24054753,22.81
1788846600,2.95808695,2.24599133,22.83
1788846610,2.95267879,2.23873293,22.83
1788846620,2.94366519,2.22330883,22.81
1788846630,2.94546791,2.22875263,22.83
1788846640,2.9418624700000002,2.22603073,22.81
1788846650,2.93825703,2.22058693,22.79
1788846660,2.94005975,2.23147453,22.81
1788846670,2.94546791,2.25234243,22.78
1788846680,2.94366519,2.23147453,22.79
1788846690,2.94366519,2.22965993,22.81
1788846700,2.94005975,2.22149423,22.79
1788846710,2.93465159,2.21514313,22.77
1788846720,2.93465159,2.22058693,22.79
1788846730,2.94366519,2.22693803,22.79
1788846740,2.94366519,2.22421613,22.81
1788846750,2.94005975,2.22240153,22.81
1788846760,2.9310461500000002,2.22058693,22.79
1788846770,2.9310461500000002,2.21877233,22.81
1788846780,2.94005975,2.22330883,22.79
1788846790,2.94546791,2.22784533,22.79
1788846800,2.9472706300000002,2.23147453,22.78
1788846810,2.9472706300000002,2.23238183,22.78
1788846820,2.9364543100000002,2.22421613,22.81
1788846830,2.9418624700000002,2.22512343,22.79
1788846840,2.93825703,2.22512343,22.78
1788846850,2.95267879,2.23782563,22.79
1788846860,2.95267879,2.24054753,22.79
1788846870,2.95808695,2.24780593,22.78
1788846880,2.97250871,2.24780593,22.83
1788846890,2.97250871,2.25324973,22.78
1788846900,2.96890327,2.24508403,22.78
1788846910,2.96710055,2.24599133,22.81
1788846920,2.97250871,2.25960083,22.79
1788846930,2.95808695,2.25234243,22.78
1788846940,2.9472706300000002,2.24962053,22.79
1788846950,2.94366519,2.23873293,22.78
1788846960,2.95628423,2.24871323,22.79
1788846970,2.9652978300000004,2.2577862300000002,22.78
1788846980,2.97250871,2.26141543,22.81
1788846990,2.96710055,2.24689863,22.79
1788847000,2.96890327,2.24962053,22.81
1788847010,2.96710055,2.24871323,22.81
1788847020,2.95628423,2.23873293,22.81
1788847030,2.95628423,2.23873293,22.81
1788847040,2.95267879,2.23691833,22.77
1788847050,2.9544815100000004,2.23782563,22.79
1788847060,2.95087607,2.23873293,22.81
1788847070,2.9544815100000004,2.23510373,22.78
1788847080,2.9652978300000004,2.24054753,22.79
1788847090,2.96349511,2.24145483,22.79
1788847100,2.9598896700000004,2.23873293,22.78
1788847110,2.95267879,2.23691833,22.78
1788847120,2.95628423,2.23873293,22.78
1788847130,2.95087607,2.23782563,22.79
1788847140,2.9040053500000003,2.19881173,22.81
1788847150,2.9310461500000002,2.22058693,22.78
1788847160,2.9761141500000003,2.24780593,22.78
1788847170,3.0085631100000003,2.27593223,22.78
1788847180,3.02118215,2.28409793,22.79
1788847190,3.01577399,2.28772713,22.78
1788847200,3.0031549500000003,2.28500523,22.81
1788847210,2.9761141500000003,2.26867383,22.79
1788847220,2.93465159,2.23056723,22.79
1788847230,2.91121623,2.21332853,22.79
1788847240,2.90580807,2.20879203,22.79
1788847250,2.9040053500000003,2.19881173,22.79
1788847260,2.90761079,2.20607013,22.79
1788847270,2.9094135100000003,2.21242123,22.79
1788847280,2.91662439,2.22240153,22.78
1788847290,2.92383527,2.22421613,22.81
1788847300,2.92924343,2.22240153,22.81
1788847310,2.9364543100000002,2.23691833,22.83
1788847320,2.95267879,2.24780593,22.78
1788847330,2.9544815100000004,2.24599133,22.79
1788847340,2.96710055,2.2577862300000002,22.81
1788847350,2.9652978300000004,2.26867383,22.81
1788847360,2.95267879,2.26413733,22.81
1788847370,2.9544815100000004,2.27593223,22.83
1788847380,2.9472706300000002,2.26413733,22.79
1788847390,2.9472706300000002,2.26595193,22.78
1788847400,2.95267879,2.28500523,22.79
1788847410,2.9544815100000004,2.27502493,22.78
1788847420,2.94366519,2.25324973,22.78
1788847430,2.95808695,2.28137603,22.78
1788847440,2.9707059900000004,2.30042933,22.78
1788847450,2.97431143,2.30859503,22.79
1788847460,2.97431143,2.30224393,22.78
1788847470,2.9815223100000003,2.30678043,22.79
1788847480,2.98512775,2.31494613,22.78
1788847490,2.98512775,2.30768773,22.78
1788847500,2.97971959,2.30859503,22.78
1788847510,2.97971959,2.30950233,22.78
1788847520,2.97250871,2.29770743,22.78
1788847530,2.97250871,2.30042933,22.79
1788847540,2.97250871,2.28228333,22.77
1788847550,2.9707059900000004,2.26141543,22.79
1788847560,2.96349511,2.26050813,22.77
1788847570,2.9707059900000004,2.26958113,22.77
1788847580,2.9652978300000004,2.27048843,22.75
1788847590,2.95808695,2.25960083,22.78
1788847600,2.95628423,2.25869353,22.77
1788847610,2.96169239,2.26050813,22.77
1788847620,2.9707059900000004,2.26141543,22.75
1788847630,2.9652978300000004,2.24962053,22.78
1788847640,2.9652978300000004,2.25324973,22.78
1788847650,2.96169239,2.26232273,22.77
1788847660,2.95808695,2.25960083,22.78
1788847670,2.9544815100000004,2.24508403,22.79
1788847680,2.9598896700000004,2.24780593,22.78
1788847690,2.96169239,2.2577862300000002,22.78
1788847700,2.9652978300000004,2.25960083,22.78
1788847710,2.97431143,2.26867383,22.79
1788847720,2.97791687,2.27956143,22.78
1788847730,2.9761141500000003,2.27774683,22.78
1788847740,2.96710055,2.25597163,22.78
1788847750,2.96710055,2.25687893,22.77
1788847760,2.95808695,2.25869353,22.77
1788847770,2.96890327,2.2723030300000002,22.78
1788847780,2.95808695,2.26323003,22.78
1788847790,2.95628423,2.27321033,22.78
1788847800,2.95628423,2.26685923,22.79
1788847810,2.9707059900000004,2.28863443,22.75
1788847820,2.9707059900000004,2.27865413,22.77
1788847830,2.97250871,2.28228333,22.77
1788847840,2.9707059900000004,2.28954173,22.74
1788847850,2.96710055,2.29317093,22.75
1788847860,2.9707059900000004,2.30678043,22.78
1788847870,2.9761141500000003,2.29589283,22.79
1788847880,2.98873319,2.30315123,22.78
1788847890,2.99414135,2.31313153,22.77
1788847900,2.9977467900000003,2.32311183,22.78
1788847910,2.99954951,2.32311183,22.81
1788847920,2.9977467900000003,2.32038993,22.77
1788847930,2.9977467900000003,2.31040963,22.79
1788847940,3.0031549500000003,2.30950233,22.77
1788847950,3.00495767,2.31766803,22.78
1788847960,2.9977467900000003,2.31313153,22.78
1788847970,2.99053591,2.30859503,22.78
1788847980,2.98873319,2.30496583,22.78
1788847990,2.99053591,2.30587313,22.79
1788848000,2.9869304700000003,2.31040963,22.75
1788848010,2.99053591,2.31040963,22.78
1788848020,2.99594407,2.30859503,22.74
1788848030,2.99954951,2.31313153,22.78
1788848040,3.00676039,2.31857533,22.79
1788848050,3.0085631100000003,2.31857533,22.78
1788848060,3.00495767,2.32129723,22.78
1788848070,3.00676039,2.31585343,22.78
1788848080,3.0139712700000003,2.32946293,22.78
1788848090,3.01577399,2.32674103,22.81
1788848100,3.01216855,2.31948263,22.78
1788848110,3.00676039,2.32583373,22.79
1788848120,2.99594407,2.31766803,22.77
1788848130,3.00676039,2.33672133,22.77
1788848140,3.0031549500000003,2.33672133,22.79
1788848150,3.0085631100000003,2.33853593,22.77
1788848160,3.0031549500000003,2.33127753,22.77
1788848170,3.0085631100000003,2.33490673,22.77
1788848180,3.01036583,2.33944323,22.78
1788848190,3.00495767,2.33309213,22.81
1788848200,3.00676039,2.33037023,22.78
1788848210,3.0031549500000003,2.33037023,22.79
1788848220,3.0085631100000003,2.33399943,22.78
1788848230,3.01216855,2.33853593,22.79
1788848240,3.0085631100000003,2.33581403,22.78
1788848250,3.0085631100000003,2.33581403,22.78
1788848260,3.00135223,2.33490673,22.78
1788848270,3.00676039,2.33762863,22.77
1788848280,2.99414135,2.32946293,22.78
1788848290,3.00135223,2.33309213,22.79
1788848300,3.0031549500000003,2.33490673,22.79
1788848310,2.9094135100000003,0.18188383,22.78
1788848320,2.90580807,0.17916193,22.77
1788848330,2.91301895,0.17916193,22.78
1788848340,2.91121623,0.17916193,22.77
1788848350,2.91842711,0.18006923,22.79
1788848360,2.9202298300000002,0.18006923,22.78
1788848370,2.91842711,0.18006923,22.79
1788848380,2.91842711,0.18006923,22.78
1788848390,2.9202298300000002,0.18006923,22.78
1788848400,2.9148216700000003,0.18006923,22.75
1788848410,2.90580807,0.18006923,22.77
1788848420,2.91121623,0.18006923,22.78
1788848430,2.91842711,0.18006923,22.79
1788848440,2.92203255,0.18006923,22.79
1788848450,2.92203255,0.18006923,22.78
1788848460,2.9256379900000002,0.18097653,22.78
1788848470,2.92744071,0.18097653,22.79
1788848480,2.9256379900000002,0.18097653,22.81
1788848490,2.92744071,0.18097653,22.78
1788848500,2.92383527,0.18097653,22.78
1788848510,2.92383527,0.18097653,22.79
1788848520,2.92744071,0.18097653,22.78
1788848530,2.92744071,0.18097653,22.79
1788848540,2.9256379900000002,0.18097653,22.81
1788848550,2.9256379900000002,0.18097653,22.79
1788848560,2.92203255,0.18097653,22.77
1788848570,2.9202298300000002,0.18097653,22.79
1788848580,2.9202298300000002,0.18097653,22.77
1788848590,2.91842711,0.18097653,22.74
1788848600,2.9202298300000002,0.18097653,22.77
1788848610,2.92203255,0.18097653,22.77
1788848620,2.92203255,0.18097653,22.77
1788848630,2.92383527,0.18097653,22.77
1788848640,2.92203255,0.18097653,22.77
1788848650,2.92203255,0.18097653,22.78
1788848660,2.91842711,0.18097653,22.77
1788848670,2.91662439,0.18097653,22.77
1788848680,2.9148216700000003,0.18006923,22.77
1788848690,2.91842711,0.18097653,22.78
1788848700,2.9202298300000002,0.18097653,22.77
1788848710,2.9202298300000002,0.18097653,22.75
1788848720,2.9256379900000002,0.18097653,22.78
1788848730,2.92383527,0.18097653,22.77
1788848740,2.92203255,0.18097653,22.75
1788848750,2.92203255,0.18097653,22.78
1788848760,2.9256379900000002,0.18097653,22.77
1788848770,2.9256379900000002,0.18097653,22.78
1788848780,2.92744071,0.18097653,22.78
1788848790,2.92924343,0.18097653,22.75
1788848800,2.92924343,0.18097653,22.79
1788848810,2.92924343,0.18097653,22.78
1788848820,2.92924343,0.18097653,22.78
1788848830,2.92924343,0.18097653,22.77
1788848840,2.92744071,0.18097653,22.77
1788848850,2.9256379900000002,0.18097653,22.75
1788848860,2.9256379900000002,0.18097653,22.77
1788848870,2.92383527,0.18097653,22.75
1788848880,2.92203255,0.18006923,22.74
1788848890,2.91662439,0.18006923,22.74
1788848900,2.91842711,0.18006923,22.74
1788848910,2.92383527,0.18097653,22.74
1788848920,2.92383527,0.18097653,22.75
1788848930,2.92203255,0.18097653,22.75
1788848940,2.9256379900000002,0.18097653,22.74
1788848950,2.9256379900000002,0.18097653,22.75
1788848960,2.92744071,0.18097653,22.75
1788848970,2.9256379900000002,0.18097653,22.74
1788848980,2.92383527,0.18097653,22.74
1788848990,2.92203255,0.18097653,22.75
1788849000,2.91842711,0.18006923,22.75
1788849010,2.91301895,0.18006923,22.74
1788849020,2.90039991,0.18006923,22.77
1788849030,2.90580807,0.18006923,22.74
1788849040,2.90761079,0.18006923,22.74
1788849050,2.9094135100000003,0.18006923,22.74
1788849060,2.90580807,0.18006923,22.75
1788849070,2.90761079,0.18006923,22.75
1788849080,2.9094135100000003,0.18006923,22.75
1788849090,2.9148216700000003,0.18006923,22.78
1788849100,2.91842711,0.18006923,22.75
1788849110,2.9202298300000002,0.18006923,22.75
1788849120,2.92203255,0.18006923,22.77
1788849130,2.91842711,0.18006923,22.75
1788849140,2.91842711,0.18006923,22.74
1788849150,2.91662439,0.18006923,22.74
1788849160,2.91842711,0.18006923,22.75
1788849170,2.91842711,0.18006923,22.77
1788849180,2.9202298300000002,0.18097653,22.75
1788849190,2.9202298300000002,0.18097653,22.75
1788849200,2.91842711,0.18097653,22.75
1788849210,2.9202298300000002,0.18097653,22.74
1788849220,2.91842711,0.18006923,22.74
1788849230,2.91842711,0.18006923,22.74
1788849240,2.91301895,0.18006923,22.75
1788849250,2.91662439,0.18006923,22.74
1788849260,2.9148216700000003,0.18006923,22.75
1788849270,2.9202298300000002,0.18006923,22.75
1788849280,2.92203255,0.18097653,22.73
1788849290,2.92203255,0.18097653,22.75
1788849300,2.92203255,0.18097653,22.75
1788849310,2.92203255,0.18097653,22.74
1788849320,2.9256379900000002,0.18097653,22.74
1788849330,2.92383527,0.18097653,22.74
1788849340,2.92744071,0.18097653,22.73
1788849350,2.92744071,0.18097653,22.73
1788849360,2.92744071,0.18097653,22.74
1788849370,2.92924343,0.18097653,22.74
1788849380,2.92744071,0.18097653,22.73
1788849390,2.92744071,0.18097653,22.74
1788849400,2.92924343,0.18097653,22.71
1788849410,2.92744071,0.18097653,22.74
1788849420,2.92383527,0.18097653,22.74
1788849430,2.92383527,0.18097653,22.74
1788849440,2.9256379900000002,0.18097653,22.71
1788849450,2.92924343,0.18097653,22.73
1788849460,2.92744071,0.18097653,22.73
1788849470,2.9256379900000002,0.18097653,22.7
1788849480,2.92744071,0.18097653,22.68
1788849490,2.9256379900000002,0.18097653,22.7
1788849500,2.92744071,0.18097653,22.71
1788849510,2.92924343,0.18097653,22.7
1788849520,2.92924343,0.18097653,22.7
1788849530,2.92744071,0.18097653,22.73
1788849540,2.92744071,0.18097653,22.7
1788849550,2.9256379900000002,0.18097653,22.7
1788849560,2.9256379900000002,0.18097653,22.67
1788849570,2.92744071,0.18097653,22.71
1788849580,2.9256379900000002,0.18097653,22.7
1788849590,2.9310461500000002,0.18097653,22.7
1788849600,2.92744071,0.18097653,22.73
1788849610,2.9256379900000002,0.18006923,22.68
1788849620,2.92383527,0.18006923,22.68
1788849630,2.9256379900000002,0.18097653,22.64
1788849640,2.92383527,0.18006923,22.65
1788849650,2.92383527,0.18097653,22.67
1788849660,2.92203255,0.18006923,22.65
1788849670,2.9202298300000002,0.18097653,22.67
1788849680,2.92203255,0.18097653,22.68
1788849690,2.9256379900000002,0.18097653,22.67
1788849700,2.9256379900000002,0.18097653,22.64
1788849710,2.9256379900000002,0.18097653,22.68
1788849720,2.92383527,0.18097653,22.65
1788849730,2.92383527,0.18097653,22.65
1788849740,2.9256379900000002,0.18097653,22.67
1788849750,2.9256379900000002,0.18097653,22.64
1788849760,2.9256379900000002,0.18097653,22.68
1788849770,2.9256379900000002,0.18097653,22.68
1788849780,2.92744071,0.18097653,22.7
1788849790,2.9256379900000002,0.18097653,22.7
1788849800,2.92744071,0.18097653,22.68
1788849810,2.92744071,0.18006923,22.7
1788849820,2.92744071,0.18006923,22.68
1788849830,2.9256379900000002,0.18097653,22.7
1788849840,2.92383527,0.18006923,22.7
1788849850,2.92383527,0.18006923,22.68
1788849860,2.9256379900000002,0.18006923,22.67
1788849870,2.9256379900000002,0.18097653,22.65
1788849880,2.92383527,0.18006923,22.65
1788849890,2.9256379900000002,0.18006923,22.65
1788849900,2.9256379900000002,0.18006923,22.67
1788849910,2.9256379900000002,0.18006923,22.64
1788849920,2.9256379900000002,0.18006923,22.67
1788849930,2.9256379900000002,0.18006923,22.65
1788849940,2.9256379900000002,0.18097653,22.67
1788849950,2.92383527,0.18006923,22.67
1788849960,2.92744071,0.18097653,22.67
1788849970,2.9256379900000002,0.18006923,22.67
1788849980,2.9256379900000002,0.18006923,22.67
1788849990,2.9256379900000002,0.18006923,22.68
1788850000,2.92744071,0.18006923,22.68
1788850010,2.92744071,0.18006923,22.7
1788850020,2.9256379900000002,0.18006923,22.65
1788850030,2.92383527,0.18097653,22.68
1788850040,2.9256379900000002,0.18006923,22.68
1788850050,2.92203255,0.18006923,22.67
1788850060,2.91301895,0.18097653,22.71
1788850070,2.91121623,0.18097653,22.67
1788850080,2.91121623,0.18006923,22.68
1788850090,2.91121623,0.18006923,22.7
1788850100,2.90761079,0.18006923,22.7
1788850110,2.9094135100000003,0.18006923,22.68
1788850120,2.91301895,0.18006923,22.7
1788850130,2.91301895,0.18006923,22.7
1788850140,2.91662439,0.18006923,22.71
1788850150,2.91842711,0.18006923,22.68
1788850160,2.92383527,0.18006923,22.68
1788850170,2.92383527,0.18006923,22.71
1788850180,2.92383527,0.18006923,22.71
1788850190,2.92203255,0.18006923,22.7
1788850200,2.91842711,0.18006923,22.71
1788850210,2.9148216700000003,0.18006923,22.68
1788850220,2.91662439,0.18006923,22.7
1788850230,2.9202298300000002,0.18006923,22.7
1788850240,2.9202298300000002,0.18006923,22.7
1788850250,2.91842711,0.18006923,22.7
1788850260,2.92203255,0.18006923,22.68
1788850270,2.91842711,0.18006923,22.7
1788850280,2.9202298300000002,0.18006923,22.68
1788850290,2.91842711,0.18006923,22.7
1788850300,2.9202298300000002,0.18006923,22.68
1788850310,2.92383527,0.18006923,22.7
1788850320,2.91842711,0.18006923,22.7
1788850330,2.9202298300000002,0.18006923,22.68
1788850340,2.92203255,0.18006923,22.68
1788850350,2.92203255,0.18006923,22.71
1788850360,2.92203255,0.18006923,22.7
1788850370,2.92203255,0.18006923,22.67
1788850380,2.9202298300000002,0.18006923,22.7
1788850390,2.9202298300000002,0.18006923,22.68
1788850400,2.9148216700000003,0.18006923,22.68
1788850410,2.9202298300000002,0.18006923,22.68
1788850420,2.9202298300000002,0.18006923,22.67
1788850430,2.92383527,0.18006923,22.67
1788850440,2.9202298300000002,0.18006923,22.68
1788850450,2.9202298300000002,0.18006923,22.68
1788850460,2.91662439,0.18006923,22.67
1788850470,2.91301895,0.18006923,22.67
1788850480,2.9094135100000003,0.18006923,22.68
1788850490,2.9040053500000003,0.18006923,22.67
1788850500,2.90220263,0.18006923,22.68
1788850510,2.9094135100000003,0.18006923,22.68
1788850520,2.91662439,0.18006923,22.67
1788850530,2.9148216700000003,0.18006923,22.7
1788850540,2.9202298300000002,0.18006923,22.67
1788850550,2.92203255,0.18006923,22.67
1788850560,2.92203255,0.18006923,22.67
1788850570,2.92203255,0.18006923,22.67
1788850580,2.92203255,0.18006923,22.7
1788850590,2.9202298300000002,0.18006923,22.68
1788850600,2.9202298300000002,0.18006923,22.71
1788850610,2.91842711,0.18006923,22.67
1788850620,2.9148216700000003,0.18006923,22.65
1788850630,2.90761079,0.18006923,22.68
1788850640,2.90761079,0.18006923,22.68
1788850650,2.9094135100000003,0.18006923,22.7
1788850660,2.91301895,0.18006923,22.67
1788850670,2.90761079,0.18006923,22.67
1788850680,2.90220263,0.18006923,22.68
1788850690,2.90761079,0.18006923,22.67
1788850700,2.9094135100000003,0.18006923,22.67
1788850710,2.90580807,0.18006923,22.7
1788850720,2.90039991,0.18006923,22.68
1788850730,2.89499175,0.18006923,22.7
1788850740,2.89679447,0.18006923,22.7
1788850750,2.8931890300000003,0.18006923,22.7
1788850760,2.89138631,0.18006923,22.67
1788850770,2.9040053500000003,0.18006923,22.65
1788850780,2.8985971900000003,0.18006923,22.67
1788850790,2.89679447,0.18006923,22.67
1788850800,2.8931890300000003,0.18006923,22.65
1788850810,2.8931890300000003,0.18006923,22.67
1788850820,2.8877808700000003,0.18006923,22.65
1788850830,2.8877808700000003,0.18006923,22.65
1788850840,2.89679447,0.18006923,22.67
1788850850,2.90039991,0.18006923,22.67
1788850860,2.9040053500000003,0.18006923,22.65
1788850870,2.91121623,0.18006923,22.65
1788850880,2.91301895,0.18006923,22.65
1788850890,2.9094135100000003,0.18006923,22.65
1788850900,2.9094135100000003,0.18097653,22.67
1788850910,2.9094135100000003,0.18097653,22.67
1788850920,2.91121623,0.18097653,22.67
1788850930,2.91301895,0.18097653,22.65
1788850940,2.91842711,0.18097653,22.67
1788850950,2.91842711,0.18097653,22.64
1788850960,2.9202298300000002,0.18097653,22.67
1788850970,2.92203255,0.18097653,22.65
1788850980,2.92203255,0.18097653,22.67
1788850990,2.92203255,0.18097653,22.64
1788851000,2.92383527,0.18097653,22.64
1788851010,2.92203255,0.18097653,22.67
1788851020,2.92203255,0.18097653,22.64
1788851030,2.92383527,0.18097653,22.65
1788851040,2.9202298300000002,0.18097653,22.67
1788851050,2.92203255,0.18097653,22.65
1788851060,2.9202298300000002,0.18097653,22.67
1788851070,2.92383527,0.18097653,22.65
1788851080,2.92383527,0.18006923,22.67
1788851090,2.92203255,0.18097653,22.67
1788851100,2.92383527,0.18097653,22.65
1788851110,2.92203255,0.18097653,22.67
1788851120,2.92203255,0.18097653,22.65
1788851130,2.92203255,0.18006923,22.65
1788851140,2.9202298300000002,0.18006923,22.67
1788851150,2.91662439,0.18006923,22.68
1788851160,2.91301895,0.18006923,22.68
1788851170,2.91301895,0.18006923,22.67
1788851180,2.9094135100000003,0.18006923,22.68
1788851190,2.9040053500000003,0.18006923,22.68
1788851200,2.90039991,0.18006923,22.67
1788851210,2.89499175,0.18006923,22.68
1788851220,2.89679447,0.18006923,22.68
1788851230,2.8985971900000003,0.18006923,22.7
1788851240,2.90039991,0.18006923,22.68
1788851250,2.89679447,0.18006923,22.67
1788851260,2.8931890300000003,0.18006923,22.68
1788851270,2.88958359,0.18006923,22.7
1788851280,2.88417543,0.18006923,22.68
1788851290,2.8769645500000003,0.18006923,22.68
1788851300,2.8823727100000003,0.18006923,22.67
1788851310,2.87516183,0.18006923,22.67
1788851320,2.8769645500000003,0.18006923,22.68
1788851330,2.87516183,0.18006923,22.67
1788851340,2.8769645500000003,0.18006923,22.68
1788851350,2.8931890300000003,0.18006923,22.67
1788851360,2.89499175,0.18006923,22.68
1788851370,2.88958359,0.18006923,22.68
1788851380,2.88958359,0.18006923,22.67
1788851390,2.8877808700000003,0.18006923,22.68
1788851400,2.87335911,0.18006923,22.67
1788851410,2.86254279,0.18006923,22.67
1788851420,2.85893735,0.18006923,22.68
1788851430,2.85713463,0.18006923,22.71
1788851440,2.8661482300000003,0.18006923,22.7
1788851450,2.86795095,0.18006923,22.68
1788851460,2.86434551,0.18006923,22.68
1788851470,2.8607400700000003,0.18006923,22.7
1788851480,2.85172647,0.18006923,22.71
1788851490,2.83550199,0.18006923,22.68
1788851500,2.82468567,0.17916193,22.71
1788851510,2.8282911100000003,0.17916193,22.68
1788851520,2.82648839,0.17916193,22.68
1788851530,2.81927751,0.17916193,22.68
1788851540,2.81026391,0.17916193,22.71
1788851550,2.81026391,0.17916193,22.7
1788851560,2.81567207,0.17916193,22.68
1788851570,2.82468567,0.17916193,22.7
1788851580,2.8282911100000003,0.17916193,22.73
1788851590,2.83189655,0.17916193,22.71
1788851600,2.82648839,0.17916193,22.71
1788851610,2.8228829500000003,0.17916193,22.71
1788851620,2.8174747900000003,0.18006923,22.73
1788851630,2.81927751,0.17916193,22.74
1788851640,2.82468567,0.17916193,22.73
1788851650,2.8120666300000003,0.17916193,22.73
1788851660,2.79944759,0.17916193,22.71
1788851670,2.79944759,0.17916193,22.71
1788851680,2.79764487,0.17916193,22.71
1788851690,2.8012503100000004,0.17916193,22.71
1788851700,2.80846119,0.17916193,22.71
1788851710,2.81567207,0.17916193,22.71
1788851720,2.8066584700000003,0.17916193,22.73
1788851730,2.8012503100000004,0.17916193,22.71
1788851740,2.7958421500000004,0.17916193,22.73
1788851750,2.7958421500000004,0.17916193,22.75
1788851760,2.79403943,0.17916193,22.73
1788851770,2.79764487,0.17916193,22.77
1788851780,2.79764487,0.17916193,22.75
1788851790,2.7958421500000004,0.17916193,22.74
1788851800,2.79403943,0.17916193,22.75
1788851810,2.79223671,0.17916193,22.75
1788851820,2.79223671,0.17916193,22.75
1788851830,2.79403943,0.17916193,22.75
1788851840,2.79223671,0.17916193,22.75
1788851850,2.79403943,0.17916193,22.77
1788851860,2.7958421500000004,0.18006923,22.75
1788851870,2.79403943,0.18006923,22.77
1788851880,2.79403943,0.17916193,22.77
1788851890,2.79764487,0.18006923,22.75
1788851900,2.79764487,0.18006923,22.77
1788851910,2.79403943,0.18006923,22.78
1788851920,2.79764487,0.18006923,22.77
1788851930,2.81386935,0.18006923,22.78
1788851940,2.8174747900000003,0.18006923,22.78
1788851950,2.81927751,0.18006923,22.75
1788851960,2.8174747900000003,0.18006923,22.78
1788851970,2.82468567,0.18006923,22.77
1788851980,2.82108023,0.18006923,22.78
1788851990,2.82108023,0.18006923,22.75
1788852000,2.81567207,0.18006923,22.75
1788852010,2.8174747900000003,0.18006923,22.78
1788852020,2.80846119,0.18006923,22.78
1788852030,2.8066584700000003,0.18006923,22.77
1788852040,2.8012503100000004,0.18006923,22.78
1788852050,2.81026391,0.18006923,22.75
1788852060,2.81026391,0.18006923,22.78
1788852070,2.8066584700000003,0.18006923,22.75
1788852080,2.80305303,0.18006923,22.77
1788852090,2.79764487,0.18006923,22.77
1788852100,2.79403943,0.17916193,22.77
1788852110,2.79403943,0.17916193,22.78
1788852120,2.79403943,0.17916193,22.77
1788852130,2.79223671,0.17916193,22.78
1788852140,2.7958421500000004,0.17916193,22.78
1788852150,2.8012503100000004,0.17916193,22.77
1788852160,2.8012503100000004,0.18006923,22.81
1788852170,2.8012503100000004,0.18006923,22.77
1788852180,2.80485575,0.18006923,22.79
1788852190,2.80485575,0.18006923,22.78
1788852200,2.85893735,0.18006923,22.79
1788852210,2.9202298300000002,0.18006923,22.81
1788852220,2.89679447,0.18006923,22.81
1788852230,2.8445155900000003,0.17916193,22.81
1788852240,2.82468567,0.17916193,22.83
1788852250,2.8445155900000003,0.17916193,22.84
1788852260,2.86254279,0.17916193,22.81
1788852270,2.8877808700000003,0.18006923,22.79
1788852280,2.91121623,0.18006923,22.81
1788852290,2.92203255,0.18006923,22.81
1788852300,2.92383527,0.18006923,22.83
1788852310,2.9202298300000002,0.18006923,22.81
1788852320,2.91662439,0.18006923,22.79
1788852330,2.91301895,0.18006923,22.81
1788852340,2.90220263,0.18006923,22.79
1788852350,2.8931890300000003,0.18006923,22.83
1788852360,2.87516183,0.18006923,22.81
1788852370,2.87876727,0.18006923,22.83
1788852380,2.87516183,0.18006923,22.83
1788852390,2.86975367,0.18006923,22.83
1788852400,2.85893735,0.18006923,22.84
1788852410,2.8553319100000003,0.18006923,22.84
1788852420,2.8553319100000003,0.18006923,22.84
1788852430,2.85713463,0.18006923,22.83
1788852440,2.85713463,0.18006923,22.87
1788852450,2.8553319100000003,0.18006923,22.87
1788852460,2.87335911,0.18006923,22.85
1788852470,2.86795095,0.18006923,22.87
1788852480,2.85893735,0.18006923,22.87
1788852490,2.85172647,0.18006923,22.84
1788852500,2.85172647,0.18006923,22.85
1788852510,2.8499237500000003,0.18006923,22.87
1788852520,2.83730471,0.18006923,22.87
1788852530,2.8391074300000003,0.18006923,22.85
1788852540,2.8391074300000003,0.18006923,22.85
1788852550,2.83730471,0.18006923,22.9
1788852560,2.84812103,0.18006923,22.87
1788852570,2.85352919,0.18006923,22.87
1788852580,2.85352919,0.18006923,22.88
1788852590,2.85172647,0.18006923,22.87
1788852600,2.85172647,0.18006923,22.88
1788852610,2.8391074300000003,0.18006923,22.85
1788852620,2.84271287,0.18006923,22.88
1788852630,2.8499237500000003,0.18006923,22.88
1788852640,2.85352919,0.18006923,22.88
1788852650,2.8499237500000003,0.18006923,22.88
1788852660,2.8607400700000003,0.18006923,22.9
1788852670,2.8607400700000003,0.18006923,22.88
1788852680,2.8715563900000003,0.18006923,22.9
1788852690,2.86795095,0.18006923,22.9
1788852700,2.8607400700000003,0.18006923,22.87
1788852710,2.8553319100000003,0.18006923,22.9
1788852720,2.86795095,0.18006923,22.88
1788852730,2.88056999,0.18006923,22.85
1788852740,2.88056999,0.18006923,22.88
1788852750,2.88056999,0.18006923,22.87
1788852760,2.8877808700000003,0.18006923,22.87
1788852770,2.88417543,0.18006923,22.87
1788852780,2.88417543,0.18006923,22.88
1788852790,2.8823727100000003,0.18006923,22.88
1788852800,2.8769645500000003,0.18006923,22.93
1788852810,2.8823727100000003,0.18006923,22.88
1788852820,2.88417543,0.18006923,22.9
1788852830,2.8877808700000003,0.18006923,22.9
1788852840,2.8931890300000003,0.18006923,22.88
1788852850,2.8931890300000003,0.18006923,22.93
1788852860,2.8931890300000003,0.18006923,22.88
1788852870,2.89679447,0.18006923,22.9
1788852880,2.88417543,0.18006923,22.9
1788852890,2.8931890300000003,0.18006923,22.91
1788852900,2.89138631,0.18006923,22.9
1788852910,2.8877808700000003,0.18006923,22.88
1788852920,2.88958359,0.18006923,22.91
1788852930,2.88958359,0.18006923,22.88
1788852940,2.90039991,0.18097653,22.91
1788852950,2.8985971900000003,0.18006923,22.9
1788852960,2.89679447,0.18097653,22.9
1788852970,2.88597815,0.18006923,22.88
1788852980,2.8877808700000003,0.18006923,22.91
1788852990,2.8985971900000003,0.18006923,22.9
1788853000,2.91121623,0.18006923,22.93
1788853010,2.91121623,0.18006923,22.91
1788853020,2.9202298300000002,0.18097653,22.91
1788853030,2.91662439,0.18006923,22.93
1788853040,2.9202298300000002,0.18006923,22.94
1788853050,2.91842711,0.18006923,22.93
1788853060,2.91662439,0.18006923,22.93
1788853070,2.91842711,0.18006923,22.94
1788853080,2.91301895,0.18006923,22.93
1788853090,2.91121623,0.18006923,22.91
1788853100,2.9040053500000003,0.18006923,22.93
1788853110,2.90761079,0.18006923,22.93
1788853120,2.9094135100000003,0.18006923,22.91
1788853130,2.91121623,0.18006923,22.91
1788853140,2.91301895,0.18006923,22.91
1788853150,2.91301895,0.18006923,22.94
1788853160,2.91301895,0.18006923,22.94
1788853170,2.91121623,0.18006923,22.94
1788853180,2.91121623,0.18006923,22.94
1788853190,2.9094135100000003,0.18006923,22.94
1788853200,2.91121623,0.18006923,22.93
1788853210,2.91842711,0.18006923,22.93
1788853220,2.9202298300000002,0.18006923,22.97
1788853230,2.9202298300000002,0.18006923,22.94
1788853240,2.92203255,0.18006923,22.93
1788853250,2.9202298300000002,0.18006923,22.93
1788853260,2.91842711,0.18006923,22.93
1788853270,2.91301895,0.18006923,22.95
1788853280,2.90761079,0.18006923,22.94
1788853290,2.90761079,0.18006923,22.94
1788853300,2.90580807,0.18006923,22.94
1788853310,2.90580807,0.18006923,22.94
1788853320,2.91301895,0.18006923,22.95
1788853330,2.91842711,0.18006923,22.95
1788853340,2.91662439,0.18006923,22.95
1788853350,2.91842711,0.18006923,22.95
1788853360,2.9202298300000002,0.18006923,22.95
1788853370,2.91301895,0.18006923,22.94
1788853380,2.91662439,0.18006923,22.95
1788853390,2.91842711,0.18006923,22.94
1788853400,2.9202298300000002,0.18006923,22.94
1788853410,2.9202298300000002,0.18006923,22.94
1788853420,2.9202298300000002,0.18006923,22.93
1788853430,2.9202298300000002,0.18006923,22.94
1788853440,2.9202298300000002,0.18006923,22.93
1788853450,2.9202298300000002,0.18006923,22.93
1788853460,2.91842711,0.18006923,22.95
1788853470,2.9148216700000003,0.18006923,22.95
1788853480,2.9148216700000003,0.18006923,22.93
1788853490,2.91121623,0.18006923,22.95
1788853500,2.90761079,0.18006923,22.93
1788853510,2.9040053500000003,0.18006923,22.93
1788853520,2.90580807,0.18006923,22.94
1788853530,2.91301895,0.18006923,22.94
1788853540,2.90580807,0.18006923,22.95
1788853550,2.8931890300000003,0.18006923,22.95
1788853560,2.89499175,0.18006923,22.95
1788853570,2.89138631,0.18006923,22.97
1788853580,2.8823727100000003,0.18006923,22.97
1788853590,2.8769645500000003,0.18006923,22.95
1788853600,2.87335911,0.18006923,22.95
1788853610,2.8661482300000003,0.18006923,22.95
1788853620,2.85893735,0.18006923,22.93
1788853630,2.85352919,0.18006923,22.95
1788853640,2.84631831,0.17916193,22.95
1788853650,2.84091015,0.17916193,22.94
1788853660,2.8391074300000003,0.17916193,22.97
1788853670,2.8391074300000003,0.17916193,22.97
1788853680,2.8391074300000003,0.17916193,22.97
1788853690,2.8391074300000003,0.17916193,22.98
1788853700,2.84091015,0.17916193,22.97
1788853710,2.8445155900000003,0.17916193,22.97
1788853720,2.8499237500000003,0.17916193,22.95
1788853730,2.85172647,0.17916193,22.95
1788853740,2.85172647,0.17916193,22.97
1788853750,2.85352919,0.17916193,22.95
1788853760,2.8553319100000003,0.17916193,22.95
1788853770,2.8607400700000003,0.17916193,22.97
1788853780,2.86254279,0.17916193,22.97
1788853790,2.85893735,0.17916193,22.97
1788853800,2.85713463,0.17916193,22.97
1788853810,2.85713463,0.17916193,22.98
1788853820,2.8553319100000003,0.17916193,22.98
1788853830,2.85713463,0.17916193,22.97
1788853840,2.86254279,0.17916193,22.98
1788853850,2.86434551,0.17916193,22.99
1788853860,2.85893735,0.17916193,22.99
1788853870,2.84812103,0.17916193,22.99
1788853880,2.83730471,0.17916193,23.01
1788853890,2.83189655,0.17916193,22.99
1788853900,2.84091015,0.17916193,23.01
1788853910,2.85172647,0.17916193,22.98
1788853920,2.8607400700000003,0.17916193,23.02
1788853930,2.8715563900000003,0.17916193,23.02
1788853940,2.86434551,0.17916193,22.99
1788853950,2.8553319100000003,0.17916193,23.01
1788853960,2.84812103,0.17916193,22.99
1788853970,2.8391074300000003,0.17916193,23.01
1788853980,2.84631831,0.17916193,23.01
1788853990,2.8877808700000003,0.42685483,23.02
1788854000,2.8499237500000003,0.17008893,23.02
1788854010,2.7958421500000004,0.14922103,23.02
1788854020,2.8174747900000003,0.33703213,23.02
1788854030,2.96890327,0.45588843,23.04
1788854040,3.0626447100000003,0.26263353,23.04
1788854050,3.05363111,0.39328472999999997,22.99
1788854060,3.02298487,0.20002983000000002,23.05
1788854070,2.95087607,0.20728823000000002,23.04
1788854080,2.85172647,1.07194513,23.06
1788854090,2.8282911100000003,2.18792413,23.06
1788854100,2.8228829500000003,2.26413733,23.06
1788854110,2.80485575,2.2505278300000002,23.05
1788854120,2.81927751,2.26141543,23.04
1788854130,2.81927751,2.26141543,23.05
1788854140,2.8228829500000003,2.26413733,23.08
1788854150,2.83189655,2.27139573,23.08
1788854160,2.8336992700000003,2.27321033,23.08
1788854170,2.8282911100000003,2.26776653,23.09
1788854180,2.81927751,2.26141543,23.06
1788854190,2.82468567,2.2650446300000002,23.08
1788854200,2.82648839,2.26685923,23.08
1788854210,2.83189655,2.27139573,23.08
1788854220,2.83730471,2.27411763,23.08
1788854230,2.8445155900000003,2.27956143,23.08
1788854240,2.84631831,2.28046873,23.09
1788854250,2.8499237500000003,2.28319063,23.09
1788854260,2.85893735,2.29135633,23.11
1788854270,2.8607400700000003,2.29317093,23.06
1788854280,2.85352919,2.28772713,23.11
1788854290,2.8499237500000003,2.28409793,23.08
1788854300,2.84812103,2.28319063,23.08
1788854310,2.84631831,2.28137603,23.08
1788854320,2.85893735,2.29135633,23.12
1788854330,2.86795095,2.29770743,23.12
1788854340,2.8715563900000003,2.29861473,23.12
1788854350,2.8715563900000003,2.29952203,23.11
1788854360,2.87516183,2.30133663,23.12
1788854370,2.8769645500000003,2.30315123,23.14
1788854380,2.87516183,2.30133663,23.11
1788854390,2.87516183,2.30224393,23.12
1788854400,2.8769645500000003,2.30405853,23.15
1788854410,2.87876727,2.30496583,23.14
1788854420,2.8769645500000003,2.30405853,23.14
1788854430,2.87876727,2.30496583,23.14
1788854440,2.87516183,2.30224393,23.11
1788854450,2.86975367,2.29861473,23.11
1788854460,2.86434551,2.29498553,23.14
1788854470,2.85713463,2.28954173,23.14
1788854480,2.84812103,2.28319063,23.14
1788854490,2.8445155900000003,2.27956143,23.14
1788854500,2.8336992700000003,2.2723030300000002,23.14
1788854510,2.82648839,2.26595193,23.14
1788854520,2.82468567,2.26413733,23.12
1788854530,2.8228829500000003,2.26413733,23.15
1788854540,2.82648839,2.26685923,23.16
1788854550,2.8282911100000003,2.26776653,23.14
1788854560,2.83009383,2.26867383,23.16
1788854570,2.82648839,2.26595193,23.15
1788854580,2.83009383,2.26867383,23.18
1788854590,2.82648839,2.26595193,23.15
1788854600,2.83009383,2.26776653,23.15
1788854610,2.83730471,2.27502493,23.16
1788854620,2.8445155900000003,2.28046873,23.15
1788854630,2.84631831,2.28046873,23.15
1788854640,2.8391074300000003,2.27593223,23.16
1788854650,2.8336992700000003,2.27139573,23.16
1788854660,2.82468567,2.26413733,23.19
1788854670,2.82468567,2.2650446300000002,23.16
1788854680,2.8228829500000003,2.26413733,23.18
1788854690,2.81927751,2.25960083,23.19
1788854700,2.81386935,2.25597163,23.18
1788854710,2.8120666300000003,2.25506433,23.19
1788854720,2.8120666300000003,2.25415703,23.19
1788854730,2.81927751,2.25960083,23.19
1788854740,2.83189655,2.27048843,23.19
1788854750,2.8499237500000003,2.28228333,23.21
1788854760,2.8553319100000003,2.28772713,23.22
1788854770,2.85713463,2.28863443,23.22
1788854780,2.85893735,2.29044903,23.21
1788854790,2.8553319100000003,2.28681983,23.21
1788854800,2.84091015,2.27593223,23.21
1788854810,2.83550199,2.27139573,23.19
1788854820,2.83550199,2.27139573,23.21
1788854830,2.84091015,2.27502493,23.19
1788854840,2.84091015,2.27502493,23.19
1788854850,2.84631831,2.27956143,23.21
1788854860,2.85352919,2.28409793,23.22
1788854870,2.85713463,2.28681983,23.21
1788854880,2.85893735,2.28954173,23.19
1788854890,2.85893735,2.28863443,23.21
1788854900,2.86254279,2.29135633,23.21
1788854910,2.8607400700000003,2.29044903,23.22
1788854920,2.8607400700000003,2.28954173,23.24
1788854930,2.85893735,2.28863443,23.21
1788854940,2.85893735,2.28772713,23.24
1788854950,2.85713463,2.28772713,23.24
1788854960,2.8553319100000003,2.28591253,23.21
1788854970,2.8553319100000003,2.28500523,23.22
1788854980,2.85352919,2.28409793,23.24
1788854990,2.85172647,2.28228333,23.25
1788855000,2.84631831,2.27956143,23.25
1788855010,2.8445155900000003,2.27774683,23.25
1788855020,2.84271287,2.27593223,23.26
1788855030,2.83730471,2.2723030300000002,23.26
1788855040,2.84091015,2.27502493,23.29
1788855050,2.8445155900000003,2.27683953,23.3
1788855060,2.8445155900000003,2.27865413,23.3
1788855070,2.84631831,2.27956143,23.32
1788855080,2.84631831,2.27865413,23.33
1788855090,2.85172647,2.28319063,23.35
1788855100,2.85172647,2.28319063,23.36
1788855110,2.85172647,2.28319063,23.36
1788855120,2.84812103,2.28046873,23.38
1788855130,2.8499237500000003,2.28319063,23.39
1788855140,2.84631831,2.27956143,23.41
1788855150,2.8445155900000003,2.27865413,23.39
1788855160,2.84812103,2.28228333,23.38
1788855170,2.84812103,2.28137603,23.39
1788855180,2.84631831,2.27956143,23.39
1788855190,2.84631831,2.28046873,23.36
1788855200,2.84812103,2.28137603,23.35
1788855210,2.84631831,2.28046873,23.35
1788855220,2.84631831,2.28046873,23.33
1788855230,2.8445155900000003,2.27956143,23.33
1788855240,2.8445155900000003,2.27865413,23.33
1788855250,2.84271287,2.27774683,23.32
1788855260,2.84271287,2.27774683,23.33
1788855270,2.8445155900000003,2.27865413,23.3
1788855280,2.83550199,2.2723030300000002,23.33
1788855290,2.8228829500000003,2.26323003,23.33
1788855300,2.81026391,2.25415703,23.32
1788855310,2.81026391,2.25415703,23.32
1788855320,2.81386935,2.25597163,23.3
1788855330,2.82108023,2.26050813,23.32
1788855340,2.82108023,2.26141543,23.3
1788855350,2.82108023,2.26050813,23.3
1788855360,2.81567207,2.2577862300000002,23.3
1788855370,2.81567207,2.2577862300000002,23.29
1788855380,2.81927751,2.26050813,23.29
1788855390,2.8228829500000003,2.26232273,23.29
1788855400,2.8282911100000003,2.26685923,23.29
1788855410,2.83189655,2.26958113,23.29
1788855420,2.8336992700000003,2.27048843,23.28
1788855430,2.83730471,2.27321033,23.29
1788855440,2.8336992700000003,2.27139573,23.26
1788855450,2.83550199,2.27139573,23.28
1788855460,2.83730471,2.27321033,23.29
1788855470,2.83730471,2.2723030300000002,23.28
1788855480,2.83730471,2.27321033,23.28
1788855490,2.84091015,2.27502493,23.26
1788855500,2.84091015,2.27502493,23.28
1788855510,2.8391074300000003,2.27321033,23.28
1788855520,2.84091015,2.27502493,23.28
1788855530,2.8391074300000003,2.27411763,23.26
1788855540,2.84091015,2.27411763,23.25
1788855550,2.8391074300000003,2.27411763,23.25
1788855560,2.83730471,2.27139573,23.26
1788855570,2.83730471,2.2723030300000002,23.25
1788855580,2.84091015,2.27411763,23.25
1788855590,2.8336992700000003,2.26958113,23.26
1788855600,2.83550199,2.27048843,23.26
1788855610,2.83730471,2.27139573,23.25
1788855620,2.83730471,2.2723030300000002,23.26
1788855630,2.8336992700000003,2.26958113,23.26
1788855640,2.83730471,2.2723030300000002,23.26
1788855650,2.83730471,2.27321033,23.25
1788855660,2.8391074300000003,2.27321033,23.25
1788855670,2.8391074300000003,2.27321033,23.26
1788855680,2.83550199,2.27139573,23.26
1788855690,2.83550199,2.27139573,23.26
1788855700,2.83189655,2.26867383,23.26
1788855710,2.8336992700000003,2.26958113,23.25
1788855720,2.8336992700000003,2.26958113,23.26
1788855730,2.8391074300000003,2.27321033,23.25
1788855740,2.83550199,2.27048843,23.28
1788855750,2.84091015,2.27411763,23.28
1788855760,2.84271287,2.27593223,23.26
1788855770,2.84091015,2.27411763,23.26
1788855780,2.8391074300000003,2.27321033,23.25
1788855790,2.8391074300000003,2.27321033,23.24
1788855800,2.84271287,2.27593223,23.26
1788855810,2.83730471,2.27139573,23.25
1788855820,2.83009383,2.26776653,23.24
1788855830,2.82468567,2.26413733,23.26
1788855840,2.8174747900000003,2.25869353,23.26
1788855850,2.80485575,2.24962053,23.24
1788855860,2.7958421500000004,2.24236213,23.25
1788855870,2.79403943,2.24236213,23.25
1788855880,2.79403943,2.24145483,23.26
1788855890,2.80485575,2.24871323,23.25
1788855900,2.81386935,2.25506433,23.26
1788855910,2.82108023,2.26050813,23.25
1788855920,2.82468567,2.26413733,23.26
1788855930,2.8228829500000003,2.26232273,23.25
1788855940,2.8228829500000003,2.26323003,23.28
1788855950,2.8228829500000003,2.26232273,23.28
1788855960,2.8174747900000003,2.2577862300000002,23.26
1788855970,2.8120666300000003,2.25506433,23.28
1788855980,2.80846119,2.25234243,23.28
1788855990,2.80305303,2.24871323,23.24
1788856000,2.79944759,2.24508403,23.29
1788856010,2.7958421500000004,2.24236213,23.26
1788856020,2.7958421500000004,2.2432694300000002,23.25
1788856030,2.79764487,2.24417673,23.26
1788856040,2.8012503100000004,2.24689863,23.26
1788856050,2.80305303,2.24871323,23.29
1788856060,2.80305303,2.24780593,23.29
1788856070,2.81026391,2.25324973,23.28
1788856080,2.8174747900000003,2.25869353,23.3
1788856090,2.82648839,2.26595193,23.29
1788856100,2.83009383,2.26685923,23.29
1788856110,2.83009383,2.26867383,23.3
1788856120,2.83009383,2.26776653,23.32
1788856130,2.8228829500000003,2.26232273,23.3
1788856140,2.79944759,2.24599133,23.3
1788856150,2.78682855,2.23691833,23.3
1788856160,2.78502583,2.23510373,23.32
1788856170,2.78682855,2.2360110300000002,23.3
1788856180,2.78863127,2.23782563,23.32
1788856190,2.7904339900000004,2.23873293,23.33
1788856200,2.7958421500000004,2.2432694300000002,23.32
1788856210,2.79764487,2.24417673,23.33
1788856220,2.7904339900000004,2.23873293,23.32
1788856230,2.78502583,2.23419643,23.32
1788856240,2.7778149500000002,2.22875263,23.32
1788856250,2.78142039,2.23147453,23.33
1788856260,2.78863127,2.2360110300000002,23.35
1788856270,2.79223671,2.23873293,23.35
1788856280,2.78502583,2.23419643,23.32
1788856290,2.77601223,2.22693803,23.32
1788856300,2.7778149500000002,2.22784533,23.33
1788856310,2.7778149500000002,2.22693803,23.35
1788856320,2.7778149500000002,2.22784533,23.35
1788856330,2.7724067900000002,2.22330883,23.33
1788856340,2.77060407,2.22240153,23.33
1788856350,2.77961767,2.22965993,23.33
1788856360,2.7832231100000002,2.23328913,23.35
1788856370,2.78682855,2.23510373,23.35
1788856380,2.78682855,2.23510373,23.36
1788856390,2.78863127,2.23691833,23.36
1788856400,2.7904339900000004,2.23873293,23.33
1788856410,2.79944759,2.24417673,23.38
1788856420,2.81386935,2.25597163,23.38
1788856430,2.8066584700000003,2.2505278300000002,23.38
1788856440,2.7958421500000004,2.24236213,23.38
1788856450,2.7904339900000004,2.23873293,23.38
1788856460,2.7832231100000002,2.23238183,23.38
1788856470,2.78863127,2.2360110300000002,23.38
1788856480,2.78502583,2.23419643,23.39
1788856490,2.78682855,2.2360110300000002,23.39
1788856500,2.7832231100000002,2.23238183,23.38
1788856510,2.7778149500000002,2.22784533,23.38
1788856520,2.7778149500000002,2.22784533,23.39
1788856530,2.77420951,2.22603073,23.39
1788856540,2.7724067900000002,2.22421613,23.41
1788856550,2.76880135,2.22058693,23.41
1788856560,2.77420951,2.22330883,23.38
1788856570,2.78142039,2.22965993,23.41
1788856580,2.78502583,2.23238183,23.38
1788856590,2.78682855,2.23238183,23.39
1788856600,2.78142039,2.22875263,23.41
1788856610,2.7778149500000002,2.22693803,23.39
1788856620,2.7724067900000002,2.22240153,23.42
1788856630,2.77060407,2.22149423,23.41
1788856640,2.77060407,2.22149423,23.42
1788856650,2.77420951,2.22330883,23.41
1788856660,2.77601223,2.22421613,23.41
1788856670,2.78502583,2.23147453,23.39
1788856680,2.79764487,2.24145483,23.42
1788856690,2.77961767,2.22693803,23.42
1788856700,2.77601223,2.22421613,23.43
1788856710,2.77420951,2.22330883,23.39
1788856720,2.77060407,2.22058693,23.41
1788856730,2.77060407,2.22149423,23.39
1788856740,2.7669986300000002,2.21877233,23.38
1788856750,2.76339319,2.21514313,23.41
1788856760,2.76339319,2.21514313,23.42
1788856770,2.7615904700000002,2.21423583,23.42
1788856780,2.7615904700000002,2.21514313,23.45
1788856790,2.7669986300000002,2.21786503,23.43
1788856800,2.7724067900000002,2.22240153,23.48
1788856810,2.77060407,2.22149423,23.43
1788856820,2.77420951,2.22421613,23.46
1788856830,2.77060407,2.22149423,23.42
1788856840,2.77060407,2.22058693,23.45
1788856850,2.77601223,2.22512343,23.45
1788856860,2.77060407,2.22058693,23.43
1788856870,2.77060407,2.22149423,23.43
1788856880,2.77601223,2.22512343,23.48
1788856890,2.78142039,2.22965993,23.45
1788856900,2.7778149500000002,2.22693803,23.43
1788856910,2.78142039,2.23056723,23.43
1788856920,2.77601223,2.22512343,23.46
1788856930,2.7778149500000002,2.22693803,23.43
1788856940,2.78142039,2.22784533,23.45
1788856950,2.8012503100000004,2.2432694300000002,23.45
1788856960,2.80485575,2.24599133,23.46
1788856970,2.8066584700000003,2.24780593,23.46
1788856980,2.80846119,2.24962053,23.45
1788856990,2.80485575,2.24599133,23.45
1788857000,2.80846119,2.24871323,23.42
1788857010,2.81386935,2.25324973,23.43
1788857020,2.82468567,2.26050813,23.45
1788857030,2.8282911100000003,2.26323003,23.45
1788857040,2.83009383,2.2650446300000002,23.42
1788857050,2.82468567,2.26050813,23.43
1788857060,2.8174747900000003,2.25415703,23.45
1788857070,2.81386935,2.25234243,23.42
1788857080,2.8120666300000003,2.25143513,23.43
1788857090,2.81567207,2.25415703,23.46
1788857100,2.8228829500000003,2.25960083,23.45
1788857110,2.81386935,2.25324973,23.46
1788857120,2.8174747900000003,2.25415703,23.43
1788857130,2.8228829500000003,2.25869353,23.45
1788857140,2.81386935,2.25324973,23.45
1788857150,2.8066584700000003,2.24689863,23.45
1788857160,2.81567207,2.25324973,23.48
1788857170,2.83009383,2.2650446300000002,23.45
1788857180,2.83730471,2.26958113,23.48
1788857190,2.8391074300000003,2.2723030300000002,23.43
1788857200,2.83550199,2.26867383,23.43
1788857210,2.83189655,2.26595193,23.46
1788857220,2.82108023,2.2577862300000002,23.46
1788857230,2.81026391,2.24962053,23.45
1788857240,2.80846119,2.24780593,23.46
1788857250,2.8012503100000004,2.24236213,23.49
1788857260,2.81567207,2.25324973,23.48
1788857270,2.8120666300000003,2.2505278300000002,23.49
1788857280,2.80846119,2.24780593,23.5
1788857290,2.80485575,2.24508403,23.48
1788857300,2.78863127,2.23328913,23.48
1788857310,2.7778149500000002,2.22512343,23.46
1788857320,2.7778149500000002,2.22512343,23.5
1788857330,2.77961767,2.22603073,23.48
1788857340,2.7778149500000002,2.22512343,23.48
1788857350,2.78142039,2.22875263,23.48
1788857360,2.78863127,2.23238183,23.46
1788857370,2.79223671,2.2360110300000002,23.46
1788857380,2.78863127,2.23419643,23.49
1788857390,2.7832231100000002,2.22965993,23.49
1788857400,2.79223671,2.2360110300000002,23.46
1788857410,2.8066584700000003,2.24599133,23.48
1788857420,2.8120666300000003,2.2505278300000002,23.49
1788857430,2.8228829500000003,2.25869353,23.49
1788857440,2.82648839,2.26141543,23.48
1788857450,2.8282911100000003,2.26323003,23.48
1788857460,2.8391074300000003,2.27139573,23.48
1788857470,2.83550199,2.26867383,23.46
1788857480,2.83189655,2.26595193,23.46
1788857490,2.81927751,2.25597163,23.46
1788857500,2.8012503100000004,2.24236213,23.46
1788857510,2.80305303,2.24417673,23.46
1788857520,2.80485575,2.24599133,23.49
1788857530,2.8066584700000003,2.24689863,23.48
1788857540,2.79944759,2.24145483,23.49
1788857550,2.79403943,2.2360110300000002,23.48
1788857560,2.78682855,2.23147453,23.49
1788857570,2.78502583,2.23056723,23.5
1788857580,2.78682855,2.23147453,23.5
1788857590,2.78682855,2.23147453,23.49
1788857600,2.78863127,2.23328913,23.5
1788857610,2.8012503100000004,2.2432694300000002,23.49
1788857620,2.8120666300000003,2.24962053,23.49
1788857630,2.81386935,2.25143513,23.49
1788857640,2.8228829500000003,2.25869353,23.52
1788857650,2.83189655,2.26595193,23.52
1788857660,2.8336992700000003,2.26776653,23.52
1788857670,2.83730471,2.27048843,23.49
1788857680,2.83730471,2.27139573,23.52
1788857690,2.83730471,2.27139573,23.52
1788857700,2.84091015,2.27321033,23.5
1788857710,2.83730471,2.26958113,23.52
1788857720,2.83009383,2.26413733,23.52
1788857730,2.81567207,2.25415703,23.53
1788857740,2.80846119,2.24871323,23.52
1788857750,2.8282911100000003,2.26232273,23.53
1788857760,2.83550199,2.26867383,23.55
1788857770,2.8391074300000003,2.27139573,23.52
1788857780,2.84091015,2.27321033,23.55
1788857790,2.8336992700000003,2.26685923,23.52
1788857800,2.83730471,2.26958113,23.53
1788857810,2.82108023,2.25687893,23.52
1788857820,2.80485575,2.24599133,23.55
1788857830,2.8012503100000004,2.2432694300000002,23.55
1788857840,2.80485575,2.24508403,23.52
1788857850,2.80305303,2.24417673,23.52
1788857860,2.8066584700000003,2.24689863,23.53
1788857870,2.8066584700000003,2.24780593,23.53
1788857880,2.80846119,2.24780593,23.52
1788857890,2.81386935,2.25234243,23.5
1788857900,2.82108023,2.25869353,23.52
1788857910,2.83009383,2.26595193,23.5
1788857920,2.8336992700000003,2.26776653,23.52
1788857930,2.83189655,2.26595193,23.52
1788857940,2.8228829500000003,2.25960083,23.55
1788857950,2.82108023,2.2577862300000002,23.5
1788857960,2.81927751,2.25597163,23.52
1788857970,2.8066584700000003,2.24780593,23.5
1788857980,2.81026391,2.2505278300000002,23.5
1788857990,2.8228829500000003,2.26050813,23.5
1788858000,2.83009383,2.26595193,23.53
1788858010,2.83189655,2.26776653,23.5
1788858020,2.83550199,2.27048843,23.5
1788858030,2.83730471,2.2723030300000002,23.53
1788858040,2.8391074300000003,2.27502493,23.52
1788858050,2.8391074300000003,2.27411763,23.53
1788858060,2.84091015,2.27593223,23.52
1788858070,2.84271287,2.27593223,23.52
1788858080,2.83730471,2.27139573,23.53
1788858090,2.83550199,2.27048843,23.52
1788858100,2.82648839,2.26413733,23.53
1788858110,2.82468567,2.26232273,23.52
1788858120,2.82648839,2.26323003,23.55
1788858130,2.83730471,2.27321033,23.55
1788858140,2.83550199,2.27048843,23.52
1788858150,2.8336992700000003,2.26958113,23.53
1788858160,2.83550199,2.27139573,23.55
1788858170,2.83730471,2.27321033,23.56
1788858180,2.83730471,2.2723030300000002,23.55
1788858190,2.83730471,2.2723030300000002,23.56
1788858200,2.8391074300000003,2.27321033,23.52
1788858210,2.83550199,2.2723030300000002,23.53
1788858220,2.83189655,2.26867383,23.53
1788858230,2.83550199,2.27139573,23.56
1788858240,2.83189655,2.26776653,23.57
1788858250,2.83730471,2.2723030300000002,23.55
1788858260,2.8391074300000003,2.27321033,23.55
1788858270,2.83730471,2.2723030300000002,23.55
1788858280,2.83730471,2.2723030300000002,23.56
1788858290,2.8282911100000003,2.2650446300000002,23.57
1788858300,2.8336992700000003,2.26958113,23.55
1788858310,2.83730471,2.2723030300000002,23.56
1788858320,2.83730471,2.2723030300000002,23.55
1788858330,2.83730471,2.27139573,23.56
1788858340,2.8391074300000003,2.2723030300000002,23.56
1788858350,2.8336992700000003,2.26867383,23.55
1788858360,2.8391074300000003,2.27321033,23.55
1788858370,2.83730471,2.27139573,23.53
1788858380,2.84091015,2.27411763,23.55
1788858390,2.8391074300000003,2.27321033,23.55
1788858400,2.8391074300000003,2.27321033,23.55
1788858410,2.84091015,2.27411763,23.53
1788858420,2.8391074300000003,2.27321033,23.55
1788858430,2.84091015,2.27411763,23.57
1788858440,2.84091015,2.27502493,23.55
1788858450,2.8391074300000003,2.27411763,23.55
1788858460,2.83730471,2.2723030300000002,23.55
1788858470,2.83730471,2.2723030300000002,23.56
1788858480,2.83550199,2.27139573,23.56
1788858490,2.8336992700000003,2.26958113,23.56
1788858500,2.82468567,2.26323003,23.56
1788858510,2.81927751,2.2577862300000002,23.56
1788858520,2.8066584700000003,2.26141543,23.6
1788858530,2.7399578300000003,2.20969933,23.62
1788858540,2.7399578300000003,2.21060663,23.59
1788858550,2.73635239,2.20879203,23.62
1788858560,2.7507741500000003,2.20607013,23.6
1788858570,2.76339319,2.21605043,23.59
1788858580,2.76519591,2.21695773,23.59
1788858590,2.7669986300000002,2.21877233,23.62
1788858600,2.78142039,2.22965993,23.62
1788858610,2.7832231100000002,2.23056723,23.6
1788858620,2.7724067900000002,2.22240153,23.62
1788858630,2.7904339900000004,2.23691833,23.62
1788858640,2.79764487,2.24145483,23.62
1788858650,2.83189655,2.26867383,23.62
1788858660,2.83189655,2.26958113,23.62
1788858670,2.8336992700000003,2.26958113,23.59
1788858680,2.83550199,2.27048843,23.59
1788858690,2.83550199,2.27139573,23.62
1788858700,2.83550199,2.2723030300000002,23.59
1788858710,2.83189655,2.26958113,23.6
1788858720,2.83189655,2.26867383,23.63
1788858730,2.83550199,2.27139573,23.63
1788858740,2.83550199,2.27139573,23.63
1788858750,2.83550199,2.27139573,23.63
1788858760,2.8336992700000003,2.27048843,23.67
1788858770,2.82648839,2.26413733,23.66
1788858780,2.81567207,2.25687893,23.64
1788858790,2.82648839,2.2650446300000002,23.66
1788858800,2.8336992700000003,2.26958113,23.64
1788858810,2.83189655,2.26958113,23.67
1788858820,2.83009383,2.26867383,23.66
1788858830,2.83189655,2.26958113,23.66
1788858840,2.83009383,2.26776653,23.66
1788858850,2.83189655,2.26958113,23.64
1788858860,2.8336992700000003,2.27048843,23.64
1788858870,2.83189655,2.26867383,23.62
1788858880,2.8282911100000003,2.26685923,23.64
1788858890,2.8228829500000003,2.26232273,23.63
1788858900,2.82108023,2.26141543,23.63
1788858910,2.82108023,2.26050813,23.62
1788858920,2.82648839,2.2650446300000002,23.63
1788858930,2.8228829500000003,2.26232273,23.63
1788858940,2.8120666300000003,2.25506433,23.63
1788858950,2.81386935,2.25597163,23.64
1788858960,2.81386935,2.25506433,23.64
1788858970,2.8174747900000003,2.2577862300000002,23.63
1788858980,2.81026391,2.25324973,23.62
1788858990,2.8120666300000003,2.25415703,23.66
1788859000,2.8174747900000003,2.2577862300000002,23.64
1788859010,2.81927751,2.25960083,23.64
1788859020,2.8228829500000003,2.26232273,23.62
1788859030,2.81026391,2.25324973,23.62
1788859040,2.81567207,2.2577862300000002,23.64
1788859050,2.8228829500000003,2.26141543,23.63
1788859060,2.8120666300000003,2.25415703,23.62
1788859070,2.8120666300000003,2.25324973,23.63
1788859080,2.81386935,2.25506433,23.63
1788859090,2.8174747900000003,2.2577862300000002,23.62
1788859100,2.82108023,2.26141543,23.64
1788859110,2.82468567,2.26413733,23.63
1788859120,2.82648839,2.2650446300000002,23.63
1788859130,2.82648839,2.2650446300000002,23.64
1788859140,2.8282911100000003,2.26595193,23.64
1788859150,2.8282911100000003,2.26685923,23.64
1788859160,2.83009383,2.26776653,23.64
1788859170,2.83009383,2.26685923,23.63
1788859180,2.8282911100000003,2.26595193,23.66
1788859190,2.83009383,2.26776653,23.66
1788859200,2.82648839,2.26413733,23.64
1788859210,2.82108023,2.26141543,23.67
1788859220,2.80846119,2.25143513,23.64
1788859230,2.8120666300000003,2.25324973,23.63
1788859240,2.8174747900000003,2.2577862300000002,23.63
1788859250,2.81567207,2.25687893,23.64
1788859260,2.8012503100000004,2.24599133,23.6
1788859270,2.8012503100000004,2.24599133,23.63
1788859280,2.80846119,2.2505278300000002,23.63
1788859290,2.81927751,2.25960083,23.64
1788859300,2.81567207,2.25597163,23.63
1788859310,2.81026391,2.25234243,23.62
1788859320,2.81927751,2.25869353,23.62
1788859330,2.82648839,2.26323003,23.62
1788859340,2.8174747900000003,2.2577862300000002,23.66
1788859350,2.8066584700000003,2.24962053,23.62
1788859360,2.79944759,2.2432694300000002,23.62
1788859370,2.79403943,2.24054753,23.63
1788859380,2.79403943,2.23964023,23.64
1788859390,2.81386935,2.25415703,23.62
1788859400,2.8120666300000003,2.25415703,23.64
1788859410,2.79223671,2.23873293,23.64
1788859420,2.79403943,2.23964023,23.62
1788859430,2.78863127,2.23510373,23.67
1788859440,2.7904339900000004,2.23782563,23.64
1788859450,2.78502583,2.23328913,23.67
1788859460,2.7724067900000002,2.22330883,23.66
1788859470,2.77420951,2.22512343,23.64
1788859480,2.77060407,2.22240153,23.66
1788859490,2.77060407,2.22149423,23.66
1788859500,2.7615904700000002,2.21514313,23.66
1788859510,2.77601223,2.22693803,23.63
1788859520,2.7832231100000002,2.23238183,23.67
1788859530,2.79403943,2.23964023,23.67
1788859540,2.79944759,2.24417673,23.63
1788859550,2.8066584700000003,2.2505278300000002,23.67
1788859560,2.81386935,2.25506433,23.69
1788859570,2.81927751,2.25960083,23.64
1788859580,2.8174747900000003,2.25869353,23.67
1788859590,2.81386935,2.25415703,23.67
1788859600,2.81567207,2.25597163,23.67
1788859610,2.81567207,2.25687893,23.67
1788859620,2.81567207,2.25687893,23.66
1788859630,2.81567207,2.2577862300000002,23.66
1788859640,2.81386935,2.25506433,23.67
1788859650,2.8066584700000003,2.24962053,23.64
1788859660,2.80846119,2.2505278300000002,23.64
1788859670,2.80485575,2.24871323,23.66
1788859680,2.8066584700000003,2.2505278300000002,23.66
1788859690,2.81026391,2.25324973,23.67
1788859700,2.81386935,2.25506433,23.64
1788859710,2.8120666300000003,2.25415703,23.63
1788859720,2.81567207,2.25687893,23.64
1788859730,2.81567207,2.25597163,23.64
1788859740,2.81026391,2.25234243,23.64
1788859750,2.81026391,2.25234243,23.62
1788859760,2.81026391,2.25234243,23.63
1788859770,2.81567207,2.25687893,23.64
1788859780,2.81567207,2.25687893,23.63
1788859790,2.81927751,2.25960083,23.62
1788859800,2.81927751,2.25960083,23.64
1788859810,2.81927751,2.25960083,23.63
1788859820,2.81927751,2.25869353,23.62
1788859830,2.81927751,2.25869353,23.62
1788859840,2.82108023,2.25960083,23.62
1788859850,2.8228829500000003,2.26232273,23.64
1788859860,2.82108023,2.26141543,23.59
1788859870,2.82468567,2.26323003,23.59
1788859880,2.82108023,2.26050813,23.62
1788859890,2.8282911100000003,2.26595193,23.6
1788859900,2.82468567,2.26413733,23.59
1788859910,2.82648839,2.2650446300000002,23.59
1788859920,2.8228829500000003,2.26323003,23.56
1788859930,2.82648839,2.2650446300000002,23.57
1788859940,2.8228829500000003,2.26232273,23.56
1788859950,2.8174747900000003,2.25869353,23.57
1788859960,2.80485575,2.24780593,23.56
1788859970,2.7904339900000004,2.23782563,23.59
1788859980,2.77601223,2.22693803,23.57
1788859990,2.7778149500000002,2.22784533,23.57
1788860000,2.76519591,2.21877233,23.6
1788860010,2.75978775,2.21514313,23.59
1788860020,2.75437959,2.21151393,23.57
1788860030,2.76339319,2.21695773,23.59
1788860040,2.7507741500000003,2.20788473,23.56
1788860050,2.7345496700000003,2.19608983,23.57
1788860060,2.73635239,2.19699713,23.59
1788860070,2.74176055,2.19971903,23.6
1788860080,2.7507741500000003,2.20697743,23.6
1788860090,2.74897143,2.20607013,23.59
1788860100,2.75437959,2.20969933,23.6
1788860110,2.7615904700000002,2.21605043,23.6
1788860120,2.7669986300000002,2.22058693,23.63
1788860130,2.76519591,2.21786503,23.62
1788860140,2.75257687,2.20879203,23.63
1788860150,2.75978775,2.21423583,23.63
1788860160,2.7507741500000003,2.20788473,23.63
1788860170,2.74897143,2.20607013,23.63
1788860180,2.7399578300000003,2.19971903,23.62
1788860190,2.73815511,2.19790443,23.6
1788860200,2.73635239,2.19699713,23.62
1788860210,2.74176055,2.20153363,23.62
1788860220,2.7453659900000003,2.20334823,23.62
1788860230,2.74176055,2.20062633,23.62
1788860240,2.73635239,2.19699713,23.6
1788860250,2.7345496700000003,2.19427523,23.63
1788860260,2.72733879,2.18973873,23.63
1788860270,2.73094423,2.19246063,23.62
1788860280,2.73635239,2.19608983,23.63
1788860290,2.73815511,2.19790443,23.63
1788860300,2.74356327,2.20153363,23.63
1788860310,2.74176055,2.20062633,23.64
1788860320,2.73815511,2.19790443,23.64
1788860330,2.74176055,2.20062633,23.64
1788860340,2.74176055,2.20153363,23.64
1788860350,2.7507741500000003,2.20697743,23.67
1788860360,2.75257687,2.20879203,23.69
1788860370,2.79944759,2.24417673,23.69
1788860380,2.79764487,2.2432694300000002,23.66
1788860390,2.80485575,2.24871323,23.66
1788860400,2.8120666300000003,2.25415703,23.67
1788860410,2.81026391,2.25234243,23.67
1788860420,2.81567207,2.25687893,23.67
1788860430,2.81927751,2.25960083,23.7
1788860440,2.82468567,2.26413733,23.67
1788860450,2.83009383,2.26776653,23.69
1788860460,2.82648839,2.2650446300000002,23.69
1788860470,2.82468567,2.2650446300000002,23.69
1788860480,2.82648839,2.26595193,23.72
1788860490,2.8228829500000003,2.26232273,23.69
1788860500,2.8282911100000003,2.26776653,23.69
1788860510,2.82468567,2.26413733,23.69
1788860520,2.8228829500000003,2.26323003,23.69
1788860530,2.8228829500000003,2.26323003,23.7
1788860540,2.82468567,2.26413733,23.72
1788860550,2.83009383,2.26776653,23.7
1788860560,2.82648839,2.26595193,23.73
1788860570,2.82648839,2.26595193,23.73
1788860580,2.83189655,2.26958113,23.74
1788860590,2.83189655,2.27048843,23.73
1788860600,2.8336992700000003,2.27139573,23.74
1788860610,2.83189655,2.27048843,23.73
1788860620,2.8336992700000003,2.27048843,23.74
1788860630,2.8336992700000003,2.27139573,23.76
1788860640,2.8336992700000003,2.27048843,23.77
1788860650,2.83730471,2.27411763,23.77
1788860660,2.83730471,2.27411763,23.79
1788860670,2.83550199,2.2723030300000002,23.79
1788860680,2.8336992700000003,2.27139573,23.77
1788860690,2.8336992700000003,2.27139573,23.79
1788860700,2.8336992700000003,2.2723030300000002,23.8
1788860710,2.8336992700000003,2.2723030300000002,23.79
1788860720,2.83550199,2.27321033,23.79
1788860730,2.83550199,2.27321033,23.8
1788860740,2.8391074300000003,2.27593223,23.8
1788860750,2.8391074300000003,2.27593223,23.81
1788860760,2.83730471,2.27502493,23.8
1788860770,2.84091015,2.27683953,23.81
1788860780,2.8391074300000003,2.27593223,23.81
1788860790,2.83550199,2.27321033,23.83
1788860800,2.8391074300000003,2.27593223,23.8
1788860810,2.83730471,2.27411763,23.83
1788860820,2.8336992700000003,2.2723030300000002,23.83
1788860830,2.82468567,2.26413733,23.81
1788860840,2.81927751,2.25960083,23.81
1788860850,2.8012503100000004,2.24599133,23.8
1788860860,2.77420951,2.22693803,23.83
1788860870,2.77961767,2.23056723,23.81
1788860880,2.77420951,2.22512343,23.84
1788860890,2.77060407,2.22330883,23.84
1788860900,2.7615904700000002,2.21605043,23.84
1788860910,2.7453659900000003,2.20425553,23.84
1788860920,2.73635239,2.19608983,23.81
1788860930,2.73815511,2.19881173,23.81
1788860940,2.7507741500000003,2.20788473,23.81
1788860950,2.75437959,2.21060663,23.86
1788860960,2.7399578300000003,2.19881173,23.86
1788860970,2.74716871,2.20516283,23.84
1788860980,2.7453659900000003,2.20334823,23.83
1788860990,2.7507741500000003,2.20788473,23.83
1788861000,2.75257687,2.20969933,23.84
1788861010,2.75437959,2.21151393,23.86
1788861020,2.7615904700000002,2.21605043,23.84
1788861030,2.7778149500000002,2.22784533,23.84
1788861040,2.77961767,2.22965993,23.86
1788861050,2.77601223,2.22603073,23.86
1788861060,2.76880135,2.22149423,23.86
1788861070,2.75437959,2.21060663,23.87
1788861080,2.74897143,2.20607013,23.9
1788861090,2.75257687,2.20879203,23.88
1788861100,2.7507741500000003,2.20697743,23.88
1788861110,2.74716871,2.20425553,23.9
1788861120,2.74356327,2.20244093,23.9
1788861130,2.7399578300000003,2.19971903,23.9
1788861140,2.72733879,2.18973873,23.92
1788861150,2.73094423,2.19336793,23.88
1788861160,2.72733879,2.18973873,23.9
1788861170,2.73094423,2.19336793,23.93
1788861180,2.7399578300000003,2.19881173,23.94
1788861190,2.7453659900000003,2.20425553,23.94
1788861200,2.7345496700000003,2.19518253,23.93
1788861210,2.7345496700000003,2.19608983,23.93
1788861220,2.7237333500000003,2.18792413,23.93
1788861230,2.72733879,2.18973873,23.92
1788861240,2.7183251900000003,2.18429493,23.93
1788861250,2.7129170300000003,2.18066573,23.93
1788861260,2.72193063,2.18701683,23.93
1788861270,2.72012791,2.18610953,23.93
1788861280,2.69488983,2.16705623,23.93
1788861290,2.67866535,2.15435403,23.92
1788861300,2.67866535,2.15526133,23.94
1788861310,2.6750599100000003,2.15163213,23.92
1788861320,2.6804680700000003,2.15616863,23.94
1788861330,2.6804680700000003,2.15616863,23.93
1788861340,2.68227079,2.15707593,23.94
1788861350,2.6804680700000003,2.15526133,23.96
1788861360,2.68407351,2.15798323,23.96
1788861370,2.6804680700000003,2.15526133,23.96
1788861380,2.68227079,2.15707593,23.96
1788861390,2.68227079,2.15707593,23.96
1788861400,2.68227079,2.15707593,23.97
1788861410,2.68227079,2.15707593,23.96
1788861420,2.68948167,2.16251973,23.96
1788861430,2.69849527,2.16887083,23.97
1788861440,2.7021007100000003,2.17250003,23.94
1788861450,2.69849527,2.16887083,23.96
1788861460,2.6912843900000003,2.16342703,23.94
1788861470,2.68948167,2.16342703,23.94
1788861480,2.6966925500000003,2.16887083,23.96
1788861490,2.7129170300000003,2.17975843,23.93
1788861500,2.71652247,2.18248033,23.92
1788861510,2.72733879,2.19064603,23.94
1788861520,2.7291415100000003,2.19246063,23.93
1788861530,2.72553607,2.18792413,23.93
1788861540,2.7237333500000003,2.18792413,23.92
1788861550,2.74356327,2.20244093,23.9
1788861560,2.75978775,2.21514313,23.9
1788861570,2.76519591,2.21967963,23.87
1788861580,2.7724067900000002,2.22421613,23.87
1788861590,2.79223671,2.23964023,23.88
1788861600,2.80305303,2.24780593,23.87
1788861610,2.81567207,2.25687893,23.86
1788861620,2.8228829500000003,2.26232273,23.87
1788861630,2.83189655,2.26958113,23.86
1788861640,2.83009383,2.26685923,23.87
1788861650,2.83730471,2.27321033,23.87
1788861660,2.84091015,2.27593223,23.87
1788861670,2.8445155900000003,2.27865413,23.88
1788861680,2.84271287,2.27683953,23.86
1788861690,2.8391074300000003,2.27502493,23.88
1788861700,2.8336992700000003,2.27048843,23.88
1788861710,2.82468567,2.26323003,23.9
1788861720,2.81927751,2.25960083,23.87
1788861730,2.80846119,2.25324973,23.86
1788861740,2.8120666300000003,2.25415703,23.84
1788861750,2.80846119,2.25143513,23.86
1788861760,2.8012503100000004,2.24780593,23.83
1788861770,2.79764487,2.24417673,23.84
1788861780,2.7904339900000004,2.23873293,23.81
1788861790,2.78142039,2.23238183,23.8
1788861800,2.77420951,2.22603073,23.79
1788861810,2.7669986300000002,2.22058693,23.79
1788861820,2.75257687,2.20969933,23.77
1788861830,2.73094423,2.19427523,23.77
1788861840,2.72553607,2.18973873,23.79
1788861850,2.71471975,2.18066573,23.77
1788861860,2.71111431,2.17794383,23.77
1788861870,2.71111431,2.17885113,23.79
1788861880,2.71471975,2.18066573,23.76
1788861890,2.70931159,2.17703653,23.76
1788861900,2.70931159,2.17794383,23.76
1788861910,2.70931159,2.17703653,23.74
1788861920,2.7129170300000003,2.18066573,23.74
1788861930,2.7075088700000003,2.17612923,23.76
1788861940,2.70029799,2.17068543,23.72
1788861950,2.70029799,2.16977813,23.72
1788861960,2.7021007100000003,2.17159273,23.69
1788861970,2.70029799,2.16887083,23.72
1788861980,2.7021007100000003,2.17068543,23.69
1788861990,2.71111431,2.17794383,23.7
1788862000,2.71471975,2.17975843,23.74
1788862010,2.71111431,2.17794383,23.72
1788862020,2.7129170300000003,2.17885113,23.7
1788862030,2.71111431,2.17703653,23.7
1788862040,2.72012791,2.18429493,23.69
1788862050,2.7183251900000003,2.18248033,23.67
1788862060,2.72553607,2.18883143,23.67
1788862070,2.72553607,2.18792413,23.67
1788862080,2.7237333500000003,2.18701683,23.69
1788862090,2.71471975,2.17975843,23.66
1788862100,2.71471975,2.17975843,23.66
1788862110,2.72733879,2.18792413,23.67
1788862120,2.73635239,2.19608983,23.69
1788862130,2.73815511,2.19790443,23.66
1788862140,2.7345496700000003,2.19427523,23.69
1788862150,2.7291415100000003,2.19064603,23.66
1788862160,2.7291415100000003,2.19155333,23.66
1788862170,2.73274695,2.19336793,23.69
1788862180,2.73815511,2.19699713,23.64
1788862190,2.74356327,2.20062633,23.66
1788862200,2.75437959,2.20969933,23.64
1788862210,2.76880135,2.21967963,23.66
1788862220,2.76880135,2.22058693,23.63
1788862230,2.76880135,2.22058693,23.64
1788862240,2.77601223,2.22603073,23.66
1788862250,2.78142039,2.22965993,23.63
1788862260,2.77420951,2.22512343,23.64
1788862270,2.76880135,2.21967963,23.64
1788862280,2.76339319,2.21695773,23.62
1788862290,2.7561823100000002,2.21151393,23.63
1788862300,2.77601223,2.22603073,23.62
1788862310,2.77961767,2.22965993,23.62
1788862320,2.79403943,2.24054753,23.6
1788862330,2.80485575,2.24871323,23.62
1788862340,2.79944759,2.2432694300000002,23.62
1788862350,2.81026391,2.25324973,23.6
1788862360,2.81386935,2.25415703,23.59
1788862370,2.81927751,2.25960083,23.59
1788862380,2.82468567,2.26413733,23.57
1788862390,2.8282911100000003,2.26685923,23.55
1788862400,2.82108023,2.26050813,23.55
1788862410,2.81567207,2.25687893,23.56
1788862420,2.8174747900000003,2.2577862300000002,23.57
1788862430,2.8120666300000003,2.25324973,23.56
1788862440,2.81567207,2.25687893,23.57
1788862450,2.8120666300000003,2.25415703,23.56
1788862460,2.8228829500000003,2.26141543,23.55
1788862470,2.82108023,2.26050813,23.57
1788862480,2.82108023,2.26050813,23.56
1788862490,2.82108023,2.26050813,23.57
1788862500,2.82108023,2.26050813,23.57
1788862510,2.82108023,2.26050813,23.56
1788862520,2.81927751,2.25960083,23.57
1788862530,2.82108023,2.26141543,23.57
1788862540,2.8282911100000003,2.26685923,23.6
1788862550,2.82648839,2.2650446300000002,23.56
1788862560,2.83009383,2.26685923,23.57
1788862570,2.83009383,2.26776653,23.57
1788862580,2.8282911100000003,2.26685923,23.55
1788862590,2.83009383,2.26867383,23.57
1788862600,2.83009383,2.26867383,23.56
1788862610,2.83189655,2.26867383,23.56
1788862620,2.83009383,2.26776653,23.55
1788862630,2.83009383,2.26685923,23.56
1788862640,2.82648839,2.2650446300000002,23.53
1788862650,2.82108023,2.26050813,23.56
1788862660,2.82108023,2.26141543,23.52
1788862670,2.82468567,2.26413733,23.55
1788862680,2.8228829500000003,2.26323003,23.55
1788862690,2.82468567,2.26413733,23.53
1788862700,2.82468567,2.26413733,23.55
1788862710,2.8228829500000003,2.26323003,23.56
1788862720,2.8228829500000003,2.26232273,23.55
1788862730,2.82468567,2.26413733,23.56
1788862740,2.82648839,2.2650446300000002,23.55
1788862750,2.83009383,2.26776653,23.5
1788862760,2.8282911100000003,2.26685923,23.53
1788862770,2.81927751,2.26050813,23.55
1788862780,2.81026391,2.25324973,23.5
1788862790,2.7958421500000004,2.2432694300000002,23.52
1788862800,2.80485575,2.24962053,23.53
1788862810,2.79403943,2.24145483,23.52
1788862820,2.8012503100000004,2.24689863,23.53
1788862830,2.79223671,2.24054753,23.52
1788862840,2.78863127,2.23782563,23.53
1788862850,2.78502583,2.23510373,23.52
1788862860,2.78682855,2.23510373,23.53
1788862870,2.78142039,2.23238183,23.53
1788862880,2.78863127,2.23691833,23.52
1788862890,2.79403943,2.24145483,23.52
1788862900,2.7904339900000004,2.23873293,23.53
1788862910,2.79403943,2.24145483,23.52
1788862920,2.79223671,2.24054753,23.5
1788862930,2.78682855,2.23510373,23.52
1788862940,2.7778149500000002,2.22875263,23.5
1788862950,2.76880135,2.22330883,23.55
1788862960,2.77420951,2.22693803,23.52
1788862970,2.77961767,2.23056723,23.5
1788862980,2.7669986300000002,2.22058693,23.55
1788862990,2.75978775,2.21605043,23.53
1788863000,2.75798503,2.21423583,23.53
1788863010,2.7561823100000002,2.21242123,23.52
1788863020,2.75798503,2.21423583,23.53
1788863030,2.76339319,2.21877233,23.5
1788863040,2.76339319,2.21786503,23.52
1788863050,2.76880135,2.22240153,23.55
1788863060,2.76339319,2.21877233,23.52
1788863070,2.75437959,2.21060663,23.5
1788863080,2.74176055,2.20334823,23.5
1788863090,2.7345496700000003,2.19699713,23.52
1788863100,2.73094423,2.19427523,23.53
1788863110,2.72733879,2.19155333,23.55
1788863120,2.73274695,2.19518253,23.52
1788863130,2.73274695,2.19518253,23.52
1788863140,2.71652247,2.18338763,23.49
1788863150,2.71471975,2.18248033,23.49
1788863160,2.7237333500000003,2.18883143,23.5
1788863170,2.7183251900000003,2.18429493,23.52
1788863180,2.71471975,2.18248033,23.5
1788863190,2.7129170300000003,2.18066573,23.49
1788863200,2.72012791,2.18520223,23.5
1788863210,2.7075088700000003,2.17612923,23.49
1788863220,2.70570615,2.17431463,23.52
1788863230,2.70931159,2.17794383,23.52
1788863240,2.7183251900000003,2.18338763,23.52
1788863250,2.70931159,2.17703653,23.52
1788863260,2.7021007100000003,2.17159273,23.5
1788863270,2.70390343,2.17340733,23.52
1788863280,2.70570615,2.17522193,23.5
1788863290,2.7237333500000003,2.18792413,23.5
1788863300,2.71471975,2.18157303,23.5
1788863310,2.72012791,2.18520223,23.52
1788863320,2.7291415100000003,2.19336793,23.52
1788863330,2.72733879,2.19155333,23.49
1788863340,2.73815511,2.19971903,23.49
1788863350,2.72733879,2.19064603,23.5
1788863360,2.70931159,2.17794383,23.49
1788863370,2.69849527,2.16887083,23.49
1788863380,2.6966925500000003,2.16796353,23.49
1788863390,2.69849527,2.16977813,23.48
1788863400,2.6966925500000003,2.16796353,23.46
1788863410,2.69488983,2.16614893,23.48
1788863420,2.69849527,2.16977813,23.49
1788863430,2.6912843900000003,2.16342703,23.46
1788863440,2.68948167,2.16161243,23.46
1788863450,2.6804680700000003,2.15526133,23.48
1788863460,2.6804680700000003,2.15616863,23.49
1788863470,2.67686263,2.15344673,23.46
1788863480,2.67325719,2.14981753,23.49
1788863490,2.66784903,2.14618833,23.48
1788863500,2.67145447,2.14891023,23.48
1788863510,2.6696517500000003,2.14709563,23.48
1788863520,2.6696517500000003,2.14800293,23.46
1788863530,2.67145447,2.14800293,23.49
1788863540,2.67145447,2.14891023,23.48
1788863550,2.66784903,2.14528103,23.43
1788863560,2.66244087,2.14165183,23.46
1788863570,2.66784903,2.14618833,23.46
1788863580,2.6696517500000003,2.14618833,23.46
1788863590,2.6750599100000003,2.14981753,23.48
1788863600,2.66784903,2.14528103,23.48
1788863610,2.66784903,2.14528103,23.46
1788863620,2.66604631,2.14346643,23.45
1788863630,2.6642435900000003,2.14255913,23.45
1788863640,2.66604631,2.14437373,23.46
1788863650,2.66784903,2.14618833,23.48
1788863660,2.66784903,2.14618833,23.46
1788863670,2.66604631,2.14437373,23.46
1788863680,2.66784903,2.14528103,23.46
1788863690,2.6696517500000003,2.14618833,23.46
1788863700,2.66784903,2.14437373,23.48
1788863710,2.66244087,2.14074453,23.48
1788863720,2.6588354300000003,2.13802263,23.48
1788863730,2.66784903,2.14528103,23.49
1788863740,2.6642435900000003,2.14165183,23.52
1788863750,2.66604631,2.14346643,23.49
1788863760,2.66604631,2.14255913,23.46
1788863770,2.66784903,2.14437373,23.49
1788863780,2.6588354300000003,2.13802263,23.48
1788863790,2.66063815,2.1389299299999998,23.46
1788863800,2.6642435900000003,2.14255913,23.48
1788863810,2.6642435900000003,2.14346643,23.48
1788863820,2.66784903,2.14437373,23.49
1788863830,2.66784903,2.14437373,23.48
1788863840,2.66784903,2.14346643,23.49
1788863850,2.6642435900000003,2.14255913,23.49
1788863860,2.66063815,2.13983723,23.49
1788863870,2.67145447,2.14800293,23.49
1788863880,2.66784903,2.14528103,23.5
1788863890,2.66784903,2.14528103,23.48
1788863900,2.66784903,2.14528103,23.49
1788863910,2.6696517500000003,2.14528103,23.48
1788863920,2.67866535,2.15253943,23.48
1788863930,2.68767895,2.15889053,23.48
1788863940,2.69308711,2.16342703,23.49
1788863950,2.69849527,2.16705623,23.5
1788863960,2.68407351,2.15616863,23.53
1788863970,2.68407351,2.15616863,23.48
1788863980,2.6750599100000003,2.14981753,23.5
1788863990,2.67866535,2.15253943,23.49
1788864000,2.67686263,2.15163213,23.52
1788864010,2.6750599100000003,2.14891023,23.52
1788864020,2.67686263,2.15163213,23.5
1788864030,2.6750599100000003,2.14981753,23.55
1788864040,2.68948167,2.15979783,23.53
1788864050,2.70029799,2.16796353,23.53
1788864060,2.69849527,2.16614893,23.53
1788864070,2.68948167,2.16070513,23.55
1788864080,2.6858762300000003,2.15798323,23.5
1788864090,2.6858762300000003,2.15707593,23.52
1788864100,2.6750599100000003,2.14981753,23.53
1788864110,2.6858762300000003,2.15798323,23.52
1788864120,2.6912843900000003,2.16161243,23.52
1788864130,2.70390343,2.16977813,23.53
1788864140,2.69849527,2.16705623,23.53
1788864150,2.7021007100000003,2.16977813,23.56
1788864160,2.70570615,2.17159273,23.55
1788864170,2.71471975,2.17975843,23.53
1788864180,2.73815511,2.19699713,23.55
1788864190,2.73274695,2.19246063,23.55
1788864200,2.7183251900000003,2.18157303,23.55
1788864210,2.7237333500000003,2.18520223,23.55
1788864220,2.7345496700000003,2.19427523,23.55
1788864230,2.74897143,2.20425553,23.52
1788864240,2.7453659900000003,2.20153363,23.55
1788864250,2.73635239,2.19518253,23.55
1788864260,2.73815511,2.19608983,23.55
1788864270,2.74356327,2.20062633,23.55
1788864280,2.74176055,2.19790443,23.55
1788864290,2.73815511,2.19608983,23.55
1788864300,2.7399578300000003,2.19699713,23.56
1788864310,2.7291415100000003,2.18973873,23.56
1788864320,2.73274695,2.19155333,23.56
1788864330,2.71652247,2.17975843,23.55
1788864340,2.72553607,2.18701683,23.53
1788864350,2.7291415100000003,2.18883143,23.56
1788864360,2.73274695,2.19064603,23.53
1788864370,2.73635239,2.19427523,23.55
1788864380,2.73094423,2.19064603,23.56
1788864390,2.7399578300000003,2.19699713,23.53
1788864400,2.74356327,2.20062633,23.55
1788864410,2.75257687,2.20607013,23.53
1788864420,2.7345496700000003,2.19246063,23.52
1788864430,2.73274695,2.19155333,23.5
1788864440,2.73094423,2.19064603,23.55
1788864450,2.7237333500000003,2.18429493,23.53
1788864460,2.72012791,2.18338763,23.5
1788864470,2.7291415100000003,2.18883143,23.53
1788864480,2.74897143,2.20334823,23.53
1788864490,2.75437959,2.20788473,23.53
1788864500,2.7615904700000002,2.21332853,23.52
1788864510,2.76880135,2.21877233,23.52
1788864520,2.7615904700000002,2.21332853,23.52
1788864530,2.7615904700000002,2.21423583,23.5
1788864540,2.73094423,2.19064603,23.5
1788864550,2.70570615,2.17250003,23.5
1788864560,2.6966925500000003,2.16524163,23.52
1788864570,2.68407351,2.15707593,23.53
1788864580,2.70029799,2.16977813,23.53
1788864590,2.69308711,2.16342703,23.5
1788864600,2.68767895,2.15979783,23.49
1788864610,2.68407351,2.15707593,23.53
1788864620,2.67145447,2.14709563,23.52
1788864630,2.6750599100000003,2.14981753,23.52
1788864640,2.6750599100000003,2.14981753,23.52
1788864650,2.6750599100000003,2.15072483,23.53
1788864660,2.67145447,2.14709563,23.55
1788864670,2.67866535,2.15344673,23.52
1788864680,2.67866535,2.15253943,23.53
1788864690,2.67145447,2.14800293,23.56
1788864700,2.67866535,2.15344673,23.53
1788864710,2.67686263,2.15072483,23.56
1788864720,2.67325719,2.14891023,23.55
1788864730,2.67325719,2.14891023,23.55
1788864740,2.67686263,2.15072483,23.55
1788864750,2.6750599100000003,2.15072483,23.56
1788864760,2.6696517500000003,2.14618833,23.56
1788864770,2.66604631,2.14346643,23.55
1788864780,2.65703271,2.13711533,23.55
1788864790,2.6588354300000003,2.13802263,23.56
1788864800,2.66244087,2.14165183,23.56
1788864810,2.66604631,2.14346643,23.56
1788864820,2.66784903,2.14528103,23.55
1788864830,2.66244087,2.14165183,23.57
1788864840,2.66063815,2.13983723,23.55
1788864850,2.65703271,2.13711533,23.56
1788864860,2.6534272700000003,2.13439343,23.59
1788864870,2.65522999,2.1362080299999997,23.55
1788864880,2.66244087,2.14074453,23.56
1788864890,2.6642435900000003,2.14255913,23.55
1788864900,2.66784903,2.14618833,23.53
1788864910,2.66784903,2.14528103,23.55
1788864920,2.6642435900000003,2.14255913,23.53
1788864930,2.6642435900000003,2.14346643,23.53
1788864940,2.67145447,2.14800293,23.55
1788864950,2.6804680700000003,2.15435403,23.55
1788864960,2.68407351,2.15798323,23.52
1788864970,2.68227079,2.15616863,23.53
1788864980,2.6858762300000003,2.15889053,23.53
1788864990,2.6858762300000003,2.15979783,23.5
1788865000,2.67866535,2.15344673,23.52
1788865010,2.6912843900000003,2.16342703,23.49
1788865020,2.71471975,2.18066573,23.48
1788865030,2.74356327,2.20334823,23.49
1788865040,2.75257687,2.20879203,23.49
1788865050,2.77060407,2.22240153,23.49
1788865060,2.76880135,2.22149423,23.49
1788865070,2.78682855,2.23328913,23.52
1788865080,2.80846119,2.24962053,23.49
1788865090,2.81567207,2.25506433,23.53
1788865100,2.82468567,2.26141543,23.49
1788865110,2.8282911100000003,2.26413733,23.52
1788865120,2.8282911100000003,2.26413733,23.5
1788865130,2.8282911100000003,2.26413733,23.55
1788865140,2.83009383,2.2650446300000002,23.53
1788865150,2.83009383,2.2650446300000002,23.52
1788865160,2.82108023,2.25869353,23.52
1788865170,2.8174747900000003,2.25506433,23.56
1788865180,2.8120666300000003,2.25234243,23.55
1788865190,2.80305303,2.24508403,23.56
1788865200,2.78863127,2.23510373,23.55
1788865210,2.78682855,2.23328913,23.59
1788865220,2.78682855,2.23147453,23.57
1788865230,2.7904339900000004,2.23510373,23.57
1788865240,2.7958421500000004,2.23873293,23.6
1788865250,2.77961767,2.22693803,23.59
1788865260,2.77601223,2.22330883,23.6
1788865270,2.7669986300000002,2.21695773,23.6
1788865280,2.7669986300000002,2.21786503,23.59
1788865290,2.75257687,2.20607013,23.62
1788865300,2.7237333500000003,2.18610953,23.64
1788865310,2.70390343,2.17159273,23.62
1788865320,2.69308711,2.16433433,23.62
1788865330,2.6858762300000003,2.15798323,23.63
1788865340,2.6912843900000003,2.16161243,23.6
1788865350,2.6912843900000003,2.16251973,23.59
1788865360,2.6966925500000003,2.16614893,23.59
1788865370,2.70029799,2.16887083,23.6
1788865380,2.7021007100000003,2.17068543,23.6
1788865390,2.7183251900000003,2.18248033,23.59
1788865400,2.7237333500000003,2.18701683,23.56
1788865410,2.7237333500000003,2.18610953,23.57
1788865420,2.7453659900000003,2.20334823,23.56
1788865430,2.74897143,2.20425553,23.55
1788865440,2.74176055,2.19881173,23.57
1788865450,2.7453659900000003,2.20153363,23.55
1788865460,2.73094423,2.19155333,23.59
1788865470,2.72553607,2.18701683,23.56
1788865480,2.7183251900000003,2.18248033,23.57
1788865490,2.7237333500000003,2.18610953,23.57
1788865500,2.72193063,2.18429493,23.59
1788865510,2.70931159,2.17522193,23.59
1788865520,2.70390343,2.17068543,23.59
1788865530,2.69488983,2.16524163,23.59
1788865540,2.68948167,2.16070513,23.62
1788865550,2.6858762300000003,2.15707593,23.6
1788865560,2.68227079,2.15435403,23.62
1788865570,2.67866535,2.15253943,23.63
1788865580,2.67866535,2.15253943,23.62
1788865590,2.67866535,2.15253943,23.66
1788865600,2.67145447,2.14709563,23.64
1788865610,2.67145447,2.14709563,23.64
1788865620,2.6696517500000003,2.14528103,23.66
1788865630,2.6804680700000003,2.15344673,23.64
1788865640,2.67686263,2.15072483,23.67
1788865650,2.6858762300000003,2.15707593,23.64
1788865660,2.6750599100000003,2.14981753,23.66
1788865670,2.66604631,2.14255913,23.66
1788865680,2.67145447,2.14709563,23.67
1788865690,2.67866535,2.15253943,23.66
1788865700,2.67325719,2.14800293,23.66
1788865710,2.66604631,2.14346643,23.66
1788865720,2.6696517500000003,2.14528103,23.66
1788865730,2.67866535,2.15253943,23.66
1788865740,2.68767895,2.15889053,23.63
1788865750,2.6966925500000003,2.16614893,23.69
1788865760,2.70390343,2.17250003,23.64
1788865770,2.70390343,2.17159273,23.67
1788865780,2.69849527,2.16796353,23.69
1788865790,2.7021007100000003,2.17068543,23.67
1788865800,2.70390343,2.17250003,23.67
1788865810,2.70931159,2.17522193,23.69
1788865820,2.71652247,2.18066573,23.67
1788865830,2.7075088700000003,2.17431463,23.69
1788865840,2.7075088700000003,2.17431463,23.67
1788865850,2.7183251900000003,2.18338763,23.67
1788865860,2.74897143,2.20516283,23.67
1788865870,2.74356327,2.20062633,23.69
1788865880,2.72733879,2.18883143,23.69
1788865890,2.71111431,2.17703653,23.7
1788865900,2.7021007100000003,2.16977813,23.7
1788865910,2.70390343,2.17068543,23.7
1788865920,2.71652247,2.18157303,23.7
1788865930,2.72012791,2.18338763,23.73
1788865940,2.72553607,2.18792413,23.7
1788865950,2.71652247,2.18157303,23.72
1788865960,2.7129170300000003,2.17885113,23.73
1788865970,2.71471975,2.17975843,23.73
1788865980,2.73094423,2.19155333,23.72
1788865990,2.73635239,2.19608983,23.7
1788866000,2.7453659900000003,2.20153363,23.72
1788866010,2.75978775,2.21242123,23.72
1788866020,2.75798503,2.21151393,23.72
1788866030,2.7561823100000002,2.21060663,23.7
1788866040,2.7453659900000003,2.20244093,23.73
1788866050,2.7399578300000003,2.19881173,23.72
1788866060,2.73635239,2.19518253,23.7
1788866070,2.74716871,2.20334823,23.7
1788866080,2.7904339900000004,2.2360110300000002,23.72
1788866090,2.7904339900000004,2.2360110300000002,23.7
1788866100,2.80485575,2.24599133,23.7
1788866110,2.81567207,2.25415703,23.72
1788866120,2.8174747900000003,2.25506433,23.72
1788866130,2.82648839,2.26141543,23.7
1788866140,2.83009383,2.2650446300000002,23.7
1788866150,2.8228829500000003,2.25869353,23.72
1788866160,2.79403943,2.23691833,23.7
1788866170,2.78142039,2.22784533,23.72
1788866180,2.7669986300000002,2.21786503,23.72
1788866190,2.8012503100000004,2.24145483,23.72
1788866200,2.80846119,2.24780593,23.7
1788866210,2.82468567,2.26050813,23.72
1788866220,2.8336992700000003,2.26685923,23.73
1788866230,2.83189655,2.26595193,23.73
1788866240,2.8282911100000003,2.26323003,23.73
1788866250,2.82468567,2.26050813,23.74
1788866260,2.83189655,2.26595193,23.72
1788866270,2.83189655,2.2650446300000002,23.72
1788866280,2.8228829500000003,2.25869353,23.73
1788866290,2.81567207,2.25234243,23.74
1788866300,2.80485575,2.24417673,23.73
1788866310,2.7904339900000004,2.23419643,23.76
1788866320,2.8066584700000003,2.24599133,23.74
1788866330,2.8174747900000003,2.25415703,23.76
1788866340,2.83009383,2.26323003,23.77
1788866350,2.8336992700000003,2.26595193,23.76
1788866360,2.83730471,2.26958113,23.77
1788866370,2.8391074300000003,2.27048843,23.76
1788866380,2.8391074300000003,2.26958113,23.8
1788866390,2.84091015,2.27139573,23.77
1788866400,2.8391074300000003,2.26958113,23.79
1788866410,2.84091015,2.27139573,23.77
1788866420,2.8391074300000003,2.26958113,23.77
1788866430,2.83730471,2.26867383,23.76
1788866440,2.8391074300000003,2.27139573,23.79
1788866450,2.84271287,2.2723030300000002,23.77
1788866460,2.8391074300000003,2.26958113,23.79
1788866470,2.83730471,2.26958113,23.77
1788866480,2.83730471,2.26867383,23.8
1788866490,2.84091015,2.27048843,23.79
1788866500,2.84091015,2.27048843,23.77
1788866510,2.84091015,2.27048843,23.79
1788866520,2.84091015,2.27139573,23.77
1788866530,2.84091015,2.27048843,23.79
1788866540,2.84091015,2.27048843,23.79
1788866550,2.83730471,2.26776653,23.77
1788866560,2.8391074300000003,2.26958113,23.77
1788866570,2.84091015,2.27139573,23.8
1788866580,2.84271287,2.2723030300000002,23.77
1788866590,2.84091015,2.27139573,23.79
1788866600,2.8391074300000003,2.26867383,23.8
1788866610,2.84091015,2.27048843,23.79
1788866620,2.83730471,2.26776653,23.79
1788866630,2.83730471,2.26776653,23.81
1788866640,2.83550199,2.26685923,23.8
1788866650,2.8391074300000003,2.26867383,23.79
1788866660,2.84091015,2.27048843,23.77
1788866670,2.84091015,2.27048843,23.79
1788866680,2.84091015,2.27139573,23.77
1788866690,2.8391074300000003,2.26958113,23.77
1788866700,2.84091015,2.27139573,23.77
1788866710,2.84091015,2.27048843,23.77
1788866720,2.84091015,2.27048843,23.77
1788866730,2.83550199,2.26595193,23.76
1788866740,2.8336992700000003,2.2650446300000002,23.8
1788866750,2.83550199,2.26685923,23.81
1788866760,2.83189655,2.26323003,23.83
1788866770,2.83009383,2.26141543,23.83
1788866780,2.8336992700000003,2.26413733,23.83
1788866790,2.83189655,2.26413733,23.81
1788866800,2.8282911100000003,2.25960083,23.84
1788866810,2.8066584700000003,2.24417673,23.84
1788866820,2.78682855,2.22965993,23.83
1788866830,2.75978775,2.20879203,23.86
1788866840,2.7561823100000002,2.20607013,23.84
1788866850,2.73094423,2.18883143,23.87
1788866860,2.75257687,2.20425553,23.86
1788866870,2.74176055,2.19518253,23.86
1788866880,2.7507741500000003,2.20244093,23.87
1788866890,2.76880135,2.21514313,23.87
1788866900,2.79223671,2.23328913,23.86
1788866910,2.7904339900000004,2.23147453,23.86
1788866920,2.78142039,2.22421613,23.87
1788866930,2.7453659900000003,2.19790443,23.88
1788866940,2.76880135,2.21514313,23.87
1788866950,2.7561823100000002,2.20607013,23.87
1788866960,2.77601223,2.22149423,23.88
1788866970,2.78142039,2.22603073,23.86
1788866980,2.7724067900000002,2.21967963,23.87
1788866990,2.76339319,2.21151393,23.86
1788867000,2.7507741500000003,2.20244093,23.86
1788867010,2.7399578300000003,2.19427523,23.84
1788867020,2.73815511,2.19336793,23.86
1788867030,2.72012791,2.18066573,23.86
1788867040,2.7237333500000003,2.18248033,23.86
1788867050,2.72733879,2.18429493,23.87
1788867060,2.72193063,2.18157303,23.88
1788867070,2.7129170300000003,2.17431463,23.9
1788867080,2.7129170300000003,2.17522193,23.86
1788867090,2.72193063,2.18157303,23.88
1788867100,2.7291415100000003,2.18701683,23.88
1788867110,2.74176055,2.19608983,23.87
1788867120,2.73094423,2.18792413,23.87
1788867130,2.73274695,2.18973873,23.84
1788867140,2.7345496700000003,2.19064603,23.86
1788867150,2.7021007100000003,2.16705623,23.84
1788867160,2.68227079,2.15253943,23.86
1788867170,2.68227079,2.15163213,23.84
1788867180,2.6804680700000003,2.15072483,23.86
1788867190,2.6804680700000003,2.15072483,23.84
1788867200,2.67325719,2.14528103,23.84
1788867210,2.6534272700000003,2.13076423,23.86
1788867220,2.6480191100000003,2.12804233,23.81
1788867230,2.65162455,2.12985693,23.84
1788867240,2.64982183,2.12804233,23.83
1788867250,2.63900551,2.12078393,23.84
1788867260,2.63359735,2.1171547299999998,23.86
1788867270,2.6372027900000004,2.11987663,23.87
1788867280,2.63540007,2.11806203,23.87
1788867290,2.6372027900000004,2.11987663,23.87
1788867300,2.6263864700000004,2.11171093,23.87
1788867310,2.62818919,2.11261823,23.86
1788867320,2.62818919,2.11261823,23.86
1788867330,2.6317946300000004,2.11624743,23.84
1788867340,2.63359735,2.1171547299999998,23.88
1788867350,2.63359735,2.1171547299999998,23.87
1788867360,2.6317946300000004,2.11624743,23.87
1788867370,2.63540007,2.11896933,23.88
1788867380,2.64621639,2.12713503,23.87
1788867390,2.66063815,2.13711533,23.87
1788867400,2.66784903,2.14255913,23.9
1788867410,2.66784903,2.14255913,23.88
1788867420,2.67145447,2.14528103,23.88
1788867430,2.6588354300000003,2.13530073,23.87
1788867440,2.65703271,2.13439343,23.92
1788867450,2.6426109500000003,2.12350583,23.9
1788867460,2.64080823,2.12259853,23.92
1788867470,2.64080823,2.1216912299999997,23.94
1788867480,2.63900551,2.11987663,23.9
1788867490,2.6372027900000004,2.11896933,23.93
1788867500,2.62818919,2.11261823,23.92
1788867510,2.62999191,2.11352553,23.92
1788867520,2.63359735,2.11624743,23.93
1788867530,2.6372027900000004,2.11896933,23.92
1788867540,2.63900551,2.12078393,23.92
1788867550,2.63540007,2.1171547299999998,23.93
1788867560,2.64441367,2.1244131299999998,23.94
1788867570,2.6534272700000003,2.1316715299999998,23.94
1788867580,2.6588354300000003,2.13530073,23.94
1788867590,2.6696517500000003,2.14255913,23.94
1788867600,2.67145447,2.14528103,23.97
1788867610,2.66244087,2.13711533,23.96
1788867620,2.6480191100000003,2.12713503,23.94
1788867630,2.64441367,2.1244131299999998,23.96
1788867640,2.66244087,2.13711533,23.94
1788867650,2.6696517500000003,2.14255913,23.94
1788867660,2.68227079,2.15253943,23.94
1788867670,2.68227079,2.15253943,23.94
1788867680,2.6750599100000003,2.14709563,23.96
1788867690,2.66784903,2.14074453,23.92
1788867700,2.65703271,2.13439343,23.93
1788867710,2.63359735,2.11624743,23.94
1788867720,2.62818919,2.11261823,23.94
1788867730,2.62818919,2.11261823,23.92
1788867740,2.62818919,2.11261823,23.93
1788867750,2.62458375,2.1098963299999998,23.92
1788867760,2.63359735,2.11624743,23.93
1788867770,2.64441367,2.12350583,23.92
1788867780,2.65162455,2.12985693,23.92
1788867790,2.65703271,2.13257883,23.92
1788867800,2.66604631,2.13983723,23.9
1788867810,2.6912843900000003,2.15798323,23.93
1788867820,2.69488983,2.16161243,23.93
1788867830,2.69488983,2.16070513,23.94
1788867840,2.70390343,2.16705623,23.92
1788867850,2.71471975,2.17522193,23.94
1788867860,2.7183251900000003,2.17885113,23.92
1788867870,2.71111431,2.17340733,23.92
1788867880,2.7021007100000003,2.16705623,23.9
1788867890,2.6912843900000003,2.15889053,23.93
1788867900,2.6804680700000003,2.15072483,23.92
1788867910,2.6912843900000003,2.15798323,23.92
1788867920,2.70931159,2.17250003,23.9
1788867930,2.71652247,2.17703653,23.93
1788867940,2.72553607,2.18429493,23.92
1788867950,2.74176055,2.19608983,23.9
1788867960,2.72553607,2.18429493,23.92
1788867970,2.70570615,2.16887083,23.92
1788867980,2.69849527,2.16342703,23.92
1788867990,2.7129170300000003,2.17522193,23.93
1788868000,2.71652247,2.17794383,23.94
1788868010,2.72733879,2.18520223,23.94
1788868020,2.7237333500000003,2.18248033,23.92
1788868030,2.72553607,2.18338763,23.94
1788868040,2.71471975,2.17703653,23.92
1788868050,2.72193063,2.18157303,23.9
1788868060,2.70570615,2.16977813,23.94
1788868070,2.7129170300000003,2.17431463,23.93
1788868080,2.72733879,2.18520223,23.92
1788868090,2.72553607,2.18338763,23.92
1788868100,2.72733879,2.18429493,23.9
1788868110,2.7399578300000003,2.19518253,23.9
1788868120,2.8012503100000004,2.23964023,23.92
1788868130,2.80846119,2.24599133,23.92
1788868140,2.8174747900000003,2.25143513,23.92
1788868150,2.79764487,2.23691833,23.93
1788868160,2.8120666300000003,2.24780593,23.94
1788868170,2.8174747900000003,2.25234243,23.93
1788868180,2.83189655,2.26232273,23.94
1788868190,2.83730471,2.26595193,23.93
1788868200,2.83550199,2.2650446300000002,23.97
1788868210,2.83730471,2.26595193,23.96
1788868220,2.8391074300000003,2.26685923,23.94
1788868230,2.8391074300000003,2.26776653,23.97
1788868240,2.8336992700000003,2.26323003,23.96
1788868250,2.8336992700000003,2.26323003,23.93
1788868260,2.83189655,2.26141543,23.96
1788868270,2.8336992700000003,2.26413733,23.97
1788868280,2.8336992700000003,2.26323003,23.96
1788868290,2.83550199,2.26413733,23.96
1788868300,2.83009383,2.26050813,23.97
1788868310,2.83009383,2.26141543,23.97
1788868320,2.82648839,2.2577862300000002,23.99
1788868330,2.8174747900000003,2.25143513,23.96
1788868340,2.8282911100000003,2.25960083,24.0
1788868350,2.8336992700000003,2.26323003,24.01
1788868360,2.83189655,2.26141543,23.99
1788868370,2.8336992700000003,2.26413733,23.99
1788868380,2.8336992700000003,2.26232273,23.99
1788868390,2.83550199,2.26413733,23.97
1788868400,2.83550199,2.26413733,23.97
1788868410,2.8391074300000003,2.26685923,24.0
1788868420,2.83730471,2.2650446300000002,23.99
1788868430,2.83550199,2.26413733,24.0
1788868440,2.83550199,2.26413733,23.99
1788868450,2.82108023,2.25415703,23.99
1788868460,2.82468567,2.25597163,23.97
1788868470,2.8228829500000003,2.25415703,24.0
1788868480,2.81567207,2.24871323,23.99
1788868490,2.8228829500000003,2.25415703,24.0
1788868500,2.8228829500000003,2.25415703,24.01
1788868510,2.81026391,2.24599133,24.0
1788868520,2.79764487,2.2360110300000002,23.97
1788868530,2.7958421500000004,2.23510373,23.97
1788868540,2.79944759,2.23782563,23.97
1788868550,2.8120666300000003,2.24599133,23.97
1788868560,2.82108023,2.25324973,23.96
1788868570,2.8228829500000003,2.25415703,23.94
1788868580,2.82108023,2.25324973,23.99
1788868590,2.81386935,2.24780593,23.97
1788868600,2.80485575,2.24054753,23.97
1788868610,2.7832231100000002,2.22603073,23.97
1788868620,2.78142039,2.22330883,23.97
1788868630,2.7778149500000002,2.22058693,23.96
1788868640,2.7778149500000002,2.22058693,23.97
1788868650,2.7958421500000004,2.23419643,23.97
1788868660,2.79944759,2.23782563,23.97
1788868670,2.8120666300000003,2.24780593,24.0
1788868680,2.81567207,2.24871323,23.97
1788868690,2.7958421500000004,2.23419643,23.97
1788868700,2.79944759,2.2360110300000002,23.97
1788868710,2.8174747900000003,2.24962053,23.97
1788868720,2.81386935,2.24780593,23.99
1788868730,2.79944759,2.23510373,23.97
1788868740,2.7832231100000002,2.22330883,23.99
1788868750,2.7832231100000002,2.22330883,23.96
1788868760,2.76880135,2.21423583,23.99
1788868770,2.7669986300000002,2.21151393,23.94
1788868780,2.76339319,2.20879203,23.94
1788868790,2.7669986300000002,2.21151393,23.97
1788868800,2.75257687,2.20153363,23.97
1788868810,2.76339319,2.20969933,23.97
1788868820,2.77961767,2.22149423,23.97
1788868830,2.77420951,2.21786503,24.0
1788868840,2.77420951,2.21786503,23.99
1788868850,2.7958421500000004,2.23238183,24.01
1788868860,2.8012503100000004,2.23782563,24.0
1788868870,2.81026391,2.2432694300000002,24.03
1788868880,2.8012503100000004,2.23782563,24.03
1788868890,2.79944759,2.2360110300000002,24.0
1788868900,2.7832231100000002,2.22330883,24.0
1788868910,2.7904339900000004,2.22784533,23.99
1788868920,2.8120666300000003,2.24508403,23.99
1788868930,2.82648839,2.25506433,23.99
1788868940,2.83189655,2.25869353,24.01
1788868950,2.83550199,2.26141543,24.0
1788868960,2.8336992700000003,2.25960083,24.01
1788868970,2.83009383,2.2577862300000002,24.01
1788868980,2.82648839,2.25415703,24.0
1788868990,2.83009383,2.25687893,24.04
1788869000,2.82648839,2.25415703,24.0
1788869010,2.83550199,2.26050813,24.0
1788869020,2.8336992700000003,2.25960083,24.01
1788869030,2.8336992700000003,2.25869353,24.01
1788869040,2.83730471,2.26232273,24.01
1788869050,2.83550199,2.26050813,24.04
1788869060,2.83550199,2.26141543,24.06
1788869070,2.83550199,2.26141543,24.03
1788869080,2.8336992700000003,2.25960083,24.03
1788869090,2.83009383,2.25687893,24.03
1788869100,2.8282911100000003,2.25597163,24.06
1788869110,2.83009383,2.2577862300000002,24.06
1788869120,2.83189655,2.25869353,24.04
1788869130,2.83550199,2.26141543,24.04
1788869140,2.83009383,2.2577862300000002,24.04
1788869150,2.82108023,2.25143513,24.04
1788869160,2.81927751,2.24962053,24.06
1788869170,2.81386935,2.24417673,24.04
1788869180,2.81567207,2.24599133,24.03
1788869190,2.8174747900000003,2.24780593,24.03
1788869200,2.8120666300000003,2.24417673,24.04
1788869210,2.81026391,2.24236213,24.01
1788869220,2.81386935,2.24417673,24.03
1788869230,2.82108023,2.2505278300000002,24.0
1788869240,2.8282911100000003,2.25597163,24.0
1788869250,2.83189655,2.25869353,24.0
1788869260,2.8336992700000003,2.25869353,24.0
1788869270,2.8282911100000003,2.25597163,24.0
1788869280,2.81927751,2.24962053,24.0
1788869290,2.81026391,2.2432694300000002,24.0
1788869300,2.78863127,2.22693803,24.0
1788869310,2.79223671,2.22965993,24.0
1788869320,2.8012503100000004,2.2360110300000002,24.0
1788869330,2.79403943,2.23056723,24.0
1788869340,2.7904339900000004,2.22875263,23.99
1788869350,2.78682855,2.22603073,23.99
1788869360,2.7832231100000002,2.22330883,23.97
1788869370,2.79944759,2.23510373,23.97
1788869380,2.81386935,2.24599133,23.99
1788869390,2.81026391,2.2432694300000002,23.99
1788869400,2.81567207,2.24599133,23.96
1788869410,2.81386935,2.24599133,23.96
1788869420,2.81386935,2.24599133,23.99
1788869430,2.81026391,2.24236213,23.99
1788869440,2.8012503100000004,2.2360110300000002,23.97
1788869450,2.79944759,2.23510373,23.97
1788869460,2.79403943,2.23147453,23.94
1788869470,2.78863127,2.22693803,23.96
1788869480,2.7904339900000004,2.22875263,23.96
1788869490,2.7615904700000002,2.20788473,23.97
1788869500,2.75798503,2.20516283,23.97
1788869510,2.75978775,2.20607013,23.96
1788869520,2.75978775,2.20697743,24.0
1788869530,2.76880135,2.21332853,24.01
1788869540,2.7724067900000002,2.21514313,23.97
1788869550,2.77420951,2.21695773,23.99
1788869560,2.76880135,2.21332853,24.0
1788869570,2.77601223,2.21877233,24.01
1788869580,2.7561823100000002,2.20334823,23.99
1788869590,2.7399578300000003,2.19155333,23.97
1788869600,2.73274695,2.18610953,24.0
1788869610,2.6966925500000003,2.16070513,23.99
1788869620,2.69849527,2.16161243,23.99
1788869630,2.71471975,2.17431463,23.97
1788869640,2.7237333500000003,2.18066573,23.94
1788869650,2.7237333500000003,2.18066573,23.93
1788869660,2.71652247,2.17431463,24.0
1788869670,2.72733879,2.18248033,23.99
1788869680,2.70570615,2.16705623,23.99
1788869690,2.6858762300000003,2.15163213,24.0
1788869700,2.66784903,2.1389299299999998,23.97
1788869710,2.66604631,2.13802263,24.01
1788869720,2.67145447,2.14165183,24.0
1788869730,2.66063815,2.13439343,23.97
1788869740,2.63359735,2.11352553,23.99
1788869750,2.6029511100000002,2.09175033,23.99
1788869760,2.59393751,2.08449193,23.99
1788869770,2.58852935,2.07995543,23.97
1788869780,2.58492391,2.0781408299999997,24.0
1788869790,2.61737287,2.10173063,24.0
1788869800,2.6372027900000004,2.11624743,24.01
1788869810,2.62278103,2.10626713,24.03
1788869820,2.5975429500000002,2.08630653,23.99
1788869830,2.59033207,2.0808627299999998,24.03
1788869840,2.59393751,2.08449193,24.04
1788869850,2.61016199,2.09628683,24.04
1788869860,2.6263864700000004,2.10808173,24.03
1788869870,2.6137674300000002,2.09900873,24.03
1788869880,2.59934567,2.08902843,24.04
1788869890,2.58492391,2.0781408299999997,24.06
1788869900,2.5813184700000003,2.07541893,24.06
1788869910,2.58492391,2.07723353,24.01
1788869920,2.57771303,2.07178973,24.03
1788869930,2.5759103100000003,2.0708824299999997,24.04
1788869940,2.57410759,2.06906783,24.03
1788869950,2.57771303,2.07178973,24.04
1788869960,2.58492391,2.07723353,24.04
1788869970,2.5867266300000002,2.0781408299999997,24.04
1788869980,2.5867266300000002,2.07904813,24.06
1788869990,2.58852935,2.07995543,24.06
1788870000,2.5921347900000002,2.08267733,24.08
1788870010,2.59033207,2.0808627299999998,24.07
1788870020,2.59393751,2.08449193,24.08
1788870030,2.61196471,2.09810143,24.06
1788870040,2.63359735,2.1144328299999997,24.07
1788870050,2.64080823,2.11987663,24.07
1788870060,2.6534272700000003,2.12804233,24.06
1788870070,2.65522999,2.12985693,24.08
1788870080,2.67145447,2.14074453,24.07
1788870090,2.67325719,2.14437373,24.06
1788870100,2.67866535,2.14618833,24.07
1788870110,2.64982183,2.12532043,24.07
1788870120,2.63359735,2.11352553,24.07
1788870130,2.62999191,2.11080363,24.07
1788870140,2.62097831,2.10354523,24.07
1788870150,2.6137674300000002,2.09900873,24.04
1788870160,2.6137674300000002,2.09810143,24.07
1788870170,2.61557015,2.0999160299999997,24.07
1788870180,2.63359735,2.11352553,24.06
1788870190,2.64080823,2.11896933,24.07
1788870200,2.64621639,2.12259853,24.06
1788870210,2.64441367,2.1216912299999997,24.06
1788870220,2.64982183,2.12532043,24.08
1788870230,2.67686263,2.14528103,24.04
1788870240,2.69308711,2.15798323,24.03
1788870250,2.6912843900000003,2.15707593,24.04
1788870260,2.6696517500000003,2.13983723,24.04
1788870270,2.64080823,2.11896933,24.06
1788870280,2.62818919,2.10898903,24.08
1788870290,2.63359735,2.11352553,24.07
1788870300,2.64441367,2.1216912299999997,24.06
1788870310,2.64621639,2.1216912299999997,24.06
1788870320,2.6480191100000003,2.12350583,24.06
1788870330,2.64441367,2.1216912299999997,24.08
1788870340,2.64080823,2.11806203,24.03
1788870350,2.65162455,2.12622773,24.06
1788870360,2.6642435900000003,2.13711533,24.06
1788870370,2.66784903,2.1389299299999998,24.07
1788870380,2.67866535,2.14618833,24.03
1788870390,2.70570615,2.16705623,24.01
1788870400,2.71652247,2.17522193,24.03
1788870410,2.72733879,2.18338763,24.03
1788870420,2.72553607,2.18157303,24.03
1788870430,2.73815511,2.18973873,24.03
1788870440,2.78863127,2.22784533,24.03
1788870450,2.7724067900000002,2.21514313,24.04
1788870460,2.74897143,2.19790443,24.04
1788870470,2.7183251900000003,2.17522193,24.01
1788870480,2.67325719,2.14346643,24.01
1788870490,2.64621639,2.1216912299999997,24.03
1788870500,2.6480191100000003,2.12350583,24.04
1788870510,2.6426109500000003,2.12078393,24.03
1788870520,2.62999191,2.1098963299999998,24.01
1788870530,2.62999191,2.11080363,24.06
1788870540,2.61557015,2.0999160299999997,24.07
1788870550,2.60655655,2.09356493,24.04
1788870560,2.6029511100000002,2.08993573,24.03
1788870570,2.6029511100000002,2.09084303,24.04
1788870580,2.60475383,2.09084303,24.04
1788870590,2.60655655,2.09356493,24.06
1788870600,2.61016199,2.09628683,24.08
1788870610,2.6137674300000002,2.09810143,24.06
1788870620,2.61196471,2.09719413,24.06
1788870630,2.60655655,2.0926576299999997,24.06
1788870640,2.60655655,2.0926576299999997,24.08
1788870650,2.60114839,2.08902843,24.07
