1789387280,3.96220199,3.55928366,24.57,1023.233
1789387290,3.97482103,3.5704136600000003,24.57,1023.23
1789387300,3.96761015,3.5648486600000004,24.55,1023.231
1789387310,3.9712155900000004,3.5670746600000003,24.54,1023.221
1789387320,3.96761015,3.5648486600000004,24.54,1023.21
1789387330,3.97482103,3.5704136600000003,24.54,1023.205
1789387340,3.9856373499999997,3.5815436600000004,24.53,1023.211
1789387350,4.00005911,3.59378666,24.51,1023.217
1789387360,4.01808631,3.6104816600000005,24.5,1023.241
1789387370,3.99465095,3.41570666,24.53,1023.216
1789387380,3.98383463,3.4034636600000003,24.5,1023.219
1789387390,3.9820319100000003,3.4034636600000003,24.5,1023.217
1789387400,3.9856373499999997,3.40568966,24.5,1023.22
1789387410,3.97301831,3.3967856600000004,24.5,1023.226
1789387420,3.96941287,3.3934466600000004,24.51,1023.215
1789387430,3.9603992700000004,3.3823166600000003,24.51,1023.219
1789387440,3.9658074300000004,3.3889946600000003,24.51,1023.213
1789387450,3.96941287,3.5670746600000003,24.51,1023.211
1789387460,3.96941287,3.5670746600000003,24.5,1023.203
1789387470,3.96941287,3.5670746600000003,24.53,1023.213
1789387480,3.9712155900000004,3.56930066,24.51,1023.207
1789387490,3.96761015,3.56596166,24.54,1023.202
1789387500,3.9658074300000004,3.5648486600000004,24.54,1023.209
1789387510,3.9603992700000004,3.5581706600000005,24.53,1023.204
1789387520,3.9658074300000004,3.5637356600000003,24.53,1023.204
1789387530,3.97301831,3.5715266600000004,24.53,1023.237
1789387540,3.96941287,3.5670746600000003,24.53,1023.205
1789387550,3.95859655,3.5581706600000005,24.5,1023.207
1789387560,3.95318839,3.5514926600000005,24.5,1023.212
1789387570,3.95318839,3.55260566,24.48,1023.205
1789387580,3.9495829500000004,3.5492666600000002,24.48,1023.201
1789387590,3.94597751,3.5470406600000004,24.53,1023.203
1789387600,3.95138567,3.5503796600000004,24.51,1023.21
1789387610,3.9549911100000004,3.5537186600000004,24.51,1023.202
1789387620,3.96400471,3.5615096600000005,24.51,1023.228
1789387630,3.97301831,3.56930066,24.5,1023.198
1789387640,3.96941287,3.56596166,24.51,1023.193
1789387650,3.96761015,3.5637356600000003,24.48,1023.193
1789387660,3.95138567,3.5503796600000004,24.51,1023.192
1789387670,3.92975303,3.53145866,24.5,1023.19
1789387680,3.91893671,3.5225546600000004,24.51,1023.198
1789387690,3.9207394300000002,3.5236676600000005,24.51,1023.208
1789387700,3.91893671,3.5236676600000005,24.51,1023.215
1789387710,3.91893671,3.5225546600000004,24.54,1023.215
1789387720,3.91893671,3.5236676600000005,24.53,1023.26
1789387730,3.9171339900000004,3.5214416600000003,24.53,1023.227
1789387740,3.9117258300000004,3.51698966,24.54,1023.21
1789387750,3.91352855,3.5181026600000003,24.54,1023.212
1789387760,3.91893671,3.5225546600000004,24.57,1023.261
1789387770,3.91893671,3.5225546600000004,24.57,1023.211
1789387780,3.91893671,3.5236676600000005,24.55,1023.209
1789387790,3.92975303,3.53145866,24.55,1023.207
1789387800,3.93516119,3.5359106600000003,24.57,1023.209
1789387810,3.9225421500000004,3.5247806600000002,24.57,1023.211
1789387820,3.92434487,3.5270066600000005,24.54,1023.217
1789387830,3.9261475900000002,3.5292326600000004,24.54,1023.258
1789387840,3.91893671,3.5214416600000003,24.54,1023.218
1789387850,3.9099231100000003,3.51365066,24.55,1023.224
1789387860,3.90812039,3.5125376600000005,24.54,1023.227
1789387870,3.9099231100000003,3.5147636600000003,24.55,1023.221
1789387880,3.9099231100000003,3.5147636600000003,24.57,1023.224
1789387890,3.91893671,3.5225546600000004,24.57,1023.225
1789387900,3.9225421500000004,3.5258936600000004,24.57,1023.23
1789387910,3.9117258300000004,3.51698966,24.57,1023.241
1789387920,3.90271223,3.5091986600000005,24.57,1023.242
1789387930,3.8991067900000003,3.5058596600000005,24.58,1023.236
1789387940,3.90090951,3.5058596600000005,24.58,1023.241
1789387950,3.8991067900000003,3.5047466600000003,24.58,1023.241
1789387960,3.90271223,3.5080856600000003,24.57,1023.235
1789387970,3.8991067900000003,3.5047466600000003,24.58,1023.238
1789387980,3.8936986300000003,3.5014076600000004,24.55,1023.237
1789387990,3.89189591,3.4991816600000005,24.58,1023.235
1789388000,3.89189591,3.4991816600000005,24.58,1023.272
1789388010,3.8936986300000003,3.5014076600000004,24.59,1023.238
1789388020,3.89550135,3.50363366,24.58,1023.235
1789388030,3.89550135,3.5025206600000005,24.59,1023.239
1789388040,3.89550135,3.5014076600000004,24.58,1023.241
1789388050,3.8936986300000003,3.5002946600000002,24.61,1023.231
1789388060,3.89189591,3.4991816600000005,24.61,1023.236
1789388070,3.89009319,3.4980686600000004,24.64,1023.233
1789388080,3.89189591,3.5002946600000002,24.61,1023.225
1789388090,3.8936986300000003,3.5002946600000002,24.61,1023.226
1789388100,3.8991067900000003,3.50697266,24.62,1023.231
1789388110,3.90090951,3.50697266,24.64,1023.229
1789388120,3.9045149500000003,3.51031166,24.64,1023.222
1789388130,3.90271223,3.5091986600000005,24.64,1023.225
1789388140,3.90090951,3.50697266,24.61,1023.215
1789388150,3.90271223,3.5091986600000005,24.61,1023.211
1789388160,3.90090951,3.5080856600000003,24.62,1023.235
1789388170,3.9099231100000003,3.5158766600000004,24.61,1023.209
1789388180,3.9171339900000004,3.5214416600000003,24.62,1023.207
1789388190,3.9171339900000004,3.5214416600000003,24.62,1023.203
1789388200,3.9153312700000003,3.5203286600000006,24.61,1023.204
1789388210,3.9153312700000003,3.5203286600000006,24.61,1023.23
1789388220,3.91893671,3.5236676600000005,24.59,1023.197
1789388230,3.9099231100000003,3.5147636600000003,24.58,1023.194
1789388240,3.90812039,3.51365066,24.58,1023.199
1789388250,3.90812039,3.5125376600000005,24.59,1023.195
1789388260,3.9099231100000003,3.5147636600000003,24.57,1023.185
1789388270,3.9153312700000003,3.5203286600000006,24.57,1023.189
1789388280,3.92975303,3.5336846600000005,24.57,1023.19
1789388290,3.92975303,3.5325716600000003,24.55,1023.187
1789388300,3.9225421500000004,3.5270066600000005,24.57,1023.174
1789388310,3.9279503100000004,3.53145866,24.54,1023.18
1789388320,3.9207394300000002,3.5247806600000002,24.54,1023.181
1789388330,3.9171339900000004,3.5225546600000004,24.53,1023.184
1789388340,3.91893671,3.5225546600000004,24.54,1023.182
1789388350,3.91352855,3.5192156600000004,24.53,1023.177
1789388360,3.9117258300000004,3.51698966,24.55,1023.179
1789388370,3.9117258300000004,3.51698966,24.55,1023.18
1789388380,3.91352855,3.5181026600000003,24.51,1023.188
1789388390,3.91352855,3.5181026600000003,24.54,1023.179
1789388400,3.90631767,3.5114246600000003,24.55,1023.176
1789388410,3.9045149500000003,3.51031166,24.57,1023.173
1789388420,3.9045149500000003,3.5091986600000005,24.57,1023.179
1789388430,3.90090951,3.50697266,24.55,1023.188
1789388440,3.89189591,3.4991816600000005,24.58,1023.182
1789388450,3.89009319,3.4980686600000004,24.57,1023.189
1789388460,3.89009319,3.4969556600000002,24.58,1023.189
1789388470,3.89009319,3.4969556600000002,24.58,1023.189
1789388480,3.8882904700000003,3.4958426600000005,24.58,1023.19
1789388490,3.88648775,3.4936166600000003,24.58,1023.185
1789388500,3.8828823100000003,3.4913906600000004,24.58,1023.183
1789388510,3.88468503,3.49250366,24.59,1023.175
1789388520,3.89009319,3.4969556600000002,24.58,1023.174
1789388530,3.88468503,3.4913906600000004,24.61,1023.168
1789388540,3.88107959,3.48916466,24.62,1023.162
1789388550,3.8882904700000003,3.4947296600000004,24.59,1023.161
1789388560,3.88648775,3.4936166600000003,24.62,1023.161
1789388570,3.8828823100000003,3.4902776600000003,24.62,1023.156
1789388580,3.88468503,3.4913906600000004,24.62,1023.154
1789388590,3.88107959,3.4880516600000004,24.62,1023.151
1789388600,3.87927687,3.4869386600000003,24.62,1023.157
1789388610,3.87927687,3.4869386600000003,24.61,1023.158
1789388620,3.87567143,3.4847126600000005,24.61,1023.158
1789388630,3.8774741500000003,3.4847126600000005,24.62,1023.159
1789388640,3.8828823100000003,3.48916466,24.64,1023.158
1789388650,3.88648775,3.4936166600000003,24.64,1023.153
1789388660,3.89009319,3.4958426600000005,24.64,1023.149
1789388670,3.88648775,3.49250366,24.64,1023.147
1789388680,3.8882904700000003,3.4947296600000004,24.65,1023.157
1789388690,3.89189591,3.4902776600000003,24.64,1023.156
1789388700,3.8991067900000003,3.5047466600000003,24.66,1023.165
1789388710,3.89009319,3.4969556600000002,24.66,1023.165
1789388720,3.89189591,3.4980686600000004,24.66,1023.165
1789388730,3.88107959,3.4880516600000004,24.65,1023.166
1789388740,3.87567143,3.2910506600000002,24.65,1023.162
1789388750,3.8720659900000003,3.47914766,24.66,1023.156
1789388760,3.87026327,3.47914766,24.64,1023.154
1789388770,3.87386871,3.4813736600000005,24.66,1023.151
1789388780,3.8720659900000003,3.4813736600000005,24.66,1023.148
1789388790,3.8720659900000003,3.4813736600000005,24.66,1023.148
1789388800,3.87567143,3.4847126600000005,24.66,1023.134
1789388810,3.8720659900000003,3.4813736600000005,24.66,1023.169
1789388820,3.8720659900000003,3.4802606600000003,24.64,1023.14
1789388830,3.8720659900000003,3.4802606600000003,24.66,1023.15
1789388840,3.87026327,3.4780346600000005,24.66,1023.154
1789388850,3.8720659900000003,3.4813736600000005,24.66,1023.175
1789388860,3.88107959,3.4346276600000003,24.65,1023.153
1789388870,3.8666578300000003,3.3344576600000004,24.66,1023.15
1789388880,3.86846055,3.4780346600000005,24.65,1023.148
1789388890,3.86846055,3.4769216600000004,24.66,1023.145
1789388900,3.8666578300000003,3.47580866,24.66,1023.137
1789388910,3.86846055,3.4780346600000005,24.68,1023.14
1789388920,3.86846055,3.4769216600000004,24.65,1023.146
1789388930,3.86846055,3.4769216600000004,24.66,1023.145
1789388940,3.86846055,3.4780346600000005,24.66,1023.142
1789388950,3.8720659900000003,3.4802606600000003,24.66,1023.138
1789388960,3.87026327,3.47914766,24.66,1023.134
1789388970,3.86846055,3.4780346600000005,24.66,1023.133
1789388980,3.87026327,3.47914766,24.65,1023.121
1789388990,3.8720659900000003,3.4802606600000003,24.64,1023.118
1789389000,3.86485511,3.4746956600000005,24.64,1023.116
1789389010,3.86485511,3.4735826600000004,24.61,1023.112
1789389020,3.86485511,3.1029536600000003,24.61,1023.116
1789389030,3.88468503,3.4913906600000004,24.62,1023.115
1789389040,3.87927687,3.4869386600000003,24.64,1023.117
1789389050,3.87026327,3.47914766,24.62,1023.113
1789389060,3.86305239,3.4724696600000002,24.65,1023.113
1789389070,3.85764423,3.4680176600000006,24.64,1023.114
1789389080,3.85403879,3.46467866,24.65,1023.111
1789389090,3.8612496700000003,3.4691306600000003,24.66,1023.111
1789389100,3.86305239,3.4724696600000002,24.68,1023.104
1789389110,3.8666578300000003,3.47580866,24.66,1023.099
1789389120,3.85764423,3.4669046600000004,24.66,1023.107
1789389130,3.85764423,3.4669046600000004,24.69,1023.105
1789389140,3.85764423,3.4669046600000004,24.68,1023.11
1789389150,3.85764423,3.4669046600000004,24.68,1023.128
1789389160,3.85944695,3.4691306600000003,24.68,1023.139
1789389170,3.86305239,3.4724696600000002,24.66,1023.15
1789389180,3.8612496700000003,3.4702436600000004,24.68,1023.134
1789389190,3.85764423,3.4669046600000004,24.64,1023.129
1789389200,3.85764423,3.4669046600000004,24.65,1023.125
1789389210,3.8558415100000003,3.46467866,24.65,1023.125
1789389220,3.8504333500000003,3.4591136600000003,24.68,1023.121
1789389230,3.85764423,3.4657916600000003,24.68,1023.116
1789389240,3.8558415100000003,3.46467866,24.68,1023.106
1789389250,3.86305239,3.4713566600000005,24.66,1023.1
1789389260,3.87386871,3.4813736600000005,24.66,1023.101
1789389270,3.88468503,3.4902776600000003,24.66,1023.096
1789389280,3.90631767,3.3400226600000003,24.69,1023.092
1789389290,3.9045149500000003,3.49250366,24.68,1023.093
1789389300,3.8774741500000003,3.3789776600000003,24.69,1023.095
1789389310,3.88107959,3.48582566,24.66,1023.096
1789389320,3.87927687,3.4847126600000005,24.68,1023.096
1789389330,3.86305239,3.4702436600000004,24.68,1023.097
1789389340,3.85944695,3.4669046600000004,24.68,1023.105
1789389350,3.8558415100000003,3.4657916600000003,24.66,1023.104
1789389360,3.85403879,3.4635656600000004,24.68,1023.097
1789389370,3.86846055,3.4769216600000004,24.66,1023.1
1789389380,3.85944695,3.4680176600000006,24.64,1023.092
1789389390,3.84863063,3.4591136600000003,24.65,1023.097
1789389400,3.85223607,3.4624526600000003,24.65,1023.1
1789389410,3.85223607,3.4624526600000003,24.66,1023.101
1789389420,3.8612496700000003,3.4702436600000004,24.62,1023.101
1789389430,3.87567143,3.48248666,24.66,1023.104
1789389440,3.87026327,3.4769216600000004,24.64,1023.123
1789389450,3.8666578300000003,3.4746956600000005,24.64,1023.125
1789389460,3.8774741500000003,3.4835996600000003,24.64,1023.12
1789389470,3.88648775,3.4913906600000004,24.65,1023.114
1789389480,3.8828823100000003,3.4880516600000004,24.66,1023.116
1789389490,3.8828823100000003,3.4880516600000004,24.64,1023.116
1789389500,3.89550135,3.5002946600000002,24.62,1023.106
1789389510,3.89550135,3.5002946600000002,24.62,1023.104
1789389520,3.90090951,3.5047466600000003,24.64,1023.092
1789389530,3.9045149500000003,3.5080856600000003,24.62,1023.094
1789389540,3.92434487,3.5247806600000002,24.62,1023.09
1789389550,3.9225421500000004,3.2676776600000004,24.61,1023.088
1789389560,3.9117258300000004,3.4223846600000005,24.59,1023.083
1789389570,3.91893671,3.5203286600000006,24.61,1023.073
1789389580,3.9225421500000004,3.5236676600000005,24.59,1023.101
1789389590,3.92434487,3.5247806600000002,24.61,1023.074
1789389600,3.8991067900000003,3.5025206600000005,24.61,1023.07
1789389610,3.8882904700000003,3.3667346600000005,24.59,1023.069
1789389620,3.8991067900000003,3.4980686600000004,24.59,1023.067
1789389630,3.87927687,3.27324266,24.59,1023.059
1789389640,3.87386871,3.4802606600000003,24.59,1023.055
1789389650,3.88648775,3.4913906600000004,24.59,1023.053
1789389660,3.8936986300000003,3.4980686600000004,24.61,1023.051
1789389670,3.88107959,3.4869386600000003,24.59,1023.047
1789389680,3.8828823100000003,3.46133966,24.59,1023.039
1789389690,3.87927687,3.48582566,24.58,1023.061
1789389700,3.88107959,3.48582566,24.58,1023.044
1789389710,3.89189591,3.4958426600000005,24.59,1023.048
1789389720,3.89009319,3.4936166600000003,24.61,1023.047
1789389730,3.87927687,3.4847126600000005,24.59,1023.044
1789389740,3.88107959,3.4869386600000003,24.61,1023.039
1789389750,3.8882904700000003,3.49250366,24.62,1023.052
1789389760,3.8991067900000003,3.5025206600000005,24.62,1023.048
1789389770,3.87386871,3.4802606600000003,24.59,1023.013
1789389780,3.87567143,3.4813736600000005,24.59,1023.028
1789389790,3.85764423,3.4657916600000003,24.61,1023.027
1789389800,3.84863063,3.45800066,24.61,1023.021
1789389810,3.85223607,3.46133966,24.59,1023.021
1789389820,3.84863063,3.4568876600000005,24.61,1023.016
1789389830,3.8558415100000003,3.46467866,24.61,1023.007
1789389840,3.85223607,3.46133966,24.64,1023.004
1789389850,3.86305239,3.4702436600000004,24.61,1023.011
1789389860,3.8936986300000003,3.4969556600000002,24.59,1023.006
1789389870,3.9171339900000004,3.5181026600000003,24.61,1023.02
1789389880,3.9477802300000002,3.5459276600000003,24.61,1023.021
1789389890,3.9423720700000002,3.5403626600000004,24.61,1023.016
1789389900,3.9369639100000002,3.5359106600000003,24.61,1023.013
1789389910,3.9225421500000004,3.5225546600000004,24.61,1023.016
1789389920,3.9279503100000004,3.52811966,24.59,1023.025
1789389930,3.92975303,3.5292326600000004,24.59,1023.024
1789389940,3.95318839,3.5503796600000004,24.61,1023.031
1789389950,3.95138567,3.5481536600000005,24.58,1023.028
1789389960,3.9279503100000004,3.52811966,24.61,1023.02
1789389970,3.90631767,3.5091986600000005,24.58,1023.008
1789389980,3.89730407,3.5002946600000002,24.57,1023.009
1789389990,3.89550135,3.4991816600000005,24.59,1023.004
1789390000,3.88468503,3.48916466,24.58,1023.006
1789390010,3.90812039,3.51031166,24.57,1023.01
1789390020,3.9441747900000004,3.54147566,24.58,1023.015
1789390030,3.94597751,3.5425886600000003,24.57,1023.017
1789390040,3.95138567,3.5492666600000002,24.58,1023.012
1789390050,3.93516119,3.5336846600000005,24.57,1023.007
1789390060,3.92975303,3.5292326600000004,24.57,1023.006
1789390070,3.9315557500000002,3.5303456600000005,24.57,1023.004
1789390080,3.93516119,3.5336846600000005,24.57,1023.003
1789390090,3.9099231100000003,3.5114246600000003,24.57,1022.992
1789390100,3.89189591,3.4969556600000002,24.57,1022.989
1789390110,3.9153312700000003,3.5158766600000004,24.57,1022.987
1789390120,3.9387666300000004,3.5370236600000005,24.61,1022.998
1789390130,3.97482103,3.56930066,24.58,1022.993
1789390140,3.9856373499999997,3.5793176600000005,24.61,1022.996
1789390150,3.9802291899999998,3.5737526600000002,24.62,1023.003
1789390160,3.9910455100000006,3.5826566600000005,24.61,1023.003
1789390170,3.97842647,3.5715266600000004,24.64,1023.001
1789390180,3.98924279,3.5815436600000004,24.62,1023.003
1789390190,4.01628359,3.6060296600000004,24.64,1023.001
1789390200,4.01267815,3.6026906600000004,24.65,1022.994
1789390210,4.0379162299999996,3.6249506600000005,24.66,1022.998
1789390220,4.0595488699999995,3.6438716600000003,24.69,1022.993
1789390230,4.0595488699999995,3.6438716600000003,24.68,1022.998
1789390240,4.0703651899999995,3.6527756600000005,24.69,1022.998
1789390250,4.07757607,3.6594536600000005,24.71,1022.992
1789390260,4.07216791,3.6550016600000004,24.69,1022.996
1789390270,4.0757733499999995,3.6594536600000005,24.72,1023.0
1789390280,4.06675975,3.6505496600000003,24.69,1023.005
1789390290,4.0649570299999995,3.6494366600000006,24.68,1022.999
1789390300,4.0487325499999995,3.6349676600000005,24.72,1023.018
1789390310,3.98924279,3.5815436600000004,24.71,1023.012
1789390320,3.9802291899999998,3.5748656600000004,24.72,1023.006
1789390330,4.00726999,3.5982386600000003,24.71,1023.016
1789390340,4.01808631,3.60825566,24.71,1023.004
1789390350,4.01808631,3.60825566,24.74,1022.998
1789390360,4.02709991,3.61493366,24.72,1023.002
1789390370,4.01267815,3.6026906600000004,24.74,1023.012
1789390380,4.01988903,3.6093686600000003,24.75,1023.015
1789390390,4.04152167,3.6282896600000005,24.72,1022.999
1789390400,4.0487325499999995,3.6338546600000003,24.76,1022.996
1789390410,4.03971895,3.6260636600000002,24.76,1022.994
1789390420,4.02349447,3.61159466,24.75,1022.992
1789390430,4.02529719,3.6138206600000005,24.75,1022.983
1789390440,4.00005911,3.5915606600000003,24.78,1022.98
1789390450,4.00366455,3.59378666,24.81,1022.975
1789390460,4.01628359,3.6060296600000004,24.78,1022.971
1789390470,4.01448087,3.60491666,24.79,1022.963
1789390480,4.03070535,3.61827266,24.76,1022.966
1789390490,4.01988903,3.60825566,24.76,1022.957
1789390500,4.04512711,3.6305156600000004,24.82,1022.946
1789390510,4.06675975,3.6505496600000003,24.81,1022.946
1789390520,4.0541407099999995,3.6383066600000005,24.81,1022.936
1789390530,4.04692983,3.63274166,24.79,1022.929
1789390540,4.0595488699999995,3.6449846600000004,24.81,1022.922
1789390550,4.0757733499999995,3.6583406600000004,24.78,1022.911
1789390560,4.07757607,3.6594536600000005,24.76,1022.915
1789390570,4.07757607,3.6594536600000005,24.79,1022.905
1789390580,4.07757607,3.66056666,24.79,1022.897
1789390590,4.07757607,3.6594536600000005,24.78,1022.896
1789390600,4.07757607,3.6594536600000005,24.79,1022.886
1789390610,4.07757607,3.6594536600000005,24.78,1022.883
1789390620,4.0757733499999995,3.6583406600000004,24.76,1022.878
1789390630,4.0757733499999995,3.6583406600000004,24.78,1022.876
1789390640,4.07757607,3.6594536600000005,24.75,1022.878
1789390650,4.07757607,3.6594536600000005,24.76,1022.874
1789390660,4.07757607,3.66056666,24.78,1022.868
1789390670,4.0757733499999995,3.6594536600000005,24.74,1022.861
1789390680,4.07757607,3.66056666,24.76,1022.865
1789390690,4.07757607,3.6594536600000005,24.76,1022.863
1789390700,4.07216791,3.6550016600000004,24.75,1022.864
1789390710,4.0649570299999995,3.6494366600000006,24.76,1022.862
1789390720,4.06135159,3.6472106600000003,24.76,1022.86
1789390730,4.0703651899999995,3.6538886600000002,24.79,1022.855
1789390740,4.07757607,3.6594536600000005,24.78,1022.857
1789390750,4.07757607,3.66056666,24.79,1022.853
1789390760,4.0757733499999995,3.6594536600000005,24.75,1022.849
1789390770,4.07757607,3.6594536600000005,24.76,1022.848
1789390780,4.07757607,3.6594536600000005,24.78,1022.846
1789390790,4.07757607,3.6594536600000005,24.79,1022.847
1789390800,4.06675975,3.6505496600000003,24.76,1022.845
1789390810,4.06315431,3.64609766,24.76,1022.847
1789390820,4.0487325499999995,3.63274166,24.79,1022.83
1789390830,4.05233799,3.63608066,24.75,1022.825
1789390840,4.05233799,3.63608066,24.78,1022.821
1789390850,4.01988903,3.60825566,24.75,1022.815
1789390860,4.01448087,3.6026906600000004,24.74,1022.816
1789390870,4.01448087,3.6026906600000004,24.75,1022.818
1789390880,4.01988903,3.6071426600000005,24.74,1022.812
1789390890,4.05053527,3.63608066,24.72,1022.816
1789390900,4.0541407099999995,3.6383066600000005,24.71,1022.809
1789390910,4.05594343,3.6405326600000003,24.66,1022.813
1789390920,4.01808631,3.6071426600000005,24.68,1022.812
1789390930,3.97842647,3.5715266600000004,24.68,1022.823
1789390940,3.9045149500000003,3.5047466600000003,24.68,1022.825
1789390950,3.82699799,3.43685366,24.66,1022.817
1789390960,3.81978711,3.4312886600000003,24.65,1022.816
1789390970,3.86305239,3.4680176600000006,24.64,1022.818
1789390980,3.94056935,3.5370236600000005,24.64,1022.819
1789390990,3.97842647,3.5715266600000004,24.65,1022.818
1789391000,4.02169175,3.6093686600000003,24.66,1022.827
1789391010,4.03250807,3.6193856600000003,24.71,1022.823
1789391020,4.0649570299999995,3.6494366600000006,24.66,1022.818
1789391030,4.0757733499999995,3.6583406600000004,24.69,1022.805
1789391040,4.07397063,3.65722766,24.71,1022.804
1789391050,4.0757733499999995,3.6583406600000004,24.71,1022.811
1789391060,4.07216791,3.6561146600000005,24.71,1022.812
1789391070,4.0703651899999995,3.6538886600000002,24.69,1022.816
1789391080,4.07216791,3.6550016600000004,24.72,1022.809
1789391090,4.07397063,3.65722766,24.74,1022.817
1789391100,4.07397063,3.65722766,24.74,1022.809
1789391110,4.07216791,3.6561146600000005,24.74,1022.817
1789391120,4.07397063,3.65722766,24.74,1022.819
1789391130,4.0757733499999995,3.6583406600000004,24.72,1022.806
1789391140,4.07397063,3.6561146600000005,24.72,1022.801
1789391150,4.0757733499999995,3.6583406600000004,24.74,1022.793
1789391160,4.07397063,3.65722766,24.72,1022.784
1789391170,4.07397063,3.65722766,24.74,1022.789
1789391180,4.06675975,3.6516626600000004,24.75,1022.787
1789391190,4.04692983,3.63274166,24.75,1022.791
1789391200,4.03611351,3.6238376600000004,24.75,1022.792
1789391210,4.03250807,3.6204986600000004,24.74,1022.801
1789391220,4.04152167,3.6294026600000002,24.76,1022.807
1789391230,4.03250807,3.6216116600000006,24.72,1022.806
1789391240,4.02709991,3.6160466600000003,24.78,1022.805
1789391250,4.02709991,3.6160466600000003,24.78,1022.812
1789391260,4.02709991,3.6171596600000004,24.75,1022.811
1789391270,4.02709991,3.61493366,24.75,1022.81
1789391280,4.01087543,3.6015776600000002,24.76,1022.811
1789391290,4.01267815,3.6038036600000005,24.74,1022.811
1789391300,4.01267815,3.6026906600000004,24.72,1022.821
1789391310,4.00726999,3.5993516600000004,24.74,1022.825
1789391320,3.9964536700000006,3.5893346600000005,24.76,1022.814
1789391330,3.97482103,3.56930066,24.75,1022.811
1789391340,3.96761015,3.56262266,24.76,1022.793
1789391350,3.9712155900000004,3.56596166,24.78,1022.784
1789391360,3.9802291899999998,3.5737526600000002,24.76,1022.786
1789391370,3.9766237500000003,3.5704136600000003,24.79,1022.788
1789391380,3.97301831,3.5681876600000004,24.76,1022.79
1789391390,3.9820319100000003,3.5759786600000005,24.78,1022.794
1789391400,3.96220199,3.5581706600000005,24.78,1022.799
1789391410,3.9658074300000004,3.5603966600000003,24.79,1022.791
1789391420,3.92434487,3.5236676600000005,24.78,1022.789
1789391430,3.9477802300000002,3.5459276600000003,24.78,1022.795
1789391440,3.96941287,3.5648486600000004,24.76,1022.792
1789391450,4.00186183,3.59378666,24.78,1022.808
1789391460,3.9802291899999998,3.5748656600000004,24.78,1022.807
1789391470,3.98924279,3.5826566600000005,24.75,1022.817
1789391480,3.98924279,3.5826566600000005,24.78,1022.818
1789391490,4.02349447,3.61159466,24.78,1022.818
1789391500,3.98383463,3.5782046600000004,24.76,1022.822
1789391510,3.9802291899999998,3.5748656600000004,24.79,1022.844
1789391520,3.96220199,3.55928366,24.79,1022.799
1789391530,3.98383463,3.5759786600000005,24.81,1022.818
1789391540,4.01448087,3.60491666,24.76,1022.81
1789391550,4.05233799,3.6371936600000003,24.81,1022.82
1789391560,4.06675975,3.6505496600000003,24.78,1022.81
1789391570,4.07216791,3.6550016600000004,24.79,1022.811
1789391580,4.0703651899999995,3.6538886600000002,24.78,1022.813
1789391590,4.07216791,3.6550016600000004,24.78,1022.809
1789391600,4.06675975,3.6505496600000003,24.76,1022.815
1789391610,4.05774615,3.64275866,24.78,1022.818
1789391620,4.06135159,3.64609766,24.78,1022.821
1789391630,4.05774615,3.6438716600000003,24.79,1022.809
1789391640,4.04692983,3.6338546600000003,24.82,1022.808
1789391650,4.05594343,3.6416456600000005,24.79,1022.8
1789391660,4.0379162299999996,3.6260636600000002,24.79,1022.794
1789391670,4.0433243899999995,3.6305156600000004,24.76,1022.772
1789391680,4.0595488699999995,3.6438716600000003,24.78,1022.787
1789391690,4.0703651899999995,3.6527756600000005,24.75,1022.804
1789391700,4.06675975,3.6505496600000003,24.74,1022.782
1789391710,4.0595488699999995,3.6438716600000003,24.78,1022.766
1789391720,4.06135159,3.64609766,24.76,1022.782
1789391730,4.0541407099999995,3.63941966,24.74,1022.783
1789391740,4.0541407099999995,3.63941966,24.76,1022.783
1789391750,4.0595488699999995,3.6438716600000003,24.74,1022.779
1789391760,4.05594343,3.6405326600000003,24.75,1022.789
1789391770,4.0703651899999995,3.6527756600000005,24.74,1022.784
1789391780,4.0703651899999995,3.6538886600000002,24.75,1022.781
1789391790,4.0703651899999995,3.6538886600000002,24.72,1022.782
1789391800,4.0703651899999995,3.6538886600000002,24.75,1022.786
1789391810,4.05774615,3.64275866,24.72,1022.779
1789391820,4.04512711,3.6316286600000005,24.74,1022.786
1789391830,4.06135159,3.6449846600000004,24.72,1022.785
1789391840,4.06856247,3.6516626600000004,24.72,1022.786
1789391850,4.06856247,3.6516626600000004,24.71,1022.789
1789391860,4.06856247,3.6527756600000005,24.71,1022.792
1789391870,4.0703651899999995,3.6538886600000002,24.71,1022.815
1789391880,4.07216791,3.6550016600000004,24.72,1022.777
1789391890,4.06856247,3.6516626600000004,24.71,1022.779
1789391900,4.06856247,3.6505496600000003,24.69,1022.773
1789391910,4.06675975,3.6494366600000006,24.71,1022.767
1789391920,4.0649570299999995,3.6472106600000003,24.72,1022.768
1789391930,4.06856247,3.6527756600000005,24.69,1022.772
1789391940,4.06856247,3.6527756600000005,24.68,1022.779
1789391950,4.06856247,3.6516626600000004,24.68,1022.778
1789391960,4.0649570299999995,3.6483236600000004,24.68,1022.776
1789391970,4.05774615,3.64275866,24.69,1022.774
1789391980,4.0649570299999995,3.6494366600000006,24.68,1022.776
1789391990,4.06856247,3.6516626600000004,24.68,1022.774
1789392000,4.0703651899999995,3.6527756600000005,24.66,1022.764
1789392010,4.0703651899999995,3.6527756600000005,24.68,1022.765
1789392020,4.06675975,3.6505496600000003,24.69,1022.762
1789392030,4.06135159,3.64609766,24.68,1022.77
1789392040,4.0433243899999995,3.6305156600000004,24.71,1022.771
1789392050,4.01087543,3.6015776600000002,24.71,1022.758
1789392060,3.9910455100000006,3.5848826600000003,24.69,1022.745
1789392070,4.01628359,3.6060296600000004,24.68,1022.738
1789392080,4.02349447,3.6127076600000003,24.68,1022.731
1789392090,4.04152167,3.6282896600000005,24.66,1022.73
1789392100,4.04692983,3.63274166,24.62,1022.73
1789392110,4.0433243899999995,3.6294026600000002,24.65,1022.729
1789392120,4.01448087,3.60491666,24.64,1022.731
1789392130,4.01087543,3.6015776600000002,24.68,1022.731
1789392140,3.98383463,3.5770916600000002,24.66,1022.723
1789392150,3.98924279,3.5815436600000004,24.64,1022.718
1789392160,3.97842647,3.5715266600000004,24.68,1022.718
1789392170,3.9712155900000004,3.5670746600000003,24.69,1022.709
1789392180,3.96220199,3.55928366,24.69,1022.716
1789392190,3.95318839,3.37786466,24.66,1022.714
1789392200,3.95859655,3.3800906600000005,24.69,1022.712
1789392210,4.00186183,3.4179326600000004,24.71,1022.717
1789392220,3.98924279,3.40568966,24.71,1022.713
1789392230,3.9820319100000003,3.4001246600000004,24.72,1022.713
1789392240,3.97482103,3.3934466600000004,24.74,1022.703
1789392250,3.9910455100000006,3.4068026600000003,24.72,1022.704
1789392260,3.9928482300000003,3.4079156600000005,24.75,1022.735
1789392270,3.9477802300000002,3.3711866600000002,24.74,1022.711
1789392280,3.9225421500000004,3.3511526600000003,24.74,1022.699
1789392290,3.9423720700000002,3.4079156600000005,24.74,1022.696
1789392300,3.98383463,3.5770916600000002,24.74,1022.702
1789392310,3.9928482300000003,3.5848826600000003,24.72,1022.699
1789392320,4.00366455,3.5948996600000003,24.72,1022.7
1789392330,3.9802291899999998,3.32555366,24.72,1022.707
1789392340,3.99465095,3.5859956600000005,24.72,1022.708
1789392350,4.00366455,3.59378666,24.71,1022.709
1789392360,4.01808631,3.60825566,24.71,1022.705
1789392370,4.00907271,3.37786466,24.71,1022.703
1789392380,4.02890263,3.6171596600000004,24.69,1022.701
1789392390,4.02709991,3.6160466600000003,24.71,1022.697
1789392400,3.9820319100000003,3.5759786600000005,24.71,1022.699
1789392410,3.94597751,3.32221466,24.68,1022.691
1789392420,3.9153312700000003,3.5158766600000004,24.72,1022.686
1789392430,3.89009319,3.49250366,24.74,1022.685
1789392440,3.8828823100000003,3.4869386600000003,24.71,1022.68
1789392450,3.83060343,3.4390796600000004,24.68,1022.689
1789392460,3.83781431,3.4457576600000004,24.71,1022.684
1789392470,3.85764423,3.46467866,24.72,1022.675
1789392480,3.88468503,3.4980686600000004,24.71,1022.688
1789392490,3.9387666300000004,3.5359106600000003,24.72,1022.689
1789392500,3.94056935,3.53813666,24.68,1022.688
1789392510,3.9423720700000002,3.5392496600000003,24.68,1022.685
1789392520,4.00186183,3.5926736600000004,24.66,1022.68
1789392530,3.96941287,3.5648486600000004,24.66,1022.682
1789392540,3.9856373499999997,3.5782046600000004,24.68,1022.68
1789392550,4.00005911,3.59044766,24.71,1022.68
1789392560,3.9982563900000003,3.5893346600000005,24.69,1022.675
1789392570,3.98383463,3.5759786600000005,24.74,1022.673
1789392580,3.9207394300000002,3.5203286600000006,24.71,1022.673
1789392590,3.87567143,3.4802606600000003,24.71,1022.671
1789392600,3.83601159,3.4446446600000002,24.74,1022.674
1789392610,3.8342088700000003,3.4424186600000004,24.75,1022.667
1789392620,3.82519527,3.4346276600000003,24.76,1022.673
1789392630,3.80536535,3.41570666,24.78,1022.672
1789392640,3.81077351,3.4212716600000004,24.76,1022.665
1789392650,3.8071680700000003,3.4190456600000005,24.78,1022.666
1789392660,3.82158983,3.43017566,24.78,1022.664
1789392670,3.83060343,3.4390796600000004,24.75,1022.652
1789392680,3.7747191100000004,3.38788166,24.78,1022.653
1789392690,3.76029735,3.3756386600000003,24.78,1022.653
1789392700,3.79454903,3.40568966,24.79,1022.658
1789392710,3.78733815,3.4001246600000004,24.79,1022.662
1789392720,3.79274631,3.41236766,24.78,1022.65
1789392730,3.80897079,3.4201586600000002,24.78,1022.658
1789392740,3.84141975,3.4490966600000004,24.78,1022.665
1789392750,3.86846055,3.4713566600000005,24.76,1022.662
1789392760,3.8504333500000003,3.45466166,24.78,1022.663
1789392770,3.8504333500000003,3.4568876600000005,24.79,1022.663
1789392780,3.81437895,3.40902866,24.76,1022.662
1789392790,3.7675082300000002,3.3823166600000003,24.79,1022.656
1789392800,3.73866471,3.3556046600000005,24.79,1022.649
1789392810,3.6972021500000003,3.3177626600000005,24.78,1022.653
1789392820,3.6647531900000003,3.2187056600000004,24.81,1022.656
1789392830,3.64672599,3.0695636600000005,24.79,1022.66
1789392840,3.63050151,3.2576606600000004,24.79,1022.657
1789392850,3.62509335,3.2532086600000003,24.81,1022.658
1789392860,3.62869879,3.25543466,24.79,1022.65
1789392870,3.6323042300000004,3.2264966600000005,24.82,1022.643
1789392880,3.63590967,3.2621126600000006,24.82,1022.646
1789392890,3.6323042300000004,3.25877366,24.79,1022.644
1789392900,3.63410695,3.2609996600000004,24.81,1022.645
1789392910,3.6377123900000004,3.2632256600000002,24.79,1022.642
1789392920,3.65754231,3.27992066,24.79,1022.641
1789392930,3.70441303,3.32221466,24.82,1022.634
1789392940,3.68999127,3.3088586600000003,24.83,1022.638
1789392950,3.68278039,3.3021806600000003,24.83,1022.634
1789392960,3.6809776700000003,3.2999546600000005,24.82,1022.632
1789392970,3.8125762300000003,3.4168196600000003,24.85,1022.634
1789392980,3.71522935,3.3300056600000003,24.83,1022.632
1789392990,3.69359671,3.31108466,24.85,1022.629
1789393000,3.68999127,3.3088586600000003,24.83,1022.629
1789393010,3.6701613500000003,3.2910506600000002,24.85,1022.626
1789393020,3.66114775,3.2821466600000004,24.86,1022.624
1789393030,3.66835863,3.1241006600000003,24.83,1022.621
1789393040,3.66295047,2.96605466,24.83,1022.621
1789393050,3.6485287100000003,3.27324266,24.85,1022.617
1789393060,3.65213415,3.27658166,24.83,1022.618
1789393070,3.65213415,3.27658166,24.85,1022.618
1789393080,3.6647531900000003,3.29438966,24.83,1022.62
1789393090,3.6593450300000003,3.2821466600000004,24.86,1022.628
1789393100,3.66114775,3.2843726600000003,24.85,1022.62
1789393110,3.66114775,3.28325966,24.82,1022.62
1789393120,3.66114775,3.2843726600000003,24.83,1022.615
1789393130,3.6809776700000003,3.2509826600000005,24.86,1022.605
1789393140,3.6863858300000003,3.3066326600000004,24.83,1022.603
1789393150,3.68818855,3.3066326600000004,24.83,1022.602
1789393160,3.70080759,3.3188756600000002,24.83,1022.599
1789393170,3.69359671,3.31108466,24.82,1022.595
1789393180,3.68278039,3.0550946600000004,24.83,1022.589
1789393190,3.71703207,3.33223166,24.82,1022.586
1789393200,3.7080184700000003,3.3244406600000005,24.81,1022.588
1789393210,3.7134266300000003,3.32889266,24.82,1022.589
1789393220,3.70441303,3.3211016600000005,24.83,1022.588
1789393230,3.6863858300000003,3.3055196600000003,24.79,1022.598
1789393240,3.7080184700000003,3.3244406600000005,24.82,1022.59
1789393250,3.7242429500000003,3.3444746600000004,24.83,1022.587
1789393260,3.74767831,3.3589436600000004,24.85,1022.58
1789393270,3.75488919,3.3667346600000005,24.82,1022.567
1789393280,3.7801272700000004,3.38788166,24.83,1022.582
1789393290,3.80356263,3.4179326600000004,24.82,1022.584
1789393300,3.83601159,3.4390796600000004,24.85,1022.577
1789393310,3.87026327,3.4680176600000006,24.83,1022.585
1789393320,3.89009319,3.48582566,24.82,1022.586
1789393330,3.84322247,3.2008976600000003,24.86,1022.573
1789393340,3.82519527,3.0450776600000005,24.83,1022.571
1789393350,3.82699799,3.43017566,24.83,1022.57
1789393360,3.76570551,3.3756386600000003,24.83,1022.568
1789393370,3.76029735,3.3722996600000004,24.81,1022.566
1789393380,3.76570551,3.3656216600000004,24.82,1022.576
1789393390,3.73686199,3.35003966,24.81,1022.571
1789393400,3.7134266300000003,3.32889266,24.82,1022.567
1789393410,3.6917939900000003,3.3088586600000003,24.81,1022.571
1789393420,3.68278039,3.2120276600000004,24.81,1022.563
1789393430,3.68999127,3.30774566,24.83,1022.564
1789393440,3.7188347900000003,3.3333446600000003,24.82,1022.573
1789393450,3.73325655,3.34670066,24.83,1022.568
1789393460,3.71522935,3.3300056600000003,24.81,1022.564
1789393470,3.7404674300000003,3.3522656600000005,24.83,1022.571
1789393480,3.75488919,3.3656216600000004,24.82,1022.56
1789393490,3.7404674300000003,3.35337866,24.83,1022.572
1789393500,3.72063751,3.33557066,24.81,1022.564
1789393510,3.72063751,3.3344576600000004,24.82,1022.562
1789393520,3.7296511100000003,3.3433616600000002,24.83,1022.559
1789393530,3.72063751,3.3344576600000004,24.85,1022.555
1789393540,3.7026103100000003,3.3199886600000004,24.82,1022.559
1789393550,3.71703207,3.33223166,24.85,1022.562
1789393560,3.72784839,3.3422486600000005,24.85,1022.561
1789393570,3.7458755900000003,3.3589436600000004,24.83,1022.565
1789393580,3.7566919100000002,3.3667346600000005,24.83,1022.565
1789393590,3.7458755900000003,3.3589436600000004,24.83,1022.578
1789393600,3.73866471,3.3511526600000003,24.83,1022.57
1789393610,3.71703207,3.33223166,24.83,1022.561
1789393620,3.70982119,3.32555366,24.85,1022.562
1789393630,3.7026103100000003,3.3199886600000004,24.83,1022.554
1789393640,3.69900487,3.3166496600000004,24.85,1022.545
1789393650,3.69900487,3.3177626600000005,24.82,1022.55
1789393660,3.70621575,3.3233276600000003,24.83,1022.542
1789393670,3.73325655,3.34670066,24.86,1022.536
1789393680,3.74767831,3.36005666,24.82,1022.533
1789393690,3.7350592700000003,3.3478136600000004,24.85,1022.531
1789393700,3.7242429500000003,3.3377966600000004,24.85,1022.522
1789393710,3.69900487,3.3166496600000004,24.83,1022.528
1789393720,3.71522935,3.3300056600000003,24.86,1022.515
1789393730,3.7026103100000003,3.3188756600000002,24.86,1022.516
1789393740,3.72063751,3.3344576600000004,24.86,1022.509
1789393750,3.73325655,3.34670066,24.85,1022.512
1789393760,3.73145383,3.3455876600000005,24.85,1022.501
1789393770,3.73145383,3.3444746600000004,24.86,1022.496
1789393780,3.7458755900000003,3.3578306600000003,24.87,1022.481
1789393790,3.7783245500000002,3.3867686600000004,24.87,1022.484
1789393800,3.8017599100000004,3.4068026600000003,24.86,1022.467
1789393810,3.78373271,3.3901076600000004,24.87,1022.477
1789393820,3.73145383,3.3444746600000004,24.86,1022.474
1789393830,3.71703207,3.3311186600000005,24.85,1022.472
1789393840,3.7080184700000003,3.3244406600000005,24.83,1022.461
1789393850,3.7080184700000003,3.3233276600000003,24.87,1022.463
1789393860,3.69359671,3.31108466,24.83,1022.456
1789393870,3.67917495,3.2988416600000003,24.86,1022.452
1789393880,3.67917495,3.2988416600000003,24.83,1022.451
1789393890,3.67376679,3.29438966,24.85,1022.45
1789393900,3.68278039,3.09850166,24.87,1022.447
1789393910,3.67917495,3.0306086600000004,24.85,1022.447
1789393920,3.68278039,3.30106766,24.86,1022.442
1789393930,3.6701613500000003,3.2910506600000002,24.82,1022.43
1789393940,3.67737223,3.2966156600000005,24.83,1022.436
1789393950,3.6647531900000003,3.2888246600000004,24.85,1022.432
1789393960,3.6593450300000003,3.2821466600000004,24.85,1022.43
1789393970,3.66835863,3.2899376600000005,24.85,1022.433
1789393980,3.6647531900000003,3.28659866,24.83,1022.426
1789393990,3.68818855,3.1029536600000003,24.85,1022.426
1789394000,3.6593450300000003,3.10184066,24.85,1022.427
1789394010,3.6593450300000003,3.2810336600000003,24.85,1022.423
1789394020,3.6593450300000003,3.2810336600000003,24.85,1022.42
1789394030,3.66114775,3.2821466600000004,24.83,1022.42
1789394040,3.6593450300000003,3.1830896600000003,24.83,1022.417
1789394050,3.65573959,3.2788076600000005,24.85,1022.41
1789394060,3.65754231,3.27992066,24.83,1022.412
1789394070,3.6593450300000003,3.2810336600000003,24.81,1022.416
1789394080,3.6593450300000003,3.27992066,24.81,1022.419
1789394090,3.65754231,3.27992066,24.82,1022.422
1789394100,3.66295047,3.2843726600000003,24.82,1022.422
1789394110,3.67196407,3.29438966,24.82,1022.426
1789394120,3.6917939900000003,3.31108466,24.81,1022.424
1789394130,3.6972021500000003,3.3177626600000005,24.82,1022.451
1789394140,3.68458311,3.30440666,24.81,1022.436
1789394150,3.67917495,3.30106766,24.83,1022.453
1789394160,3.68458311,3.30440666,24.83,1022.454
1789394170,3.6917939900000003,3.1151966600000005,24.81,1022.442
1789394180,3.67376679,3.1463606600000005,24.82,1022.44
1789394190,3.67196407,3.2932766600000005,24.83,1022.453
1789394200,3.66295047,3.2854856600000004,24.85,1022.441
1789394210,3.6647531900000003,3.28659866,24.85,1022.442
1789394220,3.66114775,3.2609996600000004,24.83,1022.441
1789394230,3.6647531900000003,3.2854856600000004,24.83,1022.44
1789394240,3.6701613500000003,3.2899376600000005,24.86,1022.439
1789394250,3.68458311,3.3021806600000003,24.86,1022.463
1789394260,3.67917495,3.3032936600000005,24.86,1022.435
1789394270,3.6755695100000003,3.29438966,24.87,1022.437
1789394280,3.68278039,3.30106766,24.86,1022.435
1789394290,3.68458311,3.3021806600000003,24.89,1022.441
1789394300,3.68278039,3.30106766,24.89,1022.433
1789394310,3.6863858300000003,3.2354006600000003,24.87,1022.436
1789394320,3.67196407,3.2921636600000004,24.89,1022.432
1789394330,3.66835863,3.2899376600000005,24.87,1022.426
1789394340,3.6701613500000003,3.2899376600000005,24.87,1022.44
1789394350,3.6701613500000003,3.2899376600000005,24.86,1022.428
1789394360,3.6701613500000003,3.2899376600000005,24.89,1022.425
1789394370,3.6755695100000003,3.29438966,24.89,1022.441
1789394380,3.67737223,3.2955026600000004,24.89,1022.428
1789394390,3.67917495,3.29772866,24.87,1022.423
1789394400,3.6755695100000003,3.29438966,24.9,1022.426
1789394410,3.6755695100000003,3.29438966,24.89,1022.425
1789394420,3.67737223,3.2955026600000004,24.89,1022.423
1789394430,3.6755695100000003,3.2955026600000004,24.9,1022.417
1789394440,3.67737223,3.2955026600000004,24.9,1022.418
1789394450,3.67917495,3.29772866,24.9,1022.417
1789394460,3.68278039,3.30106766,24.89,1022.42
1789394470,3.6917939900000003,3.3088586600000003,24.89,1022.42
1789394480,3.69539943,3.3133106600000004,24.9,1022.416
1789394490,3.68458311,3.3032936600000005,24.89,1022.416
1789394500,3.6863858300000003,3.3032936600000005,24.9,1022.444
1789394510,3.68278039,3.3021806600000003,24.89,1022.419
1789394520,3.6701613500000003,3.2899376600000005,24.86,1022.42
1789394530,3.67737223,3.2966156600000005,24.86,1022.414
1789394540,3.69359671,3.3099716600000004,24.85,1022.422
1789394550,3.69900487,3.3155366600000002,24.85,1022.416
1789394560,3.70441303,3.3199886600000004,24.86,1022.397
1789394570,3.6863858300000003,3.30440666,24.85,1022.411
1789394580,3.67376679,3.2932766600000005,24.83,1022.408
1789394590,3.67737223,3.2966156600000005,24.82,1022.409
1789394600,3.6809776700000003,3.2988416600000003,24.83,1022.41
1789394610,3.66835863,3.2888246600000004,24.83,1022.407
1789394620,3.66655591,3.2877116600000003,24.81,1022.411
1789394630,3.6755695100000003,3.2955026600000004,24.82,1022.409
1789394640,3.69539943,3.3144236600000005,24.82,1022.415
1789394650,3.6972021500000003,3.3166496600000004,24.85,1022.415
1789394660,3.6809776700000003,3.30106766,24.82,1022.41
1789394670,3.67917495,3.2999546600000005,24.83,1022.411
1789394680,3.67196407,3.2921636600000004,24.81,1022.41
1789394690,3.6701613500000003,3.2910506600000002,24.81,1022.409
1789394700,3.6755695100000003,3.2955026600000004,24.82,1022.411
1789394710,3.67917495,3.2988416600000003,24.82,1022.406
1789394720,3.68278039,3.30106766,24.81,1022.408
1789394730,3.6863858300000003,3.30440666,24.81,1022.401
1789394740,3.67917495,3.29772866,24.81,1022.402
1789394750,3.68458311,3.3032936600000005,24.83,1022.404
1789394760,3.68818855,3.3066326600000004,24.82,1022.407
1789394770,3.6972021500000003,3.3144236600000005,24.83,1022.407
1789394780,3.70621575,3.32221466,24.83,1022.396
1789394790,3.70982119,3.32555366,24.83,1022.401
1789394800,3.7080184700000003,3.3233276600000003,24.83,1022.398
1789394810,3.69900487,3.3144236600000005,24.86,1022.397
1789394820,3.71522935,3.3300056600000003,24.86,1022.396
1789394830,3.7080184700000003,3.3233276600000003,24.86,1022.388
1789394840,3.69900487,3.3155366600000002,24.85,1022.39
1789394850,3.7026103100000003,3.3188756600000002,24.85,1022.384
1789394860,3.69900487,3.3144236600000005,24.83,1022.375
1789394870,3.70080759,3.3166496600000004,24.83,1022.372
1789394880,3.71162391,3.3266666600000003,24.83,1022.37
1789394890,3.7134266300000003,3.32889266,24.83,1022.362
1789394900,3.71162391,3.3266666600000003,24.85,1022.357
1789394910,3.7134266300000003,3.32889266,24.85,1022.362
1789394920,3.7134266300000003,3.32889266,24.86,1022.361
1789394930,3.69539943,3.3121976600000003,24.83,1022.364
1789394940,3.69359671,3.3099716600000004,24.82,1022.363
1789394950,3.69359671,3.3099716600000004,24.83,1022.364
1789394960,3.68999127,3.30774566,24.83,1022.365
1789394970,3.69900487,3.3144236600000005,24.86,1022.359
1789394980,3.70982119,3.3244406600000005,24.83,1022.36
1789394990,3.71162391,3.3266666600000003,24.85,1022.37
1789395000,3.7080184700000003,3.3233276600000003,24.82,1022.354
1789395010,3.7134266300000003,3.32889266,24.81,1022.378
1789395020,3.72063751,3.3344576600000004,24.83,1022.347
1789395030,3.71162391,3.3266666600000003,24.83,1022.344
1789395040,3.69359671,3.3099716600000004,24.83,1022.346
1789395050,3.70441303,3.3199886600000004,24.83,1022.354
1789395060,3.70621575,3.32221466,24.83,1022.351
1789395070,3.7134266300000003,3.3277796600000005,24.83,1022.356
1789395080,3.72244023,3.3366836600000003,24.86,1022.362
1789395090,3.7188347900000003,3.33223166,24.85,1022.357
1789395100,3.70621575,3.32221466,24.86,1022.357
1789395110,3.71703207,3.3300056600000003,24.82,1022.344
1789395120,3.71522935,3.3300056600000003,24.86,1022.374
1789395130,3.7134266300000003,3.3277796600000005,24.85,1022.34
1789395140,3.7134266300000003,3.3277796600000005,24.86,1022.341
1789395150,3.73325655,3.3455876600000005,24.86,1022.326
1789395160,3.72063751,3.3344576600000004,24.85,1022.325
1789395170,3.72604567,3.3389096600000006,24.85,1022.339
1789395180,3.72604567,3.3389096600000006,24.86,1022.329
1789395190,3.7458755900000003,3.3578306600000003,24.87,1022.341
1789395200,3.76029735,3.3689606600000004,24.87,1022.348
1789395210,3.7693109500000004,3.37786466,24.85,1022.337
1789395220,3.7530864700000004,3.36339566,24.89,1022.344
1789395230,3.75488919,3.3656216600000004,24.86,1022.35
1789395240,3.7458755900000003,3.3578306600000003,24.87,1022.338
1789395250,3.7350592700000003,3.3478136600000004,24.87,1022.342
1789395260,3.73686199,3.3489266600000005,24.87,1022.345
1789395270,3.73866471,3.35003966,24.9,1022.339
1789395280,3.7296511100000003,3.3433616600000002,24.86,1022.34
1789395290,3.72604567,3.3400226600000003,24.87,1022.337
1789395300,3.71522935,3.3300056600000003,24.89,1022.33
1789395310,3.72063751,3.3344576600000004,24.89,1022.327
1789395320,3.73866471,3.3511526600000003,24.87,1022.328
1789395330,3.7530864700000004,3.3645086600000003,24.86,1022.327
1789395340,3.7675082300000002,3.3767516600000005,24.9,1022.328
1789395350,3.7512837500000002,3.3622826600000004,24.89,1022.334
1789395360,3.7584946300000004,3.3689606600000004,24.9,1022.325
1789395370,3.7566919100000002,3.3667346600000005,24.87,1022.331
1789395380,3.76570551,3.37452566,24.89,1022.333
1789395390,3.78373271,3.3901076600000004,24.87,1022.332
1789395400,3.7855354300000004,3.3934466600000004,24.89,1022.334
1789395410,3.7747191100000004,3.3834296600000004,24.89,1022.342
1789395420,3.7747191100000004,3.3823166600000003,24.87,1022.34
1789395430,3.7566919100000002,3.3678476600000002,24.89,1022.338
1789395440,3.7566919100000002,3.3667346600000005,24.89,1022.335
1789395450,3.75488919,3.3656216600000004,24.89,1022.333
1789395460,3.7584946300000004,3.3689606600000004,24.89,1022.329
1789395470,3.77652183,3.38454266,24.89,1022.323
1789395480,3.79995719,3.4045766600000005,24.9,1022.319
1789395490,3.79995719,3.40568966,24.89,1022.316
1789395500,3.8071680700000003,3.4112546600000004,24.89,1022.315
1789395510,3.7963517500000004,3.40235066,24.89,1022.308
1789395520,3.7855354300000004,3.3912206600000006,24.92,1022.309
1789395530,3.7693109500000004,3.37786466,24.92,1022.308
1789395540,3.78914087,3.3956726600000002,24.9,1022.305
1789395550,3.79274631,3.3978986600000005,24.9,1022.309
1789395560,3.79454903,3.4001246600000004,24.89,1022.305
1789395570,3.8017599100000004,3.4079156600000005,24.9,1022.303
1789395580,3.8233925500000003,3.42683666,24.92,1022.298
1789395590,3.83240615,3.43351466,24.93,1022.296
1789395600,3.8342088700000003,3.43685366,24.92,1022.295
1789395610,3.81077351,3.41570666,24.92,1022.292
1789395620,3.8071680700000003,3.41236766,24.9,1022.288
1789395630,3.79815447,3.4034636600000003,24.93,1022.285
1789395640,3.81618167,3.4201586600000002,24.9,1022.282
1789395650,3.83601159,3.43685366,24.92,1022.279
1789395660,3.82699799,3.4290626600000005,24.9,1022.276
1789395670,3.81978711,3.42349766,24.92,1022.277
1789395680,3.8450251900000003,3.4457576600000004,24.92,1022.282
1789395690,3.85403879,3.4535486600000005,24.9,1022.276
1789395700,3.8936986300000003,3.4902776600000003,24.9,1022.277
1789395710,3.88468503,3.48248666,24.93,1022.274
1789395720,3.87567143,3.4735826600000004,24.9,1022.279
1789395730,3.88107959,3.4769216600000004,24.9,1022.271
1789395740,3.87567143,3.4735826600000004,24.93,1022.272
1789395750,3.86485511,3.4635656600000004,24.89,1022.271
1789395760,3.87567143,3.4724696600000002,24.89,1022.272
1789395770,3.8450251900000003,3.4457576600000004,24.9,1022.264
1789395780,3.83781431,3.44019266,24.9,1022.258
1789395790,3.8558415100000003,3.4557746600000003,24.9,1022.257
1789395800,3.85223607,3.45132266,24.9,1022.256
1789395810,3.86485511,3.4635656600000004,24.9,1022.258
1789395820,3.85403879,3.4535486600000005,24.87,1022.255
1789395830,3.8774741500000003,3.47580866,24.87,1022.257
1789395840,3.88648775,3.4835996600000003,24.9,1022.252
1789395850,3.9207394300000002,3.51365066,24.89,1022.25
1789395860,3.91352855,3.50697266,24.89,1022.245
1789395870,3.9045149500000003,3.5002946600000002,24.92,1022.236
1789395880,3.90271223,3.4980686600000004,24.92,1022.24
1789395890,3.9045149500000003,3.4991816600000005,24.89,1022.243
1789395900,3.89730407,3.49250366,24.89,1022.243
1789395910,3.8720659900000003,3.4702436600000004,24.87,1022.239
1789395920,3.9117258300000004,3.5058596600000005,24.9,1022.232
1789395930,3.92434487,3.5181026600000003,24.9,1022.223
1789395940,3.95138567,3.54147566,24.9,1022.221
1789395950,3.9315557500000002,3.5247806600000002,24.92,1022.222
1789395960,3.9225421500000004,3.5158766600000004,24.93,1022.215
1789395970,3.9477802300000002,3.53813666,24.9,1022.214
1789395980,3.96400471,3.55260566,24.93,1022.209
1789395990,3.9387666300000004,3.5292326600000004,24.92,1022.207
1789396000,3.93516119,3.5270066600000005,24.9,1022.207
1789396010,3.9495829500000004,3.5392496600000003,24.92,1022.206
1789396020,3.9495829500000004,3.5392496600000003,24.9,1022.205
1789396030,3.91893671,3.5125376600000005,24.89,1022.199
1789396040,3.89550135,3.4913906600000004,24.92,1022.203
1789396050,3.9045149500000003,3.5002946600000002,24.9,1022.197
1789396060,3.92434487,3.51698966,24.92,1022.203
1789396070,3.91893671,3.5125376600000005,24.87,1022.189
1789396080,3.9369639100000002,3.5292326600000004,24.87,1022.197
1789396090,3.9387666300000004,3.5303456600000005,24.87,1022.19
1789396100,3.9333584700000004,3.5258936600000004,24.85,1022.196
1789396110,3.91893671,3.51365066,24.86,1022.188
1789396120,3.9207394300000002,3.5147636600000003,24.87,1022.186
1789396130,3.9423720700000002,3.53479766,24.89,1022.185
1789396140,3.9369639100000002,3.52811966,24.86,1022.185
1789396150,3.9549911100000004,3.5448146600000006,24.89,1022.185
1789396160,3.96400471,3.5537186600000004,24.87,1022.176
1789396170,3.9928482300000003,3.5793176600000005,24.89,1022.173
1789396180,3.9910455100000006,3.5793176600000005,24.87,1022.17
1789396190,3.98924279,3.5770916600000002,24.89,1022.159
1789396200,3.98924279,3.5759786600000005,24.87,1022.151
1789396210,3.96761015,3.5570576600000003,24.9,1022.153
1789396220,3.96220199,3.5514926600000005,24.89,1022.144
1789396230,3.9658074300000004,3.5548316600000005,24.89,1022.143
1789396240,3.9766237500000003,3.5648486600000004,24.92,1022.154
1789396250,3.9910455100000006,3.5793176600000005,24.9,1022.151
1789396260,3.9928482300000003,3.58043066,24.89,1022.146
1789396270,4.00005911,3.58710866,24.9,1022.154
1789396280,4.01267815,3.5971256600000006,24.89,1022.16
1789396290,4.01808631,3.6038036600000005,24.9,1022.151
1789396300,4.01988903,3.6038036600000005,24.89,1022.155
1789396310,4.01448087,3.5993516600000004,24.89,1022.154
1789396320,4.02349447,3.60825566,24.9,1022.146
1789396330,4.02529719,3.6093686600000003,24.87,1022.151
1789396340,4.02169175,3.6060296600000004,24.9,1022.134
1789396350,4.02169175,3.6060296600000004,24.9,1022.141
1789396360,4.02709991,3.6104816600000005,24.92,1022.143
1789396370,4.02169175,3.6060296600000004,24.89,1022.147
1789396380,4.01988903,3.60491666,24.89,1022.138
1789396390,4.02349447,3.6071426600000005,24.9,1022.142
1789396400,4.03070535,3.6138206600000005,24.92,1022.136
1789396410,4.03611351,3.6193856600000003,24.9,1022.128
1789396420,4.0379162299999996,3.6204986600000004,24.93,1022.12
1789396430,4.03431079,3.61827266,24.93,1022.137
1789396440,4.03250807,3.6160466600000003,24.93,1022.115
1789396450,4.03250807,3.6160466600000003,24.96,1022.114
1789396460,4.03070535,3.6138206600000005,24.93,1022.117
1789396470,4.03250807,3.61493366,24.95,1022.111
1789396480,4.02890263,3.6127076600000003,24.95,1022.114
1789396490,4.03070535,3.6138206600000005,24.95,1022.101
1789396500,4.03070535,3.6138206600000005,24.93,1022.108
1789396510,4.03250807,3.6160466600000003,24.93,1022.102
1789396520,4.03070535,3.6138206600000005,24.95,1022.099
1789396530,4.03070535,3.6138206600000005,24.93,1022.092
1789396540,4.03250807,3.61493366,24.95,1022.088
1789396550,4.02890263,3.6127076600000003,24.95,1022.087
1789396560,4.01988903,3.6038036600000005,24.96,1022.086
1789396570,4.01267815,3.5982386600000003,24.97,1022.079
1789396580,4.00005911,3.58710866,24.95,1022.068
1789396590,4.00907271,3.59378666,24.96,1022.078
1789396600,4.01267815,3.5982386600000003,24.96,1022.077
1789396610,4.01087543,3.5960126600000004,24.95,1022.113
1789396620,3.9910455100000006,3.5793176600000005,24.96,1022.07
1789396630,3.9766237500000003,3.56596166,25.0,1022.066
1789396640,3.9820319100000003,3.56930066,24.96,1022.063
1789396650,3.9964536700000006,3.5826566600000005,24.97,1022.06
1789396660,3.99465095,3.5815436600000004,24.97,1022.051
1789396670,3.9982563900000003,3.58376966,24.99,1022.057
1789396680,4.00366455,3.5893346600000005,24.97,1022.061
1789396690,4.01448087,3.5993516600000004,24.97,1022.056
1789396700,4.02529719,3.60825566,25.0,1022.054
1789396710,4.02529719,3.6093686600000003,24.99,1022.052
1789396720,4.02349447,3.60825566,24.99,1022.053
1789396730,4.02529719,3.60825566,24.97,1022.049
1789396740,4.02709991,3.6104816600000005,24.99,1022.049
1789396750,4.01988903,3.60491666,24.99,1022.042
1789396760,4.00907271,3.5948996600000003,24.99,1022.051
1789396770,4.00907271,3.59378666,25.0,1022.041
1789396780,4.00726999,3.5926736600000004,25.0,1022.037
1789396790,4.00546727,3.5915606600000003,24.99,1022.041
1789396800,4.00726999,3.5926736600000004,24.99,1022.036
1789396810,4.01267815,3.5971256600000006,24.96,1022.027
1789396820,4.01267815,3.5971256600000006,24.99,1022.038
1789396830,4.01267815,3.5971256600000006,25.0,1022.035
1789396840,4.02349447,3.6060296600000004,25.0,1022.035
1789396850,4.02709991,3.6104816600000005,25.0,1022.028
1789396860,4.02529719,3.60825566,24.99,1022.03
1789396870,4.02349447,3.6060296600000004,25.0,1022.034
1789396880,4.01628359,3.6015776600000002,25.0,1022.034
1789396890,4.01808631,3.6015776600000002,24.97,1022.037
1789396900,4.01808631,3.6026906600000004,25.0,1022.04
1789396910,4.01267815,3.5971256600000006,25.0,1022.039
1789396920,4.01628359,3.6004646600000005,24.99,1022.034
1789396930,4.01628359,3.6004646600000005,25.0,1022.035
1789396940,4.01988903,3.60491666,25.02,1022.029
1789396950,4.01988903,3.6038036600000005,25.02,1022.034
1789396960,4.02169175,3.6060296600000004,25.02,1022.035
1789396970,4.01808631,3.6015776600000002,25.02,1022.027
1789396980,4.01087543,3.5960126600000004,25.02,1022.025
1789396990,4.00907271,3.59378666,25.0,1022.02
1789397000,3.9982563900000003,3.5848826600000003,25.0,1022.05
1789397010,3.9928482300000003,3.58043066,25.02,1022.021
1789397020,4.00546727,3.59044766,24.97,1022.023
1789397030,4.00366455,3.5893346600000005,24.97,1022.023
1789397040,3.9964536700000006,3.5826566600000005,24.99,1022.058
1789397050,4.00186183,3.58710866,24.97,1022.019
1789397060,4.01087543,3.5960126600000004,24.97,1022.014
1789397070,4.00726999,3.5926736600000004,24.97,1022.021
1789397080,4.01267815,3.5982386600000003,24.97,1022.007
1789397090,4.00726999,3.5926736600000004,24.96,1022.0
1789397100,4.00366455,3.5893346600000005,24.96,1021.997
1789397110,3.98383463,3.5715266600000004,24.95,1021.994
1789397120,3.96941287,3.5570576600000003,24.96,1021.989
1789397130,3.9603992700000004,3.5503796600000004,24.97,1021.991
1789397140,3.95859655,3.5481536600000005,24.96,1021.984
1789397150,3.9658074300000004,3.5548316600000005,24.96,1021.983
1789397160,3.95859655,3.5492666600000002,24.99,1021.979
1789397170,3.96761015,3.55594466,24.99,1021.971
1789397180,3.9766237500000003,3.5637356600000003,24.97,1021.976
1789397190,3.97842647,3.56596166,24.96,1021.963
1789397200,3.96941287,3.5581706600000005,24.99,1021.961
1789397210,3.95859655,3.5481536600000005,25.0,1021.957
1789397220,3.9441747900000004,3.5359106600000003,24.97,1021.955
1789397230,3.9441747900000004,3.53479766,24.99,1021.95
1789397240,3.9423720700000002,3.5325716600000003,25.0,1021.943
1789397250,3.9441747900000004,3.53479766,24.97,1021.94
1789397260,3.94597751,3.5370236600000005,25.0,1021.933
1789397270,3.95138567,3.54147566,25.0,1021.927
1789397280,3.95138567,3.54147566,24.99,1021.926
1789397290,3.95318839,3.5437016600000004,24.99,1021.918
1789397300,3.95318839,3.5425886600000003,25.02,1021.921
1789397310,3.95859655,3.5481536600000005,25.02,1021.909
1789397320,3.96220199,3.5514926600000005,25.02,1021.91
1789397330,3.97482103,3.56262266,25.0,1021.903
1789397340,3.9603992700000004,3.5503796600000004,25.02,1021.895
1789397350,3.9603992700000004,3.5503796600000004,25.0,1021.894
1789397360,3.96761015,3.55594466,25.02,1021.886
1789397370,3.96761015,3.55594466,25.03,1021.887
1789397380,3.97301831,3.5615096600000005,25.0,1021.881
1789397390,3.97482103,3.56262266,25.0,1021.879
1789397400,3.9658074300000004,3.5548316600000005,25.0,1021.875
1789397410,3.9603992700000004,3.5503796600000004,25.02,1021.873
1789397420,3.96220199,3.5514926600000005,25.02,1021.867
1789397430,3.9603992700000004,3.5492666600000002,25.02,1021.866
1789397440,3.96761015,3.5570576600000003,25.05,1021.864
1789397450,3.96941287,3.5581706600000005,25.03,1021.862
1789397460,3.96761015,3.55594466,25.03,1021.862
1789397470,3.97301831,3.5615096600000005,25.03,1021.857
1789397480,3.9820319100000003,3.5704136600000003,25.03,1021.859
1789397490,3.9766237500000003,3.5637356600000003,25.03,1021.857
1789397500,3.9766237500000003,3.5648486600000004,25.05,1021.858
1789397510,3.9766237500000003,3.5637356600000003,25.03,1021.85
1789397520,3.96941287,3.5581706600000005,25.05,1021.85
1789397530,3.96400471,3.5537186600000004,25.06,1021.849
1789397540,3.96220199,3.5514926600000005,25.0,1021.849
1789397550,3.9820319100000003,3.56930066,25.02,1021.819
1789397560,3.98924279,3.5759786600000005,25.03,1021.841
1789397570,3.9874400700000003,3.5737526600000002,25.02,1021.84
1789397580,3.9874400700000003,3.5748656600000004,25.05,1021.841
1789397590,3.9928482300000003,3.5793176600000005,25.02,1021.84
1789397600,3.9856373499999997,3.5726396600000005,25.02,1021.834
1789397610,3.98383463,3.5715266600000004,25.03,1021.841
1789397620,3.96761015,3.55594466,25.02,1021.841
1789397630,3.96761015,3.5570576600000003,25.03,1021.838
1789397640,3.97842647,3.56596166,25.02,1021.838
1789397650,3.98383463,3.5704136600000003,25.03,1021.842
1789397660,3.98383463,3.5715266600000004,25.02,1021.843
1789397670,4.00726999,3.5926736600000004,25.03,1021.837
1789397680,4.01628359,3.6004646600000005,25.0,1021.831
1789397690,4.02349447,3.6071426600000005,25.0,1021.842
1789397700,4.02349447,3.60825566,24.99,1021.844
1789397710,4.02349447,3.6071426600000005,24.99,1021.834
1789397720,4.02169175,3.60491666,25.0,1021.826
1789397730,4.01808631,3.6026906600000004,25.0,1021.823
1789397740,4.00907271,3.5948996600000003,24.99,1021.82
1789397750,3.9928482300000003,3.58043066,25.0,1021.812
1789397760,3.9802291899999998,3.5681876600000004,25.03,1021.809
1789397770,3.97301831,3.5615096600000005,25.03,1021.816
1789397780,3.96400471,3.55260566,25.0,1021.809
1789397790,3.95679383,3.5470406600000004,25.03,1021.817
1789397800,3.95679383,3.5459276600000003,25.03,1021.826
1789397810,3.94597751,3.53813666,25.05,1021.814
1789397820,3.95318839,3.5437016600000004,25.03,1021.814
1789397830,3.96220199,3.5514926600000005,25.02,1021.811
1789397840,3.9658074300000004,3.5548316600000005,25.02,1021.809
1789397850,3.96400471,3.55260566,25.02,1021.83
1789397860,3.95138567,3.54147566,24.97,1021.818
1789397870,3.9477802300000002,3.53813666,25.0,1021.819
1789397880,3.9477802300000002,3.53813666,24.99,1021.81
1789397890,3.95679383,3.5459276600000003,24.99,1021.815
1789397900,3.96220199,3.55260566,24.99,1021.82
1789397910,3.9712155900000004,3.55928366,24.99,1021.809
1789397920,3.97482103,3.56262266,25.0,1021.809
1789397930,3.9658074300000004,3.55594466,25.02,1021.801
1789397940,3.9712155900000004,3.55928366,25.02,1021.812
1789397950,3.96761015,3.5570576600000003,25.02,1021.807
1789397960,3.97301831,3.5615096600000005,25.02,1021.794
1789397970,3.96220199,3.55260566,25.03,1021.793
1789397980,3.95138567,3.54147566,25.03,1021.79
1789397990,3.95679383,3.5470406600000004,25.02,1021.791
1789398000,3.9603992700000004,3.5492666600000002,25.03,1021.789
1789398010,3.9603992700000004,3.5492666600000002,25.02,1021.789
1789398020,3.9658074300000004,3.5548316600000005,25.06,1021.793
1789398030,3.95679383,3.5470406600000004,25.02,1021.79
1789398040,3.95859655,3.5481536600000005,25.03,1021.785
1789398050,3.95859655,3.5481536600000005,25.05,1021.792
1789398060,3.96220199,3.5514926600000005,25.05,1021.788
1789398070,3.95679383,3.5459276600000003,25.03,1021.791
1789398080,3.95138567,3.5425886600000003,25.05,1021.779
1789398090,3.9477802300000002,3.53813666,25.03,1021.775
1789398100,3.9477802300000002,3.53813666,25.05,1021.769
1789398110,3.95138567,3.54147566,25.05,1021.762
1789398120,3.9549911100000004,3.5459276600000003,25.05,1021.775
1789398130,3.9495829500000004,3.5403626600000004,25.03,1021.767
1789398140,3.96220199,3.5514926600000005,25.06,1021.782
1789398150,3.9658074300000004,3.5548316600000005,25.06,1021.77
1789398160,3.96941287,3.5581706600000005,25.05,1021.769
1789398170,3.96761015,3.5548316600000005,25.05,1021.762
1789398180,3.96941287,3.5570576600000003,25.08,1021.761
1789398190,3.9766237500000003,3.5648486600000004,25.06,1021.757
1789398200,3.97842647,3.56596166,25.06,1021.752
1789398210,3.98383463,3.5704136600000003,25.08,1021.749
1789398220,3.98383463,3.5704136600000003,25.06,1021.752
1789398230,3.98383463,3.5704136600000003,25.06,1021.75
1789398240,3.9982563900000003,3.5848826600000003,25.06,1021.738
1789398250,4.00005911,3.5859956600000005,25.08,1021.743
1789398260,4.01087543,3.5960126600000004,25.08,1021.742
1789398270,4.00907271,3.5948996600000003,25.02,1021.738
1789398280,3.9928482300000003,3.5793176600000005,25.03,1021.732
1789398290,3.97482103,3.56262266,25.06,1021.726
1789398300,3.9603992700000004,3.5492666600000002,25.03,1021.728
1789398310,3.96761015,3.55594466,25.03,1021.715
1789398320,3.97842647,3.5648486600000004,25.05,1021.719
1789398330,3.98383463,3.5715266600000004,25.06,1021.713
1789398340,3.96761015,3.55594466,25.05,1021.719
1789398350,3.9712155900000004,3.5603966600000003,25.06,1021.717
1789398360,3.97482103,3.56262266,25.08,1021.696
1789398370,3.96941287,3.5570576600000003,25.06,1021.694
1789398380,3.97301831,3.5603966600000003,25.06,1021.695
1789398390,3.96941287,3.5581706600000005,25.08,1021.697
1789398400,3.9766237500000003,3.5637356600000003,25.09,1021.689
1789398410,3.97301831,3.5615096600000005,25.09,1021.692
1789398420,3.96761015,3.55594466,25.08,1021.683
1789398430,3.97482103,3.56262266,25.1,1021.683
1789398440,3.96761015,3.5548316600000005,25.06,1021.684
1789398450,3.9603992700000004,3.5492666600000002,25.06,1021.681
1789398460,3.95138567,3.54147566,25.05,1021.688
1789398470,3.9423720700000002,3.5325716600000003,25.06,1021.684
1789398480,3.94597751,3.5370236600000005,25.06,1021.675
1789398490,3.95318839,3.5425886600000003,25.08,1021.669
1789398500,3.94597751,3.5370236600000005,25.05,1021.668
1789398510,3.9477802300000002,3.53813666,25.06,1021.677
1789398520,3.94597751,3.5370236600000005,25.06,1021.677
1789398530,3.94597751,3.5359106600000003,25.06,1021.671
1789398540,3.9315557500000002,3.5236676600000005,25.06,1021.668
1789398550,3.9207394300000002,3.51365066,25.06,1021.663
1789398560,3.97842647,2.8391726600000005,25.06,1021.657
1789398570,3.9910455100000006,3.46133966,25.06,1021.652
1789398580,3.9820319100000003,3.56930066,25.05,1021.667
1789398590,3.9874400700000003,3.5737526600000002,25.06,1021.654
1789398600,3.9820319100000003,3.56930066,25.08,1021.652
1789398610,3.9766237500000003,3.5637356600000003,25.08,1021.653
1789398620,3.97482103,3.56262266,25.08,1021.651
1789398630,3.9658074300000004,3.5537186600000004,25.06,1021.635
1789398640,3.9549911100000004,3.5448146600000006,25.09,1021.627
1789398650,3.95318839,3.5437016600000004,25.08,1021.62
1789398660,3.9423720700000002,3.5336846600000005,25.09,1021.618
1789398670,3.9333584700000004,3.5258936600000004,25.06,1021.631
1789398680,3.94597751,3.5370236600000005,25.09,1021.635
1789398690,3.9658074300000004,3.5537186600000004,25.08,1021.637
1789398700,3.9603992700000004,3.5492666600000002,25.09,1021.638
1789398710,3.95679383,3.5459276600000003,25.08,1021.637
1789398720,3.97482103,3.56262266,25.08,1021.638
1789398730,3.98924279,3.5748656600000004,25.08,1021.637
1789398740,3.9964536700000006,3.5815436600000004,25.1,1021.633
1789398750,3.98924279,3.5748656600000004,25.06,1021.623
1789398760,3.9766237500000003,3.5648486600000004,25.1,1021.627
1789398770,3.9766237500000003,3.5637356600000003,25.12,1021.622
1789398780,3.9549911100000004,3.5448146600000006,25.1,1021.624
1789398790,3.9333584700000004,3.5247806600000002,25.09,1021.625
1789398800,3.95318839,3.5437016600000004,25.09,1021.623
1789398810,3.9658074300000004,3.5548316600000005,25.09,1021.62
1789398820,3.9712155900000004,3.55928366,25.09,1021.623
1789398830,3.97842647,3.56596166,25.1,1021.62
1789398840,3.97482103,3.56262266,25.08,1021.621
1789398850,3.96400471,3.5537186600000004,25.1,1021.636
1789398860,3.9495829500000004,3.5403626600000004,25.09,1021.616
1789398870,3.95318839,3.5437016600000004,25.08,1021.604
1789398880,3.96400471,3.5537186600000004,25.08,1021.609
1789398890,3.9910455100000006,3.5770916600000002,25.1,1021.604
1789398900,4.00546727,3.5893346600000005,25.08,1021.61
1789398910,3.9982563900000003,3.58376966,25.05,1021.599
1789398920,3.9964536700000006,3.3867686600000004,25.08,1021.599
1789398930,3.9856373499999997,3.42349766,25.09,1021.599
1789398940,3.97301831,3.5615096600000005,25.09,1021.596
1789398950,3.9820319100000003,3.5704136600000003,25.05,1021.593
1789398960,3.98383463,3.5715266600000004,25.09,1021.607
1789398970,3.9820319100000003,3.56930066,25.08,1021.597
1789398980,3.98924279,3.58710866,25.06,1021.598
1789398990,3.9820319100000003,3.1530386600000004,25.05,1021.593
1789399000,3.9766237500000003,3.5637356600000003,25.06,1021.587
1789399010,3.9766237500000003,3.5648486600000004,25.08,1021.591
1789399020,3.98383463,3.5704136600000003,25.1,1021.587
1789399030,3.98924279,3.4802606600000003,25.09,1021.579
1789399040,3.97842647,3.3199886600000004,25.06,1021.585
1789399050,3.97482103,3.56262266,25.09,1021.581
1789399060,3.9964536700000006,3.5826566600000005,25.08,1021.576
1789399070,3.9964536700000006,3.5815436600000004,25.08,1021.575
1789399080,3.9982563900000003,3.4702436600000004,25.08,1021.577
1789399090,3.99465095,3.5815436600000004,25.08,1021.576
1789399100,3.9964536700000006,3.5826566600000005,25.08,1021.567
1789399110,3.9874400700000003,3.5737526600000002,25.08,1021.56
1789399120,3.9802291899999998,3.5670746600000003,25.05,1021.561
1789399130,3.9712155900000004,3.55928366,25.05,1021.58
1789399140,3.9766237500000003,3.5648486600000004,25.06,1021.559
1789399150,3.96400471,3.5514926600000005,25.03,1021.555
1789399160,3.9603992700000004,3.5503796600000004,25.03,1021.55
1789399170,3.97842647,3.56596166,25.05,1021.545
1789399180,3.9910455100000006,3.5782046600000004,25.05,1021.538
1789399190,3.9856373499999997,3.5726396600000005,25.05,1021.537
1789399200,4.00005911,3.58710866,25.05,1021.528
1789399210,4.00907271,3.59378666,25.05,1021.527
1789399220,4.00546727,3.5915606600000003,25.03,1021.511
1789399230,4.00726999,3.5926736600000004,25.03,1021.506
1789399240,4.00186183,3.5882216600000003,25.03,1021.533
1789399250,4.01988903,3.6026906600000004,25.03,1021.494
1789399260,4.01988903,3.6038036600000005,25.03,1021.496
1789399270,4.02349447,3.6060296600000004,25.05,1021.462
1789399280,4.02529719,3.60825566,25.06,1021.485
1789399290,4.01988903,3.6038036600000005,25.03,1021.491
1789399300,4.01267815,3.5971256600000006,25.03,1021.493
1789399310,4.00546727,3.59044766,25.05,1021.493
1789399320,4.00546727,3.59044766,25.05,1021.491
1789399330,3.9982563900000003,3.58376966,25.02,1021.492
1789399340,3.97482103,3.5637356600000003,25.02,1021.492
1789399350,3.9910455100000006,3.5770916600000002,25.03,1021.493
1789399360,3.98924279,3.5759786600000005,25.05,1021.493
1789399370,3.9766237500000003,3.5648486600000004,25.02,1021.488
1789399380,3.9658074300000004,3.5548316600000005,25.05,1021.521
1789399390,3.96941287,3.5570576600000003,25.05,1021.487
1789399400,3.9874400700000003,3.5737526600000002,25.03,1021.48
1789399410,3.9964536700000006,3.5815436600000004,25.03,1021.479
1789399420,4.00366455,3.5893346600000005,25.03,1021.479
1789399430,4.01087543,3.5948996600000003,25.05,1021.49
1789399440,4.01448087,3.5993516600000004,25.05,1021.481
1789399450,4.00366455,3.5893346600000005,25.06,1021.481
1789399460,3.96761015,3.55594466,25.05,1021.477
1789399470,3.9423720700000002,3.5325716600000003,25.03,1021.478
1789399480,3.9279503100000004,3.5203286600000006,25.03,1021.475
1789399490,3.9153312700000003,3.5091986600000005,25.03,1021.472
1789399500,3.89730407,3.4936166600000003,25.05,1021.468
1789399510,3.90271223,3.4969556600000002,25.03,1021.498
1789399520,3.9207394300000002,3.5125376600000005,25.03,1021.496
1789399530,3.92434487,3.5181026600000003,25.03,1021.447
1789399540,3.94597751,3.5370236600000005,25.05,1021.456
1789399550,3.96400471,3.55260566,25.03,1021.461
1789399560,3.97482103,3.5637356600000003,25.03,1021.458
1789399570,3.99465095,3.58043066,25.02,1021.455
1789399580,4.00366455,3.5893346600000005,25.0,1021.457
1789399590,4.00005911,3.5859956600000005,25.02,1021.456
1789399600,3.9964536700000006,3.58376966,25.03,1021.446
1789399610,3.97842647,3.56596166,24.99,1021.437
1789399620,3.96941287,3.55928366,24.99,1021.44
1789399630,3.9477802300000002,3.53813666,24.99,1021.433
1789399640,3.9369639100000002,3.52811966,25.02,1021.428
1789399650,3.96400471,3.55260566,24.99,1021.423
1789399660,3.9910455100000006,3.5793176600000005,24.99,1021.425
1789399670,4.01448087,3.5993516600000004,24.99,1021.421
1789399680,4.01448087,3.6004646600000005,25.0,1021.414
1789399690,4.01448087,3.5181026600000003,25.02,1021.413
1789399700,4.00186183,3.3133106600000004,24.99,1021.423
1789399710,4.01628359,3.6004646600000005,24.97,1021.412
1789399720,4.02349447,3.6071426600000005,24.99,1021.41
1789399730,4.01628359,3.6004646600000005,24.99,1021.416
1789399740,4.00546727,3.59044766,24.96,1021.409
1789399750,3.98924279,3.5303456600000005,24.96,1021.427
1789399760,3.9982563900000003,3.58376966,24.97,1021.403
1789399770,4.00907271,3.59378666,24.96,1021.4
1789399780,4.01988903,3.60491666,24.93,1021.402
1789399790,4.02709991,3.35671766,24.93,1021.395
1789399800,4.00907271,3.3834296600000004,24.96,1021.395
1789399810,4.00546727,3.5915606600000003,24.96,1021.392
1789399820,3.98924279,3.5759786600000005,24.96,1021.394
1789399830,3.95138567,3.5425886600000003,24.97,1021.366
1789399840,3.96220199,3.37786466,24.99,1021.379
1789399850,3.96220199,3.20312366,24.99,1021.369
1789399860,3.95859655,3.5481536600000005,25.0,1021.372
1789399870,3.9333584700000004,3.5258936600000004,24.99,1021.372
1789399880,3.9369639100000002,3.5292326600000004,25.03,1021.369
1789399890,3.97301831,3.5615096600000005,25.0,1021.367
1789399900,3.9820319100000003,3.5704136600000003,24.99,1021.367
1789399910,3.9856373499999997,3.5726396600000005,25.02,1021.364
1789399920,3.96761015,3.55594466,25.02,1021.361
1789399930,3.95679383,3.5459276600000003,25.0,1021.362
1789399940,3.9279503100000004,3.5203286600000006,25.0,1021.365
1789399950,3.89009319,3.48582566,25.0,1021.368
1789399960,3.88107959,3.4780346600000005,25.02,1021.368
1789399970,3.87927687,3.4769216600000004,24.99,1021.367
1789399980,3.86305239,3.46133966,24.97,1021.363
1789399990,3.8774741500000003,3.4746956600000005,25.0,1021.353
1789400000,3.8774741500000003,3.47580866,25.0,1021.35
1789400010,3.8720659900000003,3.4702436600000004,25.0,1021.344
1789400020,3.91352855,3.5080856600000003,25.0,1021.34
1789400030,3.94056935,3.5325716600000003,24.99,1021.336
1789400040,3.96761015,3.5581706600000005,24.99,1021.332
1789400050,3.98383463,3.5704136600000003,24.99,1021.318
1789400060,3.9928482300000003,3.5793176600000005,24.99,1021.327
1789400070,3.9820319100000003,3.5704136600000003,24.97,1021.325
1789400080,3.9658074300000004,3.5548316600000005,24.99,1021.323
1789400090,3.95679383,3.5459276600000003,24.99,1021.326
1789400100,3.9603992700000004,3.5492666600000002,25.0,1021.32
1789400110,3.95138567,3.54147566,24.99,1021.329
1789400120,3.9549911100000004,3.5448146600000006,24.97,1021.323
1789400130,3.9477802300000002,3.53813666,24.97,1021.322
1789400140,3.9207394300000002,3.5147636600000003,24.97,1021.32
1789400150,3.90631767,3.5014076600000004,24.97,1021.32
1789400160,3.89009319,3.48582566,24.99,1021.317
1789400170,3.89550135,3.4913906600000004,24.99,1021.316
1789400180,3.9099231100000003,3.50363366,24.99,1021.318
1789400190,3.9153312700000003,3.5091986600000005,25.02,1021.316
1789400200,3.9441747900000004,3.53479766,25.03,1021.312
1789400210,3.93516119,3.5270066600000005,25.03,1021.309
1789400220,3.9207394300000002,3.51365066,25.02,1021.303
1789400230,3.8936986300000003,3.48916466,25.03,1021.305
1789400240,3.87927687,3.47580866,25.05,1021.301
1789400250,3.8720659900000003,3.4702436600000004,25.05,1021.3
1789400260,3.87567143,3.4735826600000004,25.06,1021.296
1789400270,3.88107959,3.4780346600000005,25.05,1021.291
1789400280,3.8666578300000003,3.4635656600000004,25.06,1021.289
1789400290,3.88648775,3.4813736600000005,25.05,1021.287
1789400300,3.8991067900000003,3.4936166600000003,25.06,1021.289
1789400310,3.8936986300000003,3.4880516600000004,25.08,1021.284
1789400320,3.90090951,3.4947296600000004,25.08,1021.283
1789400330,3.9099231100000003,3.50363366,25.1,1021.284
1789400340,3.90631767,3.5002946600000002,25.09,1021.281
1789400350,3.91352855,3.50697266,25.08,1021.281
1789400360,3.90812039,3.5014076600000004,25.06,1021.283
1789400370,3.92434487,3.5158766600000004,25.08,1021.276
1789400380,3.9261475900000002,3.5181026600000003,25.05,1021.278
1789400390,3.9333584700000004,3.5247806600000002,25.06,1021.28
1789400400,3.9225421500000004,3.5147636600000003,25.08,1021.273
1789400410,3.9207394300000002,3.51365066,25.08,1021.277
1789400420,3.9477802300000002,3.5370236600000005,25.09,1021.277
1789400430,3.9549911100000004,3.5437016600000004,25.08,1021.276
1789400440,3.92434487,3.5158766600000004,25.09,1021.281
1789400450,3.89550135,3.4902776600000003,25.06,1021.276
1789400460,3.8774741500000003,3.4735826600000004,25.06,1021.28
1789400470,3.88468503,3.4802606600000003,25.09,1021.28
1789400480,3.88648775,3.4902776600000003,25.08,1021.281
1789400490,3.8774741500000003,3.4746956600000005,25.06,1021.285
1789400500,3.87567143,3.4724696600000002,25.08,1021.282
1789400510,3.86846055,3.1062926600000003,25.06,1021.284
1789400520,3.86485511,3.4624526600000003,25.03,1021.291
1789400530,3.87567143,3.4724696600000002,25.05,1021.29
1789400540,3.88107959,3.4780346600000005,25.05,1021.295
1789400550,3.88107959,3.3589436600000004,25.05,1021.298
1789400560,3.8828823100000003,3.4780346600000005,25.05,1021.295
1789400570,3.87567143,3.4735826600000004,25.03,1021.3
1789400580,3.88107959,3.4780346600000005,25.0,1021.306
1789400590,3.89189591,3.4869386600000003,25.06,1021.306
1789400600,3.89189591,3.4880516600000004,25.05,1021.309
1789400610,3.8828823100000003,3.47914766,25.05,1021.306
1789400620,3.8991067900000003,3.4591136600000003,25.05,1021.31
1789400630,3.90090951,3.4958426600000005,25.05,1021.307
1789400640,3.8828823100000003,3.3700736600000005,25.05,1021.31
1789400650,3.89009319,3.48582566,25.05,1021.311
1789400660,3.90090951,3.4958426600000005,25.05,1021.318
1789400670,3.90631767,3.5002946600000002,25.03,1021.316
1789400680,3.91893671,3.5114246600000003,25.02,1021.312
1789400690,3.9207394300000002,3.4847126600000005,25.03,1021.32
1789400700,3.9315557500000002,3.5236676600000005,25.05,1021.313
1789400710,3.9333584700000004,3.5247806600000002,25.02,1021.32
1789400720,3.9333584700000004,3.5258936600000004,25.03,1021.319
1789400730,3.9441747900000004,3.53479766,25.05,1021.319
1789400740,3.9333584700000004,3.5258936600000004,25.02,1021.319
1789400750,3.92434487,3.51698966,25.02,1021.321
1789400760,3.9117258300000004,3.5058596600000005,25.03,1021.327
1789400770,3.91352855,3.5080856600000003,25.02,1021.325
1789400780,3.9171339900000004,3.5114246600000003,25.02,1021.321
1789400790,3.9369639100000002,3.5292326600000004,25.03,1021.323
1789400800,3.9369639100000002,3.5270066600000005,25.03,1021.318
1789400810,3.92434487,3.51698966,25.02,1021.318
1789400820,3.92434487,3.51698966,25.06,1021.311
1789400830,3.90812039,3.5014076600000004,25.03,1021.311
1789400840,3.90090951,3.4958426600000005,25.03,1021.311
1789400850,3.89730407,3.4936166600000003,25.02,1021.311
1789400860,3.89550135,3.4902776600000003,25.02,1021.317
1789400870,3.90090951,3.4969556600000002,25.02,1021.311
1789400880,3.89189591,3.4357406600000004,25.03,1021.315
1789400890,3.8774741500000003,3.02504366,25.03,1021.32
1789400900,3.8936986300000003,3.48916466,25.02,1021.325
1789400910,3.90631767,3.5014076600000004,25.03,1021.325
1789400920,3.90631767,3.5002946600000002,25.02,1021.327
1789400930,3.8991067900000003,3.4068026600000003,25.02,1021.334
1789400940,3.90631767,3.5014076600000004,25.0,1021.324
1789400950,3.91893671,3.5125376600000005,25.03,1021.363
1789400960,3.9045149500000003,3.4980686600000004,25.02,1021.328
1789400970,3.8882904700000003,3.4813736600000005,25.0,1021.323
1789400980,3.90812039,3.5014076600000004,25.02,1021.316
1789400990,3.90271223,3.4969556600000002,24.99,1021.313
1789401000,3.89730407,3.49250366,25.02,1021.311
1789401010,3.91893671,3.5125376600000005,25.02,1021.301
1789401020,3.93516119,3.5258936600000004,25.0,1021.298
1789401030,3.95859655,3.5492666600000002,25.02,1021.3
1789401040,3.9495829500000004,3.5403626600000004,25.03,1021.295
1789401050,3.94597751,3.5370236600000005,25.03,1021.293
1789401060,3.9495829500000004,3.5403626600000004,25.02,1021.287
1789401070,3.95679383,3.5470406600000004,25.03,1021.288
1789401080,3.95318839,3.5437016600000004,25.03,1021.289
1789401090,3.9441747900000004,3.5336846600000005,25.02,1021.29
1789401100,3.9315557500000002,3.5236676600000005,25.03,1021.295
1789401110,3.9441747900000004,3.53479766,25.0,1021.292
1789401120,3.9315557500000002,3.5236676600000005,25.03,1021.284
1789401130,3.9387666300000004,3.5303456600000005,25.03,1021.28
1789401140,3.9477802300000002,3.5370236600000005,25.03,1021.279
1789401150,3.95138567,3.54147566,25.0,1021.284
1789401160,3.95859655,3.5481536600000005,25.0,1021.279
1789401170,3.95138567,3.54147566,25.0,1021.276
1789401180,3.95679383,3.5448146600000006,24.99,1021.281
1789401190,3.9549911100000004,3.5448146600000006,25.0,1021.272
1789401200,3.94597751,3.5370236600000005,24.99,1021.269
1789401210,3.9261475900000002,3.51698966,25.0,1021.273
1789401220,3.9423720700000002,3.5336846600000005,25.0,1021.268
1789401230,3.9603992700000004,3.5492666600000002,25.0,1021.267
1789401240,3.9441747900000004,3.53479766,25.0,1021.267
1789401250,3.92975303,3.5203286600000006,25.0,1021.27
1789401260,3.9171339900000004,3.51031166,25.03,1021.269
1789401270,3.9315557500000002,3.2754686600000005,25.02,1021.26
1789401280,3.9441747900000004,3.5336846600000005,25.02,1021.266
1789401290,3.9477802300000002,3.2999546600000005,25.03,1021.264
1789401300,3.95318839,3.5425886600000003,24.99,1021.265
1789401310,3.95318839,3.5437016600000004,25.02,1021.272
1789401320,3.94056935,3.53145866,25.02,1021.274
1789401330,3.9549911100000004,3.5437016600000004,25.02,1021.255
1789401340,3.9549911100000004,3.5437016600000004,24.99,1021.257
1789401350,3.93516119,3.5270066600000005,25.0,1021.26
1789401360,3.9117258300000004,3.5047466600000003,25.02,1021.252
1789401370,3.9117258300000004,3.5058596600000005,24.99,1021.251
1789401380,3.9099231100000003,3.50363366,25.0,1021.251
1789401390,3.90631767,3.4068026600000003,25.03,1021.251
1789401400,3.90090951,3.4958426600000005,25.0,1021.233
1789401410,3.9045149500000003,3.4980686600000004,25.0,1021.234
1789401420,3.92434487,3.5158766600000004,24.99,1021.233
1789401430,3.9117258300000004,3.51698966,24.99,1021.231
1789401440,3.8991067900000003,3.4936166600000003,24.99,1021.224
1789401450,3.8936986300000003,3.48916466,24.99,1021.228
1789401460,3.89009319,3.4847126600000005,24.99,1021.223
1789401470,3.8720659900000003,3.4691306600000003,25.0,1021.229
1789401480,3.86846055,3.4657916600000003,25.0,1021.237
1789401490,3.88648775,3.4835996600000003,25.0,1021.232
1789401500,3.89730407,3.49250366,25.03,1021.231
1789401510,3.90812039,3.5025206600000005,25.0,1021.235
1789401520,3.91893671,3.5114246600000003,25.03,1021.24
1789401530,3.9279503100000004,3.5203286600000006,25.03,1021.241
1789401540,3.9387666300000004,3.5292326600000004,25.02,1021.243
1789401550,3.95138567,3.5403626600000004,25.0,1021.238
1789401560,3.96400471,3.5514926600000005,25.0,1021.241
1789401570,3.96400471,3.5514926600000005,25.02,1021.246
1789401580,3.95679383,3.5459276600000003,25.0,1021.244
1789401590,3.9603992700000004,3.5492666600000002,25.02,1021.24
1789401600,3.95318839,3.5437016600000004,25.0,1021.237
1789401610,3.94597751,3.5370236600000005,24.99,1021.239
1789401620,3.9423720700000002,3.5325716600000003,25.02,1021.234
1789401630,3.94056935,3.53145866,24.99,1021.227
1789401640,3.9495829500000004,3.5392496600000003,24.96,1021.232
1789401650,3.9315557500000002,3.5225546600000004,24.99,1021.229
1789401660,3.92434487,3.47580866,25.02,1021.231
1789401670,3.9333584700000004,3.5247806600000002,24.99,1021.231
1789401680,3.9333584700000004,3.5247806600000002,24.99,1021.221
1789401690,3.95138567,3.5403626600000004,24.99,1021.225
1789401700,3.9549911100000004,3.3266666600000003,25.0,1021.225
1789401710,3.9423720700000002,3.23094866,25.0,1021.227
1789401720,3.96941287,3.5570576600000003,24.99,1021.226
1789401730,3.97482103,3.56262266,24.99,1021.233
1789401740,3.97301831,3.5603966600000003,24.99,1021.223
1789401750,3.9820319100000003,3.5681876600000004,24.99,1021.217
1789401760,3.96220199,3.5503796600000004,24.99,1021.222
1789401770,3.9369639100000002,3.5270066600000005,24.99,1021.226
1789401780,3.9279503100000004,3.5203286600000006,25.0,1021.228
1789401790,3.9117258300000004,3.5047466600000003,25.0,1021.236
1789401800,3.9099231100000003,3.50363366,25.0,1021.223
1789401810,3.90812039,3.5014076600000004,24.99,1021.225
1789401820,3.9117258300000004,3.5058596600000005,25.02,1021.226
1789401830,3.9153312700000003,3.5091986600000005,24.99,1021.223
1789401840,3.9387666300000004,3.5292326600000004,24.99,1021.229
1789401850,3.95318839,3.5425886600000003,24.99,1021.232
1789401860,3.96400471,3.5514926600000005,24.99,1021.226
1789401870,3.96761015,3.56262266,24.99,1021.225
1789401880,3.9495829500000004,3.53813666,25.0,1021.221
1789401890,3.9369639100000002,3.52811966,25.0,1021.251
1789401900,3.91893671,3.5114246600000003,25.0,1021.219
1789401910,3.91893671,3.5114246600000003,24.99,1021.219
1789401920,3.9423720700000002,3.2532086600000003,25.0,1021.221
1789401930,3.9495829500000004,3.5392496600000003,25.0,1021.219
1789401940,3.9441747900000004,3.53479766,24.99,1021.225
1789401950,3.9225421500000004,3.5147636600000003,25.0,1021.227
1789401960,3.9117258300000004,3.5058596600000005,25.0,1021.27
1789401970,3.91352855,3.5058596600000005,25.02,1021.227
1789401980,3.9117258300000004,3.5058596600000005,25.02,1021.22
1789401990,3.9369639100000002,3.5270066600000005,25.02,1021.231
1789402000,3.95138567,3.5403626600000004,25.0,1021.231
1789402010,3.9477802300000002,3.53813666,25.02,1021.233
1789402020,3.94056935,3.53145866,25.03,1021.232
1789402030,3.9477802300000002,3.53813666,25.02,1021.229
1789402040,3.96400471,3.5537186600000004,25.0,1021.22
1789402050,3.95138567,3.5403626600000004,25.0,1021.225
1789402060,3.95138567,3.54147566,24.99,1021.216
1789402070,3.9495829500000004,3.5403626600000004,24.99,1021.222
1789402080,3.93516119,3.5258936600000004,24.97,1021.221
1789402090,3.92434487,3.51698966,24.99,1021.221
1789402100,3.9279503100000004,3.5192156600000004,24.99,1021.219
1789402110,3.9387666300000004,3.5292326600000004,24.99,1021.22
1789402120,3.92975303,3.5214416600000003,24.99,1021.214
1789402130,3.9387666300000004,3.5303456600000005,25.0,1021.213
1789402140,3.9477802300000002,3.53813666,24.99,1021.207
1789402150,3.95679383,3.5470406600000004,24.97,1021.208
1789402160,3.9441747900000004,3.53479766,25.0,1021.213
1789402170,3.95138567,3.54147566,25.0,1021.212
1789402180,3.9495829500000004,3.5392496600000003,25.02,1021.206
1789402190,3.93516119,3.5270066600000005,24.99,1021.208
1789402200,3.9225421500000004,3.5147636600000003,25.02,1021.202
1789402210,3.90812039,3.5025206600000005,24.97,1021.197
1789402220,3.89189591,3.4880516600000004,25.0,1021.194
1789402230,3.8991067900000003,3.4936166600000003,24.99,1021.186
1789402240,3.90271223,3.4969556600000002,24.97,1021.18
1789402250,3.9099231100000003,3.5047466600000003,24.97,1021.178
1789402260,3.9279503100000004,3.5203286600000006,24.97,1021.181
1789402270,3.91893671,3.5125376600000005,24.99,1021.184
1789402280,3.9153312700000003,3.5091986600000005,25.0,1021.186
1789402290,3.9153312700000003,3.5091986600000005,24.99,1021.184
1789402300,3.91352855,3.50697266,25.0,1021.178
1789402310,3.90631767,3.5002946600000002,25.0,1021.178
1789402320,3.9117258300000004,3.5047466600000003,24.99,1021.174
1789402330,3.9207394300000002,3.5125376600000005,25.0,1021.168
1789402340,3.9387666300000004,3.5292326600000004,24.97,1021.161
1789402350,3.93516119,3.5258936600000004,24.99,1021.161
1789402360,3.9495829500000004,3.5392496600000003,25.0,1021.158
1789402370,3.9441747900000004,3.53479766,24.97,1021.161
1789402380,3.9477802300000002,3.5392496600000003,24.97,1021.161
1789402390,3.9279503100000004,3.5192156600000004,24.97,1021.167
1789402400,3.92975303,3.5225546600000004,25.0,1021.165
1789402410,3.92975303,3.5214416600000003,25.0,1021.169
1789402420,3.9441747900000004,3.5359106600000003,24.99,1021.169
1789402430,3.9423720700000002,3.5325716600000003,25.02,1021.168
1789402440,3.93516119,3.5258936600000004,24.99,1021.166
1789402450,3.9495829500000004,3.5392496600000003,25.02,1021.17
1789402460,3.9549911100000004,3.5448146600000006,25.0,1021.172
1789402470,3.95859655,3.5470406600000004,25.0,1021.176
1789402480,3.95138567,3.5403626600000004,25.02,1021.182
1789402490,3.90631767,3.5002946600000002,24.99,1021.18
1789402500,3.90631767,3.5014076600000004,24.99,1021.174
1789402510,3.9261475900000002,3.5181026600000003,24.97,1021.18
1789402520,3.9333584700000004,3.0895976600000004,25.02,1021.179
1789402530,3.9441747900000004,3.53479766,24.99,1021.172
1789402540,3.94597751,3.5370236600000005,25.0,1021.172
1789402550,3.9477802300000002,3.53813666,24.99,1021.175
1789402560,3.94056935,3.4847126600000005,24.99,1021.177
1789402570,3.95138567,3.54147566,24.99,1021.175
1789402580,3.94597751,3.5370236600000005,25.02,1021.174
1789402590,3.95138567,3.54147566,24.99,1021.169
1789402600,3.9387666300000004,3.5258936600000004,24.99,1021.165
1789402610,3.9225421500000004,3.4134806600000003,24.99,1021.17
1789402620,3.9171339900000004,3.51031166,24.99,1021.169
1789402630,3.9153312700000003,3.5091986600000005,25.0,1021.171
1789402640,3.91893671,3.51365066,24.99,1021.18
1789402650,3.93516119,3.38120366,25.0,1021.175
1789402660,3.9441747900000004,3.5359106600000003,24.99,1021.168
1789402670,3.92434487,3.51698966,25.0,1021.17
1789402680,3.9261475900000002,3.5203286600000006,25.0,1021.166
1789402690,3.92975303,3.5225546600000004,24.99,1021.165
1789402700,3.95318839,3.5448146600000006,25.0,1021.164
1789402710,3.9603992700000004,3.5503796600000004,25.0,1021.16
1789402720,3.9441747900000004,3.53479766,24.99,1021.161
1789402730,3.90090951,3.4969556600000002,25.0,1021.164
1789402740,3.87927687,3.4769216600000004,25.0,1021.166
1789402750,3.90090951,3.4958426600000005,25.0,1021.16
1789402760,3.9117258300000004,3.5058596600000005,24.99,1021.159
1789402770,3.9279503100000004,3.5203286600000006,24.96,1021.156
1789402780,3.95138567,3.54147566,25.0,1021.156
1789402790,3.96400471,3.5548316600000005,24.96,1021.154
1789402800,3.9387666300000004,3.5303456600000005,24.97,1021.152
1789402810,3.9387666300000004,3.06733766,24.96,1021.155
1789402820,3.94056935,3.53145866,24.97,1021.156
1789402830,3.9261475900000002,3.5192156600000004,24.96,1021.148
1789402840,3.9441747900000004,3.53479766,24.95,1021.15
1789402850,3.95318839,3.5437016600000004,24.96,1021.146
1789402860,3.9603992700000004,3.5503796600000004,24.97,1021.143
1789402870,3.9603992700000004,3.5503796600000004,24.95,1021.147
1789402880,3.96400471,3.5537186600000004,24.96,1021.144
1789402890,3.9658074300000004,3.55594466,24.96,1021.139
1789402900,3.9712155900000004,3.5603966600000003,24.96,1021.139
1789402910,3.96761015,3.55594466,24.97,1021.143
1789402920,3.96220199,3.55260566,24.96,1021.139
1789402930,3.96400471,3.5537186600000004,24.96,1021.133
1789402940,3.95679383,3.5437016600000004,24.96,1021.136
1789402950,3.96761015,3.5570576600000003,24.96,1021.134
1789402960,3.9766237500000003,3.5648486600000004,24.95,1021.131
1789402970,3.97482103,3.5637356600000003,24.96,1021.131
1789402980,3.95859655,3.5492666600000002,24.93,1021.125
1789402990,3.95859655,3.2409656600000005,24.95,1021.122
1789403000,3.97842647,3.5670746600000003,24.96,1021.117
1789403010,3.97482103,3.5637356600000003,24.95,1021.115
1789403020,3.9820319100000003,3.56930066,24.96,1021.113
1789403030,3.9766237500000003,3.56596166,24.95,1021.11
1789403040,3.96220199,3.55260566,24.95,1021.112
1789403050,3.94056935,3.53145866,24.96,1021.109
1789403060,3.95679383,3.5470406600000004,24.97,1021.102
1789403070,3.96400471,3.55260566,24.96,1021.093
1789403080,3.98383463,3.5715266600000004,24.97,1021.092
1789403090,3.9820319100000003,3.56930066,24.96,1021.093
1789403100,3.98383463,3.53813666,24.95,1021.092
1789403110,3.97842647,3.56596166,24.96,1021.095
1789403120,3.9603992700000004,3.5292326600000004,24.97,1021.092
1789403130,3.96400471,3.5537186600000004,24.97,1021.094
1789403140,3.9658074300000004,3.55594466,24.93,1021.099
1789403150,3.96400471,3.5537186600000004,24.95,1021.094
1789403160,3.95318839,3.5437016600000004,24.93,1021.094
1789403170,3.9225421500000004,3.51698966,24.93,1021.092
1789403180,3.9171339900000004,3.5114246600000003,24.96,1021.084
1789403190,3.91352855,3.5080856600000003,24.95,1021.079
1789403200,3.9333584700000004,3.5270066600000005,24.96,1021.073
1789403210,3.9603992700000004,3.5025206600000005,24.97,1021.077
1789403220,3.9712155900000004,3.55928366,24.96,1021.073
1789403230,3.97842647,3.5670746600000003,24.95,1021.071
1789403240,3.97301831,3.5615096600000005,24.97,1021.068
1789403250,3.95859655,3.5481536600000005,24.99,1021.067
1789403260,3.9279503100000004,3.5214416600000003,24.96,1021.062
1789403270,3.92975303,3.5225546600000004,24.95,1021.07
1789403280,3.94597751,3.53813666,24.97,1021.066
1789403290,3.9369639100000002,3.52811966,24.99,1021.067
1789403300,3.9261475900000002,3.5181026600000003,25.0,1021.065
1789403310,3.9171339900000004,3.51031166,24.99,1021.064
1789403320,3.9279503100000004,3.5203286600000006,25.0,1021.064
1789403330,3.9387666300000004,3.5303456600000005,24.99,1021.059
1789403340,3.94056935,3.53145866,24.96,1021.067
1789403350,3.9369639100000002,3.5292326600000004,24.99,1021.065
1789403360,3.9441747900000004,3.4045766600000005,25.0,1021.062
1789403370,3.9261475900000002,3.5192156600000004,24.97,1021.063
1789403380,3.9099231100000003,3.40902866,24.96,1021.059
1789403390,3.90631767,3.5014076600000004,24.99,1021.059
1789403400,3.9045149500000003,3.5002946600000002,24.99,1021.059
1789403410,3.92975303,3.5236676600000005,24.99,1021.054
1789403420,3.94056935,3.53145866,24.99,1021.056
1789403430,3.9477802300000002,3.2910506600000002,25.0,1021.054
1789403440,3.94597751,3.5370236600000005,25.0,1021.055
1789403450,3.9207394300000002,3.51365066,25.02,1021.052
1789403460,3.90812039,3.50363366,25.02,1021.056
1789403470,3.9117258300000004,3.50697266,24.99,1021.059
1789403480,3.87927687,3.4780346600000005,24.99,1021.063
1789403490,3.88648775,3.4835996600000003,25.02,1021.064
1789403500,3.87026327,3.4680176600000006,25.02,1021.066
1789403510,3.87927687,3.4769216600000004,24.99,1021.063
1789403520,3.88468503,3.48248666,25.02,1021.071
1789403530,3.8991067900000003,3.4947296600000004,24.99,1021.067
1789403540,3.90271223,3.4991816600000005,24.99,1021.065
1789403550,3.9153312700000003,3.5091986600000005,25.02,1021.063
1789403560,3.9279503100000004,3.5214416600000003,25.02,1021.066
1789403570,3.94056935,3.4424186600000004,25.0,1021.068
1789403580,3.93516119,3.14413466,25.03,1021.07
1789403590,3.9423720700000002,3.53479766,25.0,1021.063
1789403600,3.9369639100000002,3.5292326600000004,25.02,1021.061
1789403610,3.9387666300000004,3.5325716600000003,24.99,1021.061
1789403620,3.95679383,3.5470406600000004,25.0,1021.063
1789403630,3.96220199,3.55260566,25.03,1021.062
1789403640,3.96400471,3.5548316600000005,25.02,1021.063
1789403650,3.96400471,3.5548316600000005,24.99,1021.054
1789403660,3.96941287,3.5581706600000005,24.96,1021.059
1789403670,3.95679383,3.5481536600000005,24.99,1021.06
1789403680,3.95138567,3.5425886600000003,25.0,1021.061
1789403690,3.9441747900000004,3.53479766,25.0,1021.058
1789403700,3.9387666300000004,3.53145866,25.0,1021.057
1789403710,3.9279503100000004,3.5214416600000003,24.96,1021.056
1789403720,3.9315557500000002,3.5247806600000002,24.97,1021.062
1789403730,3.9333584700000004,3.5258936600000004,24.97,1021.054
1789403740,3.94056935,3.5325716600000003,25.0,1021.048
1789403750,3.9387666300000004,3.5303456600000005,24.97,1021.047
1789403760,3.9387666300000004,3.53145866,24.99,1021.041
1789403770,3.9387666300000004,3.5303456600000005,24.97,1021.038
1789403780,3.92975303,3.5225546600000004,25.0,1021.036
1789403790,3.94056935,3.5336846600000005,25.0,1021.034
1789403800,3.94597751,3.4290626600000005,24.97,1021.037
1789403810,3.93516119,3.1741856600000005,25.0,1021.031
1789403820,3.9369639100000002,3.5303456600000005,24.97,1021.033
1789403830,3.94056935,3.5325716600000003,24.96,1021.038
1789403840,3.96220199,3.4713566600000005,24.95,1021.037
1789403850,3.95679383,3.1830896600000003,24.96,1021.035
1789403860,3.9658074300000004,3.5570576600000003,24.93,1021.035
1789403870,3.9477802300000002,3.5392496600000003,24.95,1021.033
1789403880,3.9441747900000004,3.5370236600000005,24.96,1021.033
1789403890,3.95318839,3.5448146600000006,24.95,1021.027
1789403900,3.9369639100000002,3.5303456600000005,24.95,1021.028
1789403910,3.9261475900000002,3.4669046600000004,24.96,1021.028
1789403920,3.92434487,3.5181026600000003,24.95,1021.03
1789403930,3.9279503100000004,3.5225546600000004,24.95,1021.03
1789403940,3.9315557500000002,3.5258936600000004,24.95,1021.023
1789403950,3.9549911100000004,3.4390796600000004,24.95,1021.026
1789403960,3.9387666300000004,3.1307786600000003,24.95,1021.026
1789403970,3.9369639100000002,3.5292326600000004,24.95,1021.026
1789403980,3.9333584700000004,3.5258936600000004,24.95,1021.027
1789403990,3.92434487,3.5192156600000004,24.95,1021.026
1789404000,3.9279503100000004,3.4535486600000005,24.95,1021.029
1789404010,3.94056935,3.5336846600000005,24.96,1021.031
1789404020,3.93516119,3.52811966,24.95,1021.031
1789404030,3.9333584700000004,3.5258936600000004,24.95,1021.03
1789404040,3.9387666300000004,3.53145866,24.95,1021.027
1789404050,3.92434487,3.5181026600000003,24.96,1021.024
1789404060,3.9261475900000002,3.5203286600000006,24.97,1021.024
1789404070,3.9315557500000002,3.5247806600000002,24.97,1021.018
1789404080,3.9225421500000004,3.0651116600000003,24.96,1021.017
1789404090,3.9495829500000004,3.5403626600000004,24.97,1021.017
1789404100,3.9603992700000004,3.5503796600000004,25.0,1021.016
1789404110,3.95138567,3.5425886600000003,24.96,1021.018
1789404120,3.94597751,3.53813666,24.97,1021.018
1789404130,3.9333584700000004,3.5270066600000005,25.0,1021.018
1789404140,3.9441747900000004,3.5370236600000005,24.97,1021.02
1789404150,3.95138567,3.5437016600000004,24.95,1021.011
1789404160,3.95138567,3.5425886600000003,24.97,1021.013
1789404170,3.9477802300000002,3.5403626600000004,24.97,1021.012
1789404180,3.96220199,3.5537186600000004,24.97,1021.013
1789404190,3.95318839,3.5448146600000006,24.97,1021.015
1789404200,3.96400471,3.5548316600000005,24.96,1021.014
1789404210,3.95318839,3.5448146600000006,24.97,1021.008
1789404220,3.9423720700000002,3.53479766,24.97,1021.002
1789404230,3.94597751,3.53813666,24.96,1021.002
1789404240,3.94597751,3.5370236600000005,24.96,1021.001
1789404250,3.9315557500000002,3.5258936600000004,24.99,1021.004
1789404260,3.93516119,3.52811966,24.97,1021.001
1789404270,3.8936986300000003,3.4902776600000003,24.95,1021.002
1789404280,3.8774741500000003,3.47580866,24.96,1020.999
1789404290,3.8882904700000003,3.48582566,24.95,1020.996
1789404300,3.8882904700000003,3.4869386600000003,24.95,1020.995
1789404310,3.87567143,3.4746956600000005,24.95,1020.995
1789404320,3.8666578300000003,3.4669046600000004,24.93,1020.991
1789404330,3.87026327,3.4702436600000004,24.96,1020.996
1789404340,3.8828823100000003,3.48248666,24.96,1021.003
1789404350,3.88468503,3.4835996600000003,24.95,1021.001
1789404360,3.88468503,3.4835996600000003,24.93,1020.995
1789404370,3.8882904700000003,3.48582566,24.97,1020.999
1789404380,3.89730407,3.4947296600000004,24.97,1020.997
1789404390,3.9045149500000003,3.5014076600000004,24.96,1021.005
1789404400,3.90090951,3.4980686600000004,24.97,1020.992
1789404410,3.89009319,3.4880516600000004,24.95,1021.004
1789404420,3.88648775,3.4835996600000003,24.96,1021.001
1789404430,3.89550135,3.4936166600000003,24.97,1021.003
1789404440,3.90631767,3.5025206600000005,24.96,1021.003
1789404450,3.92975303,3.5236676600000005,24.96,1021.003
1789404460,3.9441747900000004,3.5370236600000005,25.0,1021.001
1789404470,3.95679383,3.5481536600000005,24.99,1021.0
1789404480,3.95679383,3.5481536600000005,24.97,1021.004
1789404490,3.95859655,3.5503796600000004,24.97,1021.0
1789404500,3.9603992700000004,3.55260566,24.97,1021.0
1789404510,3.9603992700000004,3.5514926600000005,25.02,1021.002
1789404520,3.97301831,3.56262266,24.97,1021.002
1789404530,3.9856373499999997,3.5748656600000004,24.99,1021.009
1789404540,3.98383463,3.5726396600000005,24.99,1021.006
1789404550,3.9820319100000003,3.5704136600000003,25.0,1021.006
1789404560,3.97842647,3.5670746600000003,25.0,1021.007
1789404570,3.96220199,3.55260566,25.0,1021.007
1789404580,3.95679383,3.5481536600000005,25.0,1021.006
1789404590,3.95138567,3.5437016600000004,25.0,1021.009
1789404600,3.9279503100000004,3.5214416600000003,25.0,1021.012
1789404610,3.90812039,3.5047466600000003,24.97,1021.017
1789404620,3.9045149500000003,3.5002946600000002,24.97,1021.016
1789404630,3.9225421500000004,3.51698966,24.99,1021.017
1789404640,3.92975303,3.5225546600000004,25.02,1021.022
1789404650,3.9225421500000004,3.5158766600000004,25.0,1021.023
1789404660,3.9261475900000002,3.5203286600000006,25.0,1021.017
1789404670,3.92975303,3.5225546600000004,25.0,1021.016
1789404680,3.92975303,3.5225546600000004,25.02,1021.018
1789404690,3.92975303,3.5225546600000004,25.02,1021.023
1789404700,3.9387666300000004,3.53145866,25.03,1021.019
1789404710,3.9423720700000002,3.53479766,25.0,1021.021
1789404720,3.95138567,3.5425886600000003,25.0,1021.021
1789404730,3.9477802300000002,3.5392496600000003,25.02,1021.025
1789404740,3.9477802300000002,3.5403626600000004,25.0,1021.026
1789404750,3.95318839,3.5437016600000004,25.02,1021.028
1789404760,3.9477802300000002,3.5392496600000003,25.05,1021.028
1789404770,3.96220199,3.55260566,25.03,1021.028
1789404780,3.96400471,3.5537186600000004,25.02,1021.029
1789404790,3.9549911100000004,3.5459276600000003,25.06,1021.028
1789404800,3.9495829500000004,3.5403626600000004,25.08,1021.031
1789404810,3.95318839,3.5448146600000006,25.08,1021.03
1789404820,3.9423720700000002,3.53479766,25.03,1021.028
1789404830,3.92975303,3.5225546600000004,25.06,1021.031
1789404840,3.9261475900000002,3.5192156600000004,25.05,1021.036
1789404850,3.9477802300000002,3.5392496600000003,25.06,1021.025
1789404860,3.94597751,3.5370236600000005,25.06,1021.02
1789404870,3.9477802300000002,3.5392496600000003,25.06,1021.02
1789404880,3.94597751,3.53813666,25.05,1021.017
1789404890,3.9387666300000004,3.53145866,25.06,1021.013
1789404900,3.95138567,3.5425886600000003,25.06,1021.018
1789404910,3.9549911100000004,3.5470406600000004,25.06,1021.017
1789404920,3.9549911100000004,3.5459276600000003,25.05,1021.013
1789404930,3.9477802300000002,3.5392496600000003,25.05,1021.008
1789404940,3.94597751,3.53813666,25.03,1021.009
1789404950,3.9477802300000002,3.5403626600000004,25.05,1021.002
1789404960,3.9423720700000002,3.53479766,25.03,1020.999
1789404970,3.94597751,3.5370236600000005,25.08,1020.994
1789404980,3.9441747900000004,3.5359106600000003,25.05,1020.996
1789404990,3.9441747900000004,3.5359106600000003,25.06,1020.987
1789405000,3.9477802300000002,3.5392496600000003,25.08,1020.989
1789405010,3.9495829500000004,3.54147566,25.05,1020.984
1789405020,3.9549911100000004,3.5470406600000004,25.05,1020.984
1789405030,3.96941287,3.5603966600000003,25.06,1020.983
1789405040,3.96761015,3.5581706600000005,25.06,1020.982
1789405050,3.96941287,3.55928366,25.05,1020.977
1789405060,3.96761015,3.5570576600000003,25.05,1020.979
1789405070,3.96761015,3.5570576600000003,25.05,1020.977
1789405080,3.95138567,3.5437016600000004,25.03,1020.98
1789405090,3.94597751,3.5370236600000005,25.03,1020.979
1789405100,3.93516119,3.5292326600000004,25.06,1020.991
1789405110,3.95318839,3.5448146600000006,25.03,1020.978
1789405120,3.97842647,3.5670746600000003,25.06,1020.976
1789405130,3.97301831,3.56262266,25.06,1020.982
1789405140,3.97482103,3.5637356600000003,25.03,1020.979
1789405150,3.9766237500000003,3.56596166,25.03,1020.979
1789405160,3.98383463,3.5726396600000005,25.02,1020.976
1789405170,3.9802291899999998,3.5681876600000004,25.02,1020.968
1789405180,3.97842647,3.5670746600000003,25.06,1020.98
1789405190,3.98924279,3.5770916600000002,25.06,1020.972
1789405200,3.9874400700000003,3.5748656600000004,25.08,1020.975
1789405210,3.98383463,3.5715266600000004,25.06,1020.97
1789405220,3.9802291899999998,3.5681876600000004,25.06,1020.967
1789405230,3.96400471,3.5537186600000004,25.06,1020.968
1789405240,3.96941287,3.55928366,25.06,1020.967
1789405250,3.9603992700000004,3.5514926600000005,25.05,1020.97
1789405260,3.95859655,3.5481536600000005,25.06,1020.971
1789405270,3.9549911100000004,3.5470406600000004,25.08,1020.969
1789405280,3.96400471,3.5548316600000005,25.09,1020.972
1789405290,3.9603992700000004,3.5503796600000004,25.08,1020.969
1789405300,3.9477802300000002,3.5392496600000003,25.09,1020.973
1789405310,3.95859655,3.5492666600000002,25.08,1020.977
1789405320,3.96761015,3.5581706600000005,25.09,1020.971
1789405330,3.95859655,3.5492666600000002,25.1,1020.971
1789405340,3.95318839,3.5448146600000006,25.09,1020.975
1789405350,3.9423720700000002,3.53479766,25.09,1020.971
1789405360,3.9387666300000004,3.5325716600000003,25.08,1020.975
1789405370,3.9495829500000004,3.54147566,25.08,1020.975
1789405380,3.9477802300000002,3.5392496600000003,25.06,1020.976
1789405390,3.92434487,3.5192156600000004,25.06,1020.973
1789405400,3.9369639100000002,3.5303456600000005,25.06,1020.97
1789405410,3.95138567,3.5425886600000003,25.06,1020.971
1789405420,3.9712155900000004,3.5603966600000003,25.06,1020.973
1789405430,3.97301831,3.56262266,25.03,1020.972
1789405440,3.96941287,3.55928366,25.03,1020.972
1789405450,3.96941287,3.5603966600000003,25.05,1020.972
1789405460,3.9802291899999998,3.5704136600000003,25.03,1020.974
1789405470,3.9766237500000003,3.5670746600000003,25.05,1020.972
1789405480,3.95138567,3.5425886600000003,25.03,1020.97
1789405490,3.94056935,3.5336846600000005,25.03,1020.968
1789405500,3.9477802300000002,3.5403626600000004,25.0,1020.972
1789405510,3.94597751,3.53813666,25.03,1020.966
1789405520,3.95859655,3.5514926600000005,25.02,1020.967
1789405530,3.95859655,3.5514926600000005,24.99,1020.968
1789405540,3.9603992700000004,3.55260566,24.97,1020.966
1789405550,3.9603992700000004,3.55260566,25.0,1020.967
1789405560,3.95318839,3.5459276600000003,25.0,1020.971
1789405570,3.95318839,3.5459276600000003,25.0,1020.962
1789405580,3.96761015,3.55928366,25.0,1020.964
1789405590,3.9603992700000004,3.5514926600000005,25.02,1020.962
1789405600,3.96400471,3.55594466,24.99,1020.966
1789405610,3.9549911100000004,3.5470406600000004,24.99,1020.964
1789405620,3.93516119,3.5292326600000004,25.0,1020.97
1789405630,3.92975303,3.5236676600000005,25.02,1020.968
1789405640,3.90631767,3.50363366,25.0,1020.967
1789405650,3.8882904700000003,3.4869386600000003,24.97,1020.97
1789405660,3.8882904700000003,3.4880516600000004,25.02,1020.971
1789405670,3.9045149500000003,3.5025206600000005,25.0,1020.97
1789405680,3.93516119,3.5303456600000005,24.99,1020.976
1789405690,3.93516119,3.5292326600000004,25.03,1020.976
1789405700,3.95318839,3.5459276600000003,24.97,1020.976
1789405710,3.93516119,3.5303456600000005,25.0,1020.974
1789405720,3.9423720700000002,3.53479766,24.96,1020.975
1789405730,3.94597751,3.53813666,24.99,1020.972
1789405740,3.9387666300000004,3.5325716600000003,24.97,1020.977
1789405750,3.9207394300000002,3.51698966,24.97,1020.977
1789405760,3.9045149500000003,3.5014076600000004,24.97,1020.981
1789405770,3.89550135,3.4947296600000004,24.96,1020.98
1789405780,3.93516119,3.5303456600000005,24.96,1020.984
1789405790,3.95859655,3.5514926600000005,24.97,1020.987
1789405800,3.96941287,3.5615096600000005,24.96,1020.986
1789405810,3.97301831,3.5637356600000003,24.96,1020.985
1789405820,3.95679383,3.5492666600000002,24.96,1020.987
1789405830,3.9549911100000004,3.5470406600000004,24.96,1020.983
1789405840,3.95138567,3.5459276600000003,24.95,1020.985
1789405850,3.95318839,3.5459276600000003,24.97,1020.985
1789405860,3.94056935,3.53479766,24.95,1020.985
1789405870,3.9603992700000004,3.55260566,24.93,1020.983
1789405880,3.95859655,3.5503796600000004,24.95,1020.985
1789405890,3.96400471,3.55594466,24.95,1020.986
1789405900,3.95138567,3.5459276600000003,24.95,1020.983
1789405910,3.95318839,3.5470406600000004,24.93,1020.986
1789405920,3.9315557500000002,3.5270066600000005,24.95,1020.992
1789405930,3.90090951,3.4991816600000005,24.96,1020.989
1789405940,3.8828823100000003,3.48248666,24.97,1020.988
1789405950,3.88468503,3.4835996600000003,24.95,1020.991
1789405960,3.87927687,3.4813736600000005,24.95,1020.995
1789405970,3.8828823100000003,3.48248666,24.96,1020.993
1789405980,3.90271223,3.5014076600000004,24.95,1020.992
1789405990,3.9207394300000002,3.5181026600000003,24.96,1020.995
1789406000,3.9207394300000002,3.5181026600000003,24.96,1020.999
1789406010,3.9279503100000004,3.5247806600000002,24.93,1020.997
1789406020,3.9387666300000004,3.5336846600000005,24.92,1021.003
1789406030,3.95138567,3.5459276600000003,24.93,1021.007
1789406040,3.9387666300000004,3.5336846600000005,24.95,1021.002
1789406050,3.9477802300000002,3.5425886600000003,24.95,1021.004
1789406060,3.9495829500000004,3.5425886600000003,24.95,1021.007
1789406070,3.9495829500000004,3.5425886600000003,24.96,1021.008
1789406080,3.95318839,3.5470406600000004,24.92,1021.008
1789406090,3.96941287,3.5603966600000003,24.95,1021.003
1789406100,3.9802291899999998,3.5715266600000004,24.93,1021.005
1789406110,3.98383463,3.5748656600000004,24.92,1021.003
1789406120,3.99465095,3.58376966,24.95,1021.001
1789406130,3.9982563900000003,3.58710866,24.93,1021.002
1789406140,3.9928482300000003,3.58376966,24.92,1021.002
1789406150,3.9856373499999997,3.5748656600000004,24.93,1020.995
1789406160,3.99465095,3.58376966,24.93,1021.001
1789406170,3.9874400700000003,3.5782046600000004,24.9,1021.0
1789406180,3.9856373499999997,3.5770916600000002,24.9,1021.002
1789406190,3.97842647,3.56930066,24.92,1021.0
1789406200,3.9603992700000004,3.55260566,24.92,1021.003
1789406210,3.9658074300000004,3.5581706600000005,24.89,1021.002
1789406220,3.94597751,3.5392496600000003,24.9,1021.002
1789406230,3.94056935,3.5359106600000003,24.9,1021.004
1789406240,3.9423720700000002,3.5370236600000005,24.92,1021.009
1789406250,3.9495829500000004,3.5437016600000004,24.9,1021.011
1789406260,3.95859655,3.5514926600000005,24.89,1021.015
1789406270,3.9603992700000004,3.5537186600000004,24.89,1021.014
1789406280,3.95679383,3.5503796600000004,24.9,1021.017
1789406290,3.9658074300000004,3.5570576600000003,24.89,1021.018
1789406300,3.95859655,3.5514926600000005,24.89,1021.017
1789406310,3.95679383,3.5492666600000002,24.89,1021.021
1789406320,3.95318839,3.5459276600000003,24.92,1021.021
1789406330,3.9477802300000002,3.5403626600000004,24.93,1021.024
1789406340,3.94597751,3.5403626600000004,24.93,1021.025
1789406350,3.9477802300000002,3.54147566,24.93,1021.029
1789406360,3.96400471,3.55594466,24.92,1021.029
1789406370,3.97301831,3.5637356600000003,24.93,1021.028
1789406380,3.9802291899999998,3.5704136600000003,24.92,1021.031
1789406390,3.97842647,3.5704136600000003,24.95,1021.027
1789406400,3.98924279,3.5793176600000005,24.93,1021.023
1789406410,3.9802291899999998,3.5715266600000004,24.93,1021.017
1789406420,3.9712155900000004,3.56262266,24.92,1021.013
1789406430,3.9820319100000003,3.5726396600000005,24.93,1021.011
1789406440,3.98383463,3.5737526600000002,24.92,1021.008
1789406450,3.9766237500000003,3.5681876600000004,24.93,1021.011
1789406460,3.97842647,3.56930066,24.96,1021.009
1789406470,3.9820319100000003,3.5715266600000004,24.92,1020.999
1789406480,3.9820319100000003,3.5726396600000005,24.92,1020.997
1789406490,3.9658074300000004,3.5581706600000005,24.92,1021.005
1789406500,3.9712155900000004,3.5637356600000003,24.92,1021.0
1789406510,3.9802291899999998,3.5726396600000005,24.93,1021.001
1789406520,3.9802291899999998,3.5715266600000004,24.93,1020.999
1789406530,3.98383463,3.5737526600000002,24.95,1020.998
1789406540,3.9802291899999998,3.5715266600000004,24.93,1021.003
1789406550,3.9928482300000003,3.5815436600000004,24.95,1020.996
1789406560,4.00186183,3.5893346600000005,24.95,1020.995
1789406570,4.00366455,3.5915606600000003,24.97,1020.996
1789406580,4.00726999,3.5948996600000003,24.96,1020.993
1789406590,4.00907271,3.5971256600000006,24.97,1020.992
1789406600,4.00186183,3.59044766,24.93,1020.99
1789406610,3.9874400700000003,3.5770916600000002,24.95,1020.987
1789406620,3.99465095,3.58376966,24.96,1020.984
1789406630,3.98383463,3.5726396600000005,24.96,1020.983
1789406640,3.9820319100000003,3.5715266600000004,24.96,1020.978
1789406650,3.9712155900000004,3.5615096600000005,24.96,1020.974
1789406660,3.9874400700000003,3.5770916600000002,24.99,1020.98
1789406670,3.9802291899999998,3.5704136600000003,24.99,1020.975
1789406680,3.96220199,3.5537186600000004,24.97,1020.974
1789406690,3.9549911100000004,3.5459276600000003,24.97,1020.975
1789406700,3.9477802300000002,3.5403626600000004,24.97,1020.973
1789406710,3.9495829500000004,3.5425886600000003,24.97,1020.969
1789406720,3.95679383,3.5481536600000005,24.97,1020.969
1789406730,3.9712155900000004,3.5615096600000005,24.99,1020.965
1789406740,3.9820319100000003,3.5715266600000004,24.96,1020.964
1789406750,3.9802291899999998,3.5704136600000003,24.99,1020.964
1789406760,3.9856373499999997,3.5737526600000002,25.0,1020.961
1789406770,3.97482103,3.5648486600000004,24.99,1020.963
1789406780,3.9856373499999997,3.5737526600000002,25.0,1020.962
1789406790,3.9802291899999998,3.56930066,25.0,1020.965
1789406800,3.9766237500000003,3.5670746600000003,25.0,1020.962
1789406810,3.9820319100000003,3.5704136600000003,24.99,1020.959
1789406820,3.9658074300000004,3.5570576600000003,25.0,1020.959
1789406830,3.9856373499999997,3.5737526600000002,25.0,1020.961
1789406840,3.9874400700000003,3.5759786600000005,24.99,1020.955
1789406850,3.9802291899999998,3.56930066,25.0,1020.955
1789406860,3.97842647,3.5681876600000004,24.96,1020.953
1789406870,3.98383463,3.5726396600000005,24.99,1020.955
1789406880,3.9874400700000003,3.5759786600000005,25.0,1020.95
1789406890,3.97842647,3.5681876600000004,25.02,1020.948
1789406900,3.9802291899999998,3.5704136600000003,25.03,1020.985
1789406910,3.9856373499999997,3.5748656600000004,25.03,1020.957
1789406920,3.9766237500000003,3.56596166,25.0,1020.953
1789406930,3.9928482300000003,3.58043066,24.99,1020.955
1789406940,3.9982563900000003,3.58710866,25.02,1020.945
1789406950,4.00546727,3.5926736600000004,24.99,1020.958
1789406960,4.00546727,3.59378666,25.02,1020.963
1789406970,4.00907271,3.5960126600000004,25.0,1020.96
1789406980,4.00726999,3.5948996600000003,25.0,1020.957
1789406990,4.01087543,3.5982386600000003,25.0,1020.959
1789407000,4.01087543,3.5971256600000006,25.02,1020.958
1789407010,4.00907271,3.5960126600000004,25.02,1020.958
1789407020,4.00726999,3.59378666,25.0,1020.959
1789407030,4.00907271,3.5948996600000003,25.0,1020.964
1789407040,4.00186183,3.5893346600000005,25.0,1020.955
1789407050,4.00005911,3.58710866,25.02,1020.95
1789407060,3.9982563900000003,3.5859956600000005,25.0,1020.963
1789407070,4.00366455,3.5915606600000003,25.03,1020.95
1789407080,4.00907271,3.5960126600000004,25.0,1020.956
1789407090,4.00907271,3.5960126600000004,25.02,1020.957
1789407100,4.00907271,3.5960126600000004,25.0,1020.955
1789407110,4.00726999,3.5948996600000003,25.03,1020.956
1789407120,4.00907271,3.5948996600000003,25.03,1020.956
1789407130,4.00726999,3.59378666,25.02,1020.956
1789407140,4.00726999,3.59378666,25.05,1020.955
1789407150,4.00546727,3.5926736600000004,25.05,1020.956
1789407160,4.00726999,3.59378666,25.05,1020.961
1789407170,4.00907271,3.5960126600000004,25.03,1020.965
1789407180,4.00186183,3.5882216600000003,25.03,1020.96
1789407190,3.99465095,3.5826566600000005,25.03,1020.959
1789407200,4.00186183,3.5893346600000005,25.03,1020.962
1789407210,4.00186183,3.5893346600000005,25.03,1020.967
1789407220,3.9982563900000003,3.5859956600000005,25.05,1020.964
1789407230,3.9856373499999997,3.5748656600000004,25.02,1020.962
1789407240,3.96941287,3.5603966600000003,25.02,1020.962
1789407250,3.95318839,3.5470406600000004,25.0,1020.961
1789407260,3.94056935,3.5359106600000003,25.02,1020.966
1789407270,3.9261475900000002,3.5225546600000004,25.0,1020.965
1789407280,3.9279503100000004,3.5236676600000005,25.0,1020.967
1789407290,3.9153312700000003,3.51365066,24.99,1020.967
1789407300,3.9171339900000004,3.5158766600000004,24.99,1020.967
1789407310,3.8882904700000003,3.4880516600000004,24.99,1020.963
1789407320,3.8558415100000003,3.4602266600000005,24.97,1020.964
1789407330,3.83240615,3.4390796600000004,25.02,1020.963
1789407340,3.8179843900000003,3.4257236600000005,24.96,1020.964
1789407350,3.79274631,3.4034636600000003,24.96,1020.963
1789407360,3.7855354300000004,3.3967856600000004,24.96,1020.96
1789407370,3.7675082300000002,3.38120366,24.97,1020.962
1789407380,3.7584946300000004,3.3722996600000004,24.97,1020.959
1789407390,3.73145383,3.3489266600000005,24.99,1020.962
1789407400,3.73145383,3.3489266600000005,24.97,1020.965
1789407410,3.7080184700000003,3.3277796600000005,24.96,1020.968
1789407420,3.7134266300000003,3.33223166,24.95,1020.972
1789407430,3.71522935,3.3333446600000003,24.96,1020.961
1789407440,3.6972021500000003,3.3166496600000004,24.95,1020.958
1789407450,3.67737223,3.2988416600000003,24.96,1020.963
1789407460,3.6755695100000003,3.2966156600000005,24.95,1020.967
1789407470,3.66835863,3.2899376600000005,24.95,1020.96
1789407480,3.66835863,3.2899376600000005,24.93,1020.965
1789407490,3.6593450300000003,3.2821466600000004,24.96,1020.965
1789407500,3.6647531900000003,3.28659866,24.95,1020.965
1789407510,3.67196407,3.2932766600000005,24.95,1020.964
1789407520,3.66835863,3.2899376600000005,24.93,1020.973
1789407530,3.66295047,3.2854856600000004,24.95,1020.972
1789407540,3.6647531900000003,3.28659866,24.93,1020.97
1789407550,3.68818855,3.3066326600000004,24.93,1020.966
1789407560,3.70441303,3.3199886600000004,24.92,1020.971
1789407570,3.6972021500000003,3.3155366600000002,24.89,1020.966
1789407580,3.70982119,3.32555366,24.93,1020.969
1789407590,3.74767831,3.3589436600000004,24.95,1020.973
1789407600,3.74948103,3.3611696600000003,24.95,1020.967
1789407610,3.74767831,3.3589436600000004,24.93,1020.968
1789407620,3.7350592700000003,3.3489266600000005,24.92,1020.973
1789407630,3.74407287,3.35671766,24.9,1020.969
1789407640,3.73866471,3.3511526600000003,24.92,1020.969
1789407650,3.7242429500000003,3.3389096600000006,24.92,1020.967
1789407660,3.72784839,3.3422486600000005,24.92,1020.966
1789407670,3.74407287,3.35671766,24.9,1020.965
1789407680,3.7566919100000002,3.3689606600000004,24.9,1020.968
1789407690,3.76570551,3.3767516600000005,24.93,1020.969
1789407700,3.77652183,3.38454266,24.95,1020.973
1789407710,3.7855354300000004,3.3923336600000003,24.93,1020.975
1789407720,3.78914087,3.3967856600000004,24.9,1020.971
1789407730,3.80356263,3.4101416600000003,24.9,1020.972
1789407740,3.84322247,3.4446446600000002,24.92,1020.968
1789407750,3.88107959,3.47914766,24.93,1020.975
1789407760,3.9045149500000003,3.5002946600000002,24.9,1020.972
1789407770,3.90812039,3.5025206600000005,24.92,1020.974
1789407780,3.9261475900000002,3.5203286600000006,24.9,1020.972
1789407790,3.9153312700000003,3.51031166,24.9,1020.975
1789407800,3.9099231100000003,3.5047466600000003,24.92,1020.967
1789407810,3.9153312700000003,3.51031166,24.9,1020.968
1789407820,3.92434487,3.5181026600000003,24.89,1020.966
1789407830,3.94056935,3.5325716600000003,24.9,1020.97
1789407840,3.9495829500000004,3.5403626600000004,24.89,1020.971
1789407850,3.95859655,3.5492666600000002,24.87,1020.973
1789407860,3.9549911100000004,3.5459276600000003,24.87,1020.969
1789407870,3.9658074300000004,3.55594466,24.89,1020.97
1789407880,3.96220199,3.55260566,24.87,1020.972
1789407890,3.97301831,3.56262266,24.87,1020.971
1789407900,3.96220199,3.55260566,24.87,1020.971
1789407910,3.9802291899999998,3.5681876600000004,24.87,1020.969
1789407920,3.9856373499999997,3.5737526600000002,24.87,1020.973
1789407930,3.98924279,3.5782046600000004,24.87,1020.97
1789407940,3.9910455100000006,3.5793176600000005,24.9,1020.962
1789407950,3.98383463,3.5726396600000005,24.87,1020.968
1789407960,3.98383463,3.5726396600000005,24.89,1020.963
1789407970,3.98924279,3.5770916600000002,24.89,1020.963
1789407980,3.98924279,3.5770916600000002,24.89,1020.963
1789407990,3.98924279,3.5770916600000002,24.86,1020.958
1789408000,3.9874400700000003,3.5748656600000004,24.89,1020.954
1789408010,3.98924279,3.5782046600000004,24.86,1020.951
1789408020,3.98924279,3.5770916600000002,24.86,1020.953
1789408030,3.9856373499999997,3.5737526600000002,24.86,1020.95
1789408040,3.97842647,3.5681876600000004,24.86,1020.946
1789408050,3.9802291899999998,3.5704136600000003,24.83,1020.95
1789408060,3.9766237500000003,3.5670746600000003,24.85,1020.947
1789408070,3.96400471,3.55594466,24.86,1020.95
1789408080,3.9712155900000004,3.5615096600000005,24.86,1020.947
1789408090,3.96761015,3.5581706600000005,24.86,1020.946
1789408100,3.95859655,3.5514926600000005,24.87,1020.946
1789408110,3.94056935,3.5359106600000003,24.85,1020.939
1789408120,3.92975303,3.5247806600000002,24.83,1020.938
1789408130,3.8882904700000003,3.48916466,24.85,1020.936
1789408140,3.9099231100000003,3.5080856600000003,24.85,1020.936
1789408150,3.91352855,3.51031166,24.86,1020.937
1789408160,3.90631767,3.5047466600000003,24.86,1020.936
1789408170,3.9099231100000003,3.5080856600000003,24.85,1020.933
1789408180,3.9117258300000004,3.5091986600000005,24.83,1020.931
1789408190,3.89189591,3.4913906600000004,24.82,1020.932
1789408200,3.89009319,3.48916466,24.82,1020.937
1789408210,3.85944695,3.4624526600000003,24.83,1020.935
1789408220,3.87567143,3.4769216600000004,24.83,1020.931
1789408230,3.86305239,3.46467866,24.85,1020.93
1789408240,3.8666578300000003,3.4691306600000003,24.85,1020.929
1789408250,3.8720659900000003,3.4735826600000004,24.85,1020.928
1789408260,3.8828823100000003,3.48248666,24.85,1020.933
1789408270,3.82158983,3.42683666,24.86,1020.932
1789408280,3.78733815,3.3978986600000005,24.82,1020.933
1789408290,3.74407287,3.3578306600000003,24.86,1020.932
1789408300,3.73145383,3.3478136600000004,24.82,1020.936
1789408310,3.70441303,3.32221466,24.83,1020.937
1789408320,3.69900487,3.3177626600000005,24.83,1020.935
1789408330,3.7026103100000003,3.32221466,24.85,1020.931
1789408340,3.73145383,3.34670066,24.82,1020.936
1789408350,3.7404674300000003,3.3544916600000003,24.83,1020.934
1789408360,3.7350592700000003,3.35003966,24.82,1020.934
1789408370,3.71703207,3.3344576600000004,24.85,1020.937
1789408380,3.69900487,3.3177626600000005,24.85,1020.937
1789408390,3.6809776700000003,3.3021806600000003,24.82,1020.932
1789408400,3.65754231,3.2810336600000003,24.85,1020.937
1789408410,3.6647531900000003,3.2877116600000003,24.83,1020.939
1789408420,3.6755695100000003,3.2966156600000005,24.82,1020.938
1789408430,3.6593450300000003,3.28325966,24.82,1020.938
1789408440,3.66655591,3.2888246600000004,24.83,1020.941
1789408450,3.66114775,3.2843726600000003,24.81,1020.942
1789408460,3.6701613500000003,3.2932766600000005,24.82,1020.941
1789408470,3.6917939900000003,3.3121976600000003,24.82,1020.947
1789408480,3.66835863,3.2899376600000005,24.79,1020.945
1789408490,3.64131783,3.2665646600000002,24.82,1020.946
1789408500,3.6142770300000002,3.2420786600000002,24.81,1020.941
1789408510,3.6268960700000004,3.2532086600000003,24.81,1020.943
1789408520,3.61247431,3.2409656600000005,24.81,1020.94
1789408530,3.6034607100000002,3.23094866,24.82,1020.944
1789408540,3.60165799,3.2287226600000003,24.81,1020.938
1789408550,3.5944471100000004,3.2231576600000005,24.81,1020.939
1789408560,3.5944471100000004,3.22427066,24.81,1020.937
1789408570,3.5980525500000002,3.2264966600000005,24.81,1020.938
1789408580,3.59624983,3.2253836600000003,24.81,1020.937
1789408590,3.5944471100000004,3.2231576600000005,24.79,1020.933
1789408600,3.5926443900000002,3.22093166,24.78,1020.931
1789408610,3.5944471100000004,3.2231576600000005,24.82,1020.933
1789408620,3.5944471100000004,3.2231576600000005,24.81,1020.931
1789408630,3.5926443900000002,3.2220446600000003,24.79,1020.928
1789408640,3.5926443900000002,3.22093166,24.76,1020.929
1789408650,3.6052634300000004,3.23094866,24.79,1020.922
1789408660,3.60165799,3.2287226600000003,24.79,1020.919
1789408670,3.5926443900000002,3.22093166,24.82,1020.921
1789408680,3.5926443900000002,3.22093166,24.79,1020.916
1789408690,3.59624983,3.2231576600000005,24.83,1020.917
1789408700,3.5944471100000004,3.2220446600000003,24.82,1020.915
1789408710,3.5998552700000004,3.2264966600000005,24.82,1020.912
1789408720,3.6052634300000004,3.2320616600000003,24.81,1020.915
1789408730,3.6088688700000002,3.2354006600000003,24.81,1020.914
1789408740,3.6106715900000004,3.2365136600000004,24.82,1020.909
1789408750,3.6052634300000004,3.2320616600000003,24.79,1020.911
1789408760,3.6034607100000002,3.2298356600000004,24.78,1020.914
1789408770,3.6160797500000004,3.2409656600000005,24.81,1020.911
1789408780,3.62509335,3.2498696600000003,24.81,1020.906
1789408790,3.61968519,3.2443046600000005,24.79,1020.903
1789408800,3.61788247,3.2431916600000004,24.79,1020.907
1789408810,3.6214879100000004,3.24541766,24.79,1020.906
1789408820,3.6268960700000004,3.2509826600000005,24.76,1020.903
1789408830,3.63050151,3.2532086600000003,24.81,1020.9
1789408840,3.62869879,3.2532086600000003,24.78,1020.906
1789408850,3.62329063,3.2465306600000003,24.81,1020.896
1789408860,3.63410695,3.2565476600000003,24.82,1020.901
1789408870,3.63410695,3.2565476600000003,24.82,1020.896
1789408880,3.6323042300000004,3.25543466,24.79,1020.898
1789408890,3.6268960700000004,3.2509826600000005,24.81,1020.891
1789408900,3.6431205500000003,3.2654516600000005,24.81,1020.894
1789408910,3.6485287100000003,3.26990366,24.78,1020.895
1789408920,3.65573959,3.27658166,24.79,1020.893
1789408930,3.67376679,3.2921636600000004,24.78,1020.888
1789408940,3.67737223,3.2955026600000004,24.81,1020.888
1789408950,3.68999127,3.3055196600000003,24.78,1020.89
1789408960,3.66835863,3.2877116600000003,24.79,1020.886
1789408970,3.6809776700000003,3.29772866,24.79,1020.884
1789408980,3.69900487,3.3133106600000004,24.79,1020.887
1789408990,3.70621575,3.3211016600000005,24.81,1020.889
1789409000,3.7080184700000003,3.3233276600000003,24.81,1020.885
1789409010,3.68458311,3.30106766,24.79,1020.884
1789409020,3.68278039,3.2999546600000005,24.81,1020.882
1789409030,3.67917495,3.2966156600000005,24.79,1020.882
1789409040,3.7296511100000003,3.3422486600000005,24.81,1020.884
1789409050,3.7566919100000002,3.3656216600000004,24.79,1020.893
1789409060,3.7530864700000004,3.36339566,24.76,1020.886
1789409070,3.70982119,3.3244406600000005,24.79,1020.892
1789409080,3.69359671,3.3099716600000004,24.81,1020.89
1789409090,3.71703207,3.32889266,24.81,1020.888
1789409100,3.74767831,3.3578306600000003,24.79,1020.888
1789409110,3.76029735,3.3678476600000002,24.78,1020.891
1789409120,3.78373271,3.3901076600000004,24.78,1020.888
1789409130,3.7963517500000004,3.4012376600000005,24.81,1020.889
1789409140,3.80536535,3.40902866,24.81,1020.886
1789409150,3.82699799,3.4279496600000003,24.79,1020.887
1789409160,3.8342088700000003,3.4357406600000004,24.76,1020.884
1789409170,3.83781431,3.4390796600000004,24.79,1020.89
1789409180,3.8233925500000003,3.4257236600000005,24.81,1020.884
1789409190,3.83601159,3.4379666600000003,24.79,1020.89
1789409200,3.86846055,3.4669046600000004,24.79,1020.889
1789409210,3.86846055,3.4669046600000004,24.81,1020.889
1789409220,3.89009319,3.4869386600000003,24.81,1020.885
1789409230,3.8666578300000003,3.46467866,24.79,1020.887
1789409240,3.85764423,3.4568876600000005,24.78,1020.888
1789409250,3.84141975,3.4424186600000004,24.79,1020.89
1789409260,3.85223607,3.45132266,24.78,1020.884
1789409270,3.85944695,3.45800066,24.75,1020.886
1789409280,3.85764423,3.4568876600000005,24.78,1020.886
1789409290,3.89009319,3.48582566,24.78,1020.885
1789409300,3.9045149500000003,3.4980686600000004,24.76,1020.884
1789409310,3.89189591,3.4869386600000003,24.78,1020.883
1789409320,3.8774741500000003,3.4746956600000005,24.81,1020.879
1789409330,3.89189591,3.4869386600000003,24.81,1020.872
1789409340,3.9117258300000004,3.5047466600000003,24.78,1020.873
1789409350,3.90812039,3.5025206600000005,24.79,1020.874
1789409360,3.9225421500000004,3.5158766600000004,24.78,1020.87
1789409370,3.9369639100000002,3.5270066600000005,24.81,1020.868
1789409380,3.94056935,3.53145866,24.78,1020.865
1789409390,3.93516119,3.5270066600000005,24.79,1020.866
1789409400,3.92975303,3.5214416600000003,24.76,1020.864
1789409410,3.92975303,3.5203286600000006,24.78,1020.859
1789409420,3.9387666300000004,3.5303456600000005,24.81,1020.86
1789409430,3.93516119,3.5258936600000004,24.83,1020.856
1789409440,3.9387666300000004,3.5303456600000005,24.81,1020.854
1789409450,3.9477802300000002,3.53813666,24.79,1020.853
1789409460,3.9495829500000004,3.5392496600000003,24.81,1020.855
1789409470,3.96220199,3.5514926600000005,24.78,1020.856
1789409480,3.9549911100000004,3.5448146600000006,24.78,1020.854
1789409490,3.9603992700000004,3.5492666600000002,24.78,1020.851
1789409500,3.96761015,3.55594466,24.78,1020.851
1789409510,3.96761015,3.55594466,24.78,1020.848
1789409520,3.9495829500000004,3.5392496600000003,24.76,1020.847
1789409530,3.95138567,3.5403626600000004,24.78,1020.847
1789409540,3.9603992700000004,3.5492666600000002,24.78,1020.844
1789409550,3.94597751,3.5359106600000003,24.79,1020.848
1789409560,3.95138567,3.5425886600000003,24.79,1020.846
1789409570,3.95318839,3.5425886600000003,24.75,1020.847
1789409580,3.9603992700000004,3.5503796600000004,24.75,1020.852
1789409590,3.96941287,3.5570576600000003,24.76,1020.853
1789409600,3.96941287,3.5570576600000003,24.76,1020.85
1789409610,3.9712155900000004,3.55928366,24.74,1020.851
1789409620,3.9712155900000004,3.55928366,24.75,1020.854
1789409630,3.96761015,3.55594466,24.75,1020.854
1789409640,3.9658074300000004,3.5537186600000004,24.75,1020.854
1789409650,3.96220199,3.5514926600000005,24.75,1020.857
1789409660,3.96761015,3.55594466,24.74,1020.863
1789409670,3.97301831,3.5603966600000003,24.72,1020.864
1789409680,3.97301831,3.5603966600000003,24.76,1020.864
1789409690,3.96941287,3.5570576600000003,24.75,1020.869
1789409700,3.9712155900000004,3.5581706600000005,24.72,1020.871
1789409710,3.96761015,3.5570576600000003,24.72,1020.874
1789409720,3.96761015,3.5570576600000003,24.74,1020.878
1789409730,3.96941287,3.5581706600000005,24.72,1020.881
1789409740,3.96400471,3.5537186600000004,24.75,1020.882
1789409750,3.9603992700000004,3.5503796600000004,24.74,1020.889
1789409760,3.96761015,3.5570576600000003,24.71,1020.894
1789409770,3.96761015,3.55594466,24.72,1020.889
1789409780,3.96761015,3.5570576600000003,24.71,1020.893
1789409790,3.96941287,3.5570576600000003,24.74,1020.891
1789409800,3.96400471,3.5537186600000004,24.74,1020.893
1789409810,3.96761015,3.5570576600000003,24.72,1020.893
1789409820,3.9658074300000004,3.5548316600000005,24.74,1020.89
1789409830,3.95859655,3.5481536600000005,24.72,1020.898
1789409840,3.94056935,3.5325716600000003,24.74,1020.901
1789409850,3.9441747900000004,3.5359106600000003,24.74,1020.899
1789409860,3.9441747900000004,3.5370236600000005,24.72,1020.894
1789409870,3.9495829500000004,3.5403626600000004,24.72,1020.897
1789409880,3.9477802300000002,3.5392496600000003,24.75,1020.898
1789409890,3.9423720700000002,3.53479766,24.74,1020.9
1789409900,3.95318839,3.5437016600000004,24.71,1020.899
1789409910,3.9423720700000002,3.53479766,24.75,1020.901
1789409920,3.9387666300000004,3.53145866,24.74,1020.902
1789409930,3.93516119,3.52811966,24.71,1020.897
1789409940,3.9423720700000002,3.5336846600000005,24.72,1020.899
1789409950,3.9423720700000002,3.53479766,24.74,1020.902
1789409960,3.94597751,3.5370236600000005,24.75,1020.898
1789409970,3.95318839,3.5448146600000006,24.72,1020.899
1789409980,3.94597751,3.5370236600000005,24.76,1020.9
1789409990,3.94056935,3.5325716600000003,24.75,1020.899
1789410000,3.9369639100000002,3.5292326600000004,24.71,1020.901
1789410010,3.9315557500000002,3.5247806600000002,24.74,1020.893
1789410020,3.92975303,3.5225546600000004,24.72,1020.903
1789410030,3.9495829500000004,3.54147566,24.74,1020.898
1789410040,3.9441747900000004,3.5359106600000003,24.74,1020.893
1789410050,3.9315557500000002,3.5236676600000005,24.75,1020.9
1789410060,3.9207394300000002,3.5147636600000003,24.74,1020.903
1789410070,3.9333584700000004,3.5247806600000002,24.75,1020.901
1789410080,3.9477802300000002,3.5392496600000003,24.72,1020.903
1789410090,3.95679383,3.5470406600000004,24.74,1020.905
1789410100,3.95679383,3.5470406600000004,24.72,1020.909
1789410110,3.95318839,3.5437016600000004,24.72,1020.909
1789410120,3.95138567,3.5425886600000003,24.72,1020.915
1789410130,3.91893671,3.51365066,24.71,1020.916
1789410140,3.8720659900000003,3.4713566600000005,24.71,1020.92
1789410150,3.85764423,3.4591136600000003,24.71,1020.928
1789410160,3.86305239,3.4635656600000004,24.74,1020.925
1789410170,3.85764423,3.45800066,24.69,1020.924
1789410180,3.85223607,3.45466166,24.71,1020.928
1789410190,3.85944695,3.46133966,24.72,1020.928
1789410200,3.85223607,3.4535486600000005,24.69,1020.931
1789410210,3.83601159,3.44019266,24.71,1020.927
1789410220,3.80897079,3.41570666,24.69,1020.932
1789410230,3.80536535,3.41236766,24.68,1020.934
1789410240,3.82519527,3.43017566,24.68,1020.937
1789410250,3.82699799,3.4312886600000003,24.69,1020.938
1789410260,3.8450251900000003,3.4479836600000002,24.68,1020.945
1789410270,3.84682791,3.4502096600000005,24.65,1020.941
1789410280,3.8450251900000003,3.4479836600000002,24.68,1020.945
1789410290,3.82519527,3.43017566,24.69,1020.945
1789410300,3.79815447,3.40568966,24.72,1020.943
1789410310,3.81077351,3.4168196600000003,24.69,1020.945
1789410320,3.81978711,3.4246106600000004,24.74,1020.949
1789410330,3.81437895,3.4201586600000002,24.71,1020.947
1789410340,3.80536535,3.4112546600000004,24.71,1020.95
1789410350,3.8071680700000003,3.4134806600000003,24.69,1020.948
1789410360,3.81978711,3.4257236600000005,24.69,1020.949
1789410370,3.79274631,3.4001246600000004,24.68,1020.948
1789410380,3.81077351,3.41570666,24.66,1020.953
1789410390,3.81978711,3.4257236600000005,24.66,1020.955
1789410400,3.8071680700000003,3.4134806600000003,24.66,1020.953
1789410410,3.7963517500000004,3.4045766600000005,24.68,1020.958
1789410420,3.77652183,3.3856556600000003,24.68,1020.952
1789410430,3.77652183,3.38454266,24.68,1020.953
1789410440,3.7530864700000004,3.36339566,24.69,1020.951
1789410450,3.74407287,3.3556046600000005,24.68,1020.951
1789410460,3.72784839,3.3411356600000004,24.68,1020.95
1789410470,3.72784839,3.3411356600000004,24.66,1020.955
1789410480,3.73145383,3.3444746600000004,24.69,1020.952
1789410490,3.71703207,3.3311186600000005,24.69,1020.958
1789410500,3.7188347900000003,3.33223166,24.69,1020.956
1789410510,3.7188347900000003,3.33223166,24.68,1020.953
1789410520,3.73686199,3.35003966,24.69,1020.957
1789410530,3.7404674300000003,3.3522656600000005,24.69,1020.951
1789410540,3.7242429500000003,3.3377966600000004,24.69,1020.955
1789410550,3.73325655,3.34670066,24.68,1020.955
1789410560,3.74407287,3.3556046600000005,24.68,1020.958
1789410570,3.73686199,3.3489266600000005,24.68,1020.955
1789410580,3.7530864700000004,3.3622826600000004,24.68,1020.955
1789410590,3.7566919100000002,3.3667346600000005,24.68,1020.957
1789410600,3.7639027900000004,3.37452566,24.68,1020.958
1789410610,3.7675082300000002,3.3767516600000005,24.68,1020.956
1789410620,3.76029735,3.3711866600000002,24.68,1020.961
1789410630,3.7675082300000002,3.37786466,24.69,1020.957
1789410640,3.76570551,3.3767516600000005,24.68,1020.953
1789410650,3.7675082300000002,3.37786466,24.69,1020.957
1789410660,3.7675082300000002,3.3767516600000005,24.68,1020.952
1789410670,3.7693109500000004,3.3789776600000003,24.66,1020.954
1789410680,3.77111367,3.3800906600000005,24.66,1020.954
1789410690,3.78373271,3.3912206600000006,24.65,1020.956
1789410700,3.77652183,3.38454266,24.66,1020.952
1789410710,3.7584946300000004,3.3678476600000002,24.66,1020.949
1789410720,3.76029735,3.3700736600000005,24.66,1020.954
1789410730,3.74227015,3.35337866,24.65,1020.955
1789410740,3.73866471,3.3511526600000003,24.62,1020.955
1789410750,3.72784839,3.3411356600000004,24.64,1020.952
1789410760,3.7242429500000003,3.3377966600000004,24.65,1020.955
1789410770,3.72604567,3.3389096600000006,24.62,1020.95
1789410780,3.72604567,3.3389096600000006,24.64,1020.954
1789410790,3.72784839,3.3400226600000003,24.66,1020.952
1789410800,3.72063751,3.3333446600000003,24.62,1020.949
1789410810,3.7134266300000003,3.3266666600000003,24.65,1020.951
1789410820,3.7134266300000003,3.3266666600000003,24.64,1020.951
1789410830,3.72784839,3.3400226600000003,24.64,1020.95
1789410840,3.7242429500000003,3.3366836600000003,24.64,1020.945
1789410850,3.72063751,3.3333446600000003,24.64,1020.947
1789410860,3.72604567,3.3389096600000006,24.64,1020.947
1789410870,3.73686199,3.3478136600000004,24.62,1020.945
1789410880,3.73145383,3.3433616600000002,24.64,1020.946
1789410890,3.73145383,3.3433616600000002,24.66,1020.946
1789410900,3.72784839,3.3389096600000006,24.65,1020.948
1789410910,3.73145383,3.3422486600000005,24.64,1020.95
1789410920,3.73325655,3.3444746600000004,24.66,1020.953
1789410930,3.7296511100000003,3.3411356600000004,24.64,1020.949
1789410940,3.72604567,3.3377966600000004,24.61,1020.951
1789410950,3.72244023,3.3344576600000004,24.65,1020.952
1789410960,3.72244023,3.3333446600000003,24.64,1020.953
1789410970,3.7188347900000003,3.33223166,24.62,1020.955
1789410980,3.72063751,3.3311186600000005,24.64,1020.954
1789410990,3.72063751,3.3333446600000003,24.61,1020.957
1789411000,3.7242429500000003,3.33557066,24.61,1020.959
1789411010,3.7242429500000003,3.33557066,24.61,1020.96
1789411020,3.7350592700000003,3.3444746600000004,24.61,1020.956
1789411030,3.72784839,3.3389096600000006,24.61,1020.959
1789411040,3.72244023,3.3344576600000004,24.61,1020.96
1789411050,3.7296511100000003,3.3400226600000003,24.59,1020.961
1789411060,3.73145383,3.3411356600000004,24.59,1020.965
1789411070,3.74407287,3.35337866,24.62,1020.968
1789411080,3.74407287,3.35337866,24.64,1020.972
1789411090,3.7404674300000003,3.35003966,24.61,1020.973
1789411100,3.7458755900000003,3.3556046600000005,24.62,1020.976
1789411110,3.7530864700000004,3.3611696600000003,24.62,1020.975
1789411120,3.7530864700000004,3.3622826600000004,24.64,1020.974
1789411130,3.74948103,3.3578306600000003,24.64,1020.974
1789411140,3.74407287,3.35337866,24.64,1020.976
1789411150,3.7458755900000003,3.3544916600000003,24.65,1020.979
1789411160,3.74227015,3.3522656600000005,24.64,1020.981
1789411170,3.7404674300000003,3.35003966,24.64,1020.977
1789411180,3.74407287,3.35337866,24.64,1020.981
1789411190,3.7512837500000002,3.3589436600000004,24.66,1020.982
1789411200,3.75488919,3.3622826600000004,24.65,1020.978
1789411210,3.7530864700000004,3.3611696600000003,24.65,1020.977
1789411220,3.74948103,3.3578306600000003,24.66,1020.979
1789411230,3.7530864700000004,3.3622826600000004,24.68,1020.982
1789411240,3.74767831,3.3578306600000003,24.66,1020.978
1789411250,3.74948103,3.3578306600000003,24.66,1020.974
1789411260,3.74948103,3.3578306600000003,24.66,1020.968
1789411270,3.7512837500000002,3.3589436600000004,24.66,1020.973
1789411280,3.7566919100000002,3.3645086600000003,24.68,1020.979
1789411290,3.75488919,3.36339566,24.66,1020.972
1789411300,3.7566919100000002,3.36339566,24.66,1020.968
1789411310,3.7566919100000002,3.3645086600000003,24.66,1020.965
1789411320,3.7566919100000002,3.3645086600000003,24.68,1020.968
1789411330,3.7566919100000002,3.36339566,24.66,1020.967
1789411340,3.7566919100000002,3.3645086600000003,24.68,1020.964
1789411350,3.7621000700000002,3.3678476600000002,24.66,1020.961
1789411360,3.7621000700000002,3.3678476600000002,24.69,1020.963
1789411370,3.7693109500000004,3.3756386600000003,24.65,1020.965
1789411380,3.77111367,3.37786466,24.68,1020.961
1789411390,3.7729163900000002,3.37786466,24.68,1020.959
1789411400,3.77111367,3.3767516600000005,24.69,1020.956
1789411410,3.7729163900000002,3.3789776600000003,24.66,1020.953
1789411420,3.7801272700000004,3.38454266,24.68,1020.95
1789411430,3.78373271,3.3889946600000003,24.65,1020.948
1789411440,3.78914087,3.3934466600000004,24.66,1020.95
1789411450,3.78373271,3.3867686600000004,24.65,1020.949
1789411460,3.78192999,3.3867686600000004,24.68,1020.945
1789411470,3.78192999,3.3867686600000004,24.66,1020.945
1789411480,3.78914087,3.3934466600000004,24.68,1020.944
1789411490,3.7783245500000002,3.3823166600000003,24.69,1020.942
1789411500,3.7747191100000004,3.3789776600000003,24.66,1020.94
1789411510,3.77111367,3.3756386600000003,24.66,1020.935
1789411520,3.7729163900000002,3.3789776600000003,24.68,1020.937
1789411530,3.7675082300000002,3.3734126600000005,24.69,1020.934
1789411540,3.7675082300000002,3.3734126600000005,24.68,1020.932
1789411550,3.77111367,3.3756386600000003,24.69,1020.932
1789411560,3.7693109500000004,3.37452566,24.68,1020.93
1789411570,3.7675082300000002,3.3722996600000004,24.68,1020.927
1789411580,3.77111367,3.3756386600000003,24.68,1020.928
1789411590,3.7729163900000002,3.37786466,24.65,1020.924
1789411600,3.7675082300000002,3.3734126600000005,24.65,1020.924
1789411610,3.7801272700000004,3.38454266,24.64,1020.924
1789411620,3.7801272700000004,3.38454266,24.66,1020.921
1789411630,3.78373271,3.38788166,24.65,1020.923
1789411640,3.78373271,3.38788166,24.64,1020.92
1789411650,3.78373271,3.38788166,24.64,1020.915
1789411660,3.78733815,3.3901076600000004,24.62,1020.919
1789411670,3.78733815,3.3901076600000004,24.64,1020.921
1789411680,3.78914087,3.3912206600000006,24.64,1020.917
1789411690,3.7855354300000004,3.3889946600000003,24.64,1020.919
1789411700,3.78733815,3.3912206600000006,24.62,1020.918
1789411710,3.7909435900000004,3.3934466600000004,24.65,1020.913
1789411720,3.79995719,3.4012376600000005,24.62,1020.913
1789411730,3.79815447,3.4012376600000005,24.62,1020.913
1789411740,3.7963517500000004,3.3978986600000005,24.65,1020.916
1789411750,3.79454903,3.3978986600000005,24.64,1020.914
1789411760,3.80356263,3.4045766600000005,24.64,1020.91
1789411770,3.80356263,3.40568966,24.62,1020.912
1789411780,3.8071680700000003,3.4079156600000005,24.62,1020.911
1789411790,3.81077351,3.4112546600000004,24.62,1020.907
1789411800,3.80356263,3.4045766600000005,24.64,1020.911
1789411810,3.80536535,3.40568966,24.64,1020.911
1789411820,3.80536535,3.4068026600000003,24.66,1020.91
1789411830,3.8017599100000004,3.4034636600000003,24.62,1020.908
1789411840,3.80897079,3.4101416600000003,24.61,1020.912
1789411850,3.80536535,3.4068026600000003,24.62,1020.911
1789411860,3.80536535,3.4068026600000003,24.62,1020.907
1789411870,3.8071680700000003,3.40902866,24.62,1020.911
1789411880,3.81618167,3.41570666,24.62,1020.909
1789411890,3.82158983,3.4212716600000004,24.61,1020.911
1789411900,3.83060343,3.4279496600000003,24.61,1020.911
1789411910,3.8342088700000003,3.43351466,24.61,1020.908
1789411920,3.8342088700000003,3.4324016600000005,24.61,1020.905
1789411930,3.83240615,3.4312886600000003,24.59,1020.906
1789411940,3.83781431,3.43685366,24.59,1020.916
1789411950,3.8450251900000003,3.4435316600000005,24.61,1020.916
1789411960,3.84141975,3.4390796600000004,24.61,1020.918
1789411970,3.8396170300000003,3.4379666600000003,24.61,1020.917
1789411980,3.8342088700000003,3.4324016600000005,24.61,1020.916
1789411990,3.83060343,3.43017566,24.59,1020.919
1789412000,3.83781431,3.4357406600000004,24.59,1020.921
1789412010,3.84141975,3.4390796600000004,24.61,1020.918
1789412020,3.85223607,3.4502096600000005,24.59,1020.919
1789412030,3.85223607,3.4490966600000004,24.59,1020.92
1789412040,3.84322247,3.44019266,24.59,1020.922
1789412050,3.84141975,3.4390796600000004,24.59,1020.918
1789412060,3.83781431,3.43685366,24.59,1020.92
1789412070,3.83781431,3.4357406600000004,24.61,1020.92
1789412080,3.83601159,3.4346276600000003,24.58,1020.927
1789412090,3.83240615,3.4312886600000003,24.58,1020.925
1789412100,3.83240615,3.4312886600000003,24.62,1020.93
1789412110,3.84322247,3.44019266,24.59,1020.925
1789412120,3.8450251900000003,3.4435316600000005,24.59,1020.926
1789412130,3.84863063,3.4457576600000004,24.58,1020.93
1789412140,3.8396170300000003,3.4379666600000003,24.55,1020.926
1789412150,3.84682791,3.4435316600000005,24.58,1020.931
1789412160,3.84863063,3.4446446600000002,24.61,1020.931
1789412170,3.84141975,3.4379666600000003,24.59,1020.934
1789412180,3.84322247,3.44019266,24.58,1020.939
1789412190,3.84141975,3.4390796600000004,24.55,1020.94
1789412200,3.84322247,3.4413056600000003,24.59,1020.939
1789412210,3.85223607,3.4490966600000004,24.55,1020.937
1789412220,3.85403879,3.4502096600000005,24.57,1020.936
1789412230,3.85403879,3.4490966600000004,24.58,1020.937
1789412240,3.84682791,3.4435316600000005,24.59,1020.942
1789412250,3.84863063,3.4457576600000004,24.58,1020.945
1789412260,3.8504333500000003,3.4479836600000002,24.61,1020.944
1789412270,3.8450251900000003,3.4424186600000004,24.62,1020.944
1789412280,3.84682791,3.4435316600000005,24.58,1020.948
1789412290,3.84322247,3.44019266,24.62,1020.947
1789412300,3.85223607,3.4479836600000002,24.59,1020.945
1789412310,3.84322247,3.44019266,24.61,1020.948
1789412320,3.84682791,3.4424186600000004,24.61,1020.949
1789412330,3.8504333500000003,3.4468706600000005,24.61,1020.953
1789412340,3.8504333500000003,3.4468706600000005,24.61,1020.95
1789412350,3.85764423,3.4524356600000004,24.62,1020.952
1789412360,3.8558415100000003,3.4524356600000004,24.57,1020.949
1789412370,3.85223607,3.4479836600000002,24.61,1020.951
1789412380,3.8558415100000003,3.45132266,24.61,1020.952
1789412390,3.86305239,3.45800066,24.58,1020.954
1789412400,3.85764423,3.4535486600000005,24.59,1020.956
1789412410,3.85403879,3.4502096600000005,24.59,1020.956
1789412420,3.85223607,3.4490966600000004,24.61,1020.959
1789412430,3.85403879,3.4502096600000005,24.59,1020.959
1789412440,3.85944695,3.45466166,24.61,1020.962
1789412450,3.85764423,3.4524356600000004,24.61,1020.962
1789412460,3.85764423,3.4535486600000005,24.59,1020.958
1789412470,3.8666578300000003,3.46133966,24.58,1020.962
1789412480,3.8720659900000003,3.4657916600000003,24.59,1020.955
1789412490,3.87026327,3.4635656600000004,24.59,1020.955
1789412500,3.8558415100000003,3.45132266,24.61,1020.958
1789412510,3.85403879,3.4502096600000005,24.61,1020.959
1789412520,3.85403879,3.4490966600000004,24.61,1020.961
1789412530,3.85403879,3.4502096600000005,24.59,1020.958
1789412540,3.85764423,3.4524356600000004,24.59,1020.963
1789412550,3.85403879,3.4502096600000005,24.61,1020.962
1789412560,3.85403879,3.4490966600000004,24.62,1020.962
1789412570,3.84863063,3.4446446600000002,24.61,1020.958
1789412580,3.84682791,3.4435316600000005,24.59,1020.961
1789412590,3.84863063,3.4446446600000002,24.59,1020.962
1789412600,3.8504333500000003,3.4468706600000005,24.61,1020.958
1789412610,3.85223607,3.4479836600000002,24.61,1020.957
1789412620,3.85223607,3.4468706600000005,24.62,1020.954
1789412630,3.8558415100000003,3.4502096600000005,24.59,1020.958
1789412640,3.85403879,3.4502096600000005,24.59,1020.957
1789412650,3.85944695,3.45466166,24.62,1020.957
1789412660,3.86485511,3.4602266600000005,24.61,1020.951
1789412670,3.87026327,3.46467866,24.59,1020.953
1789412680,3.8720659900000003,3.46467866,24.62,1020.953
1789412690,3.8774741500000003,3.4702436600000004,24.59,1020.956
1789412700,3.87386871,3.4669046600000004,24.61,1020.954
1789412710,3.87026327,3.4635656600000004,24.58,1020.96
1789412720,3.8774741500000003,3.4702436600000004,24.61,1020.952
1789412730,3.8720659900000003,3.4657916600000003,24.58,1020.953
1789412740,3.8720659900000003,3.4657916600000003,24.62,1020.96
1789412750,3.8720659900000003,3.46467866,24.62,1020.96
1789412760,3.87026327,3.4635656600000004,24.62,1020.958
1789412770,3.87026327,3.4635656600000004,24.61,1020.957
1789412780,3.8666578300000003,3.4602266600000005,24.61,1020.963
1789412790,3.8720659900000003,3.4657916600000003,24.62,1020.962
1789412800,3.87386871,3.4669046600000004,24.59,1020.958
1789412810,3.8720659900000003,3.46467866,24.59,1020.96
1789412820,3.87386871,3.4669046600000004,24.61,1020.96
1789412830,3.87386871,3.4669046600000004,24.62,1020.966
1789412840,3.8774741500000003,3.4713566600000005,24.59,1020.963
1789412850,3.87567143,3.4680176600000006,24.62,1020.961
1789412860,3.8720659900000003,3.46467866,24.61,1020.959
1789412870,3.87386871,3.4669046600000004,24.58,1020.965
1789412880,3.8774741500000003,3.4702436600000004,24.64,1020.96
1789412890,3.88107959,3.4724696600000002,24.59,1020.967
1789412900,3.8828823100000003,3.4746956600000005,24.58,1020.962
1789412910,3.8828823100000003,3.47580866,24.58,1020.965
1789412920,3.8774741500000003,3.4713566600000005,24.59,1020.969
1789412930,3.8774741500000003,3.4702436600000004,24.55,1020.97
1789412940,3.8774741500000003,3.4691306600000003,24.59,1020.971
1789412950,3.88107959,3.4735826600000004,24.58,1020.975
1789412960,3.87927687,3.4724696600000002,24.61,1020.975
1789412970,3.87567143,3.4680176600000006,24.58,1020.972
1789412980,3.8774741500000003,3.4713566600000005,24.61,1020.972
1789412990,3.87567143,3.4691306600000003,24.62,1020.973
1789413000,3.87927687,3.4724696600000002,24.59,1020.972
1789413010,3.88468503,3.4769216600000004,24.59,1020.97
1789413020,3.88648775,3.4780346600000005,24.59,1020.972
1789413030,3.8828823100000003,3.47580866,24.57,1020.972
1789413040,3.87927687,3.4724696600000002,24.57,1020.976
1789413050,3.8828823100000003,3.47580866,24.57,1020.977
1789413060,3.88468503,3.4769216600000004,24.57,1020.974
1789413070,3.8828823100000003,3.4746956600000005,24.55,1020.976
1789413080,3.8882904700000003,3.4802606600000003,24.58,1020.978
1789413090,3.8882904700000003,3.4802606600000003,24.57,1020.979
1789413100,3.88648775,3.47914766,24.54,1020.979
1789413110,3.89550135,3.4869386600000003,24.55,1020.982
1789413120,3.8936986300000003,3.4847126600000005,24.54,1020.986
1789413130,3.89550135,3.4880516600000004,24.57,1020.98
1789413140,3.8991067900000003,3.4902776600000003,24.57,1020.985
1789413150,3.90271223,3.4936166600000003,24.55,1020.982
1789413160,3.8991067900000003,3.4902776600000003,24.57,1020.987
1789413170,3.90271223,3.4936166600000003,24.57,1020.985
1789413180,3.9099231100000003,3.5002946600000002,24.57,1020.984
1789413190,3.9099231100000003,3.5002946600000002,24.57,1020.988
1789413200,3.9171339900000004,3.50697266,24.57,1020.983
1789413210,3.9171339900000004,3.50697266,24.53,1020.987
1789413220,3.9171339900000004,3.5058596600000005,24.55,1020.99
1789413230,3.92434487,3.5125376600000005,24.55,1020.993
1789413240,3.92434487,3.51365066,24.53,1020.988
1789413250,3.9279503100000004,3.5158766600000004,24.55,1020.985
1789413260,3.9369639100000002,3.5247806600000002,24.57,1020.986
1789413270,3.9441747900000004,3.53145866,24.57,1020.986
1789413280,3.9477802300000002,3.5336846600000005,24.58,1020.99
1789413290,3.94597751,3.5325716600000003,24.57,1020.987
1789413300,3.9477802300000002,3.5336846600000005,24.58,1020.991
1789413310,3.94597751,3.53145866,24.55,1020.991
1789413320,3.9423720700000002,3.5292326600000004,24.54,1020.993
1789413330,3.94056935,3.5270066600000005,24.57,1020.991
1789413340,3.94056935,3.5270066600000005,24.55,1020.989
1789413350,3.9387666300000004,3.5258936600000004,24.59,1020.991
1789413360,3.9387666300000004,3.5247806600000002,24.55,1020.991
1789413370,3.94056935,3.5270066600000005,24.55,1020.989
1789413380,3.94056935,3.5270066600000005,24.55,1020.987
1789413390,3.93516119,3.5225546600000004,24.57,1020.985
1789413400,3.9315557500000002,3.5192156600000004,24.57,1020.985
1789413410,3.94056935,3.5258936600000004,24.57,1020.979
1789413420,3.94056935,3.5258936600000004,24.57,1020.975
1789413430,3.9477802300000002,3.5336846600000005,24.58,1020.973
1789413440,3.9495829500000004,3.5359106600000003,24.57,1020.972
1789413450,3.95318839,3.5370236600000005,24.57,1020.972
1789413460,3.95138567,3.5359106600000003,24.59,1020.966
1789413470,3.95679383,3.54147566,24.58,1020.971
1789413480,3.95859655,3.5425886600000003,24.57,1020.966
1789413490,3.95679383,3.54147566,24.55,1020.968
1789413500,3.96220199,3.5459276600000003,24.58,1020.961
1789413510,3.96400471,3.5492666600000002,24.55,1020.961
1789413520,3.96400471,3.5481536600000005,24.54,1020.958
1789413530,3.9603992700000004,3.5448146600000006,24.57,1020.962
1789413540,3.95859655,3.54147566,24.55,1020.962
1789413550,3.95679383,3.54147566,24.55,1020.956
1789413560,3.95679383,3.54147566,24.54,1020.957
1789413570,3.95679383,3.5403626600000004,24.54,1020.955
1789413580,3.9549911100000004,3.5403626600000004,24.57,1020.956
1789413590,3.95859655,3.5437016600000004,24.57,1020.959
1789413600,3.95679383,3.54147566,24.57,1020.954
1789413610,3.9603992700000004,3.5437016600000004,24.58,1020.95
1789413620,3.96220199,3.5459276600000003,24.54,1020.951
1789413630,3.96400471,3.5470406600000004,24.54,1020.95
1789413640,3.9658074300000004,3.5492666600000002,24.53,1020.951
1789413650,3.9658074300000004,3.5492666600000002,24.53,1020.953
1789413660,3.96941287,3.55260566,24.51,1020.95
1789413670,3.9712155900000004,3.5548316600000005,24.53,1020.949
1789413680,3.97301831,3.55594466,24.55,1020.95
1789413690,3.9712155900000004,3.5537186600000004,24.53,1020.946
1789413700,3.9712155900000004,3.5548316600000005,24.53,1020.944
1789413710,3.9712155900000004,3.5537186600000004,24.53,1020.938
1789413720,3.9712155900000004,3.5548316600000005,24.53,1020.94
1789413730,3.97301831,3.55594466,24.55,1020.94
1789413740,3.9712155900000004,3.5548316600000005,24.54,1020.939
1789413750,3.97301831,3.5570576600000003,24.53,1020.938
1789413760,3.96941287,3.5537186600000004,24.55,1020.939
1789413770,3.9658074300000004,3.5503796600000004,24.53,1020.94
1789413780,3.9658074300000004,3.5481536600000005,24.54,1020.939
1789413790,3.96941287,3.5514926600000005,24.57,1020.941
1789413800,3.96941287,3.55260566,24.53,1020.946
1789413810,3.96941287,3.55260566,24.55,1020.941
1789413820,3.96761015,3.5514926600000005,24.53,1020.946
1789413830,3.96941287,3.5514926600000005,24.54,1020.945
1789413840,3.96400471,3.5470406600000004,24.53,1020.943
1789413850,3.96220199,3.5459276600000003,24.54,1020.944
1789413860,3.95859655,3.5425886600000003,24.53,1020.943
1789413870,3.96220199,3.5459276600000003,24.53,1020.94
1789413880,3.96400471,3.5470406600000004,24.51,1020.945
1789413890,3.9603992700000004,3.5425886600000003,24.53,1020.948
1789413900,3.95318839,3.5370236600000005,24.53,1020.948
1789413910,3.95138567,3.5359106600000003,24.5,1020.942
1789413920,3.95318839,3.5392496600000003,24.51,1020.939
1789413930,3.9603992700000004,3.5437016600000004,24.51,1020.941
1789413940,3.96761015,3.5503796600000004,24.51,1020.938
1789413950,3.96220199,3.5459276600000003,24.53,1020.941
1789413960,3.95859655,3.54147566,24.51,1020.942
1789413970,3.95679383,3.54147566,24.51,1020.938
1789413980,3.9603992700000004,3.5437016600000004,24.51,1020.934
1789413990,3.9549911100000004,3.5370236600000005,24.54,1020.936
1789414000,3.9423720700000002,3.52811966,24.53,1020.928
1789414010,3.94056935,3.5247806600000002,24.54,1020.927
1789414020,3.9423720700000002,3.52811966,24.53,1020.937
1789414030,3.9423720700000002,3.5270066600000005,24.51,1020.932
1789414040,3.9261475900000002,3.5125376600000005,24.53,1020.927
1789414050,3.9225421500000004,3.5091986600000005,24.51,1020.93
1789414060,3.92975303,3.5158766600000004,24.53,1020.928
1789414070,3.9423720700000002,3.5270066600000005,24.54,1020.929
1789414080,3.9477802300000002,3.53145866,24.53,1020.924
1789414090,3.9441747900000004,3.52811966,24.54,1020.923
1789414100,3.9333584700000004,3.5181026600000003,24.53,1020.924
1789414110,3.93516119,3.5214416600000003,24.53,1020.926
1789414120,3.94056935,3.5247806600000002,24.54,1020.922
1789414130,3.9423720700000002,3.5270066600000005,24.53,1020.92
1789414140,3.9423720700000002,3.5270066600000005,24.54,1020.922
1789414150,3.9495829500000004,3.5336846600000005,24.54,1020.917
1789414160,3.95679383,3.5403626600000004,24.51,1020.917
1789414170,3.95138567,3.53479766,24.55,1020.916
1789414180,3.95318839,3.5370236600000005,24.54,1020.921
1789414190,3.95138567,3.5359106600000003,24.53,1020.918
1789414200,3.9477802300000002,3.53145866,24.55,1020.92
1789414210,3.94056935,3.5247806600000002,24.55,1020.926
1789414220,3.9369639100000002,3.5203286600000006,24.55,1020.923
1789414230,3.93516119,3.5203286600000006,24.55,1020.924
1789414240,3.9387666300000004,3.5225546600000004,24.54,1020.92
1789414250,3.9441747900000004,3.52811966,24.55,1020.919
1789414260,3.95859655,3.5403626600000004,24.55,1020.921
1789414270,3.95859655,3.54147566,24.54,1020.919
1789414280,3.9549911100000004,3.53813666,24.54,1020.917
1789414290,3.9549911100000004,3.53813666,24.53,1020.914
1789414300,3.9441747900000004,3.52811966,24.54,1020.911
1789414310,3.9387666300000004,3.5236676600000005,24.55,1020.911
1789414320,3.9333584700000004,3.5181026600000003,24.53,1020.911
1789414330,3.9387666300000004,3.5236676600000005,24.51,1020.909
1789414340,3.9225421500000004,3.5091986600000005,24.5,1020.908
1789414350,3.91893671,3.5058596600000005,24.53,1020.905
1789414360,3.92975303,3.5158766600000004,24.51,1020.905
1789414370,3.92975303,3.5147636600000003,24.51,1020.905
1789414380,3.9225421500000004,3.5080856600000003,24.51,1020.901
1789414390,3.92975303,3.5158766600000004,24.5,1020.903
1789414400,3.92975303,3.5158766600000004,24.53,1020.901
1789414410,3.9279503100000004,3.51365066,24.5,1020.897
1789414420,3.9369639100000002,3.5214416600000003,24.53,1020.894
1789414430,3.9333584700000004,3.5181026600000003,24.53,1020.894
1789414440,3.9333584700000004,3.51698966,24.53,1020.894
1789414450,3.9261475900000002,3.5125376600000005,24.51,1020.89
1789414460,3.92975303,3.5158766600000004,24.48,1020.895
1789414470,3.92975303,3.5147636600000003,24.48,1020.885
1789414480,3.9117258300000004,3.4991816600000005,24.53,1020.882
1789414490,3.9171339900000004,3.5025206600000005,24.51,1020.886
1789414500,3.8936986300000003,3.48248666,24.51,1020.884
1789414510,3.8666578300000003,3.45800066,24.53,1020.872
1789414520,3.8612496700000003,3.4524356600000004,24.53,1020.874
1789414530,3.86485511,3.4568876600000005,24.55,1020.869
1789414540,3.8612496700000003,3.4524356600000004,24.54,1020.868
1789414550,3.87386871,3.46467866,24.51,1020.867
1789414560,3.88107959,3.4702436600000004,24.5,1020.861
1789414570,3.87386871,3.46467866,24.5,1020.863
1789414580,3.8828823100000003,3.4713566600000005,24.51,1020.863
1789414590,3.88648775,3.47580866,24.5,1020.855
1789414600,3.8828823100000003,3.4724696600000002,24.5,1020.856
1789414610,3.8882904700000003,3.4769216600000004,24.51,1020.853
1789414620,3.8828823100000003,3.4724696600000002,24.51,1020.853
1789414630,3.8720659900000003,3.4635656600000004,24.5,1020.852
1789414640,3.87567143,3.4669046600000004,24.48,1020.848
1789414650,3.87386871,3.4635656600000004,24.5,1020.849
1789414660,3.8828823100000003,3.4713566600000005,24.48,1020.844
1789414670,3.88648775,3.4746956600000005,24.48,1020.846
1789414680,3.8666578300000003,3.45800066,24.5,1020.843
1789414690,3.84863063,3.4424186600000004,24.48,1020.832
1789414700,3.83240615,3.4279496600000003,24.48,1020.829
1789414710,3.83781431,3.4312886600000003,24.48,1020.822
1789414720,3.86485511,3.45466166,24.5,1020.823
1789414730,3.86305239,3.45466166,24.48,1020.817
1789414740,3.86305239,3.4557746600000003,24.45,1020.821
1789414750,3.85944695,3.45132266,24.45,1020.815
1789414760,3.85944695,3.45132266,24.45,1020.817
1789414770,3.85764423,3.4502096600000005,24.47,1020.81
1789414780,3.85403879,3.4468706600000005,24.48,1020.81
1789414790,3.8558415100000003,3.4479836600000002,24.47,1020.805
1789414800,3.85223607,3.4446446600000002,24.47,1020.808
1789414810,3.84322247,3.4357406600000004,24.45,1020.799
1789414820,3.8504333500000003,3.4435316600000005,24.45,1020.797
1789414830,3.85403879,3.4457576600000004,24.48,1020.796
1789414840,3.85403879,3.4457576600000004,24.47,1020.793
1789414850,3.85223607,3.4446446600000002,24.47,1020.789
1789414860,3.86305239,3.4535486600000005,24.48,1020.791
1789414870,3.86485511,3.4568876600000005,24.47,1020.787
1789414880,3.85223607,3.4446446600000002,24.47,1020.786
1789414890,3.84322247,3.43685366,24.48,1020.783
1789414900,3.8396170300000003,3.43351466,24.47,1020.781
1789414910,3.81978711,3.4145936600000004,24.48,1020.781
1789414920,3.8071680700000003,3.40235066,24.5,1020.779
1789414930,3.8125762300000003,3.4079156600000005,24.48,1020.781
1789414940,3.8288007100000003,3.4223846600000005,24.48,1020.779
1789414950,3.8450251900000003,3.43685366,24.48,1020.776
1789414960,3.83240615,3.42683666,24.48,1020.778
1789414970,3.82699799,3.4212716600000004,24.5,1020.77
1789414980,3.8288007100000003,3.4223846600000005,24.5,1020.775
1789414990,3.83060343,3.42349766,24.51,1020.774
1789415000,3.8288007100000003,3.42349766,24.51,1020.78
1789415010,3.83601159,3.4279496600000003,24.47,1020.776
1789415020,3.83060343,3.4246106600000004,24.5,1020.777
1789415030,3.84141975,3.4346276600000003,24.5,1020.776
1789415040,3.84863063,3.44019266,24.48,1020.774
1789415050,3.8450251900000003,3.4379666600000003,24.48,1020.776
1789415060,3.84141975,3.43351466,24.5,1020.776
1789415070,3.8396170300000003,3.4312886600000003,24.51,1020.773
1789415080,3.8396170300000003,3.4312886600000003,24.5,1020.774
1789415090,3.8233925500000003,3.4179326600000004,24.51,1020.774
1789415100,3.82158983,3.4168196600000003,24.5,1020.779
1789415110,3.83240615,3.4257236600000005,24.5,1020.778
1789415120,3.8288007100000003,3.42349766,24.47,1020.778
1789415130,3.82519527,3.4179326600000004,24.47,1020.781
1789415140,3.8342088700000003,3.4279496600000003,24.51,1020.778
1789415150,3.83060343,3.4246106600000004,24.51,1020.781
1789415160,3.8342088700000003,3.4279496600000003,24.5,1020.782
1789415170,3.83240615,3.4257236600000005,24.48,1020.783
1789415180,3.84322247,3.4357406600000004,24.47,1020.782
1789415190,3.8396170300000003,3.4324016600000005,24.51,1020.787
1789415200,3.84682791,3.4379666600000003,24.5,1020.786
1789415210,3.84682791,3.44019266,24.48,1020.787
1789415220,3.8450251900000003,3.4379666600000003,24.48,1020.792
1789415230,3.83601159,3.4290626600000005,24.48,1020.794
1789415240,3.8342088700000003,3.4279496600000003,24.45,1020.793
1789415250,3.8179843900000003,3.41236766,24.45,1020.79
1789415260,3.81618167,3.4112546600000004,24.45,1020.797
1789415270,3.82699799,3.4212716600000004,24.45,1020.791
1789415280,3.81978711,3.4134806600000003,24.44,1020.796
1789415290,3.8125762300000003,3.4079156600000005,24.44,1020.795
1789415300,3.81437895,3.40902866,24.48,1020.796
1789415310,3.82158983,3.41570666,24.47,1020.798
1789415320,3.82158983,3.41570666,24.44,1020.796
1789415330,3.8179843900000003,3.41236766,24.44,1020.797
1789415340,3.8179843900000003,3.41236766,24.47,1020.8
1789415350,3.80356263,3.4001246600000004,24.47,1020.799
1789415360,3.81077351,3.40568966,24.45,1020.8
1789415370,3.80897079,3.4045766600000005,24.47,1020.799
1789415380,3.8179843900000003,3.4112546600000004,24.47,1020.799
1789415390,3.81618167,3.4112546600000004,24.47,1020.796
1789415400,3.8179843900000003,3.41236766,24.44,1020.799
1789415410,3.81978711,3.4145936600000004,24.45,1020.801
1789415420,3.81437895,3.40902866,24.45,1020.793
1789415430,3.8125762300000003,3.4068026600000003,24.48,1020.797
1789415440,3.81437895,3.4079156600000005,24.45,1020.799
1789415450,3.80897079,3.4045766600000005,24.47,1020.801
1789415460,3.81077351,3.40568966,24.44,1020.798
1789415470,3.79274631,3.3889946600000003,24.45,1020.796
1789415480,3.7963517500000004,3.3912206600000006,24.47,1020.795
1789415490,3.79454903,3.3901076600000004,24.48,1020.8
1789415500,3.7963517500000004,3.3934466600000004,24.48,1020.798
1789415510,3.8017599100000004,3.3967856600000004,24.48,1020.801
1789415520,3.79454903,3.3912206600000006,24.47,1020.798
1789415530,3.79995719,3.3956726600000002,24.44,1020.798
1789415540,3.79815447,3.3934466600000004,24.45,1020.796
1789415550,3.79454903,3.3912206600000006,24.48,1020.793
1789415560,3.80356263,3.39901166,24.48,1020.8
1789415570,3.79995719,3.3956726600000002,24.45,1020.797
1789415580,3.7963517500000004,3.3923336600000003,24.47,1020.799
1789415590,3.7909435900000004,3.38788166,24.5,1020.794
1789415600,3.7909435900000004,3.3867686600000004,24.48,1020.797
1789415610,3.78733815,3.38454266,24.47,1020.795
1789415620,3.78192999,3.3789776600000003,24.47,1020.798
1789415630,3.78192999,3.37786466,24.47,1020.795
1789415640,3.78192999,3.37786466,24.45,1020.791
1789415650,3.78373271,3.3800906600000005,24.48,1020.794
1789415660,3.78192999,3.3789776600000003,24.48,1020.794
1789415670,3.7801272700000004,3.37786466,24.45,1020.795
1789415680,3.78192999,3.3789776600000003,24.44,1020.795
1789415690,3.78192999,3.37786466,24.45,1020.793
1789415700,3.7801272700000004,3.37786466,24.42,1020.788
1789415710,3.78192999,3.3789776600000003,24.48,1020.79
1789415720,3.78373271,3.38120366,24.47,1020.789
1789415730,3.7855354300000004,3.3823166600000003,24.47,1020.788
1789415740,3.78373271,3.3800906600000005,24.44,1020.787
1789415750,3.78373271,3.38120366,24.47,1020.785
1789415760,3.7855354300000004,3.38120366,24.47,1020.788
1789415770,3.7909435900000004,3.3867686600000004,24.47,1020.788
1789415780,3.78733815,3.38454266,24.44,1020.788
1789415790,3.7909435900000004,3.3856556600000003,24.45,1020.788
1789415800,3.78914087,3.3856556600000003,24.47,1020.785
1789415810,3.78914087,3.3856556600000003,24.48,1020.782
1789415820,3.7909435900000004,3.38788166,24.45,1020.779
1789415830,3.7909435900000004,3.3867686600000004,24.47,1020.782
1789415840,3.7909435900000004,3.3867686600000004,24.47,1020.785
1789415850,3.7909435900000004,3.3867686600000004,24.45,1020.785
1789415860,3.7909435900000004,3.38788166,24.45,1020.78
1789415870,3.79274631,3.3889946600000003,24.48,1020.786
1789415880,3.7963517500000004,3.3912206600000006,24.48,1020.783
1789415890,3.80356263,3.39901166,24.47,1020.781
1789415900,3.79995719,3.3945596600000005,24.45,1020.777
1789415910,3.79274631,3.3889946600000003,24.5,1020.78
1789415920,3.78733815,3.38454266,24.5,1020.778
1789415930,3.7855354300000004,3.3823166600000003,24.47,1020.78
1789415940,3.7855354300000004,3.3823166600000003,24.48,1020.776
1789415950,3.78733815,3.3823166600000003,24.5,1020.776
1789415960,3.78733815,3.38454266,24.45,1020.779
1789415970,3.78914087,3.38454266,24.45,1020.779
1789415980,3.78914087,3.3856556600000003,24.47,1020.778
1789415990,3.79274631,3.3889946600000003,24.47,1020.768
1789416000,3.7909435900000004,3.38788166,24.45,1020.77
1789416010,3.79274631,3.3889946600000003,24.47,1020.766
1789416020,3.79454903,3.3912206600000006,24.47,1020.762
1789416030,3.79995719,3.3945596600000005,24.44,1020.761
1789416040,3.8017599100000004,3.3967856600000004,24.45,1020.756
1789416050,3.8017599100000004,3.3967856600000004,24.45,1020.758
1789416060,3.80356263,3.39901166,24.44,1020.75
1789416070,3.80536535,3.4001246600000004,24.42,1020.752
1789416080,3.8017599100000004,3.3978986600000005,24.42,1020.75
1789416090,3.79995719,3.3945596600000005,24.44,1020.749
1789416100,3.80536535,3.4001246600000004,24.41,1020.747
1789416110,3.80897079,3.4045766600000005,24.42,1020.749
1789416120,3.81077351,3.40568966,24.42,1020.748
1789416130,3.80897079,3.4034636600000003,24.41,1020.747
1789416140,3.80536535,3.4012376600000005,24.42,1020.743
1789416150,3.80356263,3.3978986600000005,24.44,1020.744
1789416160,3.8071680700000003,3.40235066,24.42,1020.751
1789416170,3.80897079,3.4045766600000005,24.41,1020.748
1789416180,3.81618167,3.40902866,24.42,1020.751
1789416190,3.80897079,3.4045766600000005,24.44,1020.741
1789416200,3.80356263,3.3978986600000005,24.41,1020.741
1789416210,3.8017599100000004,3.3978986600000005,24.42,1020.743
1789416220,3.80356263,3.4001246600000004,24.38,1020.747
1789416230,3.8071680700000003,3.40235066,24.42,1020.749
1789416240,3.80897079,3.4034636600000003,24.41,1020.742
1789416250,3.80897079,3.40235066,24.41,1020.745
1789416260,3.81077351,3.4045766600000005,24.39,1020.744
1789416270,3.81437895,3.40902866,24.39,1020.745
1789416280,3.80897079,3.4045766600000005,24.42,1020.739
1789416290,3.80897079,3.4034636600000003,24.41,1020.741
1789416300,3.81077351,3.4045766600000005,24.41,1020.741
1789416310,3.81077351,3.40568966,24.41,1020.739
1789416320,3.8125762300000003,3.4068026600000003,24.41,1020.744
1789416330,3.80897079,3.4045766600000005,24.38,1020.743
1789416340,3.81077351,3.40568966,24.39,1020.738
1789416350,3.8125762300000003,3.4068026600000003,24.36,1020.739
1789416360,3.81437895,3.4079156600000005,24.38,1020.742
1789416370,3.81077351,3.40568966,24.38,1020.74
1789416380,3.80356263,3.3967856600000004,24.39,1020.744
1789416390,3.8017599100000004,3.3978986600000005,24.39,1020.747
1789416400,3.80536535,3.4001246600000004,24.38,1020.739
1789416410,3.80536535,3.4001246600000004,24.39,1020.74
1789416420,3.80536535,3.4001246600000004,24.38,1020.735
1789416430,3.80536535,3.4012376600000005,24.39,1020.734
1789416440,3.80897079,3.4034636600000003,24.41,1020.732
1789416450,3.8071680700000003,3.40235066,24.39,1020.73
1789416460,3.80536535,3.4001246600000004,24.41,1020.73
1789416470,3.8071680700000003,3.40235066,24.41,1020.734
1789416480,3.80897079,3.4034636600000003,24.38,1020.733
1789416490,3.81077351,3.4045766600000005,24.41,1020.731
1789416500,3.81077351,3.4045766600000005,24.39,1020.729
1789416510,3.8125762300000003,3.40568966,24.41,1020.73
1789416520,3.81437895,3.4079156600000005,24.38,1020.722
1789416530,3.81618167,3.40902866,24.39,1020.725
1789416540,3.81978711,3.41236766,24.39,1020.725
1789416550,3.8233925500000003,3.41570666,24.42,1020.72
1789416560,3.82158983,3.4145936600000004,24.39,1020.717
1789416570,3.8233925500000003,3.4168196600000003,24.41,1020.713
1789416580,3.82519527,3.4168196600000003,24.42,1020.717
1789416590,3.82699799,3.4201586600000002,24.42,1020.713
1789416600,3.82699799,3.4201586600000002,24.41,1020.712
1789416610,3.82519527,3.4179326600000004,24.42,1020.707
1789416620,3.82519527,3.4168196600000003,24.41,1020.699
1789416630,3.82519527,3.4179326600000004,24.41,1020.701
1789416640,3.82519527,3.4179326600000004,24.39,1020.698
1789416650,3.8233925500000003,3.41570666,24.38,1020.697
1789416660,3.82519527,3.41570666,24.41,1020.694
1789416670,3.82699799,3.4179326600000004,24.42,1020.694
1789416680,3.8233925500000003,3.41570666,24.44,1020.69
1789416690,3.82158983,3.4145936600000004,24.41,1020.688
1789416700,3.82158983,3.4134806600000003,24.39,1020.692
1789416710,3.82519527,3.4168196600000003,24.42,1020.691
1789416720,3.82519527,3.4168196600000003,24.44,1020.691
1789416730,3.82519527,3.4179326600000004,24.42,1020.69
1789416740,3.8288007100000003,3.4212716600000004,24.44,1020.692
1789416750,3.83060343,3.42349766,24.41,1020.695
1789416760,3.83060343,3.4223846600000005,24.42,1020.691
1789416770,3.83240615,3.4246106600000004,24.42,1020.684
1789416780,3.8288007100000003,3.4212716600000004,24.41,1020.679
1789416790,3.8288007100000003,3.4212716600000004,24.41,1020.677
1789416800,3.82699799,3.4179326600000004,24.39,1020.679
1789416810,3.82519527,3.4168196600000003,24.41,1020.677
1789416820,3.82699799,3.4190456600000005,24.41,1020.678
1789416830,3.8288007100000003,3.4201586600000002,24.42,1020.675
1789416840,3.8288007100000003,3.4201586600000002,24.38,1020.675
1789416850,3.83240615,3.42349766,24.36,1020.668
1789416860,3.83240615,3.42349766,24.38,1020.675
1789416870,3.83060343,3.4212716600000004,24.39,1020.674
1789416880,3.8288007100000003,3.4201586600000002,24.39,1020.674
1789416890,3.8288007100000003,3.4201586600000002,24.39,1020.667
1789416900,3.8288007100000003,3.4201586600000002,24.38,1020.666
1789416910,3.82699799,3.4179326600000004,24.39,1020.666
1789416920,3.82699799,3.4179326600000004,24.38,1020.662
1789416930,3.8233925500000003,3.41570666,24.38,1020.663
1789416940,3.82519527,3.41570666,24.39,1020.662
1789416950,3.82519527,3.4168196600000003,24.36,1020.661
1789416960,3.82699799,3.4179326600000004,24.38,1020.655
1789416970,3.83060343,3.4212716600000004,24.38,1020.662
1789416980,3.8288007100000003,3.4190456600000005,24.36,1020.663
1789416990,3.83060343,3.4223846600000005,24.36,1020.657
1789417000,3.83240615,3.42349766,24.38,1020.657
1789417010,3.83240615,3.42349766,24.36,1020.655
1789417020,3.83240615,3.4223846600000005,24.39,1020.651
1789417030,3.83240615,3.42349766,24.36,1020.651
1789417040,3.8288007100000003,3.4201586600000002,24.42,1020.655
1789417050,3.82699799,3.4179326600000004,24.38,1020.652
1789417060,3.8288007100000003,3.4190456600000005,24.41,1020.652
1789417070,3.82699799,3.4179326600000004,24.39,1020.651
1789417080,3.8342088700000003,3.4246106600000004,24.38,1020.653
1789417090,3.8342088700000003,3.42349766,24.38,1020.648
1789417100,3.83240615,3.4223846600000005,24.39,1020.649
1789417110,3.82699799,3.4179326600000004,24.38,1020.647
1789417120,3.8342088700000003,3.4246106600000004,24.36,1020.646
1789417130,3.8396170300000003,3.4290626600000005,24.38,1020.648
1789417140,3.84141975,3.4312886600000003,24.38,1020.644
1789417150,3.84682791,3.43685366,24.38,1020.64
1789417160,3.84682791,3.4357406600000004,24.38,1020.644
1789417170,3.8504333500000003,3.4390796600000004,24.36,1020.643
1789417180,3.85223607,3.44019266,24.38,1020.636
1789417190,3.8558415100000003,3.4435316600000005,24.38,1020.636
1789417200,3.85403879,3.4424186600000004,24.39,1020.634
1789417210,3.85764423,3.4457576600000004,24.41,1020.633
1789417220,3.85223607,3.4413056600000003,24.39,1020.632
1789417230,3.84682791,3.43685366,24.38,1020.628
1789417240,3.8450251900000003,3.43351466,24.41,1020.623
1789417250,3.8396170300000003,3.43017566,24.39,1020.625
1789417260,3.84322247,3.4324016600000005,24.36,1020.622
1789417270,3.8450251900000003,3.43351466,24.36,1020.624
1789417280,3.8450251900000003,3.4346276600000003,24.38,1020.622
1789417290,3.84863063,3.43685366,24.39,1020.625
1789417300,3.84682791,3.4346276600000003,24.38,1020.62
1789417310,3.84682791,3.4357406600000004,24.38,1020.621
1789417320,3.84863063,3.4379666600000003,24.38,1020.617
1789417330,3.8450251900000003,3.4346276600000003,24.38,1020.62
1789417340,3.83781431,3.4279496600000003,24.39,1020.615
1789417350,3.83781431,3.42683666,24.35,1020.611
1789417360,3.84141975,3.43017566,24.39,1020.62
1789417370,3.84141975,3.4324016600000005,24.36,1020.618
1789417380,3.84682791,3.4357406600000004,24.38,1020.621
1789417390,3.84863063,3.4379666600000003,24.39,1020.619
1789417400,3.84863063,3.4379666600000003,24.36,1020.62
1789417410,3.8558415100000003,3.4446446600000002,24.39,1020.626
1789417420,3.85764423,3.4457576600000004,24.36,1020.618
1789417430,3.85764423,3.4468706600000005,24.38,1020.619
1789417440,3.86485511,3.4524356600000004,24.39,1020.616
1789417450,3.8666578300000003,3.4535486600000005,24.36,1020.619
1789417460,3.86305239,3.45132266,24.39,1020.618
1789417470,3.85764423,3.4457576600000004,24.39,1020.62
1789417480,3.84863063,3.4379666600000003,24.39,1020.621
1789417490,3.8504333500000003,3.44019266,24.39,1020.619
1789417500,3.8558415100000003,3.4446446600000002,24.38,1020.622
1789417510,3.8612496700000003,3.4490966600000004,24.39,1020.617
1789417520,3.86485511,3.45132266,24.38,1020.614
1789417530,3.87567143,3.46133966,24.38,1020.617
1789417540,3.8666578300000003,3.45466166,24.38,1020.616
1789417550,3.86485511,3.4524356600000004,24.36,1020.615
1789417560,3.85764423,3.4457576600000004,24.36,1020.616
1789417570,3.85223607,3.4413056600000003,24.35,1020.618
1789417580,3.85403879,3.4413056600000003,24.36,1020.613
1789417590,3.86305239,3.4490966600000004,24.34,1020.612
1789417600,3.87567143,3.4602266600000005,24.35,1020.612
1789417610,3.87386871,3.4602266600000005,24.35,1020.609
1789417620,3.88107959,3.4669046600000004,24.36,1020.607
1789417630,3.87567143,3.4624526600000003,24.35,1020.61
1789417640,3.87386871,3.4591136600000003,24.34,1020.603
1789417650,3.87927687,3.4635656600000004,24.34,1020.602
1789417660,3.88107959,3.4669046600000004,24.36,1020.603
1789417670,3.8774741500000003,3.4635656600000004,24.35,1020.602
1789417680,3.87386871,3.4602266600000005,24.36,1020.601
1789417690,3.87567143,3.4624526600000003,24.36,1020.601
1789417700,3.8774741500000003,3.4635656600000004,24.36,1020.602
1789417710,3.87567143,3.4624526600000003,24.36,1020.595
1789417720,3.8720659900000003,3.45800066,24.34,1020.597
1789417730,3.8774741500000003,3.4635656600000004,24.36,1020.599
1789417740,3.8882904700000003,3.4735826600000004,24.35,1020.601
1789417750,3.89189591,3.4769216600000004,24.36,1020.591
1789417760,3.89009319,3.4746956600000005,24.36,1020.594
1789417770,3.89550135,3.4802606600000003,24.35,1020.591
1789417780,3.8882904700000003,3.4746956600000005,24.35,1020.591
1789417790,3.8936986300000003,3.4780346600000005,24.39,1020.586
1789417800,3.89189591,3.4769216600000004,24.35,1020.587
1789417810,3.89009319,3.4746956600000005,24.36,1020.584
1789417820,3.89550135,3.47914766,24.39,1020.583
1789417830,3.8936986300000003,3.4780346600000005,24.36,1020.585
1789417840,3.90090951,3.48582566,24.38,1020.584
1789417850,3.90271223,3.4869386600000003,24.38,1020.583
1789417860,3.9099231100000003,3.49250366,24.39,1020.579
1789417870,3.9099231100000003,3.49250366,24.39,1020.581
1789417880,3.9099231100000003,3.4936166600000003,24.39,1020.581
1789417890,3.9153312700000003,3.4969556600000002,24.38,1020.581
1789417900,3.91352855,3.4958426600000005,24.42,1020.583
1789417910,3.9099231100000003,3.4913906600000004,24.39,1020.586
1789417920,3.90631767,3.4880516600000004,24.41,1020.579
1789417930,3.9225421500000004,3.5025206600000005,24.38,1020.586
1789417940,3.9261475900000002,3.5080856600000003,24.39,1020.59
1789417950,3.9261475900000002,3.50697266,24.41,1020.596
1789417960,3.92434487,3.5058596600000005,24.41,1020.59
1789417970,3.91352855,3.4958426600000005,24.42,1020.595
1789417980,3.9153312700000003,3.4969556600000002,24.39,1020.592
1789417990,3.90631767,3.48916466,24.39,1020.6
1789418000,3.9045149500000003,3.4869386600000003,24.39,1020.603
1789418010,3.90631767,3.48916466,24.36,1020.603
1789418020,3.9045149500000003,3.4880516600000004,24.38,1020.601
1789418030,3.90631767,3.48916466,24.38,1020.604
1789418040,3.91352855,3.4969556600000002,24.38,1020.607
1789418050,3.9045149500000003,3.4880516600000004,24.38,1020.608
1789418060,3.89189591,3.4769216600000004,24.38,1020.607
1789418070,3.89550135,3.4780346600000005,24.39,1020.609
1789418080,3.90090951,3.4835996600000003,24.36,1020.615
1789418090,3.8991067900000003,3.4835996600000003,24.38,1020.612
1789418100,3.90631767,3.4880516600000004,24.39,1020.613
1789418110,3.9153312700000003,3.4969556600000002,24.36,1020.614
1789418120,3.90812039,3.4902776600000003,24.38,1020.613
1789418130,3.9045149500000003,3.4869386600000003,24.39,1020.619
1789418140,3.90090951,3.4847126600000005,24.38,1020.614
1789418150,3.9045149500000003,3.4880516600000004,24.38,1020.619
1789418160,3.90271223,3.48582566,24.36,1020.616
1789418170,3.90090951,3.4835996600000003,24.38,1020.621
1789418180,3.9045149500000003,3.48582566,24.38,1020.619
1789418190,3.9117258300000004,3.4936166600000003,24.36,1020.622
1789418200,3.91352855,3.4958426600000005,24.36,1020.622
1789418210,3.91893671,3.5014076600000004,24.38,1020.621
1789418220,3.9171339900000004,3.4991816600000005,24.36,1020.623
1789418230,3.9153312700000003,3.4980686600000004,24.39,1020.625
1789418240,3.92434487,3.5058596600000005,24.36,1020.622
1789418250,3.9441747900000004,3.5225546600000004,24.36,1020.621
1789418260,3.9369639100000002,3.51698966,24.38,1020.623
1789418270,3.9279503100000004,3.5091986600000005,24.36,1020.629
1789418280,3.91893671,3.5014076600000004,24.35,1020.624
1789418290,3.91893671,3.5014076600000004,24.34,1020.628
1789418300,3.9207394300000002,3.5014076600000004,24.35,1020.628
1789418310,3.9207394300000002,3.5014076600000004,24.35,1020.631
1789418320,3.91893671,3.5002946600000002,24.35,1020.633
1789418330,3.9171339900000004,3.4991816600000005,24.38,1020.634
1789418340,3.9153312700000003,3.4980686600000004,24.38,1020.636
1789418350,3.91893671,3.5002946600000002,24.36,1020.64
1789418360,3.9207394300000002,3.5025206600000005,24.36,1020.636
1789418370,3.91352855,3.4969556600000002,24.36,1020.639
1789418380,3.9153312700000003,3.4969556600000002,24.36,1020.641
1789418390,3.9261475900000002,3.50697266,24.38,1020.643
1789418400,3.92434487,3.50697266,24.36,1020.646
1789418410,3.92434487,3.5047466600000003,24.36,1020.644
1789418420,3.9207394300000002,3.5025206600000005,24.36,1020.644
1789418430,3.91352855,3.4958426600000005,24.35,1020.641
1789418440,3.91352855,3.4958426600000005,24.35,1020.642
1789418450,3.9261475900000002,3.50697266,24.36,1020.641
1789418460,3.9279503100000004,3.5091986600000005,24.36,1020.641
1789418470,3.92975303,3.51031166,24.36,1020.641
1789418480,3.9315557500000002,3.5114246600000003,24.38,1020.642
1789418490,3.9261475900000002,3.50697266,24.36,1020.645
1789418500,3.9171339900000004,3.4980686600000004,24.38,1020.646
1789418510,3.9207394300000002,3.5014076600000004,24.38,1020.648
1789418520,3.92434487,3.5047466600000003,24.36,1020.65
1789418530,3.92434487,3.5047466600000003,24.36,1020.653
1789418540,3.91893671,3.5002946600000002,24.35,1020.652
1789418550,3.91893671,3.5014076600000004,24.34,1020.653
1789418560,3.92975303,3.51031166,24.35,1020.655
1789418570,3.92975303,3.5114246600000003,24.34,1020.661
1789418580,3.92975303,3.51031166,24.35,1020.656
1789418590,3.92975303,3.51031166,24.35,1020.661
1789418600,3.9369639100000002,3.51698966,24.35,1020.659
1789418610,3.93516119,3.5147636600000003,24.36,1020.662
1789418620,3.9369639100000002,3.5181026600000003,24.36,1020.667
1789418630,3.9315557500000002,3.5125376600000005,24.32,1020.668
1789418640,3.92975303,3.51031166,24.34,1020.666
1789418650,3.9333584700000004,3.51365066,24.32,1020.664
1789418660,3.9315557500000002,3.5114246600000003,24.35,1020.667
1789418670,3.93516119,3.5147636600000003,24.34,1020.676
1789418680,3.9387666300000004,3.5181026600000003,24.34,1020.67
1789418690,3.93516119,3.5158766600000004,24.32,1020.675
1789418700,3.9333584700000004,3.5158766600000004,24.34,1020.671
1789418710,3.9369639100000002,3.51698966,24.32,1020.675
1789418720,3.93516119,3.5158766600000004,24.32,1020.67
1789418730,3.93516119,3.5158766600000004,24.32,1020.67
1789418740,3.92975303,3.5114246600000003,24.32,1020.674
1789418750,3.9279503100000004,3.5091986600000005,24.31,1020.668
1789418760,3.91893671,3.5014076600000004,24.32,1020.67
1789418770,3.91893671,3.5014076600000004,24.28,1020.666
1789418780,3.9225421500000004,3.50363366,24.31,1020.671
1789418790,3.9117258300000004,3.4947296600000004,24.31,1020.669
1789418800,3.92434487,3.5058596600000005,24.3,1020.672
1789418810,3.9225421500000004,3.5047466600000003,24.31,1020.673
1789418820,3.9153312700000003,3.4980686600000004,24.34,1020.674
1789418830,3.9207394300000002,3.50363366,24.31,1020.67
1789418840,3.9171339900000004,3.4991816600000005,24.31,1020.672
1789418850,3.91893671,3.5014076600000004,24.32,1020.672
1789418860,3.9261475900000002,3.5080856600000003,24.3,1020.669
1789418870,3.93516119,3.5158766600000004,24.31,1020.671
1789418880,3.94056935,3.5203286600000006,24.31,1020.673
1789418890,3.9423720700000002,3.5225546600000004,24.31,1020.666
1789418900,3.9423720700000002,3.5225546600000004,24.31,1020.672
1789418910,3.94597751,3.5247806600000002,24.3,1020.666
1789418920,3.9441747900000004,3.5236676600000005,24.31,1020.667
1789418930,3.9423720700000002,3.5214416600000003,24.3,1020.664
1789418940,3.9495829500000004,3.52811966,24.31,1020.662
1789418950,3.95138567,3.5303456600000005,24.32,1020.66
1789418960,3.9549911100000004,3.5336846600000005,24.3,1020.662
1789418970,3.95679383,3.53479766,24.31,1020.664
1789418980,3.9549911100000004,3.5336846600000005,24.32,1020.66
1789418990,3.95859655,3.5359106600000003,24.3,1020.662
1789419000,3.9549911100000004,3.5336846600000005,24.31,1020.66
1789419010,3.9549911100000004,3.5325716600000003,24.31,1020.659
1789419020,3.95138567,3.5303456600000005,24.31,1020.657
1789419030,3.9495829500000004,3.5292326600000004,24.32,1020.662
1789419040,3.94597751,3.5247806600000002,24.31,1020.657
1789419050,3.94056935,3.5203286600000006,24.3,1020.659
1789419060,3.94597751,3.5247806600000002,24.32,1020.656
1789419070,3.95318839,3.5292326600000004,24.32,1020.651
1789419080,3.9549911100000004,3.5325716600000003,24.3,1020.652
1789419090,3.95679383,3.53479766,24.3,1020.65
1789419100,3.95859655,3.5370236600000005,24.31,1020.652
1789419110,3.95679383,3.5336846600000005,24.3,1020.654
1789419120,3.96220199,3.5392496600000003,24.3,1020.659
1789419130,3.96220199,3.5392496600000003,24.31,1020.659
1789419140,3.95859655,3.5359106600000003,24.32,1020.653
1789419150,3.96220199,3.5392496600000003,24.35,1020.66
1789419160,3.96400471,3.5403626600000004,24.32,1020.653
1789419170,3.96220199,3.53813666,24.32,1020.658
1789419180,3.96400471,3.5403626600000004,24.34,1020.655
1789419190,3.96220199,3.5392496600000003,24.34,1020.653
1789419200,3.96400471,3.5403626600000004,24.31,1020.65
1789419210,3.9603992700000004,3.5370236600000005,24.34,1020.65
1789419220,3.9603992700000004,3.5370236600000005,24.32,1020.653
1789419230,3.95679383,3.5336846600000005,24.31,1020.647
1789419240,3.95138567,3.5292326600000004,24.31,1020.648
1789419250,3.9549911100000004,3.5325716600000003,24.31,1020.646
1789419260,3.95318839,3.53145866,24.32,1020.648
1789419270,3.95679383,3.5336846600000005,24.32,1020.653
1789419280,3.95859655,3.5370236600000005,24.31,1020.654
1789419290,3.96400471,3.5403626600000004,24.31,1020.656
1789419300,3.96220199,3.5392496600000003,24.34,1020.657
1789419310,3.96220199,3.5392496600000003,24.34,1020.655
1789419320,3.9603992700000004,3.5370236600000005,24.31,1020.654
1789419330,3.9603992700000004,3.5370236600000005,24.34,1020.651
1789419340,3.96220199,3.5392496600000003,24.34,1020.65
1789419350,3.9658074300000004,3.5425886600000003,24.35,1020.646
1789419360,3.9658074300000004,3.54147566,24.34,1020.648
1789419370,3.96400471,3.5403626600000004,24.34,1020.646
1789419380,3.96400471,3.54147566,24.34,1020.637
1789419390,3.96400471,3.5392496600000003,24.34,1020.637
1789419400,3.9658074300000004,3.54147566,24.35,1020.639
1789419410,3.96400471,3.54147566,24.35,1020.631
1789419420,3.96400471,3.5403626600000004,24.36,1020.633
1789419430,3.95859655,3.5370236600000005,24.35,1020.631
1789419440,3.95679383,3.5336846600000005,24.35,1020.627
1789419450,3.95679383,3.5336846600000005,24.34,1020.63
1789419460,3.9549911100000004,3.5325716600000003,24.34,1020.629
1789419470,3.9549911100000004,3.5325716600000003,24.32,1020.628
1789419480,3.94597751,3.5258936600000004,24.31,1020.623
1789419490,3.9477802300000002,3.5270066600000005,24.31,1020.623
1789419500,3.95138567,3.52811966,24.31,1020.626
1789419510,3.95138567,3.5292326600000004,24.31,1020.628
1789419520,3.95138567,3.5292326600000004,24.32,1020.626
1789419530,3.9495829500000004,3.5292326600000004,24.31,1020.623
1789419540,3.9549911100000004,3.5336846600000005,24.32,1020.622
1789419550,3.9549911100000004,3.5325716600000003,24.32,1020.617
1789419560,3.9549911100000004,3.5325716600000003,24.31,1020.617
1789419570,3.95679383,3.5336846600000005,24.32,1020.622
1789419580,3.95859655,3.53479766,24.3,1020.616
1789419590,3.95859655,3.5359106600000003,24.32,1020.617
1789419600,3.96400471,3.5392496600000003,24.31,1020.619
1789419610,3.9658074300000004,3.54147566,24.32,1020.617
1789419620,3.96400471,3.5392496600000003,24.31,1020.617
1789419630,3.96220199,3.5370236600000005,24.34,1020.612
1789419640,3.95679383,3.5325716600000003,24.32,1020.611
1789419650,3.95859655,3.5336846600000005,24.35,1020.612
1789419660,3.95859655,3.5336846600000005,24.34,1020.615
1789419670,3.9603992700000004,3.5359106600000003,24.35,1020.613
1789419680,3.9603992700000004,3.5359106600000003,24.34,1020.607
1789419690,3.9603992700000004,3.5359106600000003,24.32,1020.604
1789419700,3.9603992700000004,3.53479766,24.34,1020.609
1789419710,3.95679383,3.5336846600000005,24.32,1020.612
1789419720,3.95859655,3.53479766,24.34,1020.601
1789419730,3.95859655,3.5336846600000005,24.35,1020.601
1789419740,3.95859655,3.5336846600000005,24.35,1020.606
1789419750,3.95859655,3.53479766,24.34,1020.607
1789419760,3.9549911100000004,3.5303456600000005,24.32,1020.604
1789419770,3.95679383,3.53145866,24.32,1020.599
1789419780,3.9549911100000004,3.53145866,24.35,1020.599
1789419790,3.95859655,3.5336846600000005,24.35,1020.595
1789419800,3.95679383,3.5325716600000003,24.32,1020.595
1789419810,3.9549911100000004,3.5292326600000004,24.34,1020.596
1789419820,3.9549911100000004,3.5303456600000005,24.34,1020.592
1789419830,3.95859655,3.5336846600000005,24.32,1020.59
1789419840,3.95679383,3.5325716600000003,24.32,1020.587
1789419850,3.9549911100000004,3.5303456600000005,24.32,1020.589
1789419860,3.9549911100000004,3.5303456600000005,24.35,1020.591
1789419870,3.95138567,3.5270066600000005,24.34,1020.584
1789419880,3.95138567,3.5270066600000005,24.31,1020.584
1789419890,3.9495829500000004,3.5270066600000005,24.34,1020.581
1789419900,3.95138567,3.5258936600000004,24.32,1020.581
1789419910,3.95318839,3.5292326600000004,24.31,1020.576
1789419920,3.95859655,3.5336846600000005,24.35,1020.579
1789419930,3.9549911100000004,3.5303456600000005,24.35,1020.581
1789419940,3.95679383,3.5325716600000003,24.35,1020.574
1789419950,3.95859655,3.5336846600000005,24.34,1020.577
1789419960,3.95679383,3.5325716600000003,24.34,1020.572
1789419970,3.9603992700000004,3.53479766,24.34,1020.572
1789419980,3.95859655,3.5336846600000005,24.36,1020.572
1789419990,3.95679383,3.53145866,24.32,1020.575
1789420000,3.95859655,3.5325716600000003,24.36,1020.57
1789420010,3.9549911100000004,3.5303456600000005,24.32,1020.568
1789420020,3.9549911100000004,3.5303456600000005,24.35,1020.567
1789420030,3.95679383,3.53145866,24.34,1020.566
1789420040,3.9549911100000004,3.5292326600000004,24.32,1020.563
1789420050,3.9549911100000004,3.5292326600000004,24.34,1020.566
1789420060,3.9549911100000004,3.53145866,24.34,1020.57
1789420070,3.9549911100000004,3.5292326600000004,24.34,1020.565
1789420080,3.95679383,3.53145866,24.34,1020.567
1789420090,3.9549911100000004,3.5303456600000005,24.32,1020.563
1789420100,3.95318839,3.5292326600000004,24.32,1020.566
1789420110,3.95318839,3.52811966,24.32,1020.561
1789420120,3.95318839,3.52811966,24.32,1020.562
1789420130,3.95138567,3.5270066600000005,24.31,1020.563
1789420140,3.95138567,3.5258936600000004,24.31,1020.557
1789420150,3.95318839,3.5270066600000005,24.34,1020.559
1789420160,3.95318839,3.52811966,24.31,1020.562
1789420170,3.95679383,3.53145866,24.32,1020.567
1789420180,3.9549911100000004,3.5292326600000004,24.34,1020.571
1789420190,3.95679383,3.5303456600000005,24.31,1020.569
1789420200,3.9549911100000004,3.5303456600000005,24.32,1020.569
1789420210,3.95318839,3.52811966,24.3,1020.571
1789420220,3.95318839,3.5292326600000004,24.32,1020.573
1789420230,3.9549911100000004,3.5292326600000004,24.3,1020.576
1789420240,3.95318839,3.5292326600000004,24.31,1020.577
1789420250,3.95318839,3.52811966,24.32,1020.576
1789420260,3.95318839,3.5292326600000004,24.31,1020.579
1789420270,3.95138567,3.5270066600000005,24.34,1020.573
1789420280,3.9495829500000004,3.5236676600000005,24.3,1020.573
1789420290,3.9495829500000004,3.5247806600000002,24.31,1020.578
1789420300,3.9477802300000002,3.5236676600000005,24.31,1020.576
1789420310,3.94056935,3.51698966,24.3,1020.582
1789420320,3.9387666300000004,3.5147636600000003,24.3,1020.585
1789420330,3.9387666300000004,3.51365066,24.32,1020.58
1789420340,3.9369639100000002,3.51365066,24.32,1020.587
1789420350,3.9423720700000002,3.51698966,24.31,1020.586
1789420360,3.9423720700000002,3.51698966,24.31,1020.585
1789420370,3.9333584700000004,3.51031166,24.3,1020.579
1789420380,3.93516119,3.5114246600000003,24.3,1020.582
1789420390,3.9315557500000002,3.5080856600000003,24.3,1020.584
1789420400,3.94056935,3.5158766600000004,24.28,1020.584
1789420410,3.9423720700000002,3.51698966,24.3,1020.584
1789420420,3.94056935,3.5158766600000004,24.3,1020.584
1789420430,3.94056935,3.5147636600000003,24.27,1020.579
1789420440,3.9333584700000004,3.51031166,24.27,1020.586
1789420450,3.9387666300000004,3.51365066,24.28,1020.583
1789420460,3.9387666300000004,3.5147636600000003,24.3,1020.59
1789420470,3.9387666300000004,3.51365066,24.28,1020.584
1789420480,3.9441747900000004,3.5192156600000004,24.3,1020.587
1789420490,3.94597751,3.5214416600000003,24.31,1020.589
1789420500,3.9495829500000004,3.5247806600000002,24.31,1020.587
1789420510,3.95138567,3.5258936600000004,24.28,1020.588
1789420520,3.9441747900000004,3.5192156600000004,24.3,1020.593
1789420530,3.9423720700000002,3.5181026600000003,24.3,1020.593
1789420540,3.9423720700000002,3.51698966,24.28,1020.595
1789420550,3.9441747900000004,3.5192156600000004,24.3,1020.601
1789420560,3.94056935,3.5158766600000004,24.27,1020.596
1789420570,3.9279503100000004,3.50363366,24.28,1020.598
1789420580,3.9261475900000002,3.5014076600000004,24.27,1020.595
1789420590,3.9369639100000002,3.5125376600000005,24.28,1020.596
1789420600,3.94056935,3.5158766600000004,24.28,1020.594
1789420610,3.94056935,3.5158766600000004,24.28,1020.599
1789420620,3.94056935,3.5158766600000004,24.3,1020.608
1789420630,3.9333584700000004,3.5091986600000005,24.28,1020.604
1789420640,3.9369639100000002,3.5114246600000003,24.31,1020.607
1789420650,3.9315557500000002,3.50697266,24.28,1020.612
1789420660,3.9315557500000002,3.50697266,24.3,1020.607
1789420670,3.9333584700000004,3.5091986600000005,24.28,1020.609
1789420680,3.9333584700000004,3.5080856600000003,24.3,1020.607
1789420690,3.9369639100000002,3.5125376600000005,24.32,1020.605
1789420700,3.9333584700000004,3.5080856600000003,24.32,1020.597
1789420710,3.9315557500000002,3.5080856600000003,24.31,1020.595
1789420720,3.9225421500000004,3.4980686600000004,24.31,1020.594
1789420730,3.9153312700000003,3.4936166600000003,24.31,1020.594
1789420740,3.9171339900000004,3.4936166600000003,24.31,1020.589
1789420750,3.9171339900000004,3.4936166600000003,24.31,1020.595
1789420760,3.91893671,3.4969556600000002,24.28,1020.597
1789420770,3.9207394300000002,3.4969556600000002,24.31,1020.592
1789420780,3.92434487,3.5014076600000004,24.31,1020.588
1789420790,3.92975303,3.5058596600000005,24.28,1020.588
1789420800,3.9279503100000004,3.50363366,24.28,1020.588
1789420810,3.9261475900000002,3.50363366,24.28,1020.589
1789420820,3.9261475900000002,3.5025206600000005,24.28,1020.582
1789420830,3.9315557500000002,3.50697266,24.28,1020.579
1789420840,3.9333584700000004,3.5091986600000005,24.28,1020.578
1789420850,3.92975303,3.5047466600000003,24.3,1020.576
1789420860,3.9225421500000004,3.4980686600000004,24.28,1020.573
1789420870,3.9207394300000002,3.4969556600000002,24.3,1020.57
1789420880,3.91893671,3.4947296600000004,24.28,1020.57
1789420890,3.9225421500000004,3.4969556600000002,24.28,1020.571
1789420900,3.91893671,3.4947296600000004,24.27,1020.569
1789420910,3.9153312700000003,3.4913906600000004,24.3,1020.57
1789420920,3.90812039,3.4869386600000003,24.25,1020.568
1789420930,3.8991067900000003,3.4769216600000004,24.28,1020.564
1789420940,3.89730407,3.47580866,24.25,1020.562
1789420950,3.9099231100000003,3.4869386600000003,24.28,1020.563
1789420960,3.9117258300000004,3.48916466,24.25,1020.563
1789420970,3.90631767,3.4847126600000005,24.3,1020.563
1789420980,3.9117258300000004,3.4880516600000004,24.25,1020.555
1789420990,3.9153312700000003,3.4913906600000004,24.27,1020.555
1789421000,3.91893671,3.4958426600000005,24.24,1020.56
1789421010,3.9153312700000003,3.4913906600000004,24.28,1020.552
1789421020,3.9153312700000003,3.4913906600000004,24.28,1020.548
1789421030,3.91352855,3.48916466,24.3,1020.547
1789421040,3.9099231100000003,3.4880516600000004,24.28,1020.543
1789421050,3.9099231100000003,3.4869386600000003,24.28,1020.542
1789421060,3.91893671,3.4947296600000004,24.27,1020.549
1789421070,3.91893671,3.4947296600000004,24.3,1020.542
1789421080,3.91893671,3.4958426600000005,24.28,1020.542
1789421090,3.9153312700000003,3.4913906600000004,24.27,1020.534
1789421100,3.91893671,3.4936166600000003,24.25,1020.537
1789421110,3.91352855,3.4913906600000004,24.25,1020.534
1789421120,3.92434487,3.5002946600000002,24.28,1020.531
1789421130,3.9279503100000004,3.50363366,24.25,1020.527
1789421140,3.92434487,3.5002946600000002,24.25,1020.537
1789421150,3.9279503100000004,3.50363366,24.24,1020.524
1789421160,3.9333584700000004,3.5080856600000003,24.24,1020.528
1789421170,3.9279503100000004,3.50363366,24.24,1020.525
1789421180,3.9207394300000002,3.4969556600000002,24.25,1020.519
1789421190,3.9099231100000003,3.4869386600000003,24.25,1020.515
1789421200,3.90812039,3.4847126600000005,24.27,1020.511
1789421210,3.91352855,3.4913906600000004,24.27,1020.51
1789421220,3.9099231100000003,3.4880516600000004,24.27,1020.502
1789421230,3.9099231100000003,3.4880516600000004,24.25,1020.498
1789421240,3.9099231100000003,3.4869386600000003,24.25,1020.497
1789421250,3.90271223,3.4802606600000003,24.24,1020.494
1789421260,3.89730407,3.47580866,24.27,1020.495
1789421270,3.8882904700000003,3.4680176600000006,24.24,1020.491
1789421280,3.89189591,3.4702436600000004,24.24,1020.487
1789421290,3.88648775,3.4657916600000003,24.24,1020.487
1789421300,3.89189591,3.4702436600000004,24.24,1020.484
1789421310,3.8882904700000003,3.4680176600000006,24.24,1020.485
1789421320,3.89550135,3.4735826600000004,24.27,1020.477
1789421330,3.89009319,3.4691306600000003,24.25,1020.476
1789421340,3.89189591,3.4713566600000005,24.27,1020.479
1789421350,3.89550135,3.4746956600000005,24.28,1020.471
1789421360,3.89730407,3.4769216600000004,24.25,1020.471
1789421370,3.89550135,3.4735826600000004,24.27,1020.467
1789421380,3.88468503,3.46467866,24.27,1020.467
1789421390,3.88468503,3.4657916600000003,24.27,1020.465
1789421400,3.8882904700000003,3.4669046600000004,24.27,1020.46
1789421410,3.8882904700000003,3.4669046600000004,24.25,1020.462
1789421420,3.88107959,3.46133966,24.24,1020.463
1789421430,3.87927687,3.4591136600000003,24.27,1020.46
1789421440,3.8828823100000003,3.4624526600000003,24.24,1020.461
1789421450,3.87927687,3.4602266600000005,24.24,1020.457
1789421460,3.88107959,3.4624526600000003,24.24,1020.455
1789421470,3.87927687,3.4602266600000005,24.24,1020.457
1789421480,3.88468503,3.46467866,24.25,1020.452
1789421490,3.88107959,3.46133966,24.25,1020.455
1789421500,3.87927687,3.4602266600000005,24.27,1020.454
1789421510,3.8828823100000003,3.4624526600000003,24.28,1020.457
1789421520,3.8828823100000003,3.4635656600000004,24.24,1020.451
1789421530,3.87927687,3.4591136600000003,24.28,1020.452
1789421540,3.87026327,3.45132266,24.25,1020.453
1789421550,3.87026327,3.4524356600000004,24.27,1020.452
1789421560,3.86846055,3.4490966600000004,24.28,1020.452
1789421570,3.86846055,3.4490966600000004,24.25,1020.447
1789421580,3.86305239,3.4446446600000002,24.25,1020.447
1789421590,3.87026327,3.4524356600000004,24.25,1020.446
1789421600,3.8720659900000003,3.4524356600000004,24.27,1020.45
1789421610,3.8666578300000003,3.4490966600000004,24.28,1020.449
1789421620,3.8666578300000003,3.4479836600000002,24.25,1020.45
1789421630,3.86485511,3.4457576600000004,24.3,1020.441
1789421640,3.87386871,3.4535486600000005,24.25,1020.446
1789421650,3.8612496700000003,3.4435316600000005,24.27,1020.442
1789421660,3.8720659900000003,3.4535486600000005,24.25,1020.447
1789421670,3.88107959,3.4602266600000005,24.24,1020.443
1789421680,3.88107959,3.46133966,24.27,1020.442
1789421690,3.8774741500000003,3.4568876600000005,24.27,1020.44
1789421700,3.8720659900000003,3.4535486600000005,24.3,1020.439
1789421710,3.8666578300000003,3.4479836600000002,24.27,1020.438
1789421720,3.8558415100000003,3.4379666600000003,24.31,1020.431
1789421730,3.85403879,3.43685366,24.27,1020.436
1789421740,3.85403879,3.4357406600000004,24.27,1020.433
1789421750,3.84863063,3.4312886600000003,24.28,1020.433
1789421760,3.85403879,3.43685366,24.27,1020.43
1789421770,3.85764423,3.4390796600000004,24.24,1020.431
1789421780,3.85944695,3.4413056600000003,24.25,1020.429
1789421790,3.85944695,3.4413056600000003,24.27,1020.43
1789421800,3.85764423,3.4390796600000004,24.27,1020.419
1789421810,3.85764423,3.4390796600000004,24.27,1020.413
1789421820,3.85403879,3.43685366,24.23,1020.407
1789421830,3.8450251900000003,3.43017566,24.27,1020.406
1789421840,3.8450251900000003,3.4290626600000005,24.27,1020.412
1789421850,3.84682791,3.43017566,24.25,1020.413
1789421860,3.84863063,3.4312886600000003,24.27,1020.411
1789421870,3.8558415100000003,3.4379666600000003,24.24,1020.409
1789421880,3.86305239,3.4446446600000002,24.27,1020.407
1789421890,3.86485511,3.4457576600000004,24.24,1020.409
1789421900,3.86485511,3.4457576600000004,24.24,1020.408
1789421910,3.8666578300000003,3.4479836600000002,24.25,1020.413
1789421920,3.86485511,3.4468706600000005,24.23,1020.415
1789421930,3.85764423,3.44019266,24.25,1020.417
1789421940,3.85403879,3.43685366,24.27,1020.413
1789421950,3.85403879,3.4357406600000004,24.27,1020.416
1789421960,3.85403879,3.4379666600000003,24.27,1020.413
1789421970,3.85223607,3.4346276600000003,24.28,1020.408
1789421980,3.8504333500000003,3.43351466,24.25,1020.406
1789421990,3.84141975,3.4257236600000005,24.27,1020.403
1789422000,3.84141975,3.4257236600000005,24.25,1020.407
1789422010,3.8450251900000003,3.42683666,24.27,1020.403
1789422020,3.85223607,3.43351466,24.25,1020.413
1789422030,3.85944695,3.44019266,24.27,1020.412
1789422040,3.86846055,3.4490966600000004,24.25,1020.415
1789422050,3.8720659900000003,3.4524356600000004,24.25,1020.412
1789422060,3.87026327,3.45132266,24.27,1020.414
1789422070,3.87026327,3.4502096600000005,24.23,1020.416
1789422080,3.87386871,3.45466166,24.25,1020.422
1789422090,3.87026327,3.4502096600000005,24.25,1020.421
1789422100,3.8720659900000003,3.45132266,24.27,1020.423
1789422110,3.87386871,3.45466166,24.25,1020.426
1789422120,3.87567143,3.45466166,24.25,1020.431
1789422130,3.8720659900000003,3.4524356600000004,24.27,1020.426
1789422140,3.87386871,3.4535486600000005,24.25,1020.426
1789422150,3.87567143,3.45466166,24.28,1020.43
1789422160,3.87386871,3.45466166,24.25,1020.432
1789422170,3.87386871,3.4535486600000005,24.25,1020.438
1789422180,3.87927687,3.45800066,24.27,1020.43
1789422190,3.8774741500000003,3.45800066,24.25,1020.432
1789422200,3.87386871,3.4535486600000005,24.25,1020.432
1789422210,3.86846055,3.4490966600000004,24.25,1020.433
1789422220,3.86305239,3.4457576600000004,24.25,1020.43
1789422230,3.85764423,3.4390796600000004,24.25,1020.433
1789422240,3.8558415100000003,3.4390796600000004,24.27,1020.432
1789422250,3.8612496700000003,3.4424186600000004,24.24,1020.43
1789422260,3.8612496700000003,3.4435316600000005,24.24,1020.428
1789422270,3.85944695,3.4413056600000003,24.24,1020.423
1789422280,3.85944695,3.4413056600000003,24.23,1020.424
1789422290,3.84863063,3.4312886600000003,24.23,1020.427
1789422300,3.85764423,3.44019266,24.24,1020.429
1789422310,3.8612496700000003,3.4424186600000004,24.25,1020.423
1789422320,3.86305239,3.4435316600000005,24.23,1020.427
1789422330,3.86305239,3.4435316600000005,24.21,1020.428
1789422340,3.8612496700000003,3.4424186600000004,24.23,1020.426
1789422350,3.85764423,3.4390796600000004,24.27,1020.422
1789422360,3.8558415100000003,3.4379666600000003,24.24,1020.421
1789422370,3.85764423,3.4379666600000003,24.24,1020.427
1789422380,3.84863063,3.4312886600000003,24.25,1020.427
1789422390,3.85223607,3.43351466,24.21,1020.431
1789422400,3.84682791,3.43017566,24.23,1020.426
1789422410,3.8450251900000003,3.4279496600000003,24.24,1020.426
1789422420,3.84682791,3.4290626600000005,24.24,1020.427
1789422430,3.8504333500000003,3.43351466,24.23,1020.426
1789422440,3.85223607,3.4357406600000004,24.23,1020.43
1789422450,3.8504333500000003,3.43351466,24.24,1020.431
1789422460,3.8558415100000003,3.4379666600000003,24.25,1020.434
1789422470,3.8558415100000003,3.4390796600000004,24.24,1020.435
1789422480,3.85944695,3.4413056600000003,24.24,1020.428
1789422490,3.85944695,3.4413056600000003,24.23,1020.434
1789422500,3.8666578300000003,3.4468706600000005,24.23,1020.435
1789422510,3.85944695,3.4413056600000003,24.23,1020.436
1789422520,3.8612496700000003,3.4424186600000004,24.23,1020.434
1789422530,3.85764423,3.4413056600000003,24.24,1020.436
1789422540,3.8504333500000003,3.4346276600000003,24.27,1020.435
1789422550,3.85403879,3.43685366,24.24,1020.436
1789422560,3.85764423,3.4390796600000004,24.27,1020.441
1789422570,3.85403879,3.43685366,24.24,1020.441
1789422580,3.8504333500000003,3.4346276600000003,24.24,1020.443
1789422590,3.85403879,3.43685366,24.25,1020.437
1789422600,3.85403879,3.43685366,24.24,1020.434
1789422610,3.85223607,3.4346276600000003,24.23,1020.435
1789422620,3.85764423,3.4390796600000004,24.24,1020.44
1789422630,3.85403879,3.43685366,24.23,1020.442
1789422640,3.85403879,3.43685366,24.21,1020.437
1789422650,3.8558415100000003,3.4390796600000004,24.23,1020.434
1789422660,3.8558415100000003,3.4379666600000003,24.23,1020.44
1789422670,3.85944695,3.4413056600000003,24.23,1020.439
1789422680,3.85944695,3.4424186600000004,24.21,1020.444
1789422690,3.86305239,3.4446446600000002,24.23,1020.441
1789422700,3.86485511,3.4457576600000004,24.2,1020.439
1789422710,3.86305239,3.4446446600000002,24.2,1020.442
1789422720,3.86485511,3.4468706600000005,24.2,1020.439
1789422730,3.87026327,3.45132266,24.21,1020.435
1789422740,3.8666578300000003,3.4479836600000002,24.23,1020.438
1789422750,3.8666578300000003,3.4490966600000004,24.21,1020.432
1789422760,3.86305239,3.4446446600000002,24.23,1020.437
1789422770,3.8612496700000003,3.4424186600000004,24.23,1020.438
1789422780,3.8612496700000003,3.4435316600000005,24.24,1020.436
1789422790,3.8558415100000003,3.4390796600000004,24.2,1020.44
1789422800,3.8558415100000003,3.4390796600000004,24.2,1020.432
1789422810,3.8558415100000003,3.4379666600000003,24.23,1020.433
1789422820,3.85403879,3.43685366,24.23,1020.439
1789422830,3.85764423,3.44019266,24.23,1020.436
1789422840,3.85764423,3.44019266,24.21,1020.438
1789422850,3.86485511,3.4457576600000004,24.21,1020.437
1789422860,3.8612496700000003,3.4435316600000005,24.2,1020.438
1789422870,3.86485511,3.4468706600000005,24.2,1020.436
1789422880,3.86305239,3.4446446600000002,24.2,1020.437
1789422890,3.8612496700000003,3.4435316600000005,24.2,1020.434
1789422900,3.86305239,3.4457576600000004,24.23,1020.438
1789422910,3.86485511,3.4468706600000005,24.23,1020.436
1789422920,3.86305239,3.4457576600000004,24.21,1020.434
1789422930,3.86846055,3.4502096600000005,24.2,1020.441
1789422940,3.8612496700000003,3.4435316600000005,24.23,1020.439
1789422950,3.8612496700000003,3.4435316600000005,24.2,1020.437
1789422960,3.8612496700000003,3.4435316600000005,24.23,1020.438
1789422970,3.85944695,3.4424186600000004,24.2,1020.435
1789422980,3.86305239,3.4457576600000004,24.23,1020.432
1789422990,3.86485511,3.4479836600000002,24.23,1020.435
1789423000,3.8612496700000003,3.4435316600000005,24.2,1020.43
1789423010,3.8666578300000003,3.4479836600000002,24.23,1020.434
1789423020,3.86305239,3.4457576600000004,24.23,1020.438
1789423030,3.86305239,3.4457576600000004,24.25,1020.433
1789423040,3.8612496700000003,3.4435316600000005,24.23,1020.437
1789423050,3.8612496700000003,3.4435316600000005,24.21,1020.436
1789423060,3.85764423,3.44019266,24.23,1020.434
1789423070,3.8612496700000003,3.4446446600000002,24.24,1020.43
1789423080,3.85944695,3.4424186600000004,24.21,1020.431
1789423090,3.86305239,3.4468706600000005,24.21,1020.432
1789423100,3.86485511,3.4468706600000005,24.21,1020.434
1789423110,3.86485511,3.4479836600000002,24.23,1020.435
1789423120,3.85944695,3.4424186600000004,24.23,1020.43
1789423130,3.85944695,3.4435316600000005,24.23,1020.431
1789423140,3.85944695,3.4424186600000004,24.18,1020.432
1789423150,3.86305239,3.4446446600000002,24.21,1020.427
1789423160,3.8612496700000003,3.4435316600000005,24.23,1020.43
1789423170,3.8612496700000003,3.4435316600000005,24.23,1020.431
1789423180,3.8612496700000003,3.4435316600000005,24.21,1020.429
1789423190,3.85944695,3.4413056600000003,24.21,1020.432
1789423200,3.8612496700000003,3.4435316600000005,24.23,1020.43
1789423210,3.8666578300000003,3.4490966600000004,24.21,1020.432
1789423220,3.8666578300000003,3.4479836600000002,24.24,1020.429
1789423230,3.86485511,3.4457576600000004,24.2,1020.428
1789423240,3.8666578300000003,3.4479836600000002,24.23,1020.432
1789423250,3.86485511,3.4468706600000005,24.21,1020.429
1789423260,3.8666578300000003,3.4490966600000004,24.23,1020.428
1789423270,3.86485511,3.4468706600000005,24.2,1020.43
1789423280,3.86485511,3.4468706600000005,24.24,1020.429
1789423290,3.85944695,3.4424186600000004,24.23,1020.428
1789423300,3.86305239,3.4457576600000004,24.24,1020.43
1789423310,3.86846055,3.45132266,24.24,1020.432
1789423320,3.86846055,3.4490966600000004,24.2,1020.433
1789423330,3.86485511,3.4468706600000005,24.24,1020.434
1789423340,3.87026327,3.4524356600000004,24.21,1020.434
1789423350,3.87386871,3.4557746600000003,24.23,1020.43
1789423360,3.87026327,3.4524356600000004,24.23,1020.428
1789423370,3.8720659900000003,3.45466166,24.21,1020.431
1789423380,3.87386871,3.4557746600000003,24.24,1020.435
1789423390,3.87386871,3.4557746600000003,24.25,1020.432
1789423400,3.87927687,3.46133966,24.23,1020.43
1789423410,3.87927687,3.46133966,24.21,1020.43
1789423420,3.87026327,3.4535486600000005,24.21,1020.431
1789423430,3.87927687,3.46133966,24.2,1020.432
1789423440,3.88107959,3.4635656600000004,24.21,1020.429
1789423450,3.88468503,3.46467866,24.21,1020.424
1789423460,3.87927687,3.4602266600000005,24.23,1020.426
1789423470,3.87927687,3.4602266600000005,24.2,1020.431
1789423480,3.8828823100000003,3.46467866,24.21,1020.43
1789423490,3.88468503,3.4657916600000003,24.2,1020.422
1789423500,3.8774741500000003,3.4591136600000003,24.24,1020.425
1789423510,3.8774741500000003,3.4591136600000003,24.23,1020.428
1789423520,3.87567143,3.4568876600000005,24.23,1020.423
1789423530,3.87927687,3.4602266600000005,24.21,1020.425
1789423540,3.8828823100000003,3.46467866,24.23,1020.429
1789423550,3.88107959,3.46133966,24.23,1020.423
1789423560,3.87567143,3.4568876600000005,24.24,1020.422
1789423570,3.8720659900000003,3.45466166,24.24,1020.42
1789423580,3.87386871,3.45466166,24.23,1020.416
1789423590,3.87386871,3.4557746600000003,24.21,1020.413
1789423600,3.88468503,3.4669046600000004,24.23,1020.413
1789423610,3.8936986300000003,3.4735826600000004,24.21,1020.414
1789423620,3.89189591,3.4713566600000005,24.21,1020.412
1789423630,3.8828823100000003,3.4635656600000004,24.24,1020.415
1789423640,3.88107959,3.4602266600000005,24.21,1020.406
1789423650,3.87567143,3.4568876600000005,24.24,1020.407
1789423660,3.8720659900000003,3.4535486600000005,24.24,1020.405
1789423670,3.87567143,3.4568876600000005,24.23,1020.406
1789423680,3.87567143,3.45800066,24.23,1020.405
1789423690,3.87386871,3.4557746600000003,24.24,1020.404
1789423700,3.87567143,3.4568876600000005,24.21,1020.398
1789423710,3.87567143,3.4568876600000005,24.23,1020.394
1789423720,3.8774741500000003,3.4591136600000003,24.21,1020.394
1789423730,3.8828823100000003,3.4635656600000004,24.21,1020.393
1789423740,3.8882904700000003,3.4691306600000003,24.21,1020.394
1789423750,3.88648775,3.4669046600000004,24.21,1020.396
1789423760,3.8828823100000003,3.4635656600000004,24.18,1020.393
1789423770,3.87567143,3.45800066,24.23,1020.395
1789423780,3.8828823100000003,3.4635656600000004,24.21,1020.393
1789423790,3.88468503,3.4657916600000003,24.23,1020.394
1789423800,3.8882904700000003,3.4702436600000004,24.23,1020.392
1789423810,3.89730407,3.4769216600000004,24.21,1020.39
1789423820,3.89009319,3.4702436600000004,24.21,1020.392
1789423830,3.88648775,3.4669046600000004,24.23,1020.39
1789423840,3.88648775,3.4669046600000004,24.24,1020.39
1789423850,3.8991067900000003,3.4780346600000005,24.24,1020.39
1789423860,3.8991067900000003,3.4780346600000005,24.23,1020.391
1789423870,3.89550135,3.47580866,24.21,1020.394
1789423880,3.8991067900000003,3.47914766,24.21,1020.396
1789423890,3.9099231100000003,3.4880516600000004,24.23,1020.398
1789423900,3.9117258300000004,3.48916466,24.24,1020.391
1789423910,3.9045149500000003,3.4835996600000003,24.23,1020.396
1789423920,3.90090951,3.47914766,24.23,1020.398
1789423930,3.8991067900000003,3.4780346600000005,24.23,1020.398
1789423940,3.89550135,3.4746956600000005,24.24,1020.4
1789423950,3.8882904700000003,3.4691306600000003,24.23,1020.401
1789423960,3.89009319,3.4702436600000004,24.24,1020.4
1789423970,3.8936986300000003,3.4735826600000004,24.24,1020.4
1789423980,3.8936986300000003,3.4735826600000004,24.23,1020.404
1789423990,3.89009319,3.4702436600000004,24.24,1020.403
1789424000,3.89189591,3.4702436600000004,24.23,1020.402
1789424010,3.8936986300000003,3.4735826600000004,24.21,1020.402
1789424020,3.89730407,3.47580866,24.23,1020.4
1789424030,3.89730407,3.4746956600000005,24.23,1020.406
1789424040,3.90271223,3.4802606600000003,24.23,1020.403
1789424050,3.90090951,3.47914766,24.24,1020.401
1789424060,3.90631767,3.4835996600000003,24.24,1020.405
1789424070,3.90090951,3.4780346600000005,24.24,1020.409
1789424080,3.90812039,3.48582566,24.25,1020.408
1789424090,3.9045149500000003,3.48248666,24.24,1020.413
1789424100,3.90631767,3.4847126600000005,24.24,1020.41
1789424110,3.90631767,3.4835996600000003,24.23,1020.412
1789424120,3.9099231100000003,3.4880516600000004,24.23,1020.412
1789424130,3.90631767,3.4847126600000005,24.21,1020.414
1789424140,3.9045149500000003,3.48248666,24.21,1020.418
1789424150,3.9099231100000003,3.4880516600000004,24.2,1020.417
1789424160,3.91352855,3.4913906600000004,24.2,1020.423
1789424170,3.90090951,3.4802606600000003,24.2,1020.421
1789424180,3.89189591,3.4724696600000002,24.21,1020.419
1789424190,3.90090951,3.4802606600000003,24.2,1020.423
1789424200,3.90812039,3.48582566,24.21,1020.427
1789424210,3.91352855,3.4913906600000004,24.21,1020.433
1789424220,3.9171339900000004,3.4936166600000003,24.21,1020.428
1789424230,3.91893671,3.4947296600000004,24.21,1020.434
1789424240,3.91893671,3.4958426600000005,24.23,1020.434
1789424250,3.9171339900000004,3.4936166600000003,24.21,1020.434
1789424260,3.91893671,3.4947296600000004,24.23,1020.434
1789424270,3.9153312700000003,3.4913906600000004,24.21,1020.435
1789424280,3.9117258300000004,3.48916466,24.2,1020.441
1789424290,3.90631767,3.4847126600000005,24.18,1020.442
1789424300,3.9099231100000003,3.4880516600000004,24.2,1020.445
1789424310,3.90812039,3.48582566,24.18,1020.45
1789424320,3.9117258300000004,3.4880516600000004,24.17,1020.449
1789424330,3.9099231100000003,3.4880516600000004,24.21,1020.454
1789424340,3.9117258300000004,3.48916466,24.2,1020.455
1789424350,3.91352855,3.4902776600000003,24.2,1020.456
1789424360,3.9153312700000003,3.49250366,24.23,1020.457
1789424370,3.9207394300000002,3.4980686600000004,24.2,1020.454
1789424380,3.92434487,3.5002946600000002,24.21,1020.458
1789424390,3.9261475900000002,3.5025206600000005,24.23,1020.459
1789424400,3.92434487,3.4991816600000005,24.2,1020.46
1789424410,3.9225421500000004,3.4991816600000005,24.21,1020.457
1789424420,3.91893671,3.4958426600000005,24.23,1020.459
1789424430,3.9261475900000002,3.5025206600000005,24.21,1020.456
1789424440,3.9279503100000004,3.5047466600000003,24.23,1020.458
1789424450,3.92975303,3.5058596600000005,24.21,1020.461
1789424460,3.9333584700000004,3.5091986600000005,24.18,1020.461
1789424470,3.93516119,3.51031166,24.18,1020.46
1789424480,3.9315557500000002,3.5080856600000003,24.23,1020.463
1789424490,3.92975303,3.5058596600000005,24.21,1020.458
1789424500,3.9315557500000002,3.50697266,24.21,1020.461
1789424510,3.92975303,3.50697266,24.21,1020.458
1789424520,3.9315557500000002,3.50697266,24.2,1020.462
1789424530,3.9387666300000004,3.5125376600000005,24.21,1020.453
1789424540,3.9441747900000004,3.5181026600000003,24.21,1020.458
1789424550,3.9387666300000004,3.51365066,24.21,1020.454
1789424560,3.9423720700000002,3.5158766600000004,24.21,1020.453
1789424570,3.94056935,3.5147636600000003,24.2,1020.454
1789424580,3.9441747900000004,3.5192156600000004,24.21,1020.45
1789424590,3.9441747900000004,3.5181026600000003,24.2,1020.453
1789424600,3.9423720700000002,3.5158766600000004,24.21,1020.454
1789424610,3.93516119,3.5091986600000005,24.21,1020.452
1789424620,3.9333584700000004,3.5080856600000003,24.18,1020.452
1789424630,3.9333584700000004,3.5080856600000003,24.21,1020.45
1789424640,3.9369639100000002,3.5114246600000003,24.18,1020.451
1789424650,3.9369639100000002,3.5114246600000003,24.2,1020.443
1789424660,3.9369639100000002,3.5114246600000003,24.21,1020.446
1789424670,3.92975303,3.5058596600000005,24.23,1020.441
1789424680,3.93516119,3.51031166,24.23,1020.441
1789424690,3.9387666300000004,3.5125376600000005,24.21,1020.442
1789424700,3.92975303,3.5047466600000003,24.21,1020.44
1789424710,3.9279503100000004,3.5025206600000005,24.23,1020.435
1789424720,3.92975303,3.5047466600000003,24.23,1020.437
1789424730,3.9423720700000002,3.5158766600000004,24.23,1020.433
1789424740,3.94597751,3.5192156600000004,24.2,1020.43
1789424750,3.9441747900000004,3.5181026600000003,24.21,1020.429
1789424760,3.9387666300000004,3.51365066,24.24,1020.427
1789424770,3.9369639100000002,3.5114246600000003,24.21,1020.428
1789424780,3.9279503100000004,3.50363366,24.21,1020.435
1789424790,3.9369639100000002,3.51031166,24.21,1020.429
1789424800,3.9387666300000004,3.5125376600000005,24.23,1020.424
1789424810,3.9387666300000004,3.5125376600000005,24.23,1020.424
1789424820,3.9387666300000004,3.5125376600000005,24.21,1020.422
1789424830,3.94056935,3.51365066,24.21,1020.422
1789424840,3.94056935,3.5147636600000003,24.24,1020.42
1789424850,3.93516119,3.5091986600000005,24.24,1020.422
1789424860,3.93516119,3.5091986600000005,24.23,1020.416
1789424870,3.9441747900000004,3.5158766600000004,24.23,1020.421
1789424880,3.9387666300000004,3.5114246600000003,24.23,1020.417
1789424890,3.9387666300000004,3.5114246600000003,24.21,1020.416
1789424900,3.9423720700000002,3.5147636600000003,24.23,1020.414
1789424910,3.9477802300000002,3.5214416600000003,24.24,1020.408
1789424920,3.9423720700000002,3.5158766600000004,24.21,1020.403
1789424930,3.94056935,3.51365066,24.21,1020.404
1789424940,3.94597751,3.5181026600000003,24.23,1020.401
1789424950,3.95318839,3.5247806600000002,24.21,1020.398
1789424960,3.95318839,3.5247806600000002,24.21,1020.402
1789424970,3.9549911100000004,3.5258936600000004,24.23,1020.397
1789424980,3.95318839,3.5247806600000002,24.23,1020.4
1789424990,3.9495829500000004,3.5225546600000004,24.23,1020.4
1789425000,3.95138567,3.5236676600000005,24.23,1020.396
1789425010,3.9549911100000004,3.5270066600000005,24.21,1020.398
1789425020,3.95318839,3.5258936600000004,24.2,1020.396
1789425030,3.95318839,3.5247806600000002,24.2,1020.397
1789425040,3.9549911100000004,3.5258936600000004,24.21,1020.394
1789425050,3.9495829500000004,3.5214416600000003,24.23,1020.396
1789425060,3.95138567,3.5236676600000005,24.21,1020.394
1789425070,3.95318839,3.5258936600000004,24.21,1020.39
1789425080,3.9495829500000004,3.5214416600000003,24.23,1020.394
1789425090,3.95138567,3.5225546600000004,24.21,1020.387
1789425100,3.95138567,3.5236676600000005,24.21,1020.384
1789425110,3.95679383,3.5270066600000005,24.2,1020.383
1789425120,3.95318839,3.5247806600000002,24.23,1020.383
1789425130,3.95138567,3.5225546600000004,24.21,1020.385
1789425140,3.9495829500000004,3.5225546600000004,24.2,1020.387
1789425150,3.95679383,3.5270066600000005,24.21,1020.387
1789425160,3.95679383,3.5270066600000005,24.18,1020.384
1789425170,3.95859655,3.5292326600000004,24.21,1020.384
1789425180,3.95679383,3.52811966,24.21,1020.381
1789425190,3.95679383,3.52811966,24.2,1020.384
1789425200,3.95859655,3.5303456600000005,24.24,1020.381
1789425210,3.9603992700000004,3.53145866,24.21,1020.385
1789425220,3.95859655,3.52811966,24.2,1020.383
1789425230,3.95679383,3.52811966,24.2,1020.377
1789425240,3.9549911100000004,3.5270066600000005,24.23,1020.378
1789425250,3.9603992700000004,3.53145866,24.23,1020.38
1789425260,3.9603992700000004,3.5303456600000005,24.21,1020.381
1789425270,3.95679383,3.52811966,24.21,1020.392
1789425280,3.9549911100000004,3.5258936600000004,24.21,1020.383
1789425290,3.9549911100000004,3.5270066600000005,24.21,1020.39
1789425300,3.9549911100000004,3.5270066600000005,24.2,1020.389
1789425310,3.95138567,3.5236676600000005,24.2,1020.388
1789425320,3.95679383,3.5270066600000005,24.21,1020.39
1789425330,3.95859655,3.5292326600000004,24.24,1020.396
1789425340,3.9603992700000004,3.5303456600000005,24.21,1020.393
1789425350,3.96761015,3.5359106600000003,24.2,1020.399
1789425360,3.96941287,3.53813666,24.2,1020.4
1789425370,3.9712155900000004,3.5403626600000004,24.21,1020.398
1789425380,3.97301831,3.54147566,24.23,1020.399
1789425390,3.97301831,3.5403626600000004,24.21,1020.4
1789425400,3.96941287,3.5370236600000005,24.21,1020.397
1789425410,3.96761015,3.5359106600000003,24.23,1020.396
1789425420,3.96761015,3.5370236600000005,24.2,1020.399
1789425430,3.96761015,3.5370236600000005,24.21,1020.402
1789425440,3.9658074300000004,3.5359106600000003,24.21,1020.401
1789425450,3.9658074300000004,3.53479766,24.21,1020.4
1789425460,3.96761015,3.5359106600000003,24.21,1020.396
1789425470,3.96400471,3.5336846600000005,24.23,1020.399
1789425480,3.96400471,3.53479766,24.2,1020.402
1789425490,3.96761015,3.5370236600000005,24.2,1020.398
1789425500,3.96761015,3.5370236600000005,24.21,1020.399
1789425510,3.9658074300000004,3.53479766,24.18,1020.395
1789425520,3.96941287,3.5392496600000003,24.21,1020.395
1789425530,3.96941287,3.53813666,24.2,1020.398
1789425540,3.96761015,3.53813666,24.18,1020.392
1789425550,3.96761015,3.5370236600000005,24.2,1020.395
1789425560,3.96220199,3.5325716600000003,24.2,1020.392
1789425570,3.96220199,3.5336846600000005,24.2,1020.397
1789425580,3.96400471,3.5336846600000005,24.23,1020.386
1789425590,3.96400471,3.5336846600000005,24.2,1020.387
1789425600,3.96761015,3.5359106600000003,24.2,1020.389
1789425610,3.9658074300000004,3.5336846600000005,24.2,1020.385
1789425620,3.96761015,3.5359106600000003,24.2,1020.393
1789425630,3.96761015,3.5359106600000003,24.2,1020.386
1789425640,3.9712155900000004,3.5392496600000003,24.18,1020.388
1789425650,3.97301831,3.54147566,24.2,1020.39
1789425660,3.9712155900000004,3.5392496600000003,24.21,1020.392
1789425670,3.97301831,3.5403626600000004,24.2,1020.394
1789425680,3.97301831,3.5403626600000004,24.2,1020.394
1789425690,3.96941287,3.5392496600000003,24.18,1020.395
1789425700,3.96761015,3.5359106600000003,24.21,1020.391
1789425710,3.96941287,3.5392496600000003,24.18,1020.391
1789425720,3.9658074300000004,3.53479766,24.18,1020.393
1789425730,3.96761015,3.5370236600000005,24.18,1020.391
1789425740,3.9712155900000004,3.5392496600000003,24.2,1020.387
1789425750,3.97301831,3.54147566,24.18,1020.394
1789425760,3.97301831,3.54147566,24.18,1020.39
1789425770,3.97301831,3.54147566,24.2,1020.388
1789425780,3.97301831,3.54147566,24.18,1020.392
1789425790,3.97301831,3.54147566,24.18,1020.394
1789425800,3.97482103,3.5425886600000003,24.2,1020.398
1789425810,3.97482103,3.5425886600000003,24.18,1020.396
1789425820,3.97301831,3.54147566,24.18,1020.398
1789425830,3.97301831,3.54147566,24.2,1020.399
1789425840,3.97301831,3.5403626600000004,24.2,1020.399
1789425850,3.9712155900000004,3.5403626600000004,24.2,1020.403
1789425860,3.9712155900000004,3.5403626600000004,24.18,1020.409
1789425870,3.96941287,3.53813666,24.2,1020.404
1789425880,3.96941287,3.53813666,24.18,1020.4
1789425890,3.96941287,3.53813666,24.2,1020.403
1789425900,3.96941287,3.5392496600000003,24.17,1020.403
1789425910,3.97482103,3.5425886600000003,24.2,1020.399
1789425920,3.9712155900000004,3.5403626600000004,24.18,1020.4
1789425930,3.9712155900000004,3.5392496600000003,24.18,1020.403
1789425940,3.97301831,3.54147566,24.18,1020.401
1789425950,3.97301831,3.5425886600000003,24.18,1020.401
1789425960,3.9712155900000004,3.5392496600000003,24.18,1020.404
1789425970,3.9712155900000004,3.5403626600000004,24.21,1020.404
1789425980,3.96941287,3.5392496600000003,24.2,1020.403
1789425990,3.97301831,3.5403626600000004,24.2,1020.396
1789426000,3.97301831,3.54147566,24.2,1020.4
1789426010,3.97301831,3.54147566,24.2,1020.393
1789426020,3.97301831,3.5403626600000004,24.21,1020.392
1789426030,3.9712155900000004,3.5403626600000004,24.2,1020.402
1789426040,3.9712155900000004,3.5403626600000004,24.2,1020.399
1789426050,3.9712155900000004,3.5392496600000003,24.17,1020.398
1789426060,3.9712155900000004,3.5403626600000004,24.17,1020.401
1789426070,3.96941287,3.53813666,24.2,1020.399
1789426080,3.9712155900000004,3.5392496600000003,24.18,1020.397
1789426090,3.9712155900000004,3.5392496600000003,24.18,1020.401
1789426100,3.9712155900000004,3.5403626600000004,24.17,1020.398
1789426110,3.97301831,3.54147566,24.17,1020.397
1789426120,3.97301831,3.54147566,24.18,1020.399
1789426130,3.9712155900000004,3.5403626600000004,24.15,1020.404
1789426140,3.9712155900000004,3.5403626600000004,24.2,1020.401
1789426150,3.9712155900000004,3.54147566,24.17,1020.405
1789426160,3.9712155900000004,3.5403626600000004,24.17,1020.403
1789426170,3.97301831,3.5403626600000004,24.18,1020.403
1789426180,3.97482103,3.5425886600000003,24.18,1020.402
1789426190,3.97482103,3.5425886600000003,24.2,1020.4
1789426200,3.97301831,3.5425886600000003,24.17,1020.403
1789426210,3.97301831,3.5425886600000003,24.18,1020.407
1789426220,3.97482103,3.5425886600000003,24.18,1020.402
1789426230,3.9766237500000003,3.5437016600000004,24.17,1020.403
1789426240,3.97842647,3.5459276600000003,24.17,1020.398
1789426250,3.97482103,3.5425886600000003,24.17,1020.399
1789426260,3.97301831,3.54147566,24.15,1020.395
1789426270,3.97482103,3.5425886600000003,24.15,1020.403
1789426280,3.97482103,3.5425886600000003,24.17,1020.4
1789426290,3.9766237500000003,3.5437016600000004,24.18,1020.397
1789426300,3.97482103,3.5425886600000003,24.18,1020.402
1789426310,3.9766237500000003,3.5448146600000006,24.18,1020.398
1789426320,3.97301831,3.54147566,24.18,1020.395
1789426330,3.97482103,3.5437016600000004,24.18,1020.397
1789426340,3.97482103,3.5437016600000004,24.2,1020.396
1789426350,3.97482103,3.5425886600000003,24.15,1020.395
1789426360,3.97301831,3.54147566,24.17,1020.396
1789426370,3.97482103,3.5437016600000004,24.17,1020.394
1789426380,3.9766237500000003,3.5437016600000004,24.15,1020.394
1789426390,3.97482103,3.5437016600000004,24.18,1020.39
1789426400,3.97482103,3.5425886600000003,24.15,1020.396
1789426410,3.97482103,3.5425886600000003,24.17,1020.392
1789426420,3.97301831,3.54147566,24.17,1020.39
1789426430,3.97482103,3.5425886600000003,24.15,1020.397
1789426440,3.97482103,3.5437016600000004,24.17,1020.395
1789426450,3.97482103,3.5437016600000004,24.18,1020.389
1789426460,3.97482103,3.5437016600000004,24.18,1020.39
1789426470,3.97301831,3.5425886600000003,24.18,1020.386
1789426480,3.97482103,3.5437016600000004,24.17,1020.388
1789426490,3.97301831,3.5425886600000003,24.18,1020.39
1789426500,3.97482103,3.5425886600000003,24.18,1020.391
1789426510,3.97482103,3.5425886600000003,24.17,1020.384
1789426520,3.97482103,3.5437016600000004,24.17,1020.39
1789426530,3.97301831,3.5403626600000004,24.2,1020.389
1789426540,3.97301831,3.54147566,24.18,1020.391
1789426550,3.97301831,3.54147566,24.2,1020.384
1789426560,3.9712155900000004,3.54147566,24.2,1020.382
1789426570,3.97482103,3.5425886600000003,24.2,1020.383
1789426580,3.97301831,3.5403626600000004,24.2,1020.381
1789426590,3.97301831,3.54147566,24.2,1020.378
1789426600,3.9712155900000004,3.5403626600000004,24.21,1020.378
1789426610,3.97301831,3.54147566,24.18,1020.38
1789426620,3.97301831,3.54147566,24.15,1020.378
1789426630,3.9712155900000004,3.54147566,24.15,1020.376
1789426640,3.97301831,3.5425886600000003,24.14,1020.376
1789426650,3.97301831,3.54147566,24.17,1020.375
1789426660,3.97301831,3.5425886600000003,24.15,1020.371
1789426670,3.97301831,3.5425886600000003,24.15,1020.374
1789426680,3.97301831,3.54147566,24.15,1020.37
1789426690,3.97301831,3.54147566,24.15,1020.371
1789426700,3.97301831,3.54147566,24.14,1020.365
1789426710,3.97301831,3.5425886600000003,24.17,1020.367
1789426720,3.97301831,3.5437016600000004,24.14,1020.364
1789426730,3.97301831,3.5425886600000003,24.17,1020.358
1789426740,3.97301831,3.5403626600000004,24.14,1020.357
1789426750,3.97301831,3.54147566,24.18,1020.355
1789426760,3.9712155900000004,3.5403626600000004,24.15,1020.354
1789426770,3.97482103,3.5437016600000004,24.17,1020.348
1789426780,3.97301831,3.5425886600000003,24.15,1020.349
1789426790,3.97301831,3.5425886600000003,24.17,1020.351
1789426800,3.9712155900000004,3.5403626600000004,24.14,1020.35
1789426810,3.9712155900000004,3.54147566,24.15,1020.347
1789426820,3.97301831,3.54147566,24.13,1020.348
1789426830,3.9712155900000004,3.5403626600000004,24.15,1020.342
1789426840,3.97301831,3.54147566,24.15,1020.335
1789426850,3.9712155900000004,3.54147566,24.14,1020.335
1789426860,3.97301831,3.5425886600000003,24.15,1020.331
1789426870,3.9712155900000004,3.54147566,24.15,1020.334
1789426880,3.9712155900000004,3.54147566,24.14,1020.329
1789426890,3.97301831,3.5425886600000003,24.13,1020.323
1789426900,3.97301831,3.5425886600000003,24.15,1020.321
1789426910,3.97301831,3.5425886600000003,24.15,1020.318
1789426920,3.97301831,3.5425886600000003,24.15,1020.314
1789426930,3.97301831,3.5425886600000003,24.14,1020.311
1789426940,3.97301831,3.54147566,24.15,1020.311
1789426950,3.97482103,3.5425886600000003,24.11,1020.313
1789426960,3.97301831,3.5425886600000003,24.13,1020.311
1789426970,3.97301831,3.5425886600000003,24.11,1020.305
1789426980,3.97301831,3.54147566,24.15,1020.304
1789426990,3.97301831,3.5425886600000003,24.17,1020.303
1789427000,3.9712155900000004,3.54147566,24.18,1020.303
1789427010,3.97301831,3.54147566,24.15,1020.293
1789427020,3.9712155900000004,3.5403626600000004,24.17,1020.294
1789427030,3.97301831,3.54147566,24.17,1020.291
1789427040,3.9712155900000004,3.5392496600000003,24.15,1020.291
1789427050,3.9712155900000004,3.54147566,24.15,1020.292
1789427060,3.9712155900000004,3.5403626600000004,24.15,1020.287
1789427070,3.9712155900000004,3.5403626600000004,24.15,1020.283
1789427080,3.97301831,3.5403626600000004,24.14,1020.286
1789427090,3.9712155900000004,3.5392496600000003,24.15,1020.285
1789427100,3.96941287,3.5392496600000003,24.17,1020.28
1789427110,3.9712155900000004,3.5392496600000003,24.13,1020.278
1789427120,3.9712155900000004,3.5392496600000003,24.13,1020.282
1789427130,3.96941287,3.5370236600000005,24.15,1020.28
1789427140,3.96941287,3.53813666,24.15,1020.279
1789427150,3.9712155900000004,3.5392496600000003,24.15,1020.276
1789427160,3.9712155900000004,3.5392496600000003,24.14,1020.272
1789427170,3.9712155900000004,3.5403626600000004,24.17,1020.275
1789427180,3.9712155900000004,3.5403626600000004,24.15,1020.274
1789427190,3.96941287,3.53813666,24.15,1020.267
1789427200,3.96941287,3.53813666,24.13,1020.265
1789427210,3.9712155900000004,3.5392496600000003,24.15,1020.266
1789427220,3.9712155900000004,3.5403626600000004,24.11,1020.265
1789427230,3.9712155900000004,3.5392496600000003,24.15,1020.265
1789427240,3.96941287,3.53813666,24.14,1020.26
1789427250,3.9712155900000004,3.5392496600000003,24.14,1020.259
1789427260,3.96941287,3.5392496600000003,24.14,1020.263
1789427270,3.9712155900000004,3.5403626600000004,24.15,1020.261
1789427280,3.97301831,3.54147566,24.14,1020.263
1789427290,3.9712155900000004,3.5403626600000004,24.14,1020.258
1789427300,3.9712155900000004,3.5403626600000004,24.14,1020.262
1789427310,3.9712155900000004,3.5392496600000003,24.14,1020.255
1789427320,3.96941287,3.5392496600000003,24.18,1020.256
1789427330,3.9712155900000004,3.5392496600000003,24.15,1020.257
1789427340,3.96941287,3.5392496600000003,24.14,1020.258
1789427350,3.96941287,3.5392496600000003,24.15,1020.252
1789427360,3.9712155900000004,3.5403626600000004,24.15,1020.259
1789427370,3.9712155900000004,3.5392496600000003,24.15,1020.261
1789427380,3.96941287,3.53813666,24.17,1020.26
1789427390,3.96941287,3.53813666,24.15,1020.265
1789427400,3.9712155900000004,3.5392496600000003,24.14,1020.263
1789427410,3.96941287,3.5392496600000003,24.17,1020.269
1789427420,3.96941287,3.5392496600000003,24.14,1020.268
1789427430,3.96941287,3.5370236600000005,24.14,1020.271
1789427440,3.9712155900000004,3.5392496600000003,24.14,1020.267
1789427450,3.96941287,3.53813666,24.14,1020.267
1789427460,3.96941287,3.5370236600000005,24.13,1020.268
1789427470,3.9712155900000004,3.5392496600000003,24.11,1020.273
1789427480,3.96941287,3.5392496600000003,24.15,1020.272
1789427490,3.96941287,3.5370236600000005,24.11,1020.271
1789427500,3.96941287,3.53813666,24.14,1020.271
1789427510,3.96941287,3.53813666,24.13,1020.268
1789427520,3.96941287,3.5392496600000003,24.14,1020.268
1789427530,3.96941287,3.53813666,24.13,1020.269
1789427540,3.96941287,3.53813666,24.11,1020.266
1789427550,3.96761015,3.5370236600000005,24.11,1020.264
1789427560,3.9658074300000004,3.5359106600000003,24.13,1020.268
1789427570,3.96761015,3.5370236600000005,24.13,1020.268
1789427580,3.96761015,3.5370236600000005,24.13,1020.264
1789427590,3.96761015,3.5370236600000005,24.1,1020.264
1789427600,3.96941287,3.53813666,24.13,1020.266
1789427610,3.96761015,3.5359106600000003,24.13,1020.261
1789427620,3.96941287,3.53813666,24.13,1020.261
1789427630,3.96941287,3.5370236600000005,24.11,1020.263
1789427640,3.96761015,3.5370236600000005,24.13,1020.257
1789427650,3.96761015,3.5370236600000005,24.15,1020.262
1789427660,3.96761015,3.5370236600000005,24.14,1020.255
1789427670,3.96941287,3.53813666,24.14,1020.256
1789427680,3.96761015,3.53813666,24.14,1020.258
1789427690,3.96941287,3.5392496600000003,24.13,1020.254
1789427700,3.96941287,3.53813666,24.15,1020.259
1789427710,3.96761015,3.53813666,24.15,1020.253
1789427720,3.96761015,3.5370236600000005,24.13,1020.256
1789427730,3.9658074300000004,3.5359106600000003,24.14,1020.248
1789427740,3.9658074300000004,3.5359106600000003,24.14,1020.253
1789427750,3.9658074300000004,3.5359106600000003,24.14,1020.25
1789427760,3.96761015,3.5359106600000003,24.15,1020.25
1789427770,3.9658074300000004,3.53479766,24.15,1020.247
1789427780,3.96941287,3.5370236600000005,24.14,1020.24
1789427790,3.9658074300000004,3.5359106600000003,24.15,1020.241
1789427800,3.96761015,3.5359106600000003,24.15,1020.243
1789427810,3.96761015,3.5370236600000005,24.14,1020.238
1789427820,3.9658074300000004,3.53479766,24.14,1020.231
1789427830,3.96761015,3.5370236600000005,24.14,1020.235
1789427840,3.96761015,3.5370236600000005,24.15,1020.227
1789427850,3.96941287,3.53813666,24.18,1020.222
1789427860,3.96761015,3.5370236600000005,24.14,1020.231
1789427870,3.96761015,3.5370236600000005,24.14,1020.226
1789427880,3.96761015,3.5370236600000005,24.17,1020.221
1789427890,3.96761015,3.5370236600000005,24.15,1020.219
1789427900,3.9658074300000004,3.5359106600000003,24.15,1020.224
1789427910,3.9658074300000004,3.53479766,24.15,1020.223
1789427920,3.96761015,3.5359106600000003,24.14,1020.22
1789427930,3.9658074300000004,3.53479766,24.14,1020.222
1789427940,3.96761015,3.5359106600000003,24.11,1020.219
1789427950,3.96761015,3.5370236600000005,24.14,1020.212
1789427960,3.96761015,3.5359106600000003,24.15,1020.212
1789427970,3.96761015,3.5370236600000005,24.13,1020.212
1789427980,3.96761015,3.5370236600000005,24.13,1020.215
1789427990,3.9658074300000004,3.5359106600000003,24.11,1020.216
1789428000,3.96941287,3.53813666,24.13,1020.211
1789428010,3.96941287,3.5370236600000005,24.14,1020.214
1789428020,3.96941287,3.5392496600000003,24.15,1020.212
1789428030,3.96761015,3.5370236600000005,24.15,1020.208
1789428040,3.96761015,3.5370236600000005,24.13,1020.205
1789428050,3.96761015,3.5359106600000003,24.15,1020.206
1789428060,3.96761015,3.5359106600000003,24.11,1020.206
1789428070,3.9658074300000004,3.5359106600000003,24.15,1020.201
1789428080,3.96761015,3.5370236600000005,24.15,1020.203
1789428090,3.96761015,3.5370236600000005,24.14,1020.203
1789428100,3.96761015,3.5370236600000005,24.14,1020.201
1789428110,3.96761015,3.5370236600000005,24.14,1020.199
1789428120,3.96761015,3.5359106600000003,24.17,1020.201
1789428130,3.96761015,3.5359106600000003,24.14,1020.203
1789428140,3.96400471,3.5336846600000005,24.15,1020.197
1789428150,3.9658074300000004,3.53479766,24.14,1020.202
1789428160,3.9658074300000004,3.53479766,24.15,1020.197
1789428170,3.9658074300000004,3.53479766,24.14,1020.193
1789428180,3.9658074300000004,3.53479766,24.14,1020.191
1789428190,3.96761015,3.5359106600000003,24.13,1020.191
1789428200,3.96761015,3.5359106600000003,24.15,1020.191
1789428210,3.9658074300000004,3.5359106600000003,24.15,1020.19
1789428220,3.96761015,3.5359106600000003,24.13,1020.182
1789428230,3.96761015,3.5359106600000003,24.15,1020.187
1789428240,3.96761015,3.5359106600000003,24.13,1020.181
1789428250,3.9658074300000004,3.53479766,24.13,1020.183
1789428260,3.9658074300000004,3.53479766,24.14,1020.182
1789428270,3.9658074300000004,3.53479766,24.14,1020.185
1789428280,3.9658074300000004,3.5359106600000003,24.14,1020.184
1789428290,3.9658074300000004,3.53479766,24.13,1020.181
1789428300,3.96761015,3.5359106600000003,24.11,1020.181
1789428310,3.9658074300000004,3.53479766,24.11,1020.183
1789428320,3.9658074300000004,3.53479766,24.14,1020.179
1789428330,3.9658074300000004,3.5359106600000003,24.13,1020.174
1789428340,3.9658074300000004,3.5359106600000003,24.11,1020.176
1789428350,3.96761015,3.5370236600000005,24.13,1020.173
1789428360,3.9658074300000004,3.5370236600000005,24.15,1020.17
1789428370,3.9658074300000004,3.53479766,24.13,1020.169
1789428380,3.96761015,3.5370236600000005,24.13,1020.166
1789428390,3.96761015,3.5370236600000005,24.13,1020.163
1789428400,3.96400471,3.5336846600000005,24.13,1020.163
1789428410,3.96400471,3.5336846600000005,24.11,1020.159
1789428420,3.9658074300000004,3.53479766,24.13,1020.156
1789428430,3.9658074300000004,3.53479766,24.14,1020.151
1789428440,3.9658074300000004,3.53479766,24.14,1020.149
1789428450,3.9658074300000004,3.53479766,24.15,1020.148
1789428460,3.9658074300000004,3.53479766,24.11,1020.146
1789428470,3.9658074300000004,3.5359106600000003,24.14,1020.141
1789428480,3.9658074300000004,3.53479766,24.11,1020.145
1789428490,3.96761015,3.5359106600000003,24.14,1020.136
1789428500,3.9658074300000004,3.53479766,24.14,1020.144
1789428510,3.96400471,3.5336846600000005,24.13,1020.142
1789428520,3.96400471,3.53479766,24.14,1020.144
1789428530,3.9658074300000004,3.53479766,24.15,1020.14
1789428540,3.96400471,3.5325716600000003,24.17,1020.136
1789428550,3.96400471,3.53479766,24.15,1020.136
1789428560,3.9658074300000004,3.53479766,24.14,1020.138
1789428570,3.9603992700000004,3.5303456600000005,24.14,1020.132
1789428580,3.96400471,3.5336846600000005,24.14,1020.131
1789428590,3.9658074300000004,3.53479766,24.17,1020.126
1789428600,3.96400471,3.5325716600000003,24.15,1020.129
1789428610,3.96220199,3.53145866,24.14,1020.133
1789428620,3.96400471,3.5336846600000005,24.14,1020.131
1789428630,3.96220199,3.53145866,24.14,1020.123
1789428640,3.96220199,3.53145866,24.11,1020.126
1789428650,3.96220199,3.53145866,24.15,1020.122
1789428660,3.9603992700000004,3.5303456600000005,24.14,1020.122
1789428670,3.96220199,3.5325716600000003,24.14,1020.12
1789428680,3.9603992700000004,3.5303456600000005,24.14,1020.124
1789428690,3.96220199,3.53145866,24.15,1020.12
1789428700,3.96220199,3.53145866,24.13,1020.117
1789428710,3.96220199,3.53145866,24.14,1020.117
1789428720,3.96220199,3.53145866,24.15,1020.118
1789428730,3.96400471,3.5336846600000005,24.13,1020.117
1789428740,3.96400471,3.5336846600000005,24.14,1020.111
1789428750,3.96220199,3.5325716600000003,24.14,1020.114
1789428760,3.96220199,3.5325716600000003,24.14,1020.117
1789428770,3.96400471,3.5336846600000005,24.14,1020.115
1789428780,3.96220199,3.5325716600000003,24.14,1020.117
1789428790,3.9603992700000004,3.5303456600000005,24.15,1020.117
1789428800,3.96220199,3.5325716600000003,24.14,1020.117
1789428810,3.96400471,3.5325716600000003,24.14,1020.117
1789428820,3.96400471,3.5325716600000003,24.14,1020.117
1789428830,3.96220199,3.5325716600000003,24.14,1020.116
1789428840,3.96400471,3.5325716600000003,24.15,1020.115
1789428850,3.96220199,3.5325716600000003,24.15,1020.113
1789428860,3.96400471,3.5336846600000005,24.15,1020.118
1789428870,3.96400471,3.5325716600000003,24.14,1020.12
1789428880,3.96400471,3.5336846600000005,24.14,1020.116
1789428890,3.9658074300000004,3.53479766,24.13,1020.118
1789428900,3.9658074300000004,3.53479766,24.14,1020.116
1789428910,3.96400471,3.5325716600000003,24.15,1020.121
1789428920,3.96400471,3.5336846600000005,24.13,1020.115
1789428930,3.9658074300000004,3.5336846600000005,24.11,1020.116
1789428940,3.96400471,3.5336846600000005,24.11,1020.114
1789428950,3.96400471,3.5325716600000003,24.14,1020.113
1789428960,3.96400471,3.5336846600000005,24.11,1020.111
1789428970,3.96400471,3.53479766,24.13,1020.113
1789428980,3.96400471,3.53479766,24.13,1020.112
1789428990,3.9658074300000004,3.5359106600000003,24.1,1020.111
1789429000,3.9658074300000004,3.53479766,24.11,1020.111
1789429010,3.9658074300000004,3.53479766,24.11,1020.111
1789429020,3.96761015,3.5370236600000005,24.11,1020.108
1789429030,3.9658074300000004,3.5359106600000003,24.11,1020.111
1789429040,3.9658074300000004,3.5359106600000003,24.1,1020.114
1789429050,3.96400471,3.5325716600000003,24.13,1020.111
1789429060,3.96400471,3.5336846600000005,24.1,1020.108
1789429070,3.96220199,3.5325716600000003,24.14,1020.111
1789429080,3.96220199,3.5336846600000005,24.1,1020.115
1789429090,3.96400471,3.5336846600000005,24.11,1020.108
1789429100,3.96400471,3.5336846600000005,24.11,1020.11
1789429110,3.96400471,3.5336846600000005,24.13,1020.11
1789429120,3.96400471,3.53479766,24.14,1020.11
1789429130,3.9658074300000004,3.5359106600000003,24.11,1020.113
1789429140,3.9658074300000004,3.53479766,24.13,1020.111
1789429150,3.9658074300000004,3.53479766,24.13,1020.112
1789429160,3.9658074300000004,3.5359106600000003,24.11,1020.112
1789429170,3.96400471,3.53479766,24.11,1020.111
1789429180,3.96400471,3.5336846600000005,24.14,1020.112
1789429190,3.96220199,3.5336846600000005,24.11,1020.111
1789429200,3.96400471,3.53479766,24.1,1020.111
1789429210,3.96400471,3.53479766,24.1,1020.106
1789429220,3.96220199,3.5336846600000005,24.1,1020.112
1789429230,3.96400471,3.5336846600000005,24.08,1020.112
1789429240,3.96220199,3.5336846600000005,24.1,1020.109
1789429250,3.9603992700000004,3.5303456600000005,24.1,1020.105
1789429260,3.95859655,3.5292326600000004,24.11,1020.101
1789429270,3.95859655,3.5292326600000004,24.13,1020.106
1789429280,3.9603992700000004,3.53145866,24.11,1020.106
1789429290,3.96220199,3.5325716600000003,24.1,1020.103
1789429300,3.96400471,3.5336846600000005,24.13,1020.099
1789429310,3.96220199,3.5325716600000003,24.1,1020.103
1789429320,3.96220199,3.53145866,24.14,1020.1
1789429330,3.9603992700000004,3.53145866,24.15,1020.097
1789429340,3.9603992700000004,3.53145866,24.11,1020.1
1789429350,3.96220199,3.5325716600000003,24.13,1020.101
1789429360,3.96220199,3.53145866,24.11,1020.099
1789429370,3.96400471,3.5336846600000005,24.11,1020.095
1789429380,3.96220199,3.5325716600000003,24.13,1020.096
1789429390,3.96220199,3.5325716600000003,24.1,1020.095
1789429400,3.9603992700000004,3.53145866,24.07,1020.093
1789429410,3.96220199,3.53145866,24.11,1020.095
1789429420,3.96220199,3.5325716600000003,24.1,1020.09
1789429430,3.96220199,3.5336846600000005,24.11,1020.09
1789429440,3.96220199,3.5325716600000003,24.1,1020.093
1789429450,3.9603992700000004,3.53145866,24.1,1020.088
1789429460,3.9603992700000004,3.53145866,24.13,1020.091
1789429470,3.95859655,3.5292326600000004,24.11,1020.091
1789429480,3.9603992700000004,3.5303456600000005,24.11,1020.09
1789429490,3.9603992700000004,3.53145866,24.11,1020.093
1789429500,3.96220199,3.5325716600000003,24.1,1020.089
1789429510,3.9603992700000004,3.53145866,24.11,1020.086
1789429520,3.96220199,3.5325716600000003,24.11,1020.088
1789429530,3.96220199,3.5325716600000003,24.13,1020.085
1789429540,3.96220199,3.53145866,24.1,1020.08
1789429550,3.9603992700000004,3.53145866,24.11,1020.084
1789429560,3.95859655,3.5292326600000004,24.11,1020.08
1789429570,3.95859655,3.5292326600000004,24.1,1020.079
1789429580,3.96220199,3.53145866,24.14,1020.079
1789429590,3.95859655,3.5303456600000005,24.13,1020.073
1789429600,3.95859655,3.52811966,24.11,1020.071
1789429610,3.9603992700000004,3.5303456600000005,24.13,1020.071
1789429620,3.95679383,3.5270066600000005,24.1,1020.073
1789429630,3.95859655,3.5292326600000004,24.13,1020.07
1789429640,3.9603992700000004,3.53145866,24.13,1020.068
1789429650,3.96220199,3.53145866,24.11,1020.067
1789429660,3.95859655,3.5292326600000004,24.14,1020.063
1789429670,3.9603992700000004,3.5303456600000005,24.14,1020.063
1789429680,3.9603992700000004,3.5303456600000005,24.11,1020.055
1789429690,3.9603992700000004,3.5303456600000005,24.14,1020.061
1789429700,3.95859655,3.52811966,24.11,1020.064
1789429710,3.95679383,3.52811966,24.15,1020.064
1789429720,3.95679383,3.52811966,24.13,1020.058
1789429730,3.95859655,3.52811966,24.13,1020.06
1789429740,3.9603992700000004,3.5292326600000004,24.14,1020.06
1789429750,3.95859655,3.52811966,24.11,1020.066
1789429760,3.95679383,3.52811966,24.1,1020.068
1789429770,3.95859655,3.52811966,24.13,1020.063
1789429780,3.95859655,3.5292326600000004,24.14,1020.064
1789429790,3.95679383,3.5270066600000005,24.14,1020.066
1789429800,3.95679383,3.5270066600000005,24.11,1020.068
1789429810,3.95679383,3.52811966,24.11,1020.065
1789429820,3.9549911100000004,3.5258936600000004,24.11,1020.068
1789429830,3.9549911100000004,3.5270066600000005,24.11,1020.072
1789429840,3.95679383,3.52811966,24.11,1020.069
1789429850,3.95679383,3.52811966,24.11,1020.07
1789429860,3.9549911100000004,3.5258936600000004,24.1,1020.069
1789429870,3.9549911100000004,3.5258936600000004,24.13,1020.071
1789429880,3.95679383,3.5270066600000005,24.1,1020.07
1789429890,3.9549911100000004,3.5258936600000004,24.11,1020.068
1789429900,3.95679383,3.5258936600000004,24.1,1020.067
1789429910,3.95318839,3.5236676600000005,24.08,1020.073
1789429920,3.9549911100000004,3.5270066600000005,24.1,1020.071
1789429930,3.95679383,3.52811966,24.11,1020.071
1789429940,3.95679383,3.52811966,24.1,1020.073
1789429950,3.95679383,3.52811966,24.11,1020.072
1789429960,3.95859655,3.5292326600000004,24.1,1020.075
1789429970,3.95679383,3.5270066600000005,24.1,1020.075
1789429980,3.9549911100000004,3.5270066600000005,24.1,1020.072
1789429990,3.95679383,3.52811966,24.1,1020.075
1789430000,3.95679383,3.52811966,24.07,1020.074
1789430010,3.9549911100000004,3.5270066600000005,24.11,1020.072
1789430020,3.95138567,3.5236676600000005,24.08,1020.074
1789430030,3.95318839,3.5247806600000002,24.11,1020.078
1789430040,3.95679383,3.52811966,24.07,1020.076
1789430050,3.9549911100000004,3.5270066600000005,24.11,1020.077
1789430060,3.9549911100000004,3.5258936600000004,24.1,1020.079
1789430070,3.95318839,3.5247806600000002,24.1,1020.08
1789430080,3.9549911100000004,3.5258936600000004,24.08,1020.075
1789430090,3.9549911100000004,3.52811966,24.1,1020.079
1789430100,3.9549911100000004,3.5270066600000005,24.1,1020.074
1789430110,3.95318839,3.5258936600000004,24.08,1020.073
1789430120,3.95138567,3.5236676600000005,24.08,1020.073
1789430130,3.9549911100000004,3.5270066600000005,24.08,1020.071
1789430140,3.95318839,3.5258936600000004,24.08,1020.072
1789430150,3.9495829500000004,3.5225546600000004,24.07,1020.074
1789430160,3.9477802300000002,3.5203286600000006,24.1,1020.075
1789430170,3.9495829500000004,3.5214416600000003,24.08,1020.073
1789430180,3.95318839,3.5247806600000002,24.1,1020.077
1789430190,3.9549911100000004,3.5258936600000004,24.1,1020.076
1789430200,3.95318839,3.5247806600000002,24.08,1020.074
1789430210,3.95138567,3.5225546600000004,24.1,1020.077
1789430220,3.95679383,3.5270066600000005,24.08,1020.079
1789430230,3.9549911100000004,3.5258936600000004,24.1,1020.074
1789430240,3.95318839,3.5236676600000005,24.1,1020.077
1789430250,3.95318839,3.5247806600000002,24.11,1020.076
1789430260,3.95318839,3.5236676600000005,24.11,1020.073
1789430270,3.95138567,3.5236676600000005,24.11,1020.07
1789430280,3.95318839,3.5236676600000005,24.1,1020.067
1789430290,3.9495829500000004,3.5214416600000003,24.08,1020.073
1789430300,3.9495829500000004,3.5214416600000003,24.1,1020.071
1789430310,3.9495829500000004,3.5203286600000006,24.04,1020.07
1789430320,3.9495829500000004,3.5203286600000006,24.08,1020.068
1789430330,3.94597751,3.51698966,24.06,1020.071
1789430340,3.94597751,3.51698966,24.07,1020.069
1789430350,3.9441747900000004,3.5158766600000004,24.08,1020.067
1789430360,3.9423720700000002,3.5147636600000003,24.07,1020.068
1789430370,3.94597751,3.5181026600000003,24.07,1020.066
1789430380,3.9477802300000002,3.5203286600000006,24.08,1020.069
1789430390,3.94597751,3.5181026600000003,24.08,1020.065
1789430400,3.94597751,3.5181026600000003,24.08,1020.069
1789430410,3.9423720700000002,3.5147636600000003,24.07,1020.065
1789430420,3.9423720700000002,3.5147636600000003,24.08,1020.056
1789430430,3.9423720700000002,3.5147636600000003,24.07,1020.059
1789430440,3.9423720700000002,3.51365066,24.07,1020.059
1789430450,3.9441747900000004,3.5158766600000004,24.07,1020.062
1789430460,3.9423720700000002,3.5147636600000003,24.1,1020.064
1789430470,3.9441747900000004,3.5158766600000004,24.08,1020.055
1789430480,3.9441747900000004,3.51698966,24.07,1020.06
1789430490,3.94597751,3.51698966,24.07,1020.059
1789430500,3.9423720700000002,3.51365066,24.1,1020.056
1789430510,3.9441747900000004,3.5147636600000003,24.08,1020.053
1789430520,3.9441747900000004,3.5158766600000004,24.08,1020.051
1789430530,3.9423720700000002,3.5147636600000003,24.1,1020.053
1789430540,3.9441747900000004,3.5158766600000004,24.07,1020.051
1789430550,3.94597751,3.5192156600000004,24.07,1020.047
1789430560,3.94597751,3.5181026600000003,24.08,1020.047
1789430570,3.9441747900000004,3.5158766600000004,24.08,1020.048
1789430580,3.94597751,3.5181026600000003,24.1,1020.048
1789430590,3.9423720700000002,3.51365066,24.08,1020.05
1789430600,3.9441747900000004,3.51698966,24.08,1020.049
1789430610,3.9441747900000004,3.5147636600000003,24.08,1020.049
1789430620,3.9423720700000002,3.51365066,24.07,1020.048
1789430630,3.94056935,3.5125376600000005,24.08,1020.051
1789430640,3.93516119,3.5080856600000003,24.08,1020.044
1789430650,3.9369639100000002,3.5091986600000005,24.1,1020.043
1789430660,3.94056935,3.5114246600000003,24.08,1020.045
1789430670,3.94056935,3.5125376600000005,24.1,1020.048
1789430680,3.9369639100000002,3.5091986600000005,24.07,1020.047
1789430690,3.93516119,3.50697266,24.06,1020.043
1789430700,3.9387666300000004,3.51031166,24.07,1020.044
1789430710,3.9423720700000002,3.51365066,24.1,1020.046
1789430720,3.94056935,3.5125376600000005,24.08,1020.044
1789430730,3.9369639100000002,3.5091986600000005,24.07,1020.045
1789430740,3.9387666300000004,3.5114246600000003,24.07,1020.047
1789430750,3.94056935,3.5114246600000003,24.07,1020.046
1789430760,3.94056935,3.5125376600000005,24.08,1020.045
1789430770,3.9387666300000004,3.51031166,24.1,1020.044
1789430780,3.93516119,3.5080856600000003,24.08,1020.04
1789430790,3.92975303,3.5025206600000005,24.08,1020.043
1789430800,3.92434487,3.4969556600000002,24.1,1020.039
1789430810,3.9261475900000002,3.4991816600000005,24.08,1020.043
1789430820,3.92975303,3.5025206600000005,24.08,1020.043
1789430830,3.92975303,3.5025206600000005,24.11,1020.037
1789430840,3.9279503100000004,3.5002946600000002,24.11,1020.04
1789430850,3.9315557500000002,3.50363366,24.11,1020.043
1789430860,3.9315557500000002,3.50363366,24.11,1020.038
1789430870,3.93516119,3.50697266,24.1,1020.04
1789430880,3.9333584700000004,3.5058596600000005,24.08,1020.038
1789430890,3.92975303,3.5014076600000004,24.08,1020.034
1789430900,3.92975303,3.5025206600000005,24.08,1020.032
1789430910,3.9261475900000002,3.4991816600000005,24.13,1020.034
1789430920,3.9261475900000002,3.4980686600000004,24.1,1020.027
1789430930,3.92975303,3.5014076600000004,24.1,1020.026
1789430940,3.92975303,3.5025206600000005,24.1,1020.024
1789430950,3.9315557500000002,3.50363366,24.07,1020.022
1789430960,3.9315557500000002,3.50363366,24.08,1020.023
1789430970,3.92434487,3.4980686600000004,24.08,1020.016
1789430980,3.9207394300000002,3.4947296600000004,24.1,1020.017
1789430990,3.91893671,3.49250366,24.11,1020.011
1789431000,3.9261475900000002,3.4980686600000004,24.1,1020.007
1789431010,3.9261475900000002,3.4991816600000005,24.1,1020.01
1789431020,3.9279503100000004,3.5014076600000004,24.1,1020.006
1789431030,3.9261475900000002,3.4991816600000005,24.11,1020.009
1789431040,3.9261475900000002,3.4980686600000004,24.08,1020.008
1789431050,3.9261475900000002,3.4980686600000004,24.08,1020.008
1789431060,3.92434487,3.4969556600000002,24.1,1020.009
1789431070,3.9261475900000002,3.4991816600000005,24.08,1020.007
1789431080,3.9279503100000004,3.5014076600000004,24.06,1020.007
1789431090,3.9279503100000004,3.5025206600000005,24.07,1020.001
1789431100,3.9225421500000004,3.4980686600000004,24.06,1020.011
1789431110,3.9207394300000002,3.4936166600000003,24.06,1020.007
1789431120,3.9225421500000004,3.4969556600000002,24.04,1020.009
1789431130,3.9153312700000003,3.48916466,24.07,1020.005
1789431140,3.91352855,3.48916466,24.04,1020.008
1789431150,3.91352855,3.4880516600000004,24.07,1020.011
1789431160,3.91893671,3.4936166600000003,24.06,1020.009
1789431170,3.91893671,3.4936166600000003,24.04,1020.011
1789431180,3.91893671,3.4936166600000003,24.04,1020.006
1789431190,3.9207394300000002,3.4947296600000004,24.04,1020.012
1789431200,3.9171339900000004,3.4913906600000004,24.04,1020.012
1789431210,3.9117258300000004,3.4869386600000003,24.04,1020.016
1789431220,3.90812039,3.4835996600000003,24.06,1020.014
1789431230,3.91352855,3.4880516600000004,24.03,1020.016
1789431240,3.91352855,3.4880516600000004,24.03,1020.02
1789431250,3.91352855,3.4880516600000004,24.03,1020.022
1789431260,3.9117258300000004,3.4869386600000003,24.04,1020.024
1789431270,3.91352855,3.48916466,24.04,1020.029
1789431280,3.9153312700000003,3.4902776600000003,24.03,1020.024
1789431290,3.91352855,3.4880516600000004,24.04,1020.028
1789431300,3.91352855,3.4880516600000004,24.03,1020.029
1789431310,3.9207394300000002,3.4947296600000004,24.04,1020.026
1789431320,3.91352855,3.4880516600000004,24.04,1020.027
1789431330,3.9153312700000003,3.4902776600000003,24.06,1020.029
1789431340,3.92434487,3.4980686600000004,24.04,1020.025
1789431350,3.92434487,3.4980686600000004,24.06,1020.023
1789431360,3.9225421500000004,3.4969556600000002,24.07,1020.024
1789431370,3.9207394300000002,3.4958426600000005,24.06,1020.018
1789431380,3.91893671,3.4936166600000003,24.07,1020.019
1789431390,3.9207394300000002,3.4947296600000004,24.08,1020.016
1789431400,3.9153312700000003,3.4902776600000003,24.07,1020.013
1789431410,3.9117258300000004,3.48582566,24.07,1020.014
1789431420,3.90812039,3.4835996600000003,24.06,1020.009
1789431430,3.9099231100000003,3.4847126600000005,24.07,1020.007
1789431440,3.91352855,3.4880516600000004,24.1,1020.007
1789431450,3.9153312700000003,3.4902776600000003,24.08,1020.002
1789431460,3.9171339900000004,3.49250366,24.1,1020.0
1789431470,3.9171339900000004,3.4913906600000004,24.08,1020.001
1789431480,3.91352855,3.4880516600000004,24.1,1020.0
1789431490,3.9117258300000004,3.4869386600000003,24.1,1019.996
1789431500,3.9117258300000004,3.4869386600000003,24.07,1019.995
1789431510,3.91893671,3.4913906600000004,24.08,1019.991
1789431520,3.9171339900000004,3.4913906600000004,24.1,1019.99
1789431530,3.9171339900000004,3.4913906600000004,24.06,1019.986
1789431540,3.9117258300000004,3.4869386600000003,24.07,1019.985
1789431550,3.90090951,3.4769216600000004,24.08,1019.983
1789431560,3.90271223,3.47914766,24.08,1019.982
1789431570,3.9099231100000003,3.4847126600000005,24.07,1019.983
1789431580,3.90631767,3.48248666,24.07,1019.976
1789431590,3.90812039,3.48248666,24.07,1019.975
1789431600,3.8991067900000003,3.4746956600000005,24.1,1019.97
1789431610,3.8991067900000003,3.4746956600000005,24.1,1019.968
1789431620,3.90090951,3.4769216600000004,24.07,1019.967
1789431630,3.8991067900000003,3.47580866,24.06,1019.965
1789431640,3.90631767,3.4813736600000005,24.06,1019.961
1789431650,3.89730407,3.4735826600000004,24.06,1019.961
1789431660,3.89730407,3.4746956600000005,24.06,1019.959
1789431670,3.8991067900000003,3.47580866,24.07,1019.956
1789431680,3.89730407,3.4735826600000004,24.03,1019.953
1789431690,3.8991067900000003,3.47580866,24.04,1019.95
1789431700,3.89730407,3.4746956600000005,24.06,1019.95
1789431710,3.89550135,3.4724696600000002,24.04,1019.95
1789431720,3.89550135,3.4713566600000005,24.07,1019.943
1789431730,3.89550135,3.4724696600000002,24.04,1019.942
1789431740,3.89550135,3.4724696600000002,24.04,1019.937
1789431750,3.89189591,3.4702436600000004,24.07,1019.935
1789431760,3.89009319,3.4680176600000006,24.06,1019.931
1789431770,3.89730407,3.4746956600000005,24.07,1019.929
1789431780,3.90090951,3.4780346600000005,24.07,1019.924
1789431790,3.90271223,3.47914766,24.07,1019.923
1789431800,3.9045149500000003,3.4813736600000005,24.07,1019.92
1789431810,3.90090951,3.4780346600000005,24.07,1019.924
1789431820,3.9045149500000003,3.47914766,24.07,1019.915
1789431830,3.89550135,3.4735826600000004,24.07,1019.916
1789431840,3.8991067900000003,3.47580866,24.06,1019.914
1789431850,3.8936986300000003,3.4702436600000004,24.06,1019.91
1789431860,3.8991067900000003,3.47580866,24.07,1019.909
1789431870,3.8991067900000003,3.47580866,24.07,1019.907
1789431880,3.8991067900000003,3.4746956600000005,24.11,1019.909
1789431890,3.8991067900000003,3.4746956600000005,24.1,1019.902
1789431900,3.8936986300000003,3.4702436600000004,24.08,1019.902
1789431910,3.89189591,3.4691306600000003,24.08,1019.902
1789431920,3.89009319,3.4680176600000006,24.1,1019.902
1789431930,3.89189591,3.4691306600000003,24.08,1019.897
1789431940,3.8936986300000003,3.4713566600000005,24.07,1019.898
1789431950,3.89730407,3.4735826600000004,24.07,1019.896
1789431960,3.8936986300000003,3.4713566600000005,24.1,1019.895
1789431970,3.89009319,3.4669046600000004,24.08,1019.898
1789431980,3.8936986300000003,3.4702436600000004,24.07,1019.895
1789431990,3.89730407,3.4735826600000004,24.08,1019.896
1789432000,3.90090951,3.47580866,24.08,1019.898
1789432010,3.89730407,3.4724696600000002,24.07,1019.896
1789432020,3.89550135,3.4713566600000005,24.1,1019.893
1789432030,3.89550135,3.4713566600000005,24.08,1019.894
1789432040,3.8991067900000003,3.4746956600000005,24.08,1019.894
1789432050,3.89009319,3.4657916600000003,24.07,1019.896
1789432060,3.89009319,3.4680176600000006,24.07,1019.901
1789432070,3.89189591,3.4691306600000003,24.06,1019.9
1789432080,3.89009319,3.4680176600000006,24.06,1019.902
1789432090,3.88648775,3.46467866,24.08,1019.901
1789432100,3.8828823100000003,3.46133966,24.1,1019.897
1789432110,3.88468503,3.4635656600000004,24.08,1019.901
1789432120,3.88468503,3.4624526600000003,24.08,1019.901
1789432130,3.89009319,3.4669046600000004,24.08,1019.9
1789432140,3.8828823100000003,3.46133966,24.08,1019.901
1789432150,3.88648775,3.4635656600000004,24.08,1019.9
1789432160,3.88468503,3.4624526600000003,24.1,1019.896
1789432170,3.8828823100000003,3.46133966,24.08,1019.898
1789432180,3.88648775,3.46467866,24.07,1019.891
1789432190,3.89189591,3.4680176600000006,24.08,1019.891
1789432200,3.89730407,3.4735826600000004,24.07,1019.889
1789432210,3.89550135,3.4713566600000005,24.07,1019.888
1789432220,3.88468503,3.4635656600000004,24.07,1019.887
1789432230,3.88107959,3.45800066,24.06,1019.887
1789432240,3.88107959,3.45800066,24.06,1019.886
1789432250,3.88468503,3.4624526600000003,24.07,1019.883
1789432260,3.8882904700000003,3.46467866,24.08,1019.884
1789432270,3.8882904700000003,3.4657916600000003,24.06,1019.887
1789432280,3.89009319,3.4680176600000006,24.06,1019.887
1789432290,3.88468503,3.4635656600000004,24.06,1019.887
1789432300,3.88468503,3.4624526600000003,24.06,1019.885
1789432310,3.88468503,3.4624526600000003,24.06,1019.885
1789432320,3.88648775,3.46467866,24.06,1019.89
1789432330,3.88648775,3.46467866,24.08,1019.89
1789432340,3.88648775,3.4657916600000003,24.07,1019.888
1789432350,3.88468503,3.4635656600000004,24.08,1019.89
1789432360,3.88107959,3.4602266600000005,24.07,1019.89
1789432370,3.8828823100000003,3.4602266600000005,24.1,1019.893
1789432380,3.88648775,3.4635656600000004,24.06,1019.891
1789432390,3.88648775,3.46467866,24.06,1019.896
1789432400,3.88468503,3.4635656600000004,24.07,1019.893
1789432410,3.8828823100000003,3.4624526600000003,24.07,1019.895
1789432420,3.8828823100000003,3.4602266600000005,24.08,1019.894
1789432430,3.88107959,3.4591136600000003,24.08,1019.895
1789432440,3.88468503,3.4624526600000003,24.04,1019.896
1789432450,3.87927687,3.45800066,24.06,1019.897
1789432460,3.8828823100000003,3.4602266600000005,24.06,1019.894
1789432470,3.87927687,3.45800066,24.07,1019.896
1789432480,3.8774741500000003,3.4557746600000003,24.07,1019.897
1789432490,3.87386871,3.4535486600000005,24.07,1019.896
1789432500,3.87567143,3.4557746600000003,24.06,1019.899
1789432510,3.87927687,3.45800066,24.07,1019.9
1789432520,3.8774741500000003,3.4568876600000005,24.06,1019.897
1789432530,3.8774741500000003,3.4568876600000005,24.08,1019.9
1789432540,3.87386871,3.4535486600000005,24.07,1019.902
1789432550,3.87567143,3.45466166,24.08,1019.904
1789432560,3.87026327,3.4502096600000005,24.06,1019.898
1789432570,3.86846055,3.4490966600000004,24.06,1019.903
1789432580,3.8666578300000003,3.4479836600000002,24.07,1019.902
1789432590,3.86485511,3.4468706600000005,24.06,1019.903
1789432600,3.86846055,3.4490966600000004,24.07,1019.905
1789432610,3.86846055,3.4490966600000004,24.07,1019.907
1789432620,3.87386871,3.4535486600000005,24.07,1019.908
1789432630,3.8720659900000003,3.4524356600000004,24.07,1019.907
1789432640,3.87026327,3.4479836600000002,24.07,1019.911
1789432650,3.8720659900000003,3.4502096600000005,24.06,1019.913
1789432660,3.8774741500000003,3.45466166,24.06,1019.914
1789432670,3.87567143,3.45466166,24.06,1019.918
1789432680,3.8720659900000003,3.4524356600000004,24.06,1019.913
1789432690,3.87026327,3.4502096600000005,24.06,1019.914
1789432700,3.86485511,3.4457576600000004,24.03,1019.917
1789432710,3.86305239,3.4435316600000005,24.06,1019.915
1789432720,3.8666578300000003,3.4468706600000005,24.03,1019.917
1789432730,3.8666578300000003,3.4468706600000005,24.03,1019.912
1789432740,3.86485511,3.4446446600000002,24.03,1019.913
1789432750,3.86485511,3.4457576600000004,24.03,1019.912
1789432760,3.8666578300000003,3.4468706600000005,24.03,1019.918
1789432770,3.86485511,3.4446446600000002,24.03,1019.914
1789432780,3.86305239,3.4446446600000002,24.0,1019.921
1789432790,3.86485511,3.4468706600000005,24.0,1019.914
1789432800,3.87026327,3.4502096600000005,24.03,1019.925
1789432810,3.87386871,3.4535486600000005,24.0,1019.92
1789432820,3.87026327,3.45132266,24.01,1019.922
1789432830,3.86846055,3.4490966600000004,24.03,1019.921
1789432840,3.86846055,3.4490966600000004,24.0,1019.923
1789432850,3.86846055,3.4479836600000002,24.01,1019.923
1789432860,3.8720659900000003,3.45132266,24.03,1019.919
1789432870,3.87026327,3.4502096600000005,24.01,1019.923
1789432880,3.86485511,3.4457576600000004,24.01,1019.918
1789432890,3.8612496700000003,3.4424186600000004,24.04,1019.918
1789432900,3.86485511,3.4446446600000002,24.01,1019.92
1789432910,3.8612496700000003,3.4424186600000004,24.04,1019.921
1789432920,3.8612496700000003,3.4424186600000004,24.01,1019.92
1789432930,3.8612496700000003,3.4435316600000005,24.04,1019.917
1789432940,3.8666578300000003,3.4479836600000002,24.03,1019.916
1789432950,3.8666578300000003,3.4479836600000002,24.01,1019.918
1789432960,3.8612496700000003,3.4424186600000004,24.03,1019.916
1789432970,3.8612496700000003,3.4435316600000005,24.04,1019.914
1789432980,3.85764423,3.4390796600000004,24.04,1019.917
1789432990,3.8558415100000003,3.4379666600000003,24.03,1019.917
1789433000,3.8612496700000003,3.4424186600000004,24.01,1019.919
1789433010,3.86305239,3.4446446600000002,24.04,1019.912
1789433020,3.8612496700000003,3.4424186600000004,24.06,1019.912
1789433030,3.85764423,3.44019266,24.04,1019.909
1789433040,3.85944695,3.4413056600000003,24.03,1019.908
1789433050,3.85944695,3.4413056600000003,24.03,1019.909
1789433060,3.8612496700000003,3.4435316600000005,24.04,1019.912
1789433070,3.8558415100000003,3.4390796600000004,24.04,1019.908
1789433080,3.85764423,3.44019266,24.06,1019.909
1789433090,3.86305239,3.4446446600000002,24.04,1019.911
1789433100,3.85764423,3.44019266,24.04,1019.913
1789433110,3.8558415100000003,3.4379666600000003,24.04,1019.911
1789433120,3.85764423,3.44019266,24.06,1019.914
1789433130,3.86305239,3.4435316600000005,24.04,1019.914
1789433140,3.86305239,3.4435316600000005,24.04,1019.911
1789433150,3.85944695,3.4413056600000003,24.06,1019.909
1789433160,3.86305239,3.4435316600000005,24.04,1019.91
1789433170,3.86485511,3.4457576600000004,24.04,1019.913
1789433180,3.85944695,3.4413056600000003,24.03,1019.913
1789433190,3.8558415100000003,3.4379666600000003,24.06,1019.909
1789433200,3.86305239,3.4435316600000005,24.06,1019.907
1789433210,3.86305239,3.4435316600000005,24.03,1019.908
1789433220,3.86846055,3.4490966600000004,24.04,1019.908
1789433230,3.86846055,3.4490966600000004,24.06,1019.91
1789433240,3.8666578300000003,3.4479836600000002,24.06,1019.906
1789433250,3.8666578300000003,3.4479836600000002,24.06,1019.906
1789433260,3.86485511,3.4457576600000004,24.06,1019.903
1789433270,3.85944695,3.44019266,24.06,1019.903
1789433280,3.8612496700000003,3.4424186600000004,24.04,1019.906
1789433290,3.85944695,3.4413056600000003,24.04,1019.9
1789433300,3.85764423,3.4390796600000004,24.04,1019.899
1789433310,3.85403879,3.4357406600000004,24.04,1019.9
1789433320,3.85403879,3.43685366,24.03,1019.893
1789433330,3.85944695,3.44019266,24.01,1019.891
1789433340,3.85403879,3.43685366,24.03,1019.894
1789433350,3.85403879,3.43685366,24.04,1019.887
1789433360,3.8558415100000003,3.4379666600000003,24.04,1019.887
1789433370,3.85403879,3.43685366,24.03,1019.883
1789433380,3.85223607,3.4346276600000003,24.03,1019.878
1789433390,3.85223607,3.4346276600000003,24.01,1019.879
1789433400,3.85403879,3.4357406600000004,24.06,1019.873
1789433410,3.85764423,3.4390796600000004,24.04,1019.876
1789433420,3.85403879,3.43685366,24.04,1019.867
1789433430,3.85403879,3.43685366,24.04,1019.865
1789433440,3.8504333500000003,3.4346276600000003,24.04,1019.864
1789433450,3.8504333500000003,3.4346276600000003,24.04,1019.86
1789433460,3.85223607,3.4346276600000003,24.04,1019.853
1789433470,3.85223607,3.43685366,24.04,1019.849
1789433480,3.8504333500000003,3.43351466,24.03,1019.851
1789433490,3.8504333500000003,3.43351466,24.01,1019.845
1789433500,3.85223607,3.4346276600000003,24.01,1019.843
1789433510,3.8504333500000003,3.43351466,24.01,1019.84
1789433520,3.84863063,3.4324016600000005,24.04,1019.843
1789433530,3.8504333500000003,3.43351466,24.04,1019.842
1789433540,3.85223607,3.4357406600000004,24.06,1019.842
1789433550,3.8504333500000003,3.43351466,24.03,1019.837
1789433560,3.85223607,3.4346276600000003,24.03,1019.842
1789433570,3.85223607,3.4357406600000004,24.04,1019.836
1789433580,3.8558415100000003,3.4379666600000003,24.03,1019.827
1789433590,3.8558415100000003,3.4379666600000003,24.03,1019.834
1789433600,3.85403879,3.4357406600000004,24.01,1019.832
1789433610,3.85223607,3.4357406600000004,24.04,1019.834
1789433620,3.8504333500000003,3.43351466,24.06,1019.831
1789433630,3.85223607,3.4346276600000003,24.04,1019.829
1789433640,3.85223607,3.4357406600000004,24.04,1019.835
1789433650,3.8504333500000003,3.43351466,24.01,1019.83
1789433660,3.8504333500000003,3.43351466,24.01,1019.831
1789433670,3.8504333500000003,3.4324016600000005,24.04,1019.825
1789433680,3.84863063,3.4312886600000003,24.03,1019.824
1789433690,3.84682791,3.4312886600000003,24.04,1019.828
1789433700,3.8504333500000003,3.4346276600000003,24.04,1019.823
1789433710,3.8504333500000003,3.4346276600000003,24.04,1019.825
1789433720,3.85223607,3.4357406600000004,24.03,1019.822
1789433730,3.8504333500000003,3.43351466,24.03,1019.822
1789433740,3.84863063,3.4324016600000005,24.04,1019.824
1789433750,3.8504333500000003,3.4324016600000005,24.03,1019.82
1789433760,3.84863063,3.4312886600000003,24.01,1019.82
1789433770,3.84863063,3.4312886600000003,24.04,1019.812
1789433780,3.84682791,3.4312886600000003,24.06,1019.814
1789433790,3.84682791,3.43017566,24.04,1019.814
1789433800,3.84863063,3.4312886600000003,24.06,1019.81
1789433810,3.84682791,3.43017566,24.04,1019.811
1789433820,3.84682791,3.4312886600000003,24.04,1019.807
1789433830,3.8504333500000003,3.4346276600000003,24.07,1019.812
1789433840,3.8504333500000003,3.43351466,24.04,1019.809
1789433850,3.8504333500000003,3.43351466,24.04,1019.808
1789433860,3.8504333500000003,3.43351466,24.06,1019.807
1789433870,3.84863063,3.4312886600000003,24.03,1019.807
1789433880,3.84863063,3.4312886600000003,24.07,1019.805
1789433890,3.8504333500000003,3.43351466,24.04,1019.804
1789433900,3.85403879,3.4357406600000004,24.04,1019.803
1789433910,3.8504333500000003,3.43351466,24.04,1019.805
1789433920,3.84682791,3.4312886600000003,24.01,1019.809
1789433930,3.84682791,3.4312886600000003,24.07,1019.808
1789433940,3.84682791,3.4312886600000003,24.04,1019.803
1789433950,3.84682791,3.4312886600000003,24.03,1019.802
1789433960,3.84863063,3.4324016600000005,24.04,1019.801
1789433970,3.84682791,3.4312886600000003,24.03,1019.8
1789433980,3.84863063,3.4312886600000003,24.04,1019.8
1789433990,3.8450251900000003,3.4290626600000005,24.03,1019.799
1789434000,3.8450251900000003,3.4290626600000005,24.01,1019.802
1789434010,3.8450251900000003,3.4290626600000005,24.03,1019.803
1789434020,3.84682791,3.43017566,24.01,1019.802
1789434030,3.84863063,3.4324016600000005,24.03,1019.797
1789434040,3.84863063,3.4324016600000005,24.03,1019.798
1789434050,3.84682791,3.4312886600000003,24.03,1019.791
1789434060,3.8504333500000003,3.4346276600000003,24.0,1019.795
1789434070,3.8504333500000003,3.4346276600000003,24.0,1019.795
1789434080,3.84682791,3.4312886600000003,24.03,1019.798
1789434090,3.84863063,3.4324016600000005,23.99,1019.791
1789434100,3.8504333500000003,3.43351466,24.04,1019.791
1789434110,3.8504333500000003,3.43351466,24.03,1019.795
1789434120,3.84682791,3.4312886600000003,24.01,1019.789
1789434130,3.8450251900000003,3.4290626600000005,24.01,1019.789
1789434140,3.8450251900000003,3.4290626600000005,24.0,1019.787
1789434150,3.8450251900000003,3.4290626600000005,24.01,1019.79
1789434160,3.8450251900000003,3.43017566,24.04,1019.786
1789434170,3.84322247,3.42683666,24.03,1019.786
1789434180,3.8450251900000003,3.43017566,24.03,1019.786
1789434190,3.84682791,3.4312886600000003,24.03,1019.786
1789434200,3.84682791,3.4312886600000003,24.01,1019.786
1789434210,3.84682791,3.4312886600000003,24.03,1019.781
1789434220,3.84682791,3.4312886600000003,24.03,1019.782
1789434230,3.84322247,3.4279496600000003,24.04,1019.779
1789434240,3.84682791,3.43017566,24.01,1019.779
1789434250,3.8450251900000003,3.4290626600000005,24.03,1019.779
1789434260,3.84863063,3.43351466,24.04,1019.775
1789434270,3.8504333500000003,3.43351466,24.0,1019.781
1789434280,3.84682791,3.4312886600000003,24.01,1019.783
1789434290,3.84682791,3.4312886600000003,24.01,1019.782
1789434300,3.84682791,3.43017566,23.99,1019.784
1789434310,3.8450251900000003,3.4290626600000005,24.01,1019.786
1789434320,3.8450251900000003,3.4290626600000005,24.0,1019.782
1789434330,3.84682791,3.4312886600000003,23.99,1019.782
1789434340,3.84682791,3.43017566,24.0,1019.788
1789434350,3.84682791,3.43017566,24.0,1019.789
1789434360,3.84863063,3.4324016600000005,24.01,1019.794
1789434370,3.8504333500000003,3.4324016600000005,24.01,1019.792
1789434380,3.8504333500000003,3.4346276600000003,24.03,1019.798
1789434390,3.85223607,3.4357406600000004,24.0,1019.795
1789434400,3.84863063,3.43351466,24.03,1019.803
1789434410,3.8504333500000003,3.4346276600000003,24.0,1019.807
1789434420,3.8504333500000003,3.4346276600000003,24.01,1019.806
1789434430,3.85223607,3.4357406600000004,24.03,1019.807
1789434440,3.85223607,3.4357406600000004,24.03,1019.806
1789434450,3.85764423,3.44019266,24.01,1019.805
1789434460,3.85403879,3.4379666600000003,24.03,1019.804
1789434470,3.85223607,3.4357406600000004,24.03,1019.809
1789434480,3.85223607,3.4346276600000003,24.01,1019.808
1789434490,3.85223607,3.4357406600000004,24.0,1019.809
1789434500,3.85403879,3.43685366,24.03,1019.81
1789434510,3.85403879,3.4379666600000003,24.03,1019.803
1789434520,3.85403879,3.43685366,24.04,1019.808
1789434530,3.8504333500000003,3.4346276600000003,24.01,1019.804
1789434540,3.85223607,3.4357406600000004,24.06,1019.805
1789434550,3.85223607,3.4357406600000004,24.03,1019.801
1789434560,3.85223607,3.4357406600000004,24.04,1019.8
1789434570,3.85223607,3.4346276600000003,24.0,1019.793
1789434580,3.85223607,3.4346276600000003,24.01,1019.793
1789434590,3.8504333500000003,3.4346276600000003,24.03,1019.791
1789434600,3.8450251900000003,3.4290626600000005,24.03,1019.789
1789434610,3.8450251900000003,3.43017566,24.01,1019.783
1789434620,3.84682791,3.4312886600000003,24.0,1019.78
1789434630,3.84863063,3.4324016600000005,24.03,1019.776
1789434640,3.8504333500000003,3.43351466,24.03,1019.773
1789434650,3.8504333500000003,3.43351466,24.01,1019.77
1789434660,3.84863063,3.4324016600000005,24.04,1019.769
1789434670,3.8450251900000003,3.43017566,24.01,1019.762
1789434680,3.84682791,3.43017566,24.01,1019.766
1789434690,3.8504333500000003,3.4346276600000003,24.03,1019.762
1789434700,3.84863063,3.4324016600000005,24.01,1019.761
1789434710,3.84863063,3.4324016600000005,24.01,1019.759
1789434720,3.85403879,3.43685366,24.01,1019.758
1789434730,3.8504333500000003,3.4346276600000003,24.03,1019.757
1789434740,3.85223607,3.4346276600000003,24.03,1019.757
1789434750,3.85764423,3.44019266,24.03,1019.754
1789434760,3.85764423,3.44019266,24.01,1019.753
1789434770,3.85403879,3.4357406600000004,24.03,1019.757
1789434780,3.85223607,3.4357406600000004,24.03,1019.751
1789434790,3.8504333500000003,3.43351466,24.04,1019.754
1789434800,3.8558415100000003,3.4379666600000003,24.04,1019.751
1789434810,3.8558415100000003,3.4390796600000004,24.03,1019.75
1789434820,3.85764423,3.44019266,24.03,1019.754
1789434830,3.8558415100000003,3.4379666600000003,24.03,1019.747
1789434840,3.8558415100000003,3.4390796600000004,24.06,1019.748
1789434850,3.8558415100000003,3.4390796600000004,24.03,1019.741
1789434860,3.8558415100000003,3.4390796600000004,24.03,1019.744
1789434870,3.8558415100000003,3.4379666600000003,23.99,1019.739
1789434880,3.8504333500000003,3.43351466,24.0,1019.741
1789434890,3.8504333500000003,3.43351466,24.04,1019.74
1789434900,3.84863063,3.4324016600000005,24.04,1019.746
1789434910,3.8504333500000003,3.4324016600000005,24.01,1019.744
1789434920,3.8504333500000003,3.4346276600000003,24.03,1019.743
1789434930,3.8504333500000003,3.43351466,24.0,1019.744
1789434940,3.85223607,3.4346276600000003,24.04,1019.742
1789434950,3.8504333500000003,3.43351466,24.03,1019.743
1789434960,3.8504333500000003,3.43351466,24.01,1019.737
1789434970,3.85223607,3.43685366,24.03,1019.736
1789434980,3.84863063,3.4324016600000005,24.03,1019.742
1789434990,3.85223607,3.43685366,24.0,1019.738
1789435000,3.8558415100000003,3.4379666600000003,24.03,1019.737
1789435010,3.85223607,3.43685366,24.03,1019.732
1789435020,3.85403879,3.43685366,24.01,1019.733
1789435030,3.85403879,3.4379666600000003,24.0,1019.73
1789435040,3.85403879,3.43685366,24.03,1019.731
1789435050,3.85764423,3.44019266,24.01,1019.726
1789435060,3.85764423,3.4413056600000003,24.01,1019.729
1789435070,3.85403879,3.43685366,24.04,1019.726
1789435080,3.8558415100000003,3.4390796600000004,24.01,1019.727
1789435090,3.85223607,3.43685366,24.04,1019.722
1789435100,3.8558415100000003,3.4390796600000004,24.03,1019.725
1789435110,3.85403879,3.4379666600000003,24.0,1019.724
1789435120,3.85403879,3.43685366,24.04,1019.724
1789435130,3.85403879,3.43685366,24.03,1019.719
1789435140,3.8558415100000003,3.4379666600000003,24.04,1019.711
1789435150,3.8558415100000003,3.4390796600000004,24.03,1019.713
1789435160,3.8558415100000003,3.4390796600000004,24.03,1019.706
1789435170,3.8558415100000003,3.4390796600000004,24.01,1019.707
1789435180,3.85764423,3.44019266,24.0,1019.702
1789435190,3.85764423,3.4413056600000003,24.04,1019.699
1789435200,3.85403879,3.4379666600000003,24.03,1019.695
1789435210,3.85223607,3.4357406600000004,24.01,1019.691
1789435220,3.85223607,3.4346276600000003,24.03,1019.691
1789435230,3.8504333500000003,3.43351466,24.03,1019.689
1789435240,3.85223607,3.4346276600000003,24.01,1019.687
1789435250,3.85403879,3.43685366,24.01,1019.684
1789435260,3.85403879,3.43685366,24.01,1019.679
1789435270,3.8558415100000003,3.4390796600000004,24.01,1019.671
1789435280,3.8558415100000003,3.4390796600000004,24.03,1019.671
1789435290,3.8612496700000003,3.4435316600000005,24.01,1019.669
1789435300,3.8612496700000003,3.4435316600000005,24.01,1019.671
1789435310,3.86305239,3.4446446600000002,23.99,1019.666
1789435320,3.8666578300000003,3.4479836600000002,23.97,1019.665
1789435330,3.86485511,3.4457576600000004,24.0,1019.655
1789435340,3.86485511,3.4468706600000005,24.0,1019.658
1789435350,3.86485511,3.4468706600000005,23.99,1019.653
1789435360,3.8666578300000003,3.4490966600000004,24.0,1019.655
1789435370,3.87026327,3.4524356600000004,23.99,1019.653
1789435380,3.86485511,3.4468706600000005,23.97,1019.646
1789435390,3.86305239,3.4446446600000002,24.0,1019.649
1789435400,3.86305239,3.4457576600000004,23.97,1019.646
1789435410,3.8612496700000003,3.4435316600000005,23.97,1019.645
1789435420,3.85764423,3.4413056600000003,23.97,1019.647
1789435430,3.85944695,3.4424186600000004,23.99,1019.636
1789435440,3.85403879,3.43685366,23.99,1019.641
1789435450,3.85944695,3.4424186600000004,23.97,1019.636
1789435460,3.86305239,3.4457576600000004,23.96,1019.636
1789435470,3.86485511,3.4468706600000005,23.99,1019.629
1789435480,3.86485511,3.4457576600000004,23.99,1019.627
1789435490,3.85764423,3.44019266,24.0,1019.632
1789435500,3.85944695,3.4413056600000003,23.99,1019.63
1789435510,3.85944695,3.4413056600000003,24.01,1019.633
1789435520,3.85764423,3.4413056600000003,23.99,1019.629
1789435530,3.85764423,3.44019266,23.99,1019.625
1789435540,3.85944695,3.4413056600000003,24.0,1019.622
1789435550,3.85403879,3.43685366,24.01,1019.618
1789435560,3.85223607,3.4357406600000004,24.0,1019.619
1789435570,3.85403879,3.43685366,24.0,1019.618
1789435580,3.85403879,3.4379666600000003,24.01,1019.618
1789435590,3.8558415100000003,3.4390796600000004,23.99,1019.613
1789435600,3.85223607,3.4346276600000003,23.99,1019.614
1789435610,3.85223607,3.4357406600000004,24.0,1019.614
1789435620,3.85403879,3.43685366,24.01,1019.613
1789435630,3.85223607,3.4357406600000004,24.0,1019.608
1789435640,3.84863063,3.4324016600000005,24.0,1019.608
1789435650,3.8558415100000003,3.4379666600000003,24.0,1019.608
1789435660,3.85764423,3.44019266,24.01,1019.604
1789435670,3.86485511,3.4446446600000002,24.0,1019.602
1789435680,3.8666578300000003,3.4468706600000005,24.0,1019.598
1789435690,3.8666578300000003,3.4479836600000002,24.0,1019.596
1789435700,3.87386871,3.4535486600000005,24.0,1019.59
1789435710,3.86846055,3.4490966600000004,24.03,1019.589
1789435720,3.8666578300000003,3.4468706600000005,24.03,1019.594
1789435730,3.8612496700000003,3.4424186600000004,24.01,1019.587
1789435740,3.8612496700000003,3.4424186600000004,24.03,1019.587
1789435750,3.86846055,3.4490966600000004,24.01,1019.582
1789435760,3.86485511,3.4457576600000004,24.01,1019.586
1789435770,3.86846055,3.4479836600000002,24.01,1019.585
1789435780,3.8666578300000003,3.4479836600000002,24.0,1019.589
1789435790,3.86846055,3.4490966600000004,24.01,1019.579
1789435800,3.8666578300000003,3.4468706600000005,24.03,1019.582
1789435810,3.86305239,3.4446446600000002,24.0,1019.582
1789435820,3.85944695,3.4424186600000004,24.01,1019.582
1789435830,3.85764423,3.4390796600000004,24.0,1019.579
1789435840,3.8612496700000003,3.4413056600000003,24.01,1019.58
1789435850,3.8612496700000003,3.4413056600000003,23.99,1019.579
1789435860,3.85944695,3.4413056600000003,24.01,1019.578
1789435870,3.86485511,3.4457576600000004,24.01,1019.574
1789435880,3.8720659900000003,3.45132266,23.99,1019.576
1789435890,3.87386871,3.45466166,23.99,1019.575
1789435900,3.87386871,3.4524356600000004,24.0,1019.581
1789435910,3.87386871,3.45466166,24.0,1019.576
1789435920,3.8720659900000003,3.4524356600000004,24.0,1019.574
1789435930,3.87026327,3.4524356600000004,24.03,1019.573
1789435940,3.8720659900000003,3.4524356600000004,24.03,1019.576
1789435950,3.8774741500000003,3.4568876600000005,24.03,1019.573
1789435960,3.87927687,3.45800066,24.0,1019.572
1789435970,3.8774741500000003,3.45800066,24.01,1019.571
1789435980,3.87567143,3.4557746600000003,24.0,1019.568
1789435990,3.8828823100000003,3.46133966,24.0,1019.565
1789436000,3.87567143,3.45466166,24.0,1019.561
1789436010,3.88107959,3.4591136600000003,24.01,1019.563
1789436020,3.8774741500000003,3.4557746600000003,24.0,1019.559
1789436030,3.87927687,3.45800066,24.01,1019.556
1789436040,3.88107959,3.4602266600000005,24.01,1019.554
1789436050,3.88468503,3.4624526600000003,24.03,1019.544
1789436060,3.88107959,3.4602266600000005,24.03,1019.549
1789436070,3.8774741500000003,3.4568876600000005,24.01,1019.538
1789436080,3.8774741500000003,3.4557746600000003,24.04,1019.537
1789436090,3.87927687,3.4568876600000005,24.01,1019.538
1789436100,3.87386871,3.45466166,24.01,1019.536
1789436110,3.8720659900000003,3.4524356600000004,24.01,1019.533
1789436120,3.8720659900000003,3.45132266,24.0,1019.528
1789436130,3.87026327,3.4490966600000004,24.04,1019.532
1789436140,3.86846055,3.4490966600000004,24.03,1019.528
1789436150,3.87026327,3.4502096600000005,24.01,1019.524
1789436160,3.87386871,3.4535486600000005,24.01,1019.526
1789436170,3.87386871,3.4535486600000005,24.01,1019.525
1789436180,3.87567143,3.45466166,24.03,1019.528
1789436190,3.87386871,3.4524356600000004,24.0,1019.525
1789436200,3.8720659900000003,3.45132266,24.01,1019.527
1789436210,3.87026327,3.45132266,24.01,1019.523
1789436220,3.8720659900000003,3.4524356600000004,24.01,1019.523
1789436230,3.87026327,3.4502096600000005,24.01,1019.523
1789436240,3.86846055,3.4490966600000004,24.01,1019.518
1789436250,3.86846055,3.4490966600000004,24.03,1019.525
1789436260,3.87026327,3.4502096600000005,24.01,1019.521
1789436270,3.8774741500000003,3.4568876600000005,24.01,1019.521
1789436280,3.88468503,3.46133966,24.04,1019.518
1789436290,3.8882904700000003,3.4669046600000004,24.0,1019.518
1789436300,3.89009319,3.4669046600000004,24.01,1019.518
1789436310,3.8936986300000003,3.4713566600000005,24.0,1019.522
1789436320,3.89550135,3.4724696600000002,24.01,1019.519
1789436330,3.89550135,3.4724696600000002,24.04,1019.519
1789436340,3.89189591,3.4691306600000003,24.01,1019.519
1789436350,3.90090951,3.4769216600000004,24.04,1019.518
1789436360,3.90271223,3.47914766,24.01,1019.521
1789436370,3.89730407,3.4735826600000004,24.03,1019.515
1789436380,3.89189591,3.4691306600000003,24.01,1019.515
1789436390,3.90090951,3.4769216600000004,24.01,1019.517
1789436400,3.8991067900000003,3.47580866,24.0,1019.515
1789436410,3.8991067900000003,3.4746956600000005,24.03,1019.516
1789436420,3.89550135,3.4724696600000002,24.04,1019.516
1789436430,3.89009319,3.4669046600000004,24.03,1019.508
1789436440,3.89009319,3.4669046600000004,24.0,1019.511
1789436450,3.89550135,3.4724696600000002,24.01,1019.513
1789436460,3.89550135,3.4735826600000004,24.01,1019.508
1789436470,3.8991067900000003,3.4746956600000005,24.01,1019.51
1789436480,3.89730407,3.4746956600000005,24.01,1019.508
1789436490,3.8991067900000003,3.47580866,24.04,1019.515
1789436500,3.89189591,3.4702436600000004,24.04,1019.509
1789436510,3.88648775,3.46467866,24.03,1019.51
1789436520,3.88107959,3.4602266600000005,24.01,1019.507
1789436530,3.87927687,3.45800066,24.0,1019.509
1789436540,3.8774741500000003,3.45800066,24.03,1019.507
1789436550,3.8828823100000003,3.46133966,24.03,1019.507
1789436560,3.8828823100000003,3.4635656600000004,24.01,1019.508
1789436570,3.8828823100000003,3.46133966,24.01,1019.505
1789436580,3.89189591,3.4680176600000006,23.99,1019.501
1789436590,3.8936986300000003,3.4713566600000005,24.03,1019.507
1789436600,3.89550135,3.4735826600000004,24.0,1019.5
1789436610,3.89550135,3.4735826600000004,24.0,1019.501
1789436620,3.8991067900000003,3.4769216600000004,24.0,1019.496
1789436630,3.89189591,3.4691306600000003,23.99,1019.496
1789436640,3.8882904700000003,3.4669046600000004,24.01,1019.496
1789436650,3.8882904700000003,3.4657916600000003,23.97,1019.498
1789436660,3.8882904700000003,3.4657916600000003,24.0,1019.497
1789436670,3.8828823100000003,3.46133966,23.97,1019.499
1789436680,3.8774741500000003,3.4568876600000005,23.99,1019.497
1789436690,3.87386871,3.4535486600000005,23.99,1019.497
1789436700,3.8774741500000003,3.4568876600000005,23.96,1019.497
1789436710,3.87927687,3.4591136600000003,23.97,1019.491
1789436720,3.87386871,3.4535486600000005,23.97,1019.488
1789436730,3.86846055,3.4502096600000005,23.99,1019.49
1789436740,3.86846055,3.4490966600000004,24.0,1019.487
1789436750,3.86485511,3.4468706600000005,23.96,1019.489
1789436760,3.8666578300000003,3.4468706600000005,23.99,1019.489
1789436770,3.86485511,3.4457576600000004,23.99,1019.486
1789436780,3.87026327,3.45132266,23.99,1019.485
1789436790,3.87386871,3.4535486600000005,23.99,1019.483
1789436800,3.88468503,3.4624526600000003,23.99,1019.482
1789436810,3.88648775,3.46467866,23.99,1019.482
1789436820,3.89189591,3.4702436600000004,23.99,1019.481
1789436830,3.89550135,3.4735826600000004,23.97,1019.479
1789436840,3.89009319,3.4691306600000003,24.0,1019.474
1789436850,3.89189591,3.4691306600000003,23.99,1019.474
1789436860,3.89189591,3.4691306600000003,23.99,1019.475
1789436870,3.89009319,3.4691306600000003,24.0,1019.473
1789436880,3.89189591,3.4702436600000004,23.99,1019.472
1789436890,3.89550135,3.4724696600000002,23.99,1019.468
1789436900,3.89189591,3.4702436600000004,23.99,1019.467
1789436910,3.8882904700000003,3.4669046600000004,24.0,1019.466
1789436920,3.89009319,3.4691306600000003,23.99,1019.469
1789436930,3.89009319,3.4680176600000006,23.99,1019.464
1789436940,3.8936986300000003,3.4724696600000002,23.99,1019.459
1789436950,3.8991067900000003,3.4769216600000004,23.99,1019.46
1789436960,3.90090951,3.4780346600000005,24.0,1019.461
1789436970,3.90271223,3.47914766,23.99,1019.452
1789436980,3.90271223,3.4780346600000005,24.01,1019.449
1789436990,3.90271223,3.4780346600000005,24.03,1019.454
1789437000,3.89730407,3.4746956600000005,24.0,1019.447
1789437010,3.89730407,3.4746956600000005,24.0,1019.447
1789437020,3.89730407,3.4746956600000005,23.99,1019.448
1789437030,3.89009319,3.4669046600000004,24.0,1019.441
1789437040,3.89009319,3.4680176600000006,23.99,1019.436
1789437050,3.8936986300000003,3.4691306600000003,24.03,1019.439
1789437060,3.8991067900000003,3.47580866,24.01,1019.432
1789437070,3.90090951,3.4769216600000004,24.0,1019.431
1789437080,3.90090951,3.4769216600000004,23.97,1019.429
1789437090,3.90090951,3.4769216600000004,23.97,1019.422
1789437100,3.8991067900000003,3.47580866,24.0,1019.42
1789437110,3.89189591,3.4691306600000003,23.97,1019.414
1789437120,3.8991067900000003,3.47580866,23.99,1019.412
1789437130,3.89550135,3.4724696600000002,23.97,1019.406
1789437140,3.8991067900000003,3.47580866,24.01,1019.406
1789437150,3.89730407,3.4735826600000004,23.99,1019.405
1789437160,3.8991067900000003,3.4746956600000005,24.0,1019.402
1789437170,3.9045149500000003,3.4802606600000003,23.97,1019.398
1789437180,3.90631767,3.4813736600000005,23.97,1019.395
1789437190,3.9045149500000003,3.4802606600000003,24.0,1019.393
1789437200,3.8991067900000003,3.47580866,24.01,1019.389
1789437210,3.8936986300000003,3.4713566600000005,24.0,1019.385
1789437220,3.90090951,3.47580866,23.99,1019.379
1789437230,3.90271223,3.4780346600000005,24.0,1019.378
1789437240,3.89730407,3.4735826600000004,24.0,1019.375
1789437250,3.8991067900000003,3.4769216600000004,23.99,1019.373
1789437260,3.89730407,3.4746956600000005,23.99,1019.37
1789437270,3.8991067900000003,3.47580866,23.96,1019.375
1789437280,3.9045149500000003,3.4813736600000005,23.97,1019.369
1789437290,3.90631767,3.48248666,24.0,1019.365
1789437300,3.90271223,3.47914766,23.97,1019.365
1789437310,3.90271223,3.47914766,23.97,1019.36
1789437320,3.90271223,3.47914766,23.97,1019.361
1789437330,3.89730407,3.4746956600000005,23.99,1019.364
1789437340,3.89550135,3.4724696600000002,23.97,1019.356
1789437350,3.90090951,3.4780346600000005,23.97,1019.358
1789437360,3.90271223,3.4780346600000005,23.97,1019.356
1789437370,3.90271223,3.4780346600000005,23.97,1019.356
1789437380,3.90631767,3.4813736600000005,23.99,1019.365
1789437390,3.90271223,3.4780346600000005,23.99,1019.358
1789437400,3.9045149500000003,3.4802606600000003,23.97,1019.359
1789437410,3.90812039,3.4835996600000003,23.97,1019.359
1789437420,3.90812039,3.4835996600000003,23.97,1019.357
1789437430,3.9099231100000003,3.4835996600000003,23.99,1019.357
1789437440,3.9099231100000003,3.4847126600000005,23.94,1019.361
1789437450,3.9099231100000003,3.4847126600000005,23.97,1019.354
1789437460,3.9117258300000004,3.48582566,23.96,1019.355
1789437470,3.9099231100000003,3.48582566,23.97,1019.355
1789437480,3.90631767,3.48248666,23.97,1019.355
1789437490,3.9045149500000003,3.4802606600000003,23.94,1019.347
1789437500,3.90271223,3.47914766,23.97,1019.349
1789437510,3.9045149500000003,3.4813736600000005,23.97,1019.347
1789437520,3.90631767,3.4813736600000005,23.97,1019.347
1789437530,3.90631767,3.48248666,23.99,1019.349
1789437540,3.9099231100000003,3.48582566,23.99,1019.343
1789437550,3.9099231100000003,3.4847126600000005,23.99,1019.343
1789437560,3.9099231100000003,3.4847126600000005,23.97,1019.337
1789437570,3.91352855,3.48916466,24.0,1019.339
1789437580,3.9171339900000004,3.4913906600000004,24.0,1019.342
1789437590,3.9171339900000004,3.4913906600000004,24.0,1019.335
1789437600,3.9171339900000004,3.4913906600000004,24.0,1019.341
1789437610,3.9153312700000003,3.48916466,24.01,1019.339
1789437620,3.9153312700000003,3.4902776600000003,24.01,1019.336
1789437630,3.9171339900000004,3.4902776600000003,23.99,1019.336
1789437640,3.91352855,3.4869386600000003,24.0,1019.333
1789437650,3.91352855,3.4880516600000004,23.99,1019.335
1789437660,3.9153312700000003,3.48916466,23.97,1019.333
1789437670,3.9153312700000003,3.48916466,23.99,1019.33
1789437680,3.9171339900000004,3.4913906600000004,24.0,1019.328
1789437690,3.9171339900000004,3.4902776600000003,24.01,1019.328
1789437700,3.9153312700000003,3.4902776600000003,23.99,1019.325
1789437710,3.91352855,3.4880516600000004,23.99,1019.321
1789437720,3.9117258300000004,3.4869386600000003,23.99,1019.323
1789437730,3.9117258300000004,3.48582566,23.99,1019.321
1789437740,3.9099231100000003,3.4847126600000005,23.97,1019.32
1789437750,3.9099231100000003,3.4847126600000005,23.99,1019.32
1789437760,3.9099231100000003,3.4835996600000003,23.99,1019.323
1789437770,3.9117258300000004,3.48582566,23.99,1019.321
1789437780,3.91352855,3.4869386600000003,23.99,1019.313
1789437790,3.9117258300000004,3.48582566,24.0,1019.31
1789437800,3.9117258300000004,3.48582566,23.99,1019.308
1789437810,3.9117258300000004,3.48582566,24.0,1019.303
1789437820,3.91352855,3.4880516600000004,23.97,1019.301
1789437830,3.9153312700000003,3.48916466,23.97,1019.301
1789437840,3.91352855,3.4869386600000003,23.97,1019.304
1789437850,3.9099231100000003,3.4847126600000005,23.97,1019.297
1789437860,3.9099231100000003,3.4847126600000005,23.94,1019.295
1789437870,3.9099231100000003,3.4847126600000005,23.96,1019.296
1789437880,3.90812039,3.4835996600000003,23.96,1019.296
1789437890,3.90631767,3.4813736600000005,23.96,1019.291
1789437900,3.9099231100000003,3.4847126600000005,23.96,1019.294
1789437910,3.9099231100000003,3.4847126600000005,23.96,1019.287
1789437920,3.9117258300000004,3.48582566,23.97,1019.29
1789437930,3.9117258300000004,3.48582566,23.96,1019.286
1789437940,3.91352855,3.4880516600000004,23.94,1019.28
1789437950,3.9099231100000003,3.4847126600000005,23.97,1019.283
1789437960,3.9117258300000004,3.4869386600000003,23.94,1019.282
1789437970,3.9117258300000004,3.48582566,23.94,1019.273
1789437980,3.9117258300000004,3.4869386600000003,23.94,1019.272
1789437990,3.9117258300000004,3.48582566,23.96,1019.273
1789438000,3.91352855,3.4869386600000003,23.94,1019.269
1789438010,3.91352855,3.4880516600000004,23.94,1019.266
1789438020,3.91352855,3.4880516600000004,23.96,1019.263
1789438030,3.9153312700000003,3.4880516600000004,23.96,1019.264
1789438040,3.9153312700000003,3.48916466,23.94,1019.259
1789438050,3.9153312700000003,3.4880516600000004,23.93,1019.262
1789438060,3.9153312700000003,3.48916466,23.97,1019.258
1789438070,3.9171339900000004,3.4902776600000003,23.96,1019.256
1789438080,3.9153312700000003,3.48916466,23.97,1019.255
1789438090,3.91352855,3.4880516600000004,23.96,1019.252
1789438100,3.9099231100000003,3.4847126600000005,23.97,1019.252
1789438110,3.90812039,3.4835996600000003,23.94,1019.249
1789438120,3.9117258300000004,3.4869386600000003,23.93,1019.248
1789438130,3.9117258300000004,3.48582566,23.97,1019.25
1789438140,3.91352855,3.4880516600000004,23.97,1019.244
1789438150,3.91352855,3.4869386600000003,23.97,1019.247
1789438160,3.9117258300000004,3.48582566,23.99,1019.245
1789438170,3.9099231100000003,3.4847126600000005,23.96,1019.241
1789438180,3.90812039,3.4835996600000003,23.97,1019.243
1789438190,3.9099231100000003,3.4835996600000003,23.94,1019.243
1789438200,3.9117258300000004,3.48582566,23.96,1019.238
1789438210,3.9099231100000003,3.4835996600000003,23.97,1019.238
1789438220,3.9099231100000003,3.4847126600000005,23.99,1019.235
1789438230,3.9099231100000003,3.4847126600000005,23.96,1019.235
1789438240,3.9117258300000004,3.48582566,23.97,1019.235
1789438250,3.9099231100000003,3.4835996600000003,24.0,1019.226
1789438260,3.9117258300000004,3.4847126600000005,23.97,1019.23
1789438270,3.91352855,3.4880516600000004,23.99,1019.229
1789438280,3.9153312700000003,3.4880516600000004,23.97,1019.224
1789438290,3.9153312700000003,3.48916466,23.99,1019.226
1789438300,3.9171339900000004,3.4902776600000003,23.99,1019.22
1789438310,3.9153312700000003,3.48916466,23.97,1019.223
1789438320,3.91352855,3.4869386600000003,23.99,1019.223
1789438330,3.91352855,3.4880516600000004,23.96,1019.216
1789438340,3.91352855,3.4880516600000004,23.99,1019.215
1789438350,3.9117258300000004,3.48582566,23.99,1019.214
1789438360,3.91352855,3.4869386600000003,23.97,1019.211
1789438370,3.9171339900000004,3.4902776600000003,23.97,1019.208
1789438380,3.9171339900000004,3.4902776600000003,23.96,1019.211
1789438390,3.9153312700000003,3.4880516600000004,23.99,1019.207
1789438400,3.9153312700000003,3.48916466,23.97,1019.207
1789438410,3.9153312700000003,3.48916466,23.96,1019.207
1789438420,3.9153312700000003,3.48916466,23.97,1019.211
1789438430,3.91893671,3.4913906600000004,23.97,1019.204
1789438440,3.9171339900000004,3.4902776600000003,23.99,1019.205
1789438450,3.91352855,3.4880516600000004,23.96,1019.206
1789438460,3.91352855,3.4880516600000004,23.99,1019.2
1789438470,3.9153312700000003,3.4880516600000004,23.97,1019.199
1789438480,3.9171339900000004,3.4902776600000003,23.96,1019.195
1789438490,3.9171339900000004,3.4902776600000003,23.97,1019.197
1789438500,3.9171339900000004,3.4902776600000003,24.0,1019.198
1789438510,3.91352855,3.4869386600000003,24.0,1019.194
1789438520,3.91352855,3.4880516600000004,23.97,1019.191
1789438530,3.91352855,3.4869386600000003,24.0,1019.191
1789438540,3.9153312700000003,3.4880516600000004,23.99,1019.192
1789438550,3.9171339900000004,3.4902776600000003,23.99,1019.191
1789438560,3.9153312700000003,3.4880516600000004,23.99,1019.192
1789438570,3.9153312700000003,3.4902776600000003,23.99,1019.191
1789438580,3.9153312700000003,3.48916466,23.96,1019.19
1789438590,3.9171339900000004,3.4902776600000003,23.97,1019.187
1789438600,3.9171339900000004,3.4913906600000004,23.97,1019.189
1789438610,3.9153312700000003,3.48916466,23.97,1019.186
1789438620,3.9153312700000003,3.48916466,23.97,1019.187
1789438630,3.9171339900000004,3.4902776600000003,23.97,1019.185
1789438640,3.9171339900000004,3.4902776600000003,23.96,1019.178
1789438650,3.9153312700000003,3.4880516600000004,23.97,1019.174
1789438660,3.91352855,3.4869386600000003,23.97,1019.17
1789438670,3.9153312700000003,3.4880516600000004,23.97,1019.166
1789438680,3.9153312700000003,3.4880516600000004,23.96,1019.167
1789438690,3.91352855,3.4869386600000003,23.97,1019.163
1789438700,3.91352855,3.4869386600000003,23.96,1019.163
1789438710,3.9153312700000003,3.48916466,23.97,1019.159
1789438720,3.9171339900000004,3.48916466,23.97,1019.156
1789438730,3.9171339900000004,3.48916466,23.97,1019.154
1789438740,3.9153312700000003,3.4880516600000004,23.94,1019.157
1789438750,3.91352855,3.4869386600000003,23.94,1019.149
1789438760,3.91352855,3.48582566,23.94,1019.148
1789438770,3.91352855,3.4869386600000003,23.96,1019.144
1789438780,3.9153312700000003,3.4880516600000004,23.96,1019.144
1789438790,3.9153312700000003,3.48916466,23.97,1019.14
1789438800,3.9153312700000003,3.48916466,23.97,1019.134
1789438810,3.9171339900000004,3.4902776600000003,23.94,1019.136
1789438820,3.9171339900000004,3.4902776600000003,23.94,1019.129
1789438830,3.9171339900000004,3.4902776600000003,23.97,1019.128
1789438840,3.9153312700000003,3.48916466,23.94,1019.126
1789438850,3.9117258300000004,3.48582566,23.96,1019.121
1789438860,3.91352855,3.48582566,23.96,1019.119
1789438870,3.9117258300000004,3.4847126600000005,23.96,1019.115
1789438880,3.9117258300000004,3.48582566,23.94,1019.109
1789438890,3.91352855,3.4869386600000003,23.93,1019.113
1789438900,3.91352855,3.48582566,23.94,1019.11
1789438910,3.9099231100000003,3.4835996600000003,23.96,1019.109
1789438920,3.9099231100000003,3.4835996600000003,23.93,1019.1
1789438930,3.91352855,3.4869386600000003,23.93,1019.105
1789438940,3.9153312700000003,3.48916466,23.93,1019.104
1789438950,3.9153312700000003,3.4880516600000004,23.94,1019.1
1789438960,3.9171339900000004,3.48916466,23.96,1019.099
1789438970,3.9153312700000003,3.48916466,23.93,1019.099
1789438980,3.9153312700000003,3.4880516600000004,23.96,1019.102
1789438990,3.9153312700000003,3.4880516600000004,23.97,1019.094
1789439000,3.9117258300000004,3.4847126600000005,23.94,1019.097
1789439010,3.9117258300000004,3.4847126600000005,23.94,1019.094
1789439020,3.9117258300000004,3.4835996600000003,23.93,1019.094
1789439030,3.91352855,3.48582566,23.94,1019.095
1789439040,3.91352855,3.4869386600000003,23.94,1019.092
1789439050,3.91352855,3.48582566,23.94,1019.087
1789439060,3.91352855,3.4847126600000005,23.94,1019.085
1789439070,3.9153312700000003,3.4869386600000003,23.97,1019.085
1789439080,3.9153312700000003,3.4880516600000004,23.96,1019.085
1789439090,3.91352855,3.4869386600000003,23.94,1019.086
1789439100,3.9099231100000003,3.4847126600000005,23.94,1019.083
1789439110,3.9117258300000004,3.4847126600000005,23.96,1019.083
1789439120,3.9117258300000004,3.48582566,23.96,1019.081
1789439130,3.9153312700000003,3.4880516600000004,23.96,1019.083
1789439140,3.9153312700000003,3.4880516600000004,23.96,1019.076
1789439150,3.9153312700000003,3.4880516600000004,23.96,1019.073
1789439160,3.9153312700000003,3.48916466,23.96,1019.073
1789439170,3.9117258300000004,3.4847126600000005,23.96,1019.068
1789439180,3.91352855,3.4869386600000003,23.97,1019.07
1789439190,3.91352855,3.48582566,23.97,1019.068
1789439200,3.91352855,3.4869386600000003,23.96,1019.072
1789439210,3.9117258300000004,3.48582566,23.97,1019.075
1789439220,3.9117258300000004,3.4847126600000005,23.99,1019.064
1789439230,3.91352855,3.4847126600000005,23.97,1019.065
1789439240,3.9099231100000003,3.48248666,23.99,1019.065
1789439250,3.9099231100000003,3.4835996600000003,23.97,1019.065
1789439260,3.9117258300000004,3.4847126600000005,23.94,1019.065
1789439270,3.9117258300000004,3.4847126600000005,23.96,1019.063
1789439280,3.9099231100000003,3.4835996600000003,23.94,1019.061
1789439290,3.9099231100000003,3.4835996600000003,23.96,1019.059
1789439300,3.9117258300000004,3.4847126600000005,23.96,1019.054
1789439310,3.9117258300000004,3.4847126600000005,23.99,1019.052
1789439320,3.9117258300000004,3.4847126600000005,23.93,1019.053
1789439330,3.9099231100000003,3.48248666,23.96,1019.059
1789439340,3.90812039,3.4813736600000005,23.97,1019.049
1789439350,3.9045149500000003,3.4780346600000005,23.96,1019.054
1789439360,3.90812039,3.4813736600000005,23.97,1019.049
1789439370,3.9099231100000003,3.4835996600000003,23.97,1019.048
1789439380,3.9099231100000003,3.48248666,23.97,1019.053
1789439390,3.9117258300000004,3.4847126600000005,23.97,1019.048
1789439400,3.9117258300000004,3.4847126600000005,23.96,1019.051
1789439410,3.91352855,3.48582566,23.99,1019.042
1789439420,3.90812039,3.48248666,23.97,1019.04
1789439430,3.90631767,3.4802606600000003,23.97,1019.036
1789439440,3.9099231100000003,3.4835996600000003,23.97,1019.039
1789439450,3.9099231100000003,3.48248666,23.96,1019.04
1789439460,3.90812039,3.4802606600000003,23.97,1019.036
1789439470,3.9117258300000004,3.4847126600000005,23.99,1019.034
1789439480,3.9099231100000003,3.4835996600000003,23.96,1019.029
1789439490,3.9045149500000003,3.47914766,23.99,1019.031
1789439500,3.90271223,3.4769216600000004,23.96,1019.024
1789439510,3.90090951,3.47580866,23.96,1019.026
1789439520,3.90090951,3.47580866,23.97,1019.025
1789439530,3.90271223,3.4769216600000004,23.97,1019.027
1789439540,3.90090951,3.47580866,23.99,1019.016
1789439550,3.89550135,3.4713566600000005,23.97,1019.017
1789439560,3.8991067900000003,3.4735826600000004,23.99,1019.011
1789439570,3.90631767,3.47914766,23.97,1019.021
1789439580,3.90812039,3.48248666,23.96,1019.015
1789439590,3.90812039,3.48248666,24.0,1019.01
1789439600,3.90812039,3.48248666,23.97,1019.004
1789439610,3.90271223,3.47580866,23.96,1019.004
1789439620,3.90271223,3.4780346600000005,23.97,1019.008
1789439630,3.9045149500000003,3.47914766,23.97,1019.004
1789439640,3.9045149500000003,3.4780346600000005,23.99,1018.999
1789439650,3.90090951,3.47580866,23.99,1018.997
1789439660,3.90090951,3.4746956600000005,23.99,1018.988
1789439670,3.90271223,3.4769216600000004,23.99,1018.991
1789439680,3.90271223,3.4769216600000004,23.99,1018.988
1789439690,3.9045149500000003,3.4780346600000005,23.97,1018.985
1789439700,3.9045149500000003,3.4780346600000005,23.97,1018.982
1789439710,3.90271223,3.4769216600000004,23.99,1018.977
1789439720,3.9045149500000003,3.4780346600000005,23.99,1018.97
1789439730,3.9045149500000003,3.47914766,23.97,1018.97
1789439740,3.9045149500000003,3.4780346600000005,23.97,1018.967
1789439750,3.90812039,3.4813736600000005,23.97,1018.968
1789439760,3.90631767,3.4802606600000003,24.0,1018.959
1789439770,3.90631767,3.47914766,23.99,1018.956
1789439780,3.90090951,3.4746956600000005,23.97,1018.961
1789439790,3.9045149500000003,3.4780346600000005,23.99,1018.963
1789439800,3.90090951,3.4735826600000004,23.97,1018.957
1789439810,3.9045149500000003,3.4780346600000005,23.99,1018.955
1789439820,3.90271223,3.4769216600000004,23.99,1018.944
1789439830,3.9045149500000003,3.47914766,23.96,1018.948
1789439840,3.90271223,3.4769216600000004,23.96,1018.945
1789439850,3.90271223,3.47580866,23.96,1018.946
1789439860,3.90090951,3.4735826600000004,23.94,1018.945
1789439870,3.8991067900000003,3.4735826600000004,23.96,1018.94
1789439880,3.90271223,3.4769216600000004,23.97,1018.941
1789439890,3.90090951,3.4746956600000005,23.96,1018.939
1789439900,3.89550135,3.4713566600000005,23.96,1018.929
1789439910,3.8991067900000003,3.4746956600000005,23.97,1018.928
1789439920,3.90090951,3.47580866,23.94,1018.928
1789439930,3.90271223,3.47580866,23.94,1018.925
1789439940,3.90090951,3.4746956600000005,23.96,1018.922
1789439950,3.90090951,3.4746956600000005,23.97,1018.919
1789439960,3.90271223,3.47580866,23.94,1018.922
1789439970,3.90090951,3.4746956600000005,23.96,1018.918
1789439980,3.90090951,3.47580866,23.96,1018.915
1789439990,3.90090951,3.47580866,23.94,1018.919
1789440000,3.89550135,3.4702436600000004,23.96,1018.916
1789440010,3.89550135,3.4713566600000005,23.96,1018.919
1789440020,3.8936986300000003,3.4702436600000004,23.94,1018.917
1789440030,3.89730407,3.4724696600000002,23.94,1018.917
1789440040,3.89730407,3.4724696600000002,23.94,1018.915
1789440050,3.89550135,3.4713566600000005,23.94,1018.908
1789440060,3.8991067900000003,3.4724696600000002,23.94,1018.912
1789440070,3.90090951,3.4746956600000005,23.94,1018.914
1789440080,3.90271223,3.4780346600000005,23.94,1018.905
1789440090,3.9045149500000003,3.4780346600000005,23.94,1018.908
1789440100,3.9045149500000003,3.47914766,23.97,1018.909
1789440110,3.90812039,3.4813736600000005,23.97,1018.91
1789440120,3.90271223,3.4780346600000005,23.94,1018.907
1789440130,3.90271223,3.4769216600000004,23.96,1018.907
1789440140,3.9045149500000003,3.47914766,23.96,1018.904
1789440150,3.90812039,3.4813736600000005,23.94,1018.909
1789440160,3.90631767,3.4802606600000003,23.96,1018.902
1789440170,3.90631767,3.47914766,23.96,1018.898
1789440180,3.90812039,3.4813736600000005,23.94,1018.902
1789440190,3.9117258300000004,3.48582566,23.96,1018.901
1789440200,3.9117258300000004,3.4847126600000005,23.96,1018.9
1789440210,3.9117258300000004,3.4835996600000003,23.94,1018.906
1789440220,3.9099231100000003,3.48248666,23.96,1018.902
1789440230,3.9099231100000003,3.48248666,23.96,1018.903
1789440240,3.9045149500000003,3.4780346600000005,23.97,1018.901
1789440250,3.9045149500000003,3.4769216600000004,23.96,1018.897
1789440260,3.9045149500000003,3.4769216600000004,23.99,1018.899
1789440270,3.8991067900000003,3.4724696600000002,23.96,1018.895
1789440280,3.90090951,3.4746956600000005,23.99,1018.893
1789440290,3.90090951,3.4735826600000004,23.97,1018.886
1789440300,3.90271223,3.4769216600000004,23.97,1018.888
1789440310,3.90631767,3.47914766,23.99,1018.886
1789440320,3.90271223,3.47580866,23.99,1018.891
1789440330,3.90090951,3.4746956600000005,23.94,1018.888
1789440340,3.90271223,3.4769216600000004,23.96,1018.888
1789440350,3.8991067900000003,3.4735826600000004,23.94,1018.888
1789440360,3.8991067900000003,3.4735826600000004,23.97,1018.885
1789440370,3.90090951,3.4746956600000005,23.94,1018.887
1789440380,3.89730407,3.4713566600000005,23.96,1018.885
1789440390,3.8991067900000003,3.4735826600000004,23.97,1018.887
1789440400,3.8991067900000003,3.4724696600000002,23.96,1018.886
1789440410,3.8936986300000003,3.4691306600000003,23.94,1018.885
1789440420,3.89550135,3.4702436600000004,23.96,1018.884
1789440430,3.89550135,3.4702436600000004,23.94,1018.878
1789440440,3.8991067900000003,3.4746956600000005,23.94,1018.877
1789440450,3.89550135,3.4691306600000003,23.94,1018.88
1789440460,3.8936986300000003,3.4691306600000003,23.97,1018.874
1789440470,3.8936986300000003,3.4691306600000003,23.93,1018.878
1789440480,3.89009319,3.4657916600000003,23.94,1018.875
1789440490,3.89189591,3.4669046600000004,23.94,1018.87
1789440500,3.89009319,3.4657916600000003,23.94,1018.868
1789440510,3.89189591,3.4669046600000004,23.94,1018.867
1789440520,3.89189591,3.4669046600000004,23.94,1018.865
1789440530,3.89189591,3.4680176600000006,23.96,1018.868
1789440540,3.89189591,3.4669046600000004,23.94,1018.868
1789440550,3.89009319,3.46467866,23.93,1018.86
1789440560,3.88648775,3.4635656600000004,23.93,1018.858
1789440570,3.8828823100000003,3.4591136600000003,23.93,1018.856
1789440580,3.8828823100000003,3.4591136600000003,23.93,1018.849
1789440590,3.8828823100000003,3.45800066,23.94,1018.849
1789440600,3.8882904700000003,3.46467866,23.92,1018.845
1789440610,3.8936986300000003,3.4691306600000003,23.93,1018.848
1789440620,3.89550135,3.4702436600000004,23.93,1018.841
1789440630,3.8936986300000003,3.4691306600000003,23.93,1018.837
1789440640,3.89009319,3.4657916600000003,23.96,1018.833
1789440650,3.8936986300000003,3.4680176600000006,23.94,1018.829
1789440660,3.89009319,3.4657916600000003,23.94,1018.828
1789440670,3.89009319,3.4657916600000003,23.96,1018.821
1789440680,3.88648775,3.46133966,23.94,1018.82
1789440690,3.88468503,3.46133966,23.96,1018.822
1789440700,3.88468503,3.46133966,23.94,1018.816
1789440710,3.8828823100000003,3.4591136600000003,23.96,1018.809
1789440720,3.8882904700000003,3.4635656600000004,23.94,1018.807
1789440730,3.89189591,3.4669046600000004,23.97,1018.802
1789440740,3.8991067900000003,3.4735826600000004,23.96,1018.799
1789440750,3.8991067900000003,3.4746956600000005,23.94,1018.802
1789440760,3.89550135,3.4702436600000004,23.97,1018.794
1789440770,3.89550135,3.4713566600000005,23.93,1018.791
1789440780,3.8936986300000003,3.4691306600000003,23.96,1018.785
1789440790,3.89189591,3.4669046600000004,23.94,1018.789
1789440800,3.89730407,3.4713566600000005,23.94,1018.786
1789440810,3.89550135,3.4702436600000004,23.93,1018.783
1789440820,3.8991067900000003,3.4735826600000004,23.93,1018.786
1789440830,3.8936986300000003,3.4680176600000006,23.94,1018.775
1789440840,3.8936986300000003,3.4702436600000004,23.96,1018.777
1789440850,3.8936986300000003,3.4680176600000006,23.92,1018.77
1789440860,3.8936986300000003,3.4680176600000006,23.94,1018.768
1789440870,3.88648775,3.4635656600000004,23.93,1018.769
1789440880,3.8828823100000003,3.4591136600000003,23.93,1018.763
1789440890,3.87927687,3.4557746600000003,23.93,1018.768
1789440900,3.87927687,3.4568876600000005,23.94,1018.768
1789440910,3.8828823100000003,3.4591136600000003,23.93,1018.76
1789440920,3.88468503,3.46133966,23.92,1018.755
1789440930,3.89009319,3.4669046600000004,23.93,1018.763
1789440940,3.89009319,3.46467866,23.94,1018.758
1789440950,3.88648775,3.4624526600000003,23.94,1018.758
1789440960,3.88468503,3.46133966,23.96,1018.753
1789440970,3.88648775,3.46133966,23.97,1018.754
1789440980,3.8882904700000003,3.4635656600000004,23.96,1018.757
1789440990,3.8882904700000003,3.4635656600000004,23.94,1018.754
1789441000,3.88648775,3.4624526600000003,23.94,1018.753
1789441010,3.88648775,3.4624526600000003,23.96,1018.752
1789441020,3.8882904700000003,3.46467866,23.97,1018.751
1789441030,3.88468503,3.4602266600000005,23.94,1018.75
1789441040,3.88648775,3.4624526600000003,23.94,1018.748
1789441050,3.8828823100000003,3.4591136600000003,23.93,1018.747
1789441060,3.8828823100000003,3.4602266600000005,23.93,1018.745
1789441070,3.89009319,3.46467866,23.92,1018.742
1789441080,3.8882904700000003,3.46467866,23.94,1018.739
1789441090,3.8828823100000003,3.4591136600000003,23.93,1018.738
1789441100,3.87927687,3.4557746600000003,23.9,1018.739
1789441110,3.8828823100000003,3.45800066,23.94,1018.739
1789441120,3.8828823100000003,3.45800066,23.92,1018.733
1789441130,3.88648775,3.46133966,23.94,1018.726
1789441140,3.88648775,3.4624526600000003,23.93,1018.72
1789441150,3.88648775,3.4624526600000003,23.93,1018.716
1789441160,3.89189591,3.4669046600000004,23.92,1018.712
1789441170,3.8882904700000003,3.4635656600000004,23.96,1018.713
1789441180,3.88648775,3.46133966,23.94,1018.708
1789441190,3.8828823100000003,3.4591136600000003,23.96,1018.707
1789441200,3.8828823100000003,3.4591136600000003,23.93,1018.705
1789441210,3.87927687,3.4557746600000003,23.93,1018.702
1789441220,3.87927687,3.4557746600000003,23.94,1018.703
1789441230,3.87567143,3.4524356600000004,23.94,1018.702
1789441240,3.8720659900000003,3.4490966600000004,23.93,1018.698
1789441250,3.8720659900000003,3.4502096600000005,23.94,1018.699
1789441260,3.87927687,3.45466166,23.93,1018.69
1789441270,3.87567143,3.4524356600000004,23.93,1018.687
1789441280,3.87567143,3.45132266,23.93,1018.683
1789441290,3.87567143,3.4524356600000004,23.92,1018.681
1789441300,3.8828823100000003,3.4591136600000003,23.93,1018.683
1789441310,3.88648775,3.46133966,23.93,1018.675
1789441320,3.88468503,3.4602266600000005,23.92,1018.672
1789441330,3.88648775,3.46133966,23.94,1018.667
1789441340,3.8936986300000003,3.4680176600000006,23.92,1018.666
1789441350,3.8936986300000003,3.4680176600000006,23.93,1018.659
1789441360,3.89550135,3.4702436600000004,23.93,1018.657
1789441370,3.89730407,3.4713566600000005,23.92,1018.656
1789441380,3.8936986300000003,3.4680176600000006,23.9,1018.655
1789441390,3.8936986300000003,3.4680176600000006,23.93,1018.656
1789441400,3.89550135,3.4702436600000004,23.93,1018.657
1789441410,3.8936986300000003,3.4680176600000006,23.94,1018.653
1789441420,3.8936986300000003,3.4669046600000004,23.92,1018.65
1789441430,3.8882904700000003,3.4635656600000004,23.94,1018.653
1789441440,3.89189591,3.4669046600000004,23.93,1018.655
1789441450,3.89009319,3.4657916600000003,23.93,1018.653
1789441460,3.8882904700000003,3.4635656600000004,23.93,1018.651
1789441470,3.88468503,3.4602266600000005,23.93,1018.656
1789441480,3.88648775,3.46133966,23.94,1018.646
1789441490,3.88107959,3.45800066,23.92,1018.644
1789441500,3.8828823100000003,3.4591136600000003,23.93,1018.652
1789441510,3.8774741500000003,3.45466166,23.93,1018.648
1789441520,3.8828823100000003,3.4591136600000003,23.93,1018.643
1789441530,3.87927687,3.4557746600000003,23.96,1018.642
1789441540,3.87567143,3.45132266,23.94,1018.644
1789441550,3.87026327,3.4479836600000002,23.96,1018.643
1789441560,3.8720659900000003,3.4502096600000005,23.93,1018.643
1789441570,3.8774741500000003,3.45466166,23.94,1018.638
1789441580,3.87927687,3.4557746600000003,23.94,1018.639
1789441590,3.88107959,3.4568876600000005,23.96,1018.635
1789441600,3.88107959,3.4557746600000003,23.94,1018.633
1789441610,3.87927687,3.45466166,23.94,1018.629
1789441620,3.88107959,3.4568876600000005,23.94,1018.624
1789441630,3.88107959,3.45800066,23.94,1018.626
1789441640,3.88107959,3.4568876600000005,23.94,1018.622
1789441650,3.88107959,3.4568876600000005,23.94,1018.622
1789441660,3.8774741500000003,3.4535486600000005,23.96,1018.623
1789441670,3.8720659900000003,3.4479836600000002,23.97,1018.625
1789441680,3.87567143,3.4524356600000004,23.96,1018.615
1789441690,3.87927687,3.45466166,23.94,1018.619
1789441700,3.88468503,3.4602266600000005,23.96,1018.615
1789441710,3.89189591,3.46467866,23.94,1018.616
1789441720,3.88648775,3.4602266600000005,23.94,1018.61
1789441730,3.88648775,3.46133966,23.94,1018.613
1789441740,3.88648775,3.46133966,23.94,1018.615
1789441750,3.89550135,3.4691306600000003,23.92,1018.608
1789441760,3.89550135,3.4702436600000004,23.9,1018.602
1789441770,3.89730407,3.4713566600000005,23.94,1018.605
1789441780,3.8991067900000003,3.4735826600000004,23.9,1018.607
1789441790,3.90090951,3.4746956600000005,23.92,1018.604
1789441800,3.90271223,3.47580866,23.93,1018.6
1789441810,3.89550135,3.4691306600000003,23.92,1018.598
1789441820,3.89189591,3.4669046600000004,23.92,1018.599
1789441830,3.89009319,3.46467866,23.92,1018.599
1789441840,3.88468503,3.46133966,23.92,1018.596
1789441850,3.88648775,3.4624526600000003,23.93,1018.595
1789441860,3.8828823100000003,3.4591136600000003,23.93,1018.592
1789441870,3.8828823100000003,3.4591136600000003,23.93,1018.584
1789441880,3.88107959,3.45800066,23.93,1018.591
1789441890,3.8774741500000003,3.45466166,23.93,1018.592
1789441900,3.88107959,3.4568876600000005,23.93,1018.593
1789441910,3.88468503,3.4602266600000005,23.92,1018.591
1789441920,3.88648775,3.46133966,23.94,1018.592
1789441930,3.89009319,3.46467866,23.93,1018.591
1789441940,3.8936986300000003,3.4680176600000006,23.94,1018.586
1789441950,3.89550135,3.4702436600000004,23.96,1018.584
1789441960,3.89009319,3.46467866,23.96,1018.582
1789441970,3.8882904700000003,3.4624526600000003,23.94,1018.588
1789441980,3.88648775,3.46133966,23.93,1018.582
1789441990,3.88107959,3.4568876600000005,23.94,1018.583
1789442000,3.8774741500000003,3.45466166,23.94,1018.581
1789442010,3.87386871,3.45132266,23.94,1018.579
1789442020,3.87026327,3.4479836600000002,23.96,1018.577
1789442030,3.86846055,3.4457576600000004,23.93,1018.574
1789442040,3.86485511,3.4435316600000005,23.94,1018.571
1789442050,3.86485511,3.4435316600000005,23.94,1018.576
1789442060,3.8612496700000003,3.44019266,23.94,1018.579
1789442070,3.8612496700000003,3.44019266,23.94,1018.574
1789442080,3.86305239,3.4413056600000003,23.96,1018.578
1789442090,3.87026327,3.4479836600000002,23.92,1018.576
1789442100,3.87386871,3.4502096600000005,23.96,1018.573
1789442110,3.87386871,3.4502096600000005,23.93,1018.574
1789442120,3.88107959,3.4557746600000003,23.96,1018.577
1789442130,3.8828823100000003,3.4591136600000003,23.94,1018.573
1789442140,3.8828823100000003,3.45800066,23.94,1018.572
1789442150,3.8828823100000003,3.45800066,23.96,1018.568
1789442160,3.8774741500000003,3.4535486600000005,23.93,1018.569
1789442170,3.87927687,3.45466166,23.93,1018.57
1789442180,3.88468503,3.4602266600000005,23.92,1018.566
1789442190,3.88648775,3.4624526600000003,23.92,1018.567
1789442200,3.8828823100000003,3.4591136600000003,23.96,1018.563
1789442210,3.88468503,3.4591136600000003,23.94,1018.557
1789442220,3.8882904700000003,3.4635656600000004,23.94,1018.554
1789442230,3.8882904700000003,3.4624526600000003,23.9,1018.554
1789442240,3.88648775,3.4602266600000005,23.93,1018.547
1789442250,3.88107959,3.4568876600000005,23.93,1018.548
1789442260,3.8828823100000003,3.4568876600000005,23.93,1018.547
1789442270,3.87927687,3.4557746600000003,23.92,1018.541
1789442280,3.87927687,3.4557746600000003,23.92,1018.544
1789442290,3.88107959,3.4568876600000005,23.94,1018.543
1789442300,3.8774741500000003,3.4535486600000005,23.93,1018.535
1789442310,3.8828823100000003,3.4568876600000005,23.92,1018.537
1789442320,3.88648775,3.4602266600000005,23.94,1018.535
1789442330,3.88648775,3.46133966,23.92,1018.529
1789442340,3.88107959,3.4557746600000003,23.92,1018.524
1789442350,3.87927687,3.4535486600000005,23.94,1018.522
1789442360,3.8774741500000003,3.4535486600000005,23.96,1018.518
1789442370,3.87927687,3.45466166,23.93,1018.517
1789442380,3.87567143,3.45132266,23.93,1018.514
1789442390,3.87026327,3.4457576600000004,23.94,1018.509
1789442400,3.86846055,3.4468706600000005,23.94,1018.503
1789442410,3.8666578300000003,3.4435316600000005,23.93,1018.503
1789442420,3.87026327,3.4479836600000002,23.94,1018.498
1789442430,3.8720659900000003,3.4490966600000004,23.94,1018.496
1789442440,3.8720659900000003,3.4490966600000004,23.94,1018.493
1789442450,3.8720659900000003,3.4490966600000004,23.96,1018.493
1789442460,3.86846055,3.4457576600000004,23.93,1018.494
1789442470,3.8666578300000003,3.4446446600000002,23.96,1018.488
1789442480,3.87386871,3.4502096600000005,23.94,1018.488
1789442490,3.87386871,3.4502096600000005,23.94,1018.484
1789442500,3.87567143,3.4524356600000004,23.94,1018.476
1789442510,3.87567143,3.4524356600000004,23.97,1018.479
1789442520,3.87567143,3.4524356600000004,23.96,1018.478
1789442530,3.8720659900000003,3.4479836600000002,23.94,1018.473
1789442540,3.87026327,3.4468706600000005,23.94,1018.464
1789442550,3.87386871,3.45132266,23.94,1018.463
1789442560,3.88468503,3.4591136600000003,23.96,1018.461
1789442570,3.8828823100000003,3.45800066,23.94,1018.465
1789442580,3.8828823100000003,3.4568876600000005,23.94,1018.455
1789442590,3.88468503,3.4591136600000003,23.93,1018.458
1789442600,3.88648775,3.4602266600000005,23.93,1018.46
1789442610,3.88107959,3.4568876600000005,23.93,1018.459
1789442620,3.8828823100000003,3.4568876600000005,23.92,1018.45
1789442630,3.88107959,3.4557746600000003,23.93,1018.445
1789442640,3.8774741500000003,3.4535486600000005,23.94,1018.447
1789442650,3.87567143,3.45132266,23.93,1018.439
1789442660,3.87386871,3.4502096600000005,23.94,1018.438
1789442670,3.87386871,3.4502096600000005,23.93,1018.437
1789442680,3.87567143,3.4524356600000004,23.93,1018.434
1789442690,3.86846055,3.4457576600000004,23.93,1018.432
1789442700,3.8666578300000003,3.4435316600000005,23.92,1018.426
1789442710,3.86485511,3.4424186600000004,23.94,1018.425
1789442720,3.86846055,3.4446446600000002,23.93,1018.424
1789442730,3.8720659900000003,3.4479836600000002,23.93,1018.419
1789442740,3.87026327,3.4468706600000005,23.92,1018.416
1789442750,3.87567143,3.45132266,23.92,1018.416
1789442760,3.87386871,3.4490966600000004,23.92,1018.412
1789442770,3.87386871,3.4502096600000005,23.93,1018.405
1789442780,3.87386871,3.4502096600000005,23.94,1018.403
1789442790,3.87386871,3.4502096600000005,23.92,1018.407
1789442800,3.87386871,3.4502096600000005,23.94,1018.403
1789442810,3.87386871,3.4490966600000004,23.92,1018.401
1789442820,3.87386871,3.4502096600000005,23.93,1018.402
1789442830,3.8720659900000003,3.4490966600000004,23.92,1018.401
1789442840,3.8774741500000003,3.4524356600000004,23.93,1018.397
1789442850,3.87386871,3.4502096600000005,23.93,1018.392
1789442860,3.87386871,3.45132266,23.92,1018.396
1789442870,3.8720659900000003,3.4479836600000002,23.94,1018.395
1789442880,3.87026327,3.4457576600000004,23.92,1018.391
1789442890,3.8720659900000003,3.4479836600000002,23.93,1018.396
1789442900,3.8720659900000003,3.4479836600000002,23.92,1018.395
1789442910,3.87386871,3.4502096600000005,23.93,1018.39
1789442920,3.8720659900000003,3.4468706600000005,23.9,1018.388
1789442930,3.87567143,3.4524356600000004,23.92,1018.385
1789442940,3.8720659900000003,3.4490966600000004,23.92,1018.39
1789442950,3.87386871,3.4490966600000004,23.93,1018.388
1789442960,3.87567143,3.45132266,23.92,1018.387
1789442970,3.87026327,3.4468706600000005,23.9,1018.383
1789442980,3.87567143,3.45132266,23.93,1018.383
1789442990,3.87386871,3.4490966600000004,23.92,1018.377
1789443000,3.86846055,3.4446446600000002,23.94,1018.379
1789443010,3.87386871,3.4490966600000004,23.9,1018.374
1789443020,3.87386871,3.4502096600000005,23.93,1018.373
1789443030,3.8720659900000003,3.4479836600000002,23.93,1018.377
1789443040,3.8774741500000003,3.4535486600000005,23.9,1018.375
1789443050,3.87026327,3.4468706600000005,23.92,1018.377
1789443060,3.87026327,3.4468706600000005,23.92,1018.372
1789443070,3.87026327,3.4457576600000004,23.9,1018.365
1789443080,3.8720659900000003,3.4479836600000002,23.93,1018.361
1789443090,3.86846055,3.4446446600000002,23.9,1018.36
1789443100,3.86846055,3.4446446600000002,23.92,1018.36
1789443110,3.86846055,3.4457576600000004,23.92,1018.354
1789443120,3.86846055,3.4435316600000005,23.9,1018.35
1789443130,3.8666578300000003,3.4435316600000005,23.92,1018.354
1789443140,3.86305239,3.4413056600000003,23.9,1018.352
1789443150,3.86846055,3.4446446600000002,23.92,1018.352
1789443160,3.8666578300000003,3.4435316600000005,23.88,1018.345
1789443170,3.8666578300000003,3.4435316600000005,23.88,1018.345
1789443180,3.86485511,3.4413056600000003,23.87,1018.346
1789443190,3.86485511,3.4413056600000003,23.88,1018.342
1789443200,3.8666578300000003,3.4435316600000005,23.9,1018.348
1789443210,3.86485511,3.4424186600000004,23.87,1018.344
1789443220,3.86485511,3.44019266,23.88,1018.344
1789443230,3.8612496700000003,3.4379666600000003,23.88,1018.342
1789443240,3.8612496700000003,3.4390796600000004,23.9,1018.34
1789443250,3.86305239,3.44019266,23.9,1018.338
1789443260,3.8612496700000003,3.4390796600000004,23.88,1018.341
1789443270,3.86305239,3.4390796600000004,23.9,1018.346
1789443280,3.86485511,3.4413056600000003,23.87,1018.341
1789443290,3.86305239,3.4413056600000003,23.88,1018.345
1789443300,3.86846055,3.4446446600000002,23.88,1018.344
1789443310,3.87026327,3.4457576600000004,23.9,1018.342
1789443320,3.8666578300000003,3.4424186600000004,23.9,1018.342
1789443330,3.86846055,3.4457576600000004,23.86,1018.34
1789443340,3.86846055,3.4446446600000002,23.92,1018.346
1789443350,3.8612496700000003,3.4379666600000003,23.87,1018.342
1789443360,3.86305239,3.4390796600000004,23.87,1018.345
1789443370,3.86305239,3.44019266,23.88,1018.343
1789443380,3.86485511,3.4413056600000003,23.92,1018.345
1789443390,3.87026327,3.4457576600000004,23.9,1018.348
1789443400,3.86846055,3.4446446600000002,23.9,1018.35
1789443410,3.86846055,3.4446446600000002,23.9,1018.355
1789443420,3.86846055,3.4446446600000002,23.9,1018.356
1789443430,3.8666578300000003,3.4424186600000004,23.87,1018.353
1789443440,3.8666578300000003,3.4435316600000005,23.88,1018.351
1789443450,3.87026327,3.4457576600000004,23.92,1018.348
1789443460,3.8720659900000003,3.4490966600000004,23.88,1018.35
1789443470,3.8720659900000003,3.4479836600000002,23.88,1018.349
1789443480,3.87026327,3.4457576600000004,23.87,1018.352
1789443490,3.8666578300000003,3.4435316600000005,23.87,1018.353
1789443500,3.8666578300000003,3.4446446600000002,23.9,1018.356
1789443510,3.8666578300000003,3.4435316600000005,23.88,1018.353
1789443520,3.86485511,3.4413056600000003,23.88,1018.354
1789443530,3.8612496700000003,3.4379666600000003,23.88,1018.35
1789443540,3.86305239,3.4390796600000004,23.88,1018.352
1789443550,3.86485511,3.44019266,23.88,1018.349
1789443560,3.86305239,3.4390796600000004,23.88,1018.348
1789443570,3.86485511,3.4413056600000003,23.88,1018.344
1789443580,3.86305239,3.4413056600000003,23.87,1018.347
1789443590,3.86485511,3.4413056600000003,23.88,1018.351
1789443600,3.86485511,3.4424186600000004,23.88,1018.35
1789443610,3.8666578300000003,3.4435316600000005,23.88,1018.351
1789443620,3.8666578300000003,3.4435316600000005,23.86,1018.346
1789443630,3.8720659900000003,3.4479836600000002,23.88,1018.348
1789443640,3.87386871,3.4490966600000004,23.88,1018.344
1789443650,3.8720659900000003,3.4479836600000002,23.88,1018.343
1789443660,3.8666578300000003,3.4435316600000005,23.92,1018.345
1789443670,3.86485511,3.4424186600000004,23.87,1018.344
1789443680,3.86485511,3.4413056600000003,23.87,1018.349
1789443690,3.86305239,3.44019266,23.87,1018.345
1789443700,3.8612496700000003,3.4379666600000003,23.88,1018.351
1789443710,3.85764423,3.4357406600000004,23.88,1018.345
1789443720,3.8612496700000003,3.4390796600000004,23.9,1018.345
1789443730,3.86485511,3.4424186600000004,23.88,1018.343
1789443740,3.8612496700000003,3.4390796600000004,23.9,1018.341
1789443750,3.86305239,3.4390796600000004,23.9,1018.347
1789443760,3.86305239,3.44019266,23.9,1018.343
1789443770,3.8612496700000003,3.4379666600000003,23.88,1018.344
1789443780,3.8612496700000003,3.4379666600000003,23.9,1018.346
1789443790,3.86305239,3.44019266,23.9,1018.347
1789443800,3.86305239,3.44019266,23.92,1018.345
1789443810,3.86305239,3.44019266,23.92,1018.342
1789443820,3.86485511,3.4413056600000003,23.93,1018.344
1789443830,3.8612496700000003,3.4379666600000003,23.93,1018.341
1789443840,3.86305239,3.4413056600000003,23.92,1018.343
1789443850,3.86485511,3.4413056600000003,23.92,1018.339
1789443860,3.87026327,3.4457576600000004,23.9,1018.339
1789443870,3.86846055,3.4446446600000002,23.9,1018.342
1789443880,3.8666578300000003,3.4424186600000004,23.9,1018.341
1789443890,3.86485511,3.4413056600000003,23.88,1018.336
1789443900,3.86305239,3.44019266,23.92,1018.336
1789443910,3.8666578300000003,3.4435316600000005,23.92,1018.338
1789443920,3.86846055,3.4435316600000005,23.92,1018.331
1789443930,3.86485511,3.4413056600000003,23.93,1018.33
1789443940,3.86485511,3.4413056600000003,23.93,1018.329
1789443950,3.8666578300000003,3.4435316600000005,23.92,1018.328
1789443960,3.87026327,3.4457576600000004,23.9,1018.329
1789443970,3.86846055,3.4435316600000005,23.9,1018.332
1789443980,3.86846055,3.4446446600000002,23.9,1018.326
1789443990,3.8666578300000003,3.4435316600000005,23.92,1018.326
1789444000,3.8666578300000003,3.4435316600000005,23.88,1018.329
1789444010,3.86485511,3.4424186600000004,23.88,1018.329
1789444020,3.86305239,3.44019266,23.9,1018.324
1789444030,3.86305239,3.44019266,23.9,1018.328
1789444040,3.8612496700000003,3.4379666600000003,23.88,1018.324
1789444050,3.86305239,3.44019266,23.92,1018.325
1789444060,3.86305239,3.44019266,23.9,1018.323
1789444070,3.86485511,3.4413056600000003,23.92,1018.326
1789444080,3.86485511,3.4413056600000003,23.88,1018.324
1789444090,3.86485511,3.4413056600000003,23.93,1018.326
1789444100,3.85944695,3.4379666600000003,23.88,1018.327
1789444110,3.85764423,3.43685366,23.9,1018.329
1789444120,3.85764423,3.4357406600000004,23.87,1018.326
1789444130,3.85944695,3.4379666600000003,23.92,1018.326
1789444140,3.86305239,3.4413056600000003,23.9,1018.322
1789444150,3.86485511,3.4413056600000003,23.88,1018.319
1789444160,3.86485511,3.4424186600000004,23.9,1018.32
1789444170,3.86305239,3.44019266,23.88,1018.319
1789444180,3.8612496700000003,3.4390796600000004,23.88,1018.317
1789444190,3.85944695,3.4357406600000004,23.92,1018.321
1789444200,3.85944695,3.43685366,23.9,1018.321
1789444210,3.86305239,3.44019266,23.88,1018.319
1789444220,3.8612496700000003,3.4379666600000003,23.9,1018.328
1789444230,3.8612496700000003,3.4390796600000004,23.9,1018.322
1789444240,3.85944695,3.43685366,23.9,1018.328
1789444250,3.86305239,3.44019266,23.92,1018.323
1789444260,3.86485511,3.44019266,23.93,1018.331
1789444270,3.8612496700000003,3.4379666600000003,23.92,1018.327
1789444280,3.85944695,3.43685366,23.9,1018.326
1789444290,3.86846055,3.4446446600000002,23.9,1018.324
1789444300,3.8666578300000003,3.4435316600000005,23.92,1018.329
1789444310,3.86485511,3.44019266,23.88,1018.323
1789444320,3.8666578300000003,3.4435316600000005,23.9,1018.325
1789444330,3.8666578300000003,3.4435316600000005,23.88,1018.325
1789444340,3.8666578300000003,3.4435316600000005,23.9,1018.323
1789444350,3.8666578300000003,3.4424186600000004,23.92,1018.321
1789444360,3.86846055,3.4446446600000002,23.9,1018.326
1789444370,3.86305239,3.44019266,23.9,1018.32
1789444380,3.8612496700000003,3.4379666600000003,23.9,1018.318
1789444390,3.8612496700000003,3.4379666600000003,23.92,1018.312
1789444400,3.85944695,3.4379666600000003,23.92,1018.319
1789444410,3.8612496700000003,3.4379666600000003,23.9,1018.316
1789444420,3.85944695,3.43685366,23.87,1018.305
1789444430,3.85764423,3.4346276600000003,23.9,1018.307
1789444440,3.8612496700000003,3.4379666600000003,23.9,1018.303
1789444450,3.86305239,3.4390796600000004,23.88,1018.304
1789444460,3.8612496700000003,3.4390796600000004,23.88,1018.3
1789444470,3.8612496700000003,3.4390796600000004,23.9,1018.298
1789444480,3.8612496700000003,3.4379666600000003,23.93,1018.295
1789444490,3.86305239,3.44019266,23.9,1018.296
1789444500,3.8612496700000003,3.4379666600000003,23.88,1018.292
1789444510,3.86305239,3.44019266,23.9,1018.292
1789444520,3.85944695,3.43685366,23.92,1018.293
1789444530,3.86305239,3.44019266,23.88,1018.291
1789444540,3.8612496700000003,3.4379666600000003,23.88,1018.291
1789444550,3.86305239,3.4379666600000003,23.88,1018.28
1789444560,3.8666578300000003,3.4424186600000004,23.9,1018.281
1789444570,3.8612496700000003,3.4390796600000004,23.9,1018.282
1789444580,3.86305239,3.44019266,23.88,1018.276
1789444590,3.8612496700000003,3.4390796600000004,23.87,1018.273
1789444600,3.86485511,3.44019266,23.86,1018.273
1789444610,3.8666578300000003,3.4424186600000004,23.87,1018.272
1789444620,3.8612496700000003,3.4390796600000004,23.88,1018.273
1789444630,3.85944695,3.43685366,23.88,1018.274
1789444640,3.86305239,3.4390796600000004,23.87,1018.267
1789444650,3.8612496700000003,3.4379666600000003,23.87,1018.268
1789444660,3.86305239,3.4379666600000003,23.87,1018.261
1789444670,3.86305239,3.4390796600000004,23.87,1018.259
1789444680,3.86485511,3.4413056600000003,23.87,1018.259
1789444690,3.86485511,3.44019266,23.87,1018.257
1789444700,3.86485511,3.44019266,23.86,1018.258
1789444710,3.86485511,3.4413056600000003,23.87,1018.252
1789444720,3.8666578300000003,3.4424186600000004,23.87,1018.253
1789444730,3.8666578300000003,3.4424186600000004,23.88,1018.252
1789444740,3.8666578300000003,3.4413056600000003,23.86,1018.247
1789444750,3.86485511,3.44019266,23.86,1018.245
1789444760,3.86305239,3.44019266,23.87,1018.238
1789444770,3.86485511,3.4413056600000003,23.86,1018.238
1789444780,3.86485511,3.44019266,23.86,1018.233
1789444790,3.86485511,3.44019266,23.87,1018.23
1789444800,3.86485511,3.44019266,23.88,1018.231
1789444810,3.8666578300000003,3.4424186600000004,23.88,1018.224
1789444820,3.86485511,3.4413056600000003,23.88,1018.223
1789444830,3.86846055,3.4435316600000005,23.88,1018.218
1789444840,3.8666578300000003,3.4435316600000005,23.88,1018.214
1789444850,3.87026327,3.4446446600000002,23.86,1018.213
1789444860,3.8666578300000003,3.4413056600000003,23.87,1018.213
1789444870,3.87026327,3.4435316600000005,23.87,1018.202
1789444880,3.87026327,3.4446446600000002,23.88,1018.208
1789444890,3.86846055,3.4435316600000005,23.87,1018.208
1789444900,3.86846055,3.4435316600000005,23.87,1018.207
1789444910,3.86846055,3.4435316600000005,23.88,1018.204
1789444920,3.8666578300000003,3.4424186600000004,23.9,1018.206
1789444930,3.8666578300000003,3.4424186600000004,23.87,1018.206
1789444940,3.86485511,3.4413056600000003,23.87,1018.204
1789444950,3.86305239,3.43685366,23.87,1018.197
1789444960,3.86305239,3.43685366,23.9,1018.197
1789444970,3.8612496700000003,3.4379666600000003,23.88,1018.197
1789444980,3.86485511,3.4413056600000003,23.88,1018.193
1789444990,3.86485511,3.4413056600000003,23.88,1018.192
1789445000,3.86305239,3.4379666600000003,23.88,1018.194
1789445010,3.86485511,3.4413056600000003,23.87,1018.193
1789445020,3.86485511,3.4413056600000003,23.88,1018.194
1789445030,3.86485511,3.44019266,23.87,1018.199
1789445040,3.8612496700000003,3.4379666600000003,23.88,1018.199
1789445050,3.86305239,3.4390796600000004,23.88,1018.196
1789445060,3.86305239,3.4390796600000004,23.88,1018.202
1789445070,3.86305239,3.4390796600000004,23.88,1018.202
1789445080,3.86305239,3.4390796600000004,23.87,1018.199
1789445090,3.86305239,3.4379666600000003,23.87,1018.2
1789445100,3.86305239,3.4390796600000004,23.87,1018.198
1789445110,3.86485511,3.4413056600000003,23.88,1018.203
1789445120,3.8666578300000003,3.4435316600000005,23.86,1018.195
1789445130,3.86485511,3.44019266,23.87,1018.197
1789445140,3.86485511,3.4413056600000003,23.87,1018.195
1789445150,3.86485511,3.4413056600000003,23.87,1018.195
1789445160,3.86305239,3.4390796600000004,23.88,1018.19
1789445170,3.86485511,3.44019266,23.87,1018.193
1789445180,3.8666578300000003,3.4424186600000004,23.87,1018.19
1789445190,3.86485511,3.4413056600000003,23.88,1018.193
1789445200,3.8666578300000003,3.4424186600000004,23.87,1018.197
1789445210,3.8666578300000003,3.4424186600000004,23.87,1018.19
1789445220,3.86485511,3.4424186600000004,23.87,1018.192
1789445230,3.8666578300000003,3.4424186600000004,23.86,1018.187
1789445240,3.86485511,3.4413056600000003,23.87,1018.186
1789445250,3.86305239,3.4390796600000004,23.87,1018.188
1789445260,3.8612496700000003,3.4379666600000003,23.88,1018.185
1789445270,3.85944695,3.4357406600000004,23.87,1018.185
1789445280,3.86305239,3.4379666600000003,23.88,1018.185
1789445290,3.86305239,3.4390796600000004,23.9,1018.18
1789445300,3.86485511,3.4413056600000003,23.88,1018.174
1789445310,3.86485511,3.4413056600000003,23.88,1018.173
1789445320,3.8666578300000003,3.4424186600000004,23.88,1018.174
1789445330,3.8612496700000003,3.4379666600000003,23.88,1018.174
1789445340,3.86305239,3.4390796600000004,23.87,1018.17
1789445350,3.86305239,3.4379666600000003,23.92,1018.165
1789445360,3.8612496700000003,3.43685366,23.88,1018.166
1789445370,3.86305239,3.44019266,23.88,1018.165
1789445380,3.86305239,3.4379666600000003,23.92,1018.165
1789445390,3.86305239,3.4379666600000003,23.87,1018.164
1789445400,3.86305239,3.4390796600000004,23.88,1018.158
1789445410,3.86305239,3.4390796600000004,23.88,1018.159
1789445420,3.8612496700000003,3.4379666600000003,23.9,1018.15
1789445430,3.86485511,3.4413056600000003,23.88,1018.154
1789445440,3.86305239,3.4390796600000004,23.87,1018.152
1789445450,3.86485511,3.4413056600000003,23.88,1018.154
1789445460,3.8666578300000003,3.4424186600000004,23.92,1018.149
1789445470,3.8666578300000003,3.4424186600000004,23.88,1018.149
1789445480,3.8666578300000003,3.4424186600000004,23.88,1018.148
1789445490,3.86485511,3.44019266,23.88,1018.144
1789445500,3.8612496700000003,3.4379666600000003,23.9,1018.144
1789445510,3.8612496700000003,3.4379666600000003,23.87,1018.151
1789445520,3.86485511,3.44019266,23.88,1018.142
1789445530,3.86485511,3.4413056600000003,23.88,1018.144
1789445540,3.86485511,3.4413056600000003,23.9,1018.145
1789445550,3.86485511,3.44019266,23.9,1018.141
1789445560,3.86485511,3.44019266,23.88,1018.14
1789445570,3.86485511,3.44019266,23.88,1018.138
1789445580,3.8666578300000003,3.4413056600000003,23.92,1018.137
1789445590,3.86305239,3.4390796600000004,23.9,1018.137
1789445600,3.86485511,3.44019266,23.92,1018.137
1789445610,3.86485511,3.4413056600000003,23.88,1018.139
1789445620,3.8666578300000003,3.4424186600000004,23.9,1018.134
1789445630,3.8666578300000003,3.4424186600000004,23.87,1018.134
1789445640,3.86485511,3.4413056600000003,23.86,1018.138
1789445650,3.86485511,3.4413056600000003,23.88,1018.135
1789445660,3.86485511,3.44019266,23.88,1018.129
1789445670,3.8666578300000003,3.4424186600000004,23.87,1018.131
1789445680,3.86305239,3.44019266,23.92,1018.13
1789445690,3.86305239,3.4390796600000004,23.9,1018.132
1789445700,3.86485511,3.4413056600000003,23.92,1018.133
1789445710,3.86305239,3.44019266,23.87,1018.135
1789445720,3.86485511,3.44019266,23.87,1018.133
1789445730,3.8666578300000003,3.4424186600000004,23.88,1018.131
1789445740,3.8666578300000003,3.4424186600000004,23.86,1018.131
1789445750,3.86485511,3.4413056600000003,23.88,1018.128
1789445760,3.86485511,3.4424186600000004,23.87,1018.13
1789445770,3.8666578300000003,3.4435316600000005,23.88,1018.127
1789445780,3.86846055,3.4446446600000002,23.87,1018.125
1789445790,3.8666578300000003,3.4435316600000005,23.88,1018.124
1789445800,3.8666578300000003,3.4435316600000005,23.87,1018.121
1789445810,3.86846055,3.4435316600000005,23.87,1018.121
1789445820,3.8666578300000003,3.4435316600000005,23.88,1018.119
1789445830,3.86485511,3.4413056600000003,23.87,1018.114
1789445840,3.8666578300000003,3.4435316600000005,23.86,1018.114
1789445850,3.8666578300000003,3.4435316600000005,23.87,1018.108
1789445860,3.86305239,3.44019266,23.86,1018.106
1789445870,3.86485511,3.4413056600000003,23.84,1018.109
1789445880,3.8666578300000003,3.4424186600000004,23.87,1018.103
1789445890,3.86485511,3.44019266,23.87,1018.104
1789445900,3.8666578300000003,3.4424186600000004,23.87,1018.103
1789445910,3.8666578300000003,3.4424186600000004,23.87,1018.098
1789445920,3.86305239,3.44019266,23.86,1018.094
1789445930,3.86305239,3.4390796600000004,23.87,1018.086
1789445940,3.8612496700000003,3.4379666600000003,23.86,1018.089
1789445950,3.86305239,3.44019266,23.87,1018.085
1789445960,3.8666578300000003,3.4435316600000005,23.86,1018.082
1789445970,3.86846055,3.4446446600000002,23.88,1018.084
1789445980,3.8666578300000003,3.4435316600000005,23.86,1018.077
1789445990,3.87026327,3.4446446600000002,23.88,1018.072
1789446000,3.8720659900000003,3.4479836600000002,23.84,1018.075
1789446010,3.87026327,3.4457576600000004,23.86,1018.069
1789446020,3.8720659900000003,3.4479836600000002,23.86,1018.068
1789446030,3.8720659900000003,3.4468706600000005,23.84,1018.063
1789446040,3.8720659900000003,3.4468706600000005,23.87,1018.064
1789446050,3.86846055,3.4446446600000002,23.88,1018.057
1789446060,3.86846055,3.4446446600000002,23.87,1018.055
1789446070,3.86846055,3.4435316600000005,23.88,1018.054
1789446080,3.87026327,3.4446446600000002,23.87,1018.053
1789446090,3.87026327,3.4457576600000004,23.87,1018.055
1789446100,3.8720659900000003,3.4457576600000004,23.88,1018.057
1789446110,3.86846055,3.4435316600000005,23.86,1018.049
1789446120,3.86846055,3.4446446600000002,23.87,1018.049
1789446130,3.87026327,3.4446446600000002,23.84,1018.046
1789446140,3.8720659900000003,3.4468706600000005,23.87,1018.049
1789446150,3.8720659900000003,3.4479836600000002,23.86,1018.044
1789446160,3.8666578300000003,3.4435316600000005,23.87,1018.05
1789446170,3.86846055,3.4435316600000005,23.86,1018.049
1789446180,3.86846055,3.4446446600000002,23.87,1018.048
1789446190,3.87026327,3.4457576600000004,23.87,1018.047
1789446200,3.87026327,3.4446446600000002,23.9,1018.048
1789446210,3.86846055,3.4446446600000002,23.86,1018.05
1789446220,3.86846055,3.4435316600000005,23.87,1018.049
1789446230,3.86846055,3.4446446600000002,23.88,1018.047
1789446240,3.8666578300000003,3.4424186600000004,23.88,1018.053
1789446250,3.8666578300000003,3.4413056600000003,23.88,1018.057
1789446260,3.8666578300000003,3.4424186600000004,23.88,1018.054
1789446270,3.87026327,3.4446446600000002,23.86,1018.053
1789446280,3.86846055,3.4446446600000002,23.87,1018.05
1789446290,3.86846055,3.4435316600000005,23.87,1018.052
1789446300,3.8666578300000003,3.4424186600000004,23.87,1018.054
1789446310,3.86305239,3.4390796600000004,23.87,1018.055
1789446320,3.86305239,3.4390796600000004,23.84,1018.053
1789446330,3.8666578300000003,3.4424186600000004,23.86,1018.056
1789446340,3.86485511,3.4413056600000003,23.87,1018.055
1789446350,3.8666578300000003,3.4424186600000004,23.87,1018.055
1789446360,3.86846055,3.4446446600000002,23.88,1018.054
1789446370,3.87026327,3.4468706600000005,23.87,1018.056
1789446380,3.86846055,3.4446446600000002,23.86,1018.055
1789446390,3.86846055,3.4446446600000002,23.87,1018.057
1789446400,3.86485511,3.4413056600000003,23.87,1018.059
1789446410,3.86305239,3.4379666600000003,23.88,1018.06
1789446420,3.86305239,3.44019266,23.87,1018.056
1789446430,3.8666578300000003,3.4435316600000005,23.87,1018.055
1789446440,3.8666578300000003,3.4424186600000004,23.88,1018.058
1789446450,3.8666578300000003,3.4413056600000003,23.87,1018.059
1789446460,3.86485511,3.4413056600000003,23.87,1018.057
1789446470,3.86485511,3.44019266,23.87,1018.057
1789446480,3.86485511,3.4413056600000003,23.86,1018.053
1789446490,3.8666578300000003,3.4413056600000003,23.84,1018.059
1789446500,3.86485511,3.44019266,23.84,1018.054
1789446510,3.86485511,3.44019266,23.84,1018.051
1789446520,3.86485511,3.4413056600000003,23.86,1018.058
1789446530,3.86485511,3.44019266,23.84,1018.051
1789446540,3.8666578300000003,3.4424186600000004,23.86,1018.057
1789446550,3.86485511,3.4413056600000003,23.86,1018.057
1789446560,3.8666578300000003,3.4413056600000003,23.87,1018.056
1789446570,3.86846055,3.4424186600000004,23.84,1018.061
1789446580,3.8666578300000003,3.4413056600000003,23.84,1018.057
1789446590,3.8666578300000003,3.4424186600000004,23.84,1018.057
1789446600,3.87026327,3.4446446600000002,23.84,1018.055
1789446610,3.87026327,3.4446446600000002,23.84,1018.053
1789446620,3.8666578300000003,3.4424186600000004,23.83,1018.054
1789446630,3.86485511,3.4413056600000003,23.81,1018.052
1789446640,3.86485511,3.4413056600000003,23.83,1018.048
1789446650,3.86485511,3.44019266,23.83,1018.051
1789446660,3.86305239,3.4390796600000004,23.81,1018.047
1789446670,3.86305239,3.4379666600000003,23.86,1018.05
1789446680,3.86485511,3.4413056600000003,23.86,1018.051
1789446690,3.86485511,3.4390796600000004,23.83,1018.044
1789446700,3.86485511,3.44019266,23.84,1018.047
1789446710,3.86485511,3.4413056600000003,23.83,1018.042
1789446720,3.8666578300000003,3.4424186600000004,23.84,1018.045
1789446730,3.8666578300000003,3.4424186600000004,23.84,1018.039
1789446740,3.8666578300000003,3.4424186600000004,23.84,1018.036
1789446750,3.86485511,3.44019266,23.84,1018.035
1789446760,3.86485511,3.44019266,23.83,1018.03
1789446770,3.86485511,3.4379666600000003,23.84,1018.04
1789446780,3.8666578300000003,3.4413056600000003,23.83,1018.035
1789446790,3.87026327,3.4446446600000002,23.84,1018.033
1789446800,3.8720659900000003,3.4479836600000002,23.81,1018.032
1789446810,3.87026327,3.4457576600000004,23.83,1018.03
1789446820,3.86846055,3.4435316600000005,23.8,1018.029
1789446830,3.8666578300000003,3.4424186600000004,23.83,1018.023
1789446840,3.8666578300000003,3.4424186600000004,23.86,1018.024
1789446850,3.86485511,3.4413056600000003,23.83,1018.024
1789446860,3.8666578300000003,3.4413056600000003,23.84,1018.028
1789446870,3.86846055,3.4435316600000005,23.81,1018.023
1789446880,3.86485511,3.4413056600000003,23.84,1018.019
1789446890,3.86305239,3.4390796600000004,23.86,1018.02
1789446900,3.86485511,3.44019266,23.84,1018.016
1789446910,3.86846055,3.4435316600000005,23.84,1018.013
1789446920,3.87026327,3.4457576600000004,23.84,1018.012
1789446930,3.87386871,3.4479836600000002,23.86,1018.009
1789446940,3.8720659900000003,3.4479836600000002,23.87,1018.011
1789446950,3.87386871,3.4479836600000002,23.86,1018.005
1789446960,3.87026327,3.4457576600000004,23.84,1018.01
1789446970,3.8720659900000003,3.4468706600000005,23.84,1018.008
1789446980,3.87026327,3.4457576600000004,23.84,1018.005
1789446990,3.87026327,3.4457576600000004,23.84,1018.002
1789447000,3.86846055,3.4435316600000005,23.86,1018.002
1789447010,3.86846055,3.4435316600000005,23.86,1017.999
1789447020,3.86846055,3.4446446600000002,23.84,1017.999
1789447030,3.86846055,3.4435316600000005,23.86,1017.992
1789447040,3.86485511,3.4413056600000003,23.83,1017.988
1789447050,3.86846055,3.4435316600000005,23.84,1017.989
1789447060,3.86846055,3.4446446600000002,23.84,1017.987
1789447070,3.86485511,3.4413056600000003,23.84,1017.985
1789447080,3.86305239,3.4379666600000003,23.84,1017.985
1789447090,3.86305239,3.4390796600000004,23.86,1017.983
1789447100,3.8666578300000003,3.4413056600000003,23.84,1017.98
1789447110,3.86485511,3.4413056600000003,23.84,1017.982
1789447120,3.86485511,3.4413056600000003,23.84,1017.98
1789447130,3.86846055,3.4435316600000005,23.84,1017.981
1789447140,3.86846055,3.4435316600000005,23.84,1017.976
1789447150,3.8666578300000003,3.4424186600000004,23.86,1017.979
1789447160,3.87026327,3.4446446600000002,23.86,1017.978
1789447170,3.8666578300000003,3.4424186600000004,23.84,1017.977
1789447180,3.8666578300000003,3.4424186600000004,23.86,1017.976
1789447190,3.8666578300000003,3.4424186600000004,23.84,1017.977
1789447200,3.86846055,3.4446446600000002,23.87,1017.972
1789447210,3.87026327,3.4446446600000002,23.86,1017.972
1789447220,3.86846055,3.4424186600000004,23.86,1017.966
1789447230,3.8720659900000003,3.4468706600000005,23.86,1017.967
1789447240,3.8720659900000003,3.4457576600000004,23.84,1017.964
1789447250,3.8720659900000003,3.4479836600000002,23.86,1017.965
1789447260,3.87386871,3.4468706600000005,23.87,1017.962
1789447270,3.8720659900000003,3.4457576600000004,23.84,1017.961
1789447280,3.87386871,3.4479836600000002,23.84,1017.957
1789447290,3.87567143,3.4502096600000005,23.87,1017.954
1789447300,3.87386871,3.4479836600000002,23.84,1017.954
1789447310,3.87567143,3.4502096600000005,23.84,1017.954
1789447320,3.87567143,3.4502096600000005,23.87,1017.948
1789447330,3.87567143,3.4490966600000004,23.87,1017.948
1789447340,3.87567143,3.4502096600000005,23.86,1017.947
1789447350,3.8774741500000003,3.45132266,23.86,1017.946
1789447360,3.87567143,3.4490966600000004,23.84,1017.947
1789447370,3.87567143,3.4502096600000005,23.87,1017.943
1789447380,3.87567143,3.4502096600000005,23.87,1017.945
1789447390,3.87386871,3.4490966600000004,23.88,1017.943
1789447400,3.87386871,3.4479836600000002,23.86,1017.947
1789447410,3.8720659900000003,3.4468706600000005,23.86,1017.946
1789447420,3.87026327,3.4457576600000004,23.87,1017.943
1789447430,3.8720659900000003,3.4446446600000002,23.88,1017.949
1789447440,3.8720659900000003,3.4468706600000005,23.88,1017.949
1789447450,3.87386871,3.4490966600000004,23.88,1017.949
1789447460,3.87567143,3.4490966600000004,23.84,1017.942
1789447470,3.87386871,3.4490966600000004,23.87,1017.945
1789447480,3.87567143,3.4502096600000005,23.87,1017.946
1789447490,3.8720659900000003,3.4479836600000002,23.84,1017.946
1789447500,3.87386871,3.4479836600000002,23.87,1017.945
1789447510,3.8720659900000003,3.4468706600000005,23.87,1017.948
1789447520,3.8720659900000003,3.4468706600000005,23.86,1017.946
1789447530,3.86846055,3.4435316600000005,23.87,1017.949
1789447540,3.86846055,3.4435316600000005,23.86,1017.948
1789447550,3.87026327,3.4446446600000002,23.86,1017.954
1789447560,3.86846055,3.4435316600000005,23.84,1017.952
1789447570,3.87026327,3.4446446600000002,23.83,1017.95
1789447580,3.86846055,3.4435316600000005,23.86,1017.954
1789447590,3.8666578300000003,3.4413056600000003,23.87,1017.949
1789447600,3.8666578300000003,3.4413056600000003,23.84,1017.954
1789447610,3.8666578300000003,3.4424186600000004,23.84,1017.955
1789447620,3.8666578300000003,3.4413056600000003,23.86,1017.95
1789447630,3.86846055,3.4424186600000004,23.86,1017.953
1789447640,3.87026327,3.4446446600000002,23.86,1017.953
1789447650,3.87026327,3.4446446600000002,23.83,1017.959
1789447660,3.87386871,3.4479836600000002,23.84,1017.953
1789447670,3.87386871,3.4479836600000002,23.84,1017.957
1789447680,3.8774741500000003,3.4502096600000005,23.87,1017.954
1789447690,3.87927687,3.4524356600000004,23.87,1017.952
1789447700,3.8774741500000003,3.45132266,23.87,1017.951
1789447710,3.8774741500000003,3.45132266,23.83,1017.953
1789447720,3.87567143,3.4502096600000005,23.86,1017.952
1789447730,3.87386871,3.4479836600000002,23.86,1017.952
1789447740,3.87026327,3.4446446600000002,23.86,1017.949
1789447750,3.8666578300000003,3.44019266,23.87,1017.954
1789447760,3.87026327,3.4446446600000002,23.86,1017.949
1789447770,3.87026327,3.4457576600000004,23.84,1017.944
1789447780,3.87386871,3.4468706600000005,23.84,1017.942
1789447790,3.8720659900000003,3.4457576600000004,23.86,1017.943
1789447800,3.87386871,3.4479836600000002,23.84,1017.946
1789447810,3.8720659900000003,3.4468706600000005,23.87,1017.943
1789447820,3.86846055,3.4435316600000005,23.84,1017.936
1789447830,3.86846055,3.4435316600000005,23.86,1017.937
1789447840,3.8720659900000003,3.4457576600000004,23.84,1017.936
1789447850,3.87026327,3.4446446600000002,23.87,1017.941
1789447860,3.87026327,3.4446446600000002,23.86,1017.933
1789447870,3.8720659900000003,3.4468706600000005,23.87,1017.928
1789447880,3.87026327,3.4457576600000004,23.86,1017.928
1789447890,3.87026327,3.4446446600000002,23.86,1017.932
1789447900,3.8720659900000003,3.4457576600000004,23.87,1017.932
1789447910,3.87026327,3.4457576600000004,23.86,1017.935
1789447920,3.87026327,3.4446446600000002,23.87,1017.927
1789447930,3.86846055,3.4435316600000005,23.87,1017.929
1789447940,3.87026327,3.4457576600000004,23.87,1017.926
1789447950,3.86846055,3.4424186600000004,23.86,1017.923
1789447960,3.8720659900000003,3.4457576600000004,23.86,1017.922
1789447970,3.87026327,3.4457576600000004,23.88,1017.923
1789447980,3.86846055,3.4435316600000005,23.86,1017.925
1789447990,3.8666578300000003,3.4413056600000003,23.86,1017.928
1789448000,3.86846055,3.4424186600000004,23.86,1017.927
1789448010,3.87026327,3.4435316600000005,23.86,1017.922
1789448020,3.87026327,3.4446446600000002,23.84,1017.921
1789448030,3.87026327,3.4435316600000005,23.86,1017.917
1789448040,3.87026327,3.4435316600000005,23.83,1017.914
1789448050,3.87386871,3.4468706600000005,23.86,1017.915
1789448060,3.87567143,3.4490966600000004,23.84,1017.913
1789448070,3.8720659900000003,3.4468706600000005,23.84,1017.912
1789448080,3.87386871,3.4479836600000002,23.84,1017.907
1789448090,3.8774741500000003,3.4502096600000005,23.86,1017.912
1789448100,3.88107959,3.4524356600000004,23.87,1017.905
1789448110,3.88107959,3.4524356600000004,23.84,1017.91
1789448120,3.88468503,3.4557746600000003,23.87,1017.914
1789448130,3.8828823100000003,3.4557746600000003,23.86,1017.915
1789448140,3.88468503,3.4568876600000005,23.87,1017.912
1789448150,3.87927687,3.45132266,23.86,1017.906
1789448160,3.8774741500000003,3.45132266,23.84,1017.908
1789448170,3.87927687,3.4524356600000004,23.87,1017.903
1789448180,3.8774741500000003,3.45132266,23.84,1017.907
1789448190,3.87567143,3.4490966600000004,23.86,1017.906
1789448200,3.87567143,3.4490966600000004,23.86,1017.906
1789448210,3.87567143,3.4479836600000002,23.84,1017.905
1789448220,3.87567143,3.4490966600000004,23.84,1017.905
1789448230,3.87927687,3.4524356600000004,23.84,1017.901
1789448240,3.87567143,3.4490966600000004,23.86,1017.9
1789448250,3.8774741500000003,3.4490966600000004,23.86,1017.894
1789448260,3.87927687,3.45132266,23.87,1017.897
1789448270,3.87927687,3.4502096600000005,23.86,1017.894
1789448280,3.87927687,3.45132266,23.83,1017.896
1789448290,3.8774741500000003,3.45132266,23.87,1017.896
1789448300,3.87567143,3.4479836600000002,23.84,1017.894
1789448310,3.87386871,3.4457576600000004,23.86,1017.889
1789448320,3.8720659900000003,3.4457576600000004,23.86,1017.886
1789448330,3.87386871,3.4468706600000005,23.84,1017.889
1789448340,3.87026327,3.4435316600000005,23.84,1017.883
1789448350,3.8720659900000003,3.4446446600000002,23.83,1017.879
1789448360,3.8720659900000003,3.4446446600000002,23.84,1017.881
1789448370,3.8720659900000003,3.4435316600000005,23.83,1017.883
1789448380,3.8720659900000003,3.4457576600000004,23.84,1017.878
1789448390,3.8720659900000003,3.4435316600000005,23.83,1017.876
1789448400,3.87927687,3.4502096600000005,23.83,1017.878
1789448410,3.87927687,3.45132266,23.83,1017.875
1789448420,3.88107959,3.4524356600000004,23.84,1017.875
1789448430,3.87927687,3.4502096600000005,23.83,1017.87
1789448440,3.87927687,3.45132266,23.81,1017.87
1789448450,3.8774741500000003,3.4502096600000005,23.83,1017.866
1789448460,3.87386871,3.4479836600000002,23.81,1017.866
1789448470,3.87567143,3.4490966600000004,23.81,1017.863
1789448480,3.87927687,3.4502096600000005,23.81,1017.869
1789448490,3.8774741500000003,3.4490966600000004,23.81,1017.865
1789448500,3.8774741500000003,3.45132266,23.83,1017.862
1789448510,3.87927687,3.4524356600000004,23.81,1017.864
1789448520,3.88107959,3.4535486600000005,23.83,1017.864
1789448530,3.8828823100000003,3.4535486600000005,23.81,1017.864
1789448540,3.87927687,3.45132266,23.83,1017.867
1789448550,3.88107959,3.4524356600000004,23.83,1017.868
1789448560,3.88107959,3.4524356600000004,23.81,1017.864
1789448570,3.87567143,3.4479836600000002,23.84,1017.862
1789448580,3.87567143,3.4502096600000005,23.81,1017.864
1789448590,3.87567143,3.4490966600000004,23.84,1017.868
1789448600,3.8774741500000003,3.4490966600000004,23.83,1017.861
1789448610,3.8774741500000003,3.4502096600000005,23.84,1017.86
1789448620,3.8774741500000003,3.4502096600000005,23.86,1017.864
1789448630,3.8774741500000003,3.4502096600000005,23.86,1017.861
1789448640,3.88107959,3.4535486600000005,23.84,1017.863
1789448650,3.87927687,3.4524356600000004,23.83,1017.859
1789448660,3.8828823100000003,3.45466166,23.84,1017.86
1789448670,3.8828823100000003,3.45466166,23.86,1017.861
1789448680,3.88107959,3.4524356600000004,23.84,1017.863
1789448690,3.88107959,3.4535486600000005,23.86,1017.864
1789448700,3.88107959,3.4524356600000004,23.84,1017.864
1789448710,3.88107959,3.4535486600000005,23.87,1017.868
1789448720,3.88107959,3.4524356600000004,23.83,1017.865
1789448730,3.88107959,3.4524356600000004,23.84,1017.869
1789448740,3.88107959,3.4535486600000005,23.83,1017.87
1789448750,3.87927687,3.4524356600000004,23.84,1017.867
1789448760,3.88107959,3.45466166,23.84,1017.868
1789448770,3.88107959,3.4535486600000005,23.87,1017.874
1789448780,3.88648775,3.45800066,23.87,1017.875
1789448790,3.8828823100000003,3.4557746600000003,23.87,1017.869
1789448800,3.88648775,3.4568876600000005,23.84,1017.872
1789448810,3.8828823100000003,3.45466166,23.84,1017.869
1789448820,3.88107959,3.4535486600000005,23.87,1017.868
1789448830,3.88468503,3.4557746600000003,23.87,1017.872
1789448840,3.88648775,3.45800066,23.87,1017.869
1789448850,3.88468503,3.4557746600000003,23.88,1017.872
1789448860,3.88468503,3.4568876600000005,23.86,1017.878
1789448870,3.88648775,3.45800066,23.86,1017.878
1789448880,3.88648775,3.45800066,23.86,1017.882
1789448890,3.88468503,3.4568876600000005,23.84,1017.878
1789448900,3.88648775,3.45800066,23.86,1017.879
1789448910,3.8828823100000003,3.4557746600000003,23.87,1017.88
1789448920,3.88107959,3.4535486600000005,23.87,1017.882
1789448930,3.8828823100000003,3.4535486600000005,23.87,1017.883
1789448940,3.88107959,3.4535486600000005,23.87,1017.886
1789448950,3.8828823100000003,3.45466166,23.86,1017.888
1789448960,3.87927687,3.4524356600000004,23.87,1017.889
1789448970,3.87567143,3.4490966600000004,23.86,1017.895
1789448980,3.87567143,3.4479836600000002,23.86,1017.899
1789448990,3.87567143,3.4490966600000004,23.86,1017.902
1789449000,3.8774741500000003,3.4490966600000004,23.87,1017.898
1789449010,3.8774741500000003,3.4502096600000005,23.87,1017.899
1789449020,3.8774741500000003,3.4490966600000004,23.88,1017.905
1789449030,3.8774741500000003,3.45132266,23.86,1017.905
1789449040,3.8774741500000003,3.4502096600000005,23.86,1017.913
1789449050,3.8774741500000003,3.45132266,23.86,1017.912
1789449060,3.87927687,3.45132266,23.86,1017.918
1789449070,3.88107959,3.4535486600000005,23.87,1017.921
1789449080,3.8828823100000003,3.4557746600000003,23.86,1017.919
1789449090,3.88468503,3.4568876600000005,23.84,1017.917
1789449100,3.88468503,3.4568876600000005,23.84,1017.921
1789449110,3.88468503,3.4557746600000003,23.84,1017.92
1789449120,3.8828823100000003,3.45466166,23.86,1017.923
1789449130,3.88468503,3.4557746600000003,23.86,1017.926
1789449140,3.8828823100000003,3.45466166,23.86,1017.927
1789449150,3.8828823100000003,3.4557746600000003,23.87,1017.932
1789449160,3.8828823100000003,3.4557746600000003,23.88,1017.929
1789449170,3.8828823100000003,3.4557746600000003,23.86,1017.93
1789449180,3.88648775,3.4568876600000005,23.86,1017.933
1789449190,3.88648775,3.45800066,23.84,1017.929
1789449200,3.88648775,3.4591136600000003,23.87,1017.931
1789449210,3.8882904700000003,3.4602266600000005,23.87,1017.931
1789449220,3.89189591,3.4635656600000004,23.86,1017.924
1789449230,3.8936986300000003,3.46467866,23.84,1017.929
1789449240,3.89189591,3.4635656600000004,23.83,1017.935
1789449250,3.89189591,3.46133966,23.84,1017.932
1789449260,3.8882904700000003,3.4591136600000003,23.86,1017.94
1789449270,3.88107959,3.4535486600000005,23.83,1017.937
1789449280,3.87927687,3.45132266,23.86,1017.943
1789449290,3.87927687,3.45132266,23.84,1017.941
1789449300,3.88107959,3.4535486600000005,23.84,1017.943
1789449310,3.88468503,3.4568876600000005,23.83,1017.94
1789449320,3.88107959,3.4535486600000005,23.86,1017.941
1789449330,3.88468503,3.4557746600000003,23.84,1017.944
1789449340,3.88468503,3.4568876600000005,23.87,1017.946
1789449350,3.88648775,3.45800066,23.84,1017.942
1789449360,3.8882904700000003,3.4591136600000003,23.84,1017.943
1789449370,3.89009319,3.4602266600000005,23.84,1017.948
1789449380,3.89189591,3.4624526600000003,23.84,1017.942
1789449390,3.8936986300000003,3.46467866,23.86,1017.944
1789449400,3.8936986300000003,3.4657916600000003,23.86,1017.946
1789449410,3.89189591,3.46467866,23.84,1017.947
1789449420,3.89189591,3.4635656600000004,23.87,1017.944
1789449430,3.89009319,3.4624526600000003,23.84,1017.942
1789449440,3.8936986300000003,3.4657916600000003,23.86,1017.943
1789449450,3.89189591,3.4635656600000004,23.84,1017.94
1789449460,3.89550135,3.4657916600000003,23.84,1017.945
1789449470,3.89189591,3.4635656600000004,23.88,1017.943
1789449480,3.89189591,3.4635656600000004,23.87,1017.944
1789449490,3.8882904700000003,3.4602266600000005,23.86,1017.943
1789449500,3.8882904700000003,3.4602266600000005,23.87,1017.941
1789449510,3.89189591,3.4635656600000004,23.84,1017.939
1789449520,3.89550135,3.4657916600000003,23.87,1017.94
1789449530,3.8936986300000003,3.46467866,23.84,1017.935
1789449540,3.89009319,3.46133966,23.86,1017.931
1789449550,3.89189591,3.4635656600000004,23.84,1017.932
1789449560,3.8936986300000003,3.46467866,23.86,1017.932
1789449570,3.8936986300000003,3.46467866,23.84,1017.93
1789449580,3.88648775,3.45800066,23.88,1017.93
1789449590,3.8882904700000003,3.4602266600000005,23.87,1017.927
1789449600,3.88648775,3.45800066,23.86,1017.923
1789449610,3.88648775,3.4591136600000003,23.84,1017.925
1789449620,3.8882904700000003,3.4591136600000003,23.83,1017.927
1789449630,3.8882904700000003,3.4591136600000003,23.86,1017.924
1789449640,3.88468503,3.4568876600000005,23.86,1017.92
1789449650,3.88468503,3.4568876600000005,23.87,1017.919
1789449660,3.88648775,3.45800066,23.87,1017.922
1789449670,3.8936986300000003,3.46467866,23.87,1017.919
1789449680,3.89189591,3.4635656600000004,23.84,1017.916
1789449690,3.89189591,3.4635656600000004,23.87,1017.916
1789449700,3.89009319,3.46133966,23.84,1017.911
1789449710,3.89009319,3.46133966,23.87,1017.91
1789449720,3.89009319,3.46133966,23.86,1017.911
1789449730,3.8936986300000003,3.4635656600000004,23.84,1017.913
1789449740,3.8936986300000003,3.46467866,23.84,1017.909
1789449750,3.89189591,3.4624526600000003,23.86,1017.91
1789449760,3.89009319,3.4602266600000005,23.87,1017.907
1789449770,3.89189591,3.4624526600000003,23.86,1017.905
1789449780,3.8936986300000003,3.46467866,23.88,1017.904
1789449790,3.89009319,3.46133966,23.86,1017.903
1789449800,3.89009319,3.4602266600000005,23.84,1017.901
1789449810,3.89189591,3.4624526600000003,23.84,1017.902
1789449820,3.8936986300000003,3.4635656600000004,23.86,1017.905
1789449830,3.89730407,3.4680176600000006,23.86,1017.904
1789449840,3.89730407,3.4669046600000004,23.86,1017.906
1789449850,3.89550135,3.4657916600000003,23.84,1017.905
1789449860,3.89189591,3.4635656600000004,23.87,1017.901
1789449870,3.89189591,3.4624526600000003,23.87,1017.903
1789449880,3.8882904700000003,3.4602266600000005,23.83,1017.904
1789449890,3.89009319,3.46133966,23.88,1017.907
1789449900,3.89189591,3.4624526600000003,23.86,1017.903
1789449910,3.89189591,3.4624526600000003,23.84,1017.907
1789449920,3.89009319,3.46133966,23.84,1017.908
1789449930,3.8936986300000003,3.46467866,23.84,1017.913
1789449940,3.8936986300000003,3.4635656600000004,23.83,1017.905
1789449950,3.89009319,3.46133966,23.86,1017.911
1789449960,3.89189591,3.4624526600000003,23.86,1017.91
1789449970,3.8882904700000003,3.4591136600000003,23.84,1017.912
1789449980,3.8882904700000003,3.4591136600000003,23.83,1017.913
1789449990,3.88468503,3.4568876600000005,23.84,1017.917
1789450000,3.89189591,3.4624526600000003,23.86,1017.919
1789450010,3.8936986300000003,3.4635656600000004,23.84,1017.921
1789450020,3.8936986300000003,3.46467866,23.84,1017.924
1789450030,3.89730407,3.4669046600000004,23.84,1017.923
1789450040,3.89550135,3.4657916600000003,23.8,1017.928
1789450050,3.89730407,3.4669046600000004,23.86,1017.927
1789450060,3.89550135,3.4657916600000003,23.84,1017.921
1789450070,3.89730407,3.4657916600000003,23.84,1017.928
1789450080,3.89550135,3.46467866,23.83,1017.921
1789450090,3.89730407,3.4657916600000003,23.84,1017.929
1789450100,3.89550135,3.46467866,23.83,1017.923
1789450110,3.89550135,3.46467866,23.83,1017.923
1789450120,3.89550135,3.46467866,23.83,1017.924
1789450130,3.8991067900000003,3.4680176600000006,23.81,1017.925
1789450140,3.8991067900000003,3.4680176600000006,23.81,1017.926
1789450150,3.8936986300000003,3.4635656600000004,23.81,1017.924
1789450160,3.8936986300000003,3.46467866,23.81,1017.93
1789450170,3.89730407,3.4669046600000004,23.83,1017.926
1789450180,3.89550135,3.46467866,23.81,1017.926
1789450190,3.8936986300000003,3.46467866,23.83,1017.925
1789450200,3.89189591,3.4624526600000003,23.81,1017.92
1789450210,3.89009319,3.46133966,23.8,1017.926
1789450220,3.89009319,3.4602266600000005,23.8,1017.915
1789450230,3.88648775,3.45800066,23.83,1017.918
1789450240,3.89009319,3.46133966,23.81,1017.916
1789450250,3.89009319,3.4602266600000005,23.81,1017.914
1789450260,3.89189591,3.4635656600000004,23.83,1017.911
1789450270,3.89730407,3.4680176600000006,23.8,1017.907
1789450280,3.89189591,3.4635656600000004,23.81,1017.913
1789450290,3.8936986300000003,3.46467866,23.81,1017.911
1789450300,3.89730407,3.4680176600000006,23.8,1017.913
1789450310,3.8936986300000003,3.4635656600000004,23.81,1017.909
1789450320,3.8936986300000003,3.4635656600000004,23.8,1017.904
1789450330,3.89550135,3.4669046600000004,23.79,1017.906
1789450340,3.8936986300000003,3.4635656600000004,23.81,1017.898
1789450350,3.89189591,3.4624526600000003,23.8,1017.898
1789450360,3.89550135,3.4657916600000003,23.81,1017.896
1789450370,3.8936986300000003,3.4635656600000004,23.81,1017.893
1789450380,3.89189591,3.46133966,23.79,1017.887
1789450390,3.89189591,3.46133966,23.81,1017.886
1789450400,3.89189591,3.46133966,23.83,1017.887
1789450410,3.88468503,3.4568876600000005,23.81,1017.886
1789450420,3.88648775,3.45800066,23.8,1017.883
1789450430,3.88648775,3.45800066,23.83,1017.886
1789450440,3.88648775,3.45800066,23.86,1017.885
1789450450,3.8882904700000003,3.4591136600000003,23.81,1017.885
1789450460,3.89009319,3.46133966,23.8,1017.888
1789450470,3.89009319,3.46133966,23.8,1017.884
1789450480,3.8936986300000003,3.4635656600000004,23.81,1017.881
1789450490,3.89189591,3.4624526600000003,23.86,1017.881
1789450500,3.8936986300000003,3.4635656600000004,23.86,1017.882
1789450510,3.8936986300000003,3.46467866,23.83,1017.886
1789450520,3.8991067900000003,3.4680176600000006,23.86,1017.881
1789450530,3.8991067900000003,3.4680176600000006,23.84,1017.88
1789450540,3.89730407,3.4657916600000003,23.84,1017.882
1789450550,3.89550135,3.46467866,23.83,1017.88
1789450560,3.89550135,3.4635656600000004,23.8,1017.881
1789450570,3.89550135,3.46467866,23.83,1017.88
1789450580,3.89730407,3.4669046600000004,23.83,1017.88
1789450590,3.89550135,3.4657916600000003,23.83,1017.883
1789450600,3.90271223,3.4702436600000004,23.83,1017.884
1789450610,3.90090951,3.4702436600000004,23.83,1017.882
1789450620,3.8991067900000003,3.4691306600000003,23.79,1017.884
1789450630,3.90090951,3.4691306600000003,23.8,1017.881
1789450640,3.8991067900000003,3.4680176600000006,23.83,1017.883
1789450650,3.8991067900000003,3.4680176600000006,23.83,1017.887
1789450660,3.8991067900000003,3.4680176600000006,23.84,1017.887
1789450670,3.8991067900000003,3.4691306600000003,23.83,1017.891
1789450680,3.90090951,3.4702436600000004,23.81,1017.893
1789450690,3.90090951,3.4702436600000004,23.81,1017.893
1789450700,3.90090951,3.4702436600000004,23.83,1017.895
1789450710,3.90271223,3.4713566600000005,23.83,1017.894
1789450720,3.9045149500000003,3.4735826600000004,23.83,1017.898
1789450730,3.90090951,3.4702436600000004,23.84,1017.904
1789450740,3.90090951,3.4702436600000004,23.81,1017.901
1789450750,3.90090951,3.4713566600000005,23.84,1017.904
1789450760,3.8991067900000003,3.4680176600000006,23.84,1017.901
1789450770,3.8991067900000003,3.4680176600000006,23.83,1017.901
1789450780,3.90271223,3.4724696600000002,23.84,1017.9
1789450790,3.90631767,3.4735826600000004,23.86,1017.903
1789450800,3.9099231100000003,3.4769216600000004,23.84,1017.9
1789450810,3.9099231100000003,3.4780346600000005,23.84,1017.905
1789450820,3.9117258300000004,3.47914766,23.84,1017.906
1789450830,3.9099231100000003,3.4780346600000005,23.83,1017.907
1789450840,3.90812039,3.47580866,23.83,1017.907
1789450850,3.90812039,3.4769216600000004,23.84,1017.906
1789450860,3.90631767,3.4735826600000004,23.84,1017.91
1789450870,3.90812039,3.4769216600000004,23.83,1017.906
1789450880,3.9045149500000003,3.4746956600000005,23.81,1017.908
1789450890,3.90271223,3.4713566600000005,23.86,1017.906
1789450900,3.90271223,3.4713566600000005,23.84,1017.911
1789450910,3.90271223,3.4724696600000002,23.81,1017.908
1789450920,3.90090951,3.4702436600000004,23.83,1017.913
1789450930,3.89730407,3.4669046600000004,23.84,1017.905
1789450940,3.8991067900000003,3.4691306600000003,23.83,1017.914
1789450950,3.89730407,3.4669046600000004,23.81,1017.912
1789450960,3.8936986300000003,3.4635656600000004,23.83,1017.912
1789450970,3.89730407,3.4680176600000006,23.83,1017.914
1789450980,3.8991067900000003,3.4680176600000006,23.83,1017.911
1789450990,3.8991067900000003,3.4691306600000003,23.84,1017.916
1789451000,3.90090951,3.4702436600000004,23.83,1017.912
1789451010,3.8991067900000003,3.4691306600000003,23.81,1017.92
1789451020,3.8991067900000003,3.4691306600000003,23.84,1017.911
1789451030,3.90090951,3.4702436600000004,23.81,1017.916
1789451040,3.90090951,3.4702436600000004,23.84,1017.914
1789451050,3.90271223,3.4713566600000005,23.84,1017.916
1789451060,3.8991067900000003,3.4680176600000006,23.86,1017.917
1789451070,3.89730407,3.4669046600000004,23.83,1017.913
1789451080,3.89730407,3.4669046600000004,23.83,1017.912
1789451090,3.8936986300000003,3.46467866,23.81,1017.913
1789451100,3.8936986300000003,3.4635656600000004,23.83,1017.911
1789451110,3.89009319,3.46133966,23.83,1017.909
1789451120,3.89189591,3.4635656600000004,23.83,1017.91
1789451130,3.89009319,3.46133966,23.83,1017.906
1789451140,3.8882904700000003,3.4591136600000003,23.81,1017.912
1789451150,3.8882904700000003,3.45800066,23.81,1017.905
1789451160,3.89189591,3.4624526600000003,23.84,1017.904
1789451170,3.89009319,3.4602266600000005,23.8,1017.903
1789451180,3.89009319,3.46133966,23.83,1017.906
1789451190,3.8936986300000003,3.46467866,23.81,1017.899
1789451200,3.89730407,3.4669046600000004,23.81,1017.896
1789451210,3.8991067900000003,3.4691306600000003,23.83,1017.896
1789451220,3.89730407,3.4669046600000004,23.8,1017.895
1789451230,3.8991067900000003,3.4691306600000003,23.81,1017.894
1789451240,3.89730407,3.4680176600000006,23.83,1017.894
1789451250,3.89730407,3.4680176600000006,23.81,1017.895
1789451260,3.89730407,3.4669046600000004,23.81,1017.897
1789451270,3.8991067900000003,3.4680176600000006,23.83,1017.893
1789451280,3.8991067900000003,3.4680176600000006,23.84,1017.89
1789451290,3.90090951,3.4702436600000004,23.84,1017.893
1789451300,3.8991067900000003,3.4680176600000006,23.83,1017.89
1789451310,3.89730407,3.4669046600000004,23.81,1017.887
1789451320,3.89730407,3.4669046600000004,23.81,1017.884
1789451330,3.89730407,3.4669046600000004,23.83,1017.885
1789451340,3.89730407,3.4680176600000006,23.83,1017.885
1789451350,3.8991067900000003,3.4680176600000006,23.83,1017.883
1789451360,3.89730407,3.4669046600000004,23.83,1017.883
1789451370,3.8991067900000003,3.4680176600000006,23.83,1017.884
1789451380,3.8991067900000003,3.4691306600000003,23.83,1017.891
1789451390,3.8991067900000003,3.4691306600000003,23.83,1017.882
1789451400,3.8991067900000003,3.4680176600000006,23.84,1017.883
1789451410,3.90090951,3.4691306600000003,23.83,1017.881
1789451420,3.89730407,3.4669046600000004,23.83,1017.879
1789451430,3.90090951,3.4691306600000003,23.84,1017.885
1789451440,3.90090951,3.4691306600000003,23.86,1017.876
1789451450,3.8991067900000003,3.4669046600000004,23.84,1017.875
1789451460,3.89730407,3.4669046600000004,23.83,1017.878
1789451470,3.89730407,3.4669046600000004,23.84,1017.875
1789451480,3.8991067900000003,3.4680176600000006,23.84,1017.874
1789451490,3.90271223,3.4713566600000005,23.83,1017.877
1789451500,3.9045149500000003,3.4746956600000005,23.84,1017.877
1789451510,3.90812039,3.47580866,23.83,1017.878
1789451520,3.9045149500000003,3.4735826600000004,23.83,1017.873
1789451530,3.90271223,3.4713566600000005,23.81,1017.877
1789451540,3.90631767,3.4735826600000004,23.83,1017.877
1789451550,3.9099231100000003,3.4769216600000004,23.83,1017.877
1789451560,3.9099231100000003,3.4769216600000004,23.83,1017.874
1789451570,3.90812039,3.4746956600000005,23.86,1017.879
1789451580,3.90631767,3.4735826600000004,23.8,1017.884
1789451590,3.90631767,3.4735826600000004,23.81,1017.885
1789451600,3.90812039,3.4746956600000005,23.83,1017.88
1789451610,3.90812039,3.47580866,23.83,1017.884
1789451620,3.90812039,3.4746956600000005,23.83,1017.885
1789451630,3.90812039,3.4769216600000004,23.81,1017.888
1789451640,3.9117258300000004,3.47914766,23.81,1017.886
1789451650,3.9099231100000003,3.4780346600000005,23.84,1017.885
1789451660,3.9099231100000003,3.4769216600000004,23.81,1017.86
1789451670,3.90631767,3.4746956600000005,23.83,1017.883
1789451680,3.90631767,3.4735826600000004,23.81,1017.886
1789451690,3.90271223,3.4702436600000004,23.83,1017.887
1789451700,3.90090951,3.4702436600000004,23.84,1017.891
1789451710,3.9045149500000003,3.4724696600000002,23.84,1017.893
1789451720,3.8991067900000003,3.4669046600000004,23.81,1017.895
1789451730,3.8936986300000003,3.4635656600000004,23.81,1017.894
1789451740,3.8936986300000003,3.4635656600000004,23.81,1017.898
1789451750,3.8882904700000003,3.4591136600000003,23.84,1017.898
1789451760,3.8828823100000003,3.45466166,23.81,1017.897
1789451770,3.88107959,3.4535486600000005,23.8,1017.896
1789451780,3.88468503,3.4568876600000005,23.81,1017.899
1789451790,3.88648775,3.45800066,23.8,1017.896
1789451800,3.89009319,3.46133966,23.8,1017.897
1789451810,3.8936986300000003,3.4635656600000004,23.83,1017.898
1789451820,3.89189591,3.4624526600000003,23.79,1017.899
1789451830,3.88468503,3.4568876600000005,23.83,1017.898
1789451840,3.88468503,3.4557746600000003,23.8,1017.9
1789451850,3.88468503,3.4568876600000005,23.79,1017.897
1789451860,3.8828823100000003,3.45466166,23.8,1017.899
1789451870,3.88107959,3.4524356600000004,23.83,1017.902
1789451880,3.88107959,3.4535486600000005,23.8,1017.903
1789451890,3.8828823100000003,3.45466166,23.83,1017.906
1789451900,3.88107959,3.4524356600000004,23.83,1017.904
1789451910,3.88107959,3.4535486600000005,23.83,1017.903
1789451920,3.8774741500000003,3.4502096600000005,23.81,1017.906
1789451930,3.8774741500000003,3.4502096600000005,23.81,1017.911
1789451940,3.88107959,3.4524356600000004,23.83,1017.907
1789451950,3.87927687,3.45132266,23.84,1017.91
1789451960,3.8774741500000003,3.45132266,23.83,1017.91
1789451970,3.87386871,3.4479836600000002,23.86,1017.907
1789451980,3.8774741500000003,3.4502096600000005,23.81,1017.91
1789451990,3.87386871,3.4479836600000002,23.81,1017.908
1789452000,3.86305239,3.4379666600000003,23.81,1017.913
1789452010,3.85764423,3.4324016600000005,23.8,1017.912
1789452020,3.85223607,3.4290626600000005,23.8,1017.915
1789452030,3.85223607,3.42683666,23.77,1017.914
1789452040,3.85223607,3.4257236600000005,23.79,1017.919
1789452050,3.85403879,3.4290626600000005,23.8,1017.926
1789452060,3.85764423,3.4324016600000005,23.79,1017.929
1789452070,3.85944695,3.43351466,23.81,1017.922
1789452080,3.86305239,3.4379666600000003,23.79,1017.928
1789452090,3.8666578300000003,3.44019266,23.79,1017.931
1789452100,3.8720659900000003,3.4457576600000004,23.79,1017.934
1789452110,3.8666578300000003,3.4413056600000003,23.79,1017.925
1789452120,3.86485511,3.4390796600000004,23.8,1017.927
1789452130,3.8612496700000003,3.4357406600000004,23.81,1017.93
1789452140,3.85764423,3.43351466,23.83,1017.932
1789452150,3.85764423,3.43351466,23.8,1017.934
1789452160,3.8612496700000003,3.4357406600000004,23.81,1017.931
1789452170,3.86305239,3.4379666600000003,23.81,1017.932
1789452180,3.8666578300000003,3.44019266,23.83,1017.936
1789452190,3.8666578300000003,3.44019266,23.83,1017.937
1789452200,3.86485511,3.4379666600000003,23.83,1017.937
1789452210,3.86485511,3.4390796600000004,23.86,1017.938
1789452220,3.8612496700000003,3.4357406600000004,23.81,1017.937
1789452230,3.86485511,3.4390796600000004,23.84,1017.936
1789452240,3.86305239,3.4379666600000003,23.86,1017.936
1789452250,3.86305239,3.43685366,23.86,1017.935
1789452260,3.86485511,3.4379666600000003,23.86,1017.936
1789452270,3.8666578300000003,3.4413056600000003,23.84,1017.94
1789452280,3.86846055,3.4413056600000003,23.86,1017.937
1789452290,3.8666578300000003,3.44019266,23.86,1017.934
1789452300,3.8666578300000003,3.44019266,23.84,1017.936
1789452310,3.86846055,3.4413056600000003,23.87,1017.941
1789452320,3.8720659900000003,3.4446446600000002,23.87,1017.94
1789452330,3.8774741500000003,3.4502096600000005,23.87,1017.937
1789452340,3.87927687,3.45132266,23.86,1017.94
1789452350,3.88107959,3.4524356600000004,23.88,1017.937
1789452360,3.8828823100000003,3.45466166,23.87,1017.936
1789452370,3.88468503,3.4557746600000003,23.88,1017.94
1789452380,3.88648775,3.4568876600000005,23.87,1017.937
1789452390,3.88648775,3.4568876600000005,23.87,1017.943
1789452400,3.89009319,3.4602266600000005,23.84,1017.937
1789452410,3.89550135,3.4657916600000003,23.86,1017.94
1789452420,3.89550135,3.4657916600000003,23.84,1017.942
1789452430,3.8991067900000003,3.4691306600000003,23.86,1017.943
1789452440,3.90271223,3.4724696600000002,23.86,1017.946
1789452450,3.90631767,3.4746956600000005,23.86,1017.948
1789452460,3.9099231100000003,3.4780346600000005,23.86,1017.944
1789452470,3.9117258300000004,3.47914766,23.86,1017.945
1789452480,3.90812039,3.4769216600000004,23.84,1017.944
1789452490,3.90812039,3.47580866,23.88,1017.944
1789452500,3.9099231100000003,3.4769216600000004,23.86,1017.942
1789452510,3.9099231100000003,3.4780346600000005,23.88,1017.944
1789452520,3.9117258300000004,3.4802606600000003,23.84,1017.95
1789452530,3.91352855,3.48248666,23.87,1017.951
1789452540,3.91352855,3.4813736600000005,23.86,1017.949
1789452550,3.9153312700000003,3.48248666,23.86,1017.95
1789452560,3.91352855,3.4813736600000005,23.86,1017.952
1789452570,3.9153312700000003,3.4813736600000005,23.88,1017.952
1789452580,3.9153312700000003,3.48248666,23.88,1017.953
1789452590,3.9153312700000003,3.4835996600000003,23.87,1017.949
1789452600,3.91352855,3.4813736600000005,23.87,1017.953
1789452610,3.9153312700000003,3.48248666,23.87,1017.956
1789452620,3.9153312700000003,3.48248666,23.87,1017.959
1789452630,3.9153312700000003,3.48248666,23.88,1017.957
1789452640,3.9153312700000003,3.48248666,23.87,1017.96
1789452650,3.9171339900000004,3.4835996600000003,23.88,1017.961
1789452660,3.91893671,3.4847126600000005,23.88,1017.963
1789452670,3.9171339900000004,3.4835996600000003,23.88,1017.966
1789452680,3.9171339900000004,3.4835996600000003,23.87,1017.967
1789452690,3.9171339900000004,3.4835996600000003,23.9,1017.967
1789452700,3.9171339900000004,3.4847126600000005,23.88,1017.978
1789452710,3.9171339900000004,3.4847126600000005,23.92,1017.972
1789452720,3.9153312700000003,3.4835996600000003,23.9,1017.984
1789452730,3.9153312700000003,3.48248666,23.88,1017.979
1789452740,3.91352855,3.4813736600000005,23.9,1017.983
1789452750,3.9153312700000003,3.4835996600000003,23.9,1017.981
1789452760,3.91352855,3.4813736600000005,23.9,1017.984
1789452770,3.9153312700000003,3.48248666,23.92,1017.988
1789452780,3.91352855,3.4813736600000005,23.92,1017.993
1789452790,3.9117258300000004,3.4802606600000003,23.93,1017.991
1789452800,3.9099231100000003,3.47914766,23.9,1017.991
1789452810,3.9099231100000003,3.4780346600000005,23.93,1017.994
1789452820,3.90812039,3.4769216600000004,23.93,1017.991
1789452830,3.90812039,3.4769216600000004,23.93,1018.0
1789452840,3.90812039,3.4769216600000004,23.93,1017.998
1789452850,3.90631767,3.4769216600000004,23.92,1017.999
1789452860,3.90812039,3.4769216600000004,23.9,1017.995
1789452870,3.9099231100000003,3.47914766,23.9,1017.998
1789452880,3.9099231100000003,3.47914766,23.94,1017.995
1789452890,3.9099231100000003,3.47914766,23.92,1017.995
1789452900,3.9099231100000003,3.47914766,23.94,1018.0
1789452910,3.90812039,3.4769216600000004,23.9,1018.004
1789452920,3.90812039,3.4769216600000004,23.9,1018.006
1789452930,3.9045149500000003,3.4735826600000004,23.92,1018.007
1789452940,3.90271223,3.4713566600000005,23.93,1018.007
1789452950,3.90271223,3.4713566600000005,23.92,1018.01
1789452960,3.89730407,3.4680176600000006,23.93,1018.01
1789452970,3.89730407,3.4680176600000006,23.92,1018.013
1789452980,3.8936986300000003,3.46467866,23.93,1018.015
1789452990,3.8936986300000003,3.4635656600000004,23.93,1018.014
1789453000,3.8936986300000003,3.4635656600000004,23.88,1018.018
1789453010,3.89189591,3.4635656600000004,23.92,1018.016
1789453020,3.89189591,3.4635656600000004,23.93,1018.017
1789453030,3.89009319,3.46133966,23.94,1018.018
1789453040,3.89009319,3.4624526600000003,23.9,1018.024
1789453050,3.89189591,3.46133966,23.92,1018.02
1789453060,3.89189591,3.46133966,23.93,1018.021
1789453070,3.89189591,3.4635656600000004,23.92,1018.025
1789453080,3.89009319,3.46133966,23.9,1018.023
1789453090,3.8882904700000003,3.4602266600000005,23.92,1018.025
1789453100,3.88648775,3.4591136600000003,23.9,1018.026
1789453110,3.88468503,3.4568876600000005,23.93,1018.03
1789453120,3.8828823100000003,3.4557746600000003,23.9,1018.027
1789453130,3.88468503,3.4568876600000005,23.9,1018.031
1789453140,3.8828823100000003,3.45466166,23.93,1018.033
1789453150,3.8828823100000003,3.45466166,23.92,1018.029
1789453160,3.88107959,3.4535486600000005,23.9,1018.027
1789453170,3.87927687,3.4524356600000004,23.92,1018.033
1789453180,3.87927687,3.4535486600000005,23.9,1018.03
1789453190,3.88107959,3.45466166,23.88,1018.03
1789453200,3.87927687,3.45132266,23.87,1018.034
1789453210,3.8774741500000003,3.45132266,23.92,1018.031
1789453220,3.87927687,3.4524356600000004,23.88,1018.031
1789453230,3.8774741500000003,3.45132266,23.88,1018.032
1789453240,3.87386871,3.4479836600000002,23.88,1018.033
1789453250,3.8720659900000003,3.4468706600000005,23.9,1018.028
1789453260,3.87567143,3.4490966600000004,23.9,1018.027
1789453270,3.87567143,3.4502096600000005,23.88,1018.026
1789453280,3.87386871,3.4479836600000002,23.88,1018.032
1789453290,3.87567143,3.4502096600000005,23.88,1018.03
1789453300,3.87386871,3.4468706600000005,23.88,1018.03
1789453310,3.87386871,3.4468706600000005,23.88,1018.034
1789453320,3.87386871,3.4479836600000002,23.88,1018.035
1789453330,3.87567143,3.4479836600000002,23.88,1018.032
1789453340,3.8720659900000003,3.4468706600000005,23.9,1018.032
1789453350,3.87026327,3.4446446600000002,23.92,1018.03
1789453360,3.87026327,3.4446446600000002,23.9,1018.028
1789453370,3.87026327,3.4446446600000002,23.9,1018.032
1789453380,3.87026327,3.4457576600000004,23.92,1018.029
1789453390,3.8720659900000003,3.4468706600000005,23.93,1018.028
1789453400,3.87386871,3.4479836600000002,23.88,1018.024
1789453410,3.87386871,3.4490966600000004,23.92,1018.024
1789453420,3.87386871,3.4490966600000004,23.93,1018.023
1789453430,3.8720659900000003,3.4457576600000004,23.9,1018.018
1789453440,3.8720659900000003,3.4468706600000005,23.9,1018.021
1789453450,3.87386871,3.4479836600000002,23.93,1018.022
1789453460,3.87386871,3.4468706600000005,23.9,1018.022
1789453470,3.87386871,3.4468706600000005,23.93,1018.02
1789453480,3.8720659900000003,3.4457576600000004,23.92,1018.021
1789453490,3.87386871,3.4468706600000005,23.93,1018.018
1789453500,3.87386871,3.4468706600000005,23.93,1018.019
1789453510,3.87567143,3.4490966600000004,23.9,1018.016
1789453520,3.87386871,3.4490966600000004,23.9,1018.019
1789453530,3.87386871,3.4479836600000002,23.92,1018.018
1789453540,3.87386871,3.4490966600000004,23.94,1018.023
1789453550,3.87567143,3.4490966600000004,23.9,1018.023
1789453560,3.87567143,3.4490966600000004,23.93,1018.024
1789453570,3.87567143,3.4490966600000004,23.92,1018.02
1789453580,3.8774741500000003,3.45132266,23.9,1018.02
1789453590,3.87567143,3.4502096600000005,23.93,1018.025
1789453600,3.87927687,3.4524356600000004,23.93,1018.024
1789453610,3.87927687,3.4524356600000004,23.93,1018.029
1789453620,3.87927687,3.45132266,23.94,1018.028
1789453630,3.8774741500000003,3.45132266,23.94,1018.026
1789453640,3.8774741500000003,3.4502096600000005,23.92,1018.028
1789453650,3.87567143,3.4490966600000004,23.96,1018.03
1789453660,3.87567143,3.4490966600000004,23.92,1018.026
1789453670,3.87386871,3.4479836600000002,23.92,1018.029
1789453680,3.87927687,3.45132266,23.92,1018.029
1789453690,3.87927687,3.45132266,23.94,1018.032
1789453700,3.87927687,3.4524356600000004,23.94,1018.031
1789453710,3.87927687,3.45132266,23.93,1018.032
1789453720,3.8774741500000003,3.45132266,23.93,1018.042
1789453730,3.87927687,3.45132266,23.93,1018.041
1789453740,3.88107959,3.4535486600000005,23.92,1018.044
1789453750,3.88107959,3.4535486600000005,23.93,1018.043
1789453760,3.87927687,3.4524356600000004,23.94,1018.04
1789453770,3.87927687,3.4524356600000004,23.94,1018.044
1789453780,3.88107959,3.45466166,23.93,1018.043
1789453790,3.8828823100000003,3.45466166,23.93,1018.044
1789453800,3.88107959,3.4535486600000005,23.94,1018.046
1789453810,3.87927687,3.4524356600000004,23.93,1018.048
1789453820,3.87927687,3.4524356600000004,23.93,1018.049
1789453830,3.8774741500000003,3.45132266,23.94,1018.047
1789453840,3.87927687,3.4524356600000004,23.94,1018.049
1789453850,3.87927687,3.4524356600000004,23.93,1018.051
1789453860,3.88107959,3.45466166,23.93,1018.053
1789453870,3.8828823100000003,3.4557746600000003,23.94,1018.053
1789453880,3.88107959,3.4535486600000005,23.96,1018.048
1789453890,3.88107959,3.4535486600000005,23.93,1018.051
1789453900,3.87927687,3.4535486600000005,23.94,1018.055
1789453910,3.87927687,3.4535486600000005,23.94,1018.058
1789453920,3.87927687,3.4535486600000005,23.94,1018.059
1789453930,3.88107959,3.45466166,23.94,1018.057
1789453940,3.88107959,3.4535486600000005,23.9,1018.061
1789453950,3.88107959,3.4535486600000005,23.94,1018.061
1789453960,3.88107959,3.4557746600000003,23.93,1018.063
1789453970,3.8828823100000003,3.4568876600000005,23.92,1018.058
1789453980,3.88107959,3.4535486600000005,23.94,1018.065
1789453990,3.88107959,3.4535486600000005,23.93,1018.066
1789454000,3.8774741500000003,3.4524356600000004,23.94,1018.066
1789454010,3.87927687,3.4535486600000005,23.92,1018.067
1789454020,3.87927687,3.4535486600000005,23.93,1018.068
1789454030,3.87927687,3.4524356600000004,23.93,1018.07
1789454040,3.8828823100000003,3.4557746600000003,23.93,1018.067
1789454050,3.88468503,3.4568876600000005,23.93,1018.071
1789454060,3.88468503,3.4568876600000005,23.94,1018.066
1789454070,3.88648775,3.45800066,23.93,1018.077
1789454080,3.88648775,3.45800066,23.94,1018.076
1789454090,3.88468503,3.45800066,23.94,1018.072
1789454100,3.8828823100000003,3.4568876600000005,23.92,1018.071
1789454110,3.8828823100000003,3.4557746600000003,23.94,1018.07
1789454120,3.8828823100000003,3.4568876600000005,23.92,1018.074
1789454130,3.88468503,3.4568876600000005,23.92,1018.067
1789454140,3.88468503,3.4568876600000005,23.94,1018.071
1789454150,3.88648775,3.45800066,23.94,1018.077
1789454160,3.88648775,3.4591136600000003,23.94,1018.075
1789454170,3.88648775,3.45800066,23.94,1018.072
1789454180,3.88648775,3.4591136600000003,23.96,1018.074
1789454190,3.88468503,3.4568876600000005,23.94,1018.075
1789454200,3.8828823100000003,3.4568876600000005,23.94,1018.068
1789454210,3.8828823100000003,3.4557746600000003,23.94,1018.076
1789454220,3.88107959,3.4524356600000004,23.96,1018.072
1789454230,3.88107959,3.4535486600000005,23.96,1018.075
1789454240,3.8828823100000003,3.45466166,23.94,1018.08
1789454250,3.87927687,3.4535486600000005,23.97,1018.08
1789454260,3.88107959,3.45466166,23.97,1018.08
1789454270,3.88468503,3.45800066,23.94,1018.084
1789454280,3.88648775,3.4591136600000003,23.94,1018.078
1789454290,3.8882904700000003,3.4591136600000003,23.93,1018.079
1789454300,3.89009319,3.4602266600000005,23.97,1018.086
1789454310,3.89009319,3.4602266600000005,23.94,1018.082
1789454320,3.89189591,3.4624526600000003,23.94,1018.086
1789454330,3.8936986300000003,3.4635656600000004,23.93,1018.088
1789454340,3.89189591,3.4624526600000003,23.94,1018.089
1789454350,3.89189591,3.4635656600000004,23.96,1018.09
1789454360,3.89189591,3.4635656600000004,23.94,1018.086
1789454370,3.89189591,3.4635656600000004,23.97,1018.09
1789454380,3.89189591,3.4635656600000004,23.96,1018.09
1789454390,3.89009319,3.46133966,23.97,1018.091
1789454400,3.8882904700000003,3.4591136600000003,23.96,1018.09
1789454410,3.88648775,3.4568876600000005,23.96,1018.093
1789454420,3.88648775,3.45800066,23.96,1018.086
1789454430,3.88468503,3.45800066,23.94,1018.088
1789454440,3.88648775,3.4591136600000003,23.96,1018.092
1789454450,3.8882904700000003,3.45800066,23.99,1018.091
1789454460,3.8882904700000003,3.4591136600000003,23.97,1018.095
1789454470,3.88648775,3.45800066,23.99,1018.087
1789454480,3.89189591,3.4624526600000003,23.96,1018.087
1789454490,3.89189591,3.4624526600000003,23.94,1018.094
1789454500,3.89189591,3.4624526600000003,23.94,1018.09
1789454510,3.8936986300000003,3.4635656600000004,23.93,1018.083
1789454520,3.8936986300000003,3.46467866,23.96,1018.082
1789454530,3.89189591,3.4624526600000003,23.96,1018.084
1789454540,3.8936986300000003,3.4635656600000004,23.96,1018.08
1789454550,3.89550135,3.46467866,23.97,1018.08
1789454560,3.8936986300000003,3.46467866,23.97,1018.083
1789454570,3.8936986300000003,3.4624526600000003,23.97,1018.079
1789454580,3.89550135,3.4669046600000004,23.96,1018.083
1789454590,3.89730407,3.4680176600000006,23.97,1018.081
1789454600,3.8991067900000003,3.4680176600000006,23.96,1018.079
1789454610,3.89730407,3.4680176600000006,23.96,1018.083
1789454620,3.8991067900000003,3.4691306600000003,23.94,1018.081
1789454630,3.89730407,3.4669046600000004,23.94,1018.081
1789454640,3.89550135,3.4657916600000003,23.96,1018.086
1789454650,3.8936986300000003,3.4635656600000004,23.96,1018.081
1789454660,3.8936986300000003,3.4635656600000004,23.96,1018.077
1789454670,3.8936986300000003,3.4635656600000004,23.93,1018.081
1789454680,3.8936986300000003,3.46467866,23.97,1018.078
1789454690,3.89730407,3.4669046600000004,23.97,1018.088
1789454700,3.89730407,3.4669046600000004,23.96,1018.082
1789454710,3.89730407,3.4669046600000004,23.94,1018.085
1789454720,3.90090951,3.4702436600000004,23.97,1018.088
1789454730,3.89730407,3.4680176600000006,23.94,1018.085
1789454740,3.89550135,3.46467866,23.96,1018.087
1789454750,3.89550135,3.46467866,23.94,1018.086
1789454760,3.89730407,3.4657916600000003,23.96,1018.089
1789454770,3.89730407,3.4669046600000004,23.99,1018.093
1789454780,3.89730407,3.4669046600000004,23.97,1018.093
1789454790,3.89550135,3.4657916600000003,23.96,1018.093
1789454800,3.8936986300000003,3.4635656600000004,23.97,1018.095
1789454810,3.89189591,3.4624526600000003,23.99,1018.096
1789454820,3.8936986300000003,3.4635656600000004,23.99,1018.102
1789454830,3.89550135,3.46467866,23.99,1018.102
1789454840,3.8991067900000003,3.4680176600000006,23.99,1018.109
1789454850,3.8991067900000003,3.4669046600000004,23.99,1018.103
1789454860,3.90090951,3.4691306600000003,23.97,1018.108
1789454870,3.90090951,3.4702436600000004,23.97,1018.111
1789454880,3.89730407,3.4669046600000004,23.97,1018.112
1789454890,3.90090951,3.4691306600000003,23.97,1018.118
1789454900,3.90090951,3.4702436600000004,23.97,1018.116
1789454910,3.90631767,3.4746956600000005,23.94,1018.12
1789454920,3.9045149500000003,3.4735826600000004,23.94,1018.124
1789454930,3.90090951,3.4702436600000004,23.96,1018.124
1789454940,3.90090951,3.4702436600000004,23.96,1018.122
1789454950,3.8991067900000003,3.4680176600000006,23.96,1018.129
1789454960,3.90090951,3.4702436600000004,23.96,1018.126
1789454970,3.90090951,3.4702436600000004,23.97,1018.126
1789454980,3.89730407,3.4669046600000004,23.94,1018.128
1789454990,3.89730407,3.4669046600000004,23.97,1018.129
1789455000,3.8991067900000003,3.4680176600000006,23.97,1018.129
1789455010,3.8991067900000003,3.4680176600000006,24.0,1018.132
1789455020,3.90090951,3.4691306600000003,23.96,1018.131
1789455030,3.90090951,3.4702436600000004,23.99,1018.13
1789455040,3.90271223,3.4713566600000005,23.99,1018.134
1789455050,3.9045149500000003,3.4735826600000004,23.99,1018.136
1789455060,3.9045149500000003,3.4724696600000002,23.97,1018.131
1789455070,3.9045149500000003,3.4735826600000004,23.99,1018.129
1789455080,3.90631767,3.4746956600000005,23.96,1018.129
1789455090,3.9045149500000003,3.4735826600000004,23.99,1018.131
1789455100,3.90631767,3.4735826600000004,23.97,1018.127
1789455110,3.90812039,3.47580866,23.99,1018.127
1789455120,3.90812039,3.47580866,23.97,1018.133
1789455130,3.90631767,3.47580866,23.97,1018.121
1789455140,3.90631767,3.4746956600000005,23.97,1018.119
1789455150,3.90631767,3.47580866,23.96,1018.121
1789455160,3.9045149500000003,3.4735826600000004,24.0,1018.126
1789455170,3.90631767,3.4746956600000005,23.96,1018.122
1789455180,3.90812039,3.47580866,23.97,1018.12
1789455190,3.9099231100000003,3.4769216600000004,24.0,1018.127
1789455200,3.9099231100000003,3.4769216600000004,23.99,1018.119
1789455210,3.9099231100000003,3.47914766,23.99,1018.115
1789455220,3.90812039,3.4780346600000005,24.0,1018.111
1789455230,3.90812039,3.4769216600000004,23.97,1018.108
1789455240,3.90812039,3.4769216600000004,24.01,1018.107
1789455250,3.90631767,3.4769216600000004,24.0,1018.105
1789455260,3.90812039,3.4780346600000005,24.0,1018.108
1789455270,3.90812039,3.4780346600000005,23.99,1018.1
1789455280,3.90631767,3.47580866,24.0,1018.104
1789455290,3.9045149500000003,3.4735826600000004,23.97,1018.1
1789455300,3.90631767,3.4746956600000005,23.99,1018.1
1789455310,3.90631767,3.4746956600000005,23.99,1018.093
1789455320,3.90631767,3.4769216600000004,24.0,1018.091
1789455330,3.90812039,3.4769216600000004,23.97,1018.088
1789455340,3.90631767,3.47580866,23.97,1018.091
1789455350,3.90631767,3.47580866,23.99,1018.088
1789455360,3.90812039,3.4769216600000004,23.99,1018.084
1789455370,3.90631767,3.4769216600000004,24.0,1018.082
1789455380,3.9045149500000003,3.4746956600000005,23.97,1018.085
1789455390,3.9045149500000003,3.4746956600000005,24.0,1018.082
1789455400,3.90271223,3.4724696600000002,23.99,1018.08
1789455410,3.90271223,3.4724696600000002,24.0,1018.083
1789455420,3.90271223,3.4724696600000002,24.0,1018.086
1789455430,3.90090951,3.4713566600000005,23.99,1018.082
1789455440,3.90271223,3.4735826600000004,24.0,1018.082
1789455450,3.90271223,3.4724696600000002,24.0,1018.079
1789455460,3.90271223,3.4724696600000002,24.0,1018.077
1789455470,3.9045149500000003,3.4746956600000005,24.0,1018.076
1789455480,3.90631767,3.4746956600000005,24.01,1018.076
1789455490,3.90631767,3.4746956600000005,24.0,1018.074
1789455500,3.90631767,3.4746956600000005,24.01,1018.075
1789455510,3.90631767,3.4746956600000005,23.99,1018.074
1789455520,3.90812039,3.4746956600000005,24.0,1018.073
1789455530,3.90631767,3.47580866,24.0,1018.068
1789455540,3.90631767,3.47580866,24.0,1018.065
1789455550,3.90812039,3.4769216600000004,24.01,1018.067
1789455560,3.90812039,3.4769216600000004,24.01,1018.065
1789455570,3.90631767,3.4746956600000005,24.01,1018.062
1789455580,3.90812039,3.47580866,24.03,1018.062
1789455590,3.90631767,3.47580866,24.0,1018.059
1789455600,3.90812039,3.4769216600000004,24.03,1018.06
1789455610,3.90812039,3.47580866,24.01,1018.062
1789455620,3.90812039,3.4769216600000004,24.0,1018.058
1789455630,3.90631767,3.4746956600000005,24.01,1018.068
1789455640,3.9045149500000003,3.4735826600000004,24.0,1018.071
1789455650,3.9045149500000003,3.4713566600000005,24.01,1018.066
1789455660,3.90631767,3.47580866,24.01,1018.062
1789455670,3.90812039,3.47580866,24.03,1018.064
1789455680,3.90812039,3.4769216600000004,24.01,1018.066
1789455690,3.90812039,3.4769216600000004,24.06,1018.064
1789455700,3.90812039,3.4769216600000004,24.03,1018.066
1789455710,3.90812039,3.47580866,24.0,1018.065
1789455720,3.90631767,3.47580866,24.03,1018.061
1789455730,3.90631767,3.4746956600000005,24.03,1018.061
1789455740,3.9045149500000003,3.4735826600000004,24.01,1018.058
1789455750,3.9045149500000003,3.4746956600000005,24.03,1018.058
1789455760,3.90631767,3.47580866,24.04,1018.051
1789455770,3.9045149500000003,3.4724696600000002,24.04,1018.049
1789455780,3.90631767,3.4746956600000005,24.04,1018.049
1789455790,3.9045149500000003,3.4724696600000002,24.06,1018.056
1789455800,3.9045149500000003,3.4735826600000004,24.04,1018.042
1789455810,3.90631767,3.4746956600000005,24.0,1018.035
1789455820,3.90631767,3.4746956600000005,24.04,1018.038
1789455830,3.90812039,3.4769216600000004,24.01,1018.034
1789455840,3.90631767,3.4746956600000005,24.01,1018.038
1789455850,3.90812039,3.4769216600000004,24.03,1018.036
1789455860,3.9099231100000003,3.4780346600000005,24.04,1018.034
1789455870,3.90812039,3.4769216600000004,24.03,1018.028
1789455880,3.90812039,3.4769216600000004,24.01,1018.028
1789455890,3.90631767,3.47580866,24.03,1018.025
1789455900,3.90271223,3.4746956600000005,24.01,1018.02
1789455910,3.90631767,3.4769216600000004,24.01,1018.025
1789455920,3.90812039,3.4769216600000004,24.01,1018.022
1789455930,3.90631767,3.4769216600000004,24.0,1018.023
1789455940,3.90631767,3.4769216600000004,23.99,1018.021
1789455950,3.9045149500000003,3.47580866,23.99,1018.02
1789455960,3.9045149500000003,3.4769216600000004,23.99,1018.021
1789455970,3.9045149500000003,3.4780346600000005,24.0,1018.019
1789455980,3.9045149500000003,3.4769216600000004,23.97,1018.014
1789455990,3.9045149500000003,3.4746956600000005,23.99,1018.012
1789456000,3.90090951,3.4735826600000004,23.99,1018.016
1789456010,3.90090951,3.4735826600000004,23.96,1018.016
1789456020,3.90271223,3.4746956600000005,23.97,1018.003
1789456030,3.90271223,3.4746956600000005,23.99,1018.009
1789456040,3.9045149500000003,3.47580866,23.97,1018.006
1789456050,3.9045149500000003,3.4769216600000004,23.99,1018.006
1789456060,3.9045149500000003,3.4769216600000004,23.99,1018.004
1789456070,3.9045149500000003,3.4769216600000004,23.97,1018.001
1789456080,3.90631767,3.47914766,23.99,1018.001
1789456090,3.9045149500000003,3.4780346600000005,23.97,1018.001
1789456100,3.90271223,3.4769216600000004,23.97,1018.001
1789456110,3.90271223,3.47580866,23.97,1018.001
1789456120,3.90271223,3.47580866,23.97,1017.999
1789456130,3.90090951,3.4746956600000005,23.96,1017.998
1789456140,3.8991067900000003,3.4724696600000002,23.97,1018.0
1789456150,3.8936986300000003,3.4680176600000006,23.96,1018.007
1789456160,3.89189591,3.4680176600000006,23.96,1018.0
1789456170,3.8936986300000003,3.4691306600000003,23.97,1017.998
1789456180,3.89730407,3.4702436600000004,23.97,1018.005
1789456190,3.89550135,3.4691306600000003,23.97,1018.003
1789456200,3.89550135,3.4702436600000004,23.99,1018.002
1789456210,3.89550135,3.4702436600000004,24.0,1018.002
1789456220,3.89550135,3.4691306600000003,24.0,1018.003
1789456230,3.8936986300000003,3.4691306600000003,24.01,1017.999
1789456240,3.8936986300000003,3.4680176600000006,24.01,1017.998
1789456250,3.89189591,3.4657916600000003,24.0,1018.002
1789456260,3.89009319,3.4657916600000003,23.99,1018.002
1789456270,3.8882904700000003,3.4635656600000004,23.97,1018.001
1789456280,3.88648775,3.4624526600000003,23.99,1017.998
1789456290,3.8828823100000003,3.45800066,23.97,1018.0
1789456300,3.8774741500000003,3.4535486600000005,23.99,1017.998
1789456310,3.8774741500000003,3.45466166,23.99,1018.002
1789456320,3.8774741500000003,3.4535486600000005,23.97,1018.007
1789456330,3.8774741500000003,3.4535486600000005,24.0,1018.001
1789456340,3.87386871,3.4502096600000005,24.01,1017.999
1789456350,3.87567143,3.4524356600000004,23.99,1017.999
1789456360,3.87927687,3.4557746600000003,24.0,1018.002
1789456370,3.8774741500000003,3.45466166,23.99,1018.0
1789456380,3.8774741500000003,3.45466166,23.97,1017.999
1789456390,3.8774741500000003,3.45466166,23.99,1017.999
1789456400,3.8774741500000003,3.4535486600000005,23.99,1017.997
1789456410,3.8774741500000003,3.4535486600000005,24.01,1018.001
1789456420,3.8774741500000003,3.4535486600000005,24.0,1017.999
1789456430,3.87927687,3.4557746600000003,24.01,1018.001
1789456440,3.8828823100000003,3.4568876600000005,24.0,1017.998
1789456450,3.88468503,3.4591136600000003,23.99,1018.001
1789456460,3.8828823100000003,3.4557746600000003,24.0,1018.004
1789456470,3.88107959,3.4557746600000003,23.99,1018.001
1789456480,3.88107959,3.4557746600000003,24.0,1017.997
1789456490,3.87567143,3.4524356600000004,24.0,1018.0
1789456500,3.8720659900000003,3.4490966600000004,23.97,1017.995
1789456510,3.87026327,3.4468706600000005,24.0,1017.996
1789456520,3.87026327,3.4457576600000004,24.0,1017.992
1789456530,3.87386871,3.4502096600000005,24.0,1017.994
1789456540,3.87386871,3.4490966600000004,24.0,1017.995
1789456550,3.87567143,3.4502096600000005,24.0,1017.996
1789456560,3.87386871,3.4490966600000004,24.01,1017.999
1789456570,3.87567143,3.45132266,24.0,1017.998
1789456580,3.8774741500000003,3.45466166,24.0,1017.994
1789456590,3.87386871,3.4502096600000005,24.01,1017.998
1789456600,3.86846055,3.4457576600000004,24.0,1018.001
1789456610,3.87567143,3.45132266,24.0,1017.997
1789456620,3.8720659900000003,3.4490966600000004,23.99,1017.999
1789456630,3.8720659900000003,3.4490966600000004,24.0,1017.998
1789456640,3.87026327,3.4468706600000005,24.01,1017.999
1789456650,3.8720659900000003,3.4479836600000002,24.01,1017.998
1789456660,3.8720659900000003,3.4479836600000002,24.01,1017.998
1789456670,3.8666578300000003,3.4435316600000005,24.0,1017.995
1789456680,3.8612496700000003,3.4390796600000004,24.01,1018.0
1789456690,3.85944695,3.4390796600000004,24.01,1017.999
1789456700,3.86305239,3.4413056600000003,24.01,1017.995
1789456710,3.85944695,3.4379666600000003,24.0,1017.999
1789456720,3.85764423,3.4357406600000004,24.0,1017.997
1789456730,3.8558415100000003,3.43351466,24.01,1018.006
1789456740,3.85403879,3.4324016600000005,24.01,1017.994
1789456750,3.85403879,3.43351466,24.01,1018.033
1789456760,3.85944695,3.4379666600000003,24.01,1018.01
1789456770,3.85764423,3.43685366,23.99,1018.002
1789456780,3.85944695,3.43685366,24.01,1017.999
1789456790,3.85764423,3.4357406600000004,24.0,1017.997
1789456800,3.8558415100000003,3.4346276600000003,24.0,1017.995
1789456810,3.8558415100000003,3.4357406600000004,24.01,1018.033
1789456820,3.8558415100000003,3.4346276600000003,23.99,1017.992
1789456830,3.85223607,3.4324016600000005,24.0,1017.991
1789456840,3.8558415100000003,3.43351466,24.01,1017.994
1789456850,3.8558415100000003,3.4357406600000004,24.01,1018.056
1789456860,3.86305239,3.4413056600000003,24.0,1018.005
1789456870,3.87386871,3.45132266,24.01,1018.0
1789456880,3.8774741500000003,3.4535486600000005,23.99,1018.003
1789456890,3.88107959,3.45800066,23.97,1018.006
1789456900,3.8774741500000003,3.45466166,23.96,1018.003
1789456910,3.87386871,3.45132266,23.96,1018.008
1789456920,3.8720659900000003,3.4490966600000004,23.93,1018.004
1789456930,3.86846055,3.4457576600000004,23.93,1018.004
1789456940,3.8666578300000003,3.4446446600000002,23.96,1018.006
1789456950,3.8666578300000003,3.4446446600000002,23.96,1018.01
1789456960,3.85944695,3.4390796600000004,23.93,1018.014
1789456970,3.85944695,3.4379666600000003,23.94,1018.016
1789456980,3.8558415100000003,3.43351466,23.96,1018.017
1789456990,3.85223607,3.4312886600000003,23.96,1018.018
1789457000,3.8504333500000003,3.43017566,23.96,1018.014
1789457010,3.84863063,3.4279496600000003,23.97,1018.016
1789457020,3.84322247,3.42349766,23.96,1018.016
1789457030,3.84322247,3.4223846600000005,23.97,1018.017
1789457040,3.8396170300000003,3.4190456600000005,23.99,1018.024
1789457050,3.84141975,3.4212716600000004,24.0,1018.024
1789457060,3.84141975,3.4212716600000004,24.0,1018.025
1789457070,3.8450251900000003,3.4246106600000004,24.0,1018.027
1789457080,3.84863063,3.42683666,24.01,1018.031
1789457090,3.85403879,3.4312886600000003,24.03,1018.033
1789457100,3.84863063,3.42683666,24.03,1018.032
1789457110,3.8450251900000003,3.42349766,24.04,1018.031
1789457120,3.84322247,3.4223846600000005,24.04,1018.037
1789457130,3.84141975,3.4201586600000002,24.06,1018.042
1789457140,3.8396170300000003,3.4190456600000005,24.04,1018.039
1789457150,3.8396170300000003,3.4190456600000005,24.04,1018.046
1789457160,3.84141975,3.4201586600000002,24.06,1018.041
1789457170,3.8396170300000003,3.4190456600000005,24.06,1018.02
1789457180,3.84141975,3.4201586600000002,24.04,1018.041
1789457190,3.84682791,3.42683666,24.06,1018.039
1789457200,3.85403879,3.4324016600000005,24.03,1018.035
1789457210,3.85403879,3.4324016600000005,24.03,1018.039
1789457220,3.85403879,3.4324016600000005,23.99,1018.042
1789457230,3.84863063,3.4290626600000005,24.01,1018.039
1789457240,3.8504333500000003,3.43017566,24.01,1018.037
1789457250,3.84141975,3.4223846600000005,24.01,1018.037
1789457260,3.8396170300000003,3.4201586600000002,24.0,1018.037
1789457270,3.83601159,3.4168196600000003,24.01,1018.036
1789457280,3.83781431,3.4179326600000004,24.0,1018.042
1789457290,3.8396170300000003,3.4179326600000004,24.03,1018.03
1789457300,3.83781431,3.4179326600000004,23.99,1018.029
1789457310,3.83781431,3.4168196600000003,24.03,1018.025
1789457320,3.8396170300000003,3.4201586600000002,24.03,1018.025
1789457330,3.8450251900000003,3.4246106600000004,24.03,1018.021
1789457340,3.84322247,3.4212716600000004,24.03,1018.011
1789457350,3.8396170300000003,3.4190456600000005,24.01,1018.023
1789457360,3.83601159,3.41570666,24.03,1018.02
1789457370,3.83781431,3.4179326600000004,24.04,1018.008
1789457380,3.83601159,3.4168196600000003,24.06,1018.007
1789457390,3.8342088700000003,3.4145936600000004,24.06,1018.011
1789457400,3.83240615,3.4134806600000003,24.06,1018.003
1789457410,3.83240615,3.4134806600000003,24.07,1017.996
1789457420,3.8342088700000003,3.4134806600000003,24.06,1017.998
1789457430,3.83240615,3.4112546600000004,24.07,1017.997
1789457440,3.83240615,3.41236766,24.07,1017.994
1789457450,3.8342088700000003,3.4134806600000003,24.07,1017.993
1789457460,3.8342088700000003,3.4145936600000004,24.07,1017.989
1789457470,3.83601159,3.4145936600000004,24.1,1017.98
1789457480,3.83781431,3.4179326600000004,24.08,1017.988
1789457490,3.83601159,3.4145936600000004,24.07,1017.978
1789457500,3.83240615,3.4112546600000004,24.07,1017.978
1789457510,3.83060343,3.4101416600000003,24.1,1017.977
1789457520,3.83060343,3.40902866,24.08,1017.977
1789457530,3.83060343,3.4101416600000003,24.08,1017.975
1789457540,3.8288007100000003,3.4079156600000005,24.1,1017.975
1789457550,3.83060343,3.4101416600000003,24.1,1017.971
1789457560,3.83060343,3.4101416600000003,24.1,1017.972
1789457570,3.82699799,3.4068026600000003,24.14,1017.98
1789457580,3.82699799,3.4068026600000003,24.11,1017.976
1789457590,3.8288007100000003,3.4079156600000005,24.1,1017.976
1789457600,3.8288007100000003,3.4079156600000005,24.13,1017.974
1789457610,3.83060343,3.40902866,24.11,1017.972
1789457620,3.83060343,3.4112546600000004,24.1,1017.975
1789457630,3.8342088700000003,3.41236766,24.13,1017.964
1789457640,3.83060343,3.4101416600000003,24.14,1017.969
1789457650,3.83060343,3.4101416600000003,24.11,1017.972
1789457660,3.83240615,3.4112546600000004,24.14,1017.977
1789457670,3.83060343,3.40902866,24.1,1017.977
1789457680,3.82519527,3.4045766600000005,24.13,1017.983
1789457690,3.82519527,3.4045766600000005,24.13,1017.976
1789457700,3.82699799,3.4045766600000005,24.11,1017.991
1789457710,3.8233925500000003,3.4034636600000003,24.11,1017.985
1789457720,3.82519527,3.4045766600000005,24.13,1017.986
1789457730,3.8233925500000003,3.40235066,24.13,1017.991
1789457740,3.82519527,3.4045766600000005,24.11,1017.999
1789457750,3.8233925500000003,3.4034636600000003,24.13,1017.993
1789457760,3.8233925500000003,3.4034636600000003,24.14,1017.997
1789457770,3.8233925500000003,3.4034636600000003,24.15,1017.996
1789457780,3.8233925500000003,3.4034636600000003,24.13,1018.0
1789457790,3.8233925500000003,3.40235066,24.14,1017.998
1789457800,3.82158983,3.4012376600000005,24.14,1018.002
1789457810,3.82158983,3.4012376600000005,24.15,1018.002
1789457820,3.81978711,3.39901166,24.13,1018.011
1789457830,3.82158983,3.4001246600000004,24.14,1018.03
1789457840,3.8179843900000003,3.3978986600000005,24.13,1018.005
1789457850,3.81618167,3.3956726600000002,24.15,1018.003
1789457860,3.8179843900000003,3.3978986600000005,24.14,1018.006
1789457870,3.81978711,3.4001246600000004,24.14,1018.01
1789457880,3.82519527,3.40235066,24.14,1018.011
1789457890,3.8233925500000003,3.40235066,24.13,1018.009
1789457900,3.82699799,3.4045766600000005,24.13,1018.035
1789457910,3.82699799,3.4034636600000003,24.13,1018.008
1789457920,3.82519527,3.4045766600000005,24.1,1018.008
1789457930,3.8288007100000003,3.40568966,24.11,1017.996
1789457940,3.8288007100000003,3.40568966,24.14,1017.998
1789457950,3.82519527,3.4034636600000003,24.13,1018.006
1789457960,3.82699799,3.4045766600000005,24.15,1018.003
1789457970,3.8288007100000003,3.4068026600000003,24.13,1018.002
1789457980,3.83060343,3.4079156600000005,24.11,1018.002
1789457990,3.82699799,3.4045766600000005,24.13,1018.001
1789458000,3.8288007100000003,3.4068026600000003,24.11,1017.999
1789458010,3.8288007100000003,3.4068026600000003,24.14,1017.993
1789458020,3.8288007100000003,3.40568966,24.14,1017.996
1789458030,3.82699799,3.4045766600000005,24.15,1017.996
1789458040,3.8288007100000003,3.40568966,24.14,1017.99
1789458050,3.83060343,3.4068026600000003,24.14,1017.988
1789458060,3.83060343,3.40902866,24.15,1017.984
1789458070,3.83601159,3.41236766,24.13,1017.985
1789458080,3.83601159,3.41236766,24.13,1017.983
1789458090,3.83601159,3.4134806600000003,24.11,1017.989
1789458100,3.8342088700000003,3.4112546600000004,24.14,1017.984
1789458110,3.8396170300000003,3.41570666,24.13,1017.986
1789458120,3.84141975,3.4168196600000003,24.11,1017.986
1789458130,3.84322247,3.4190456600000005,24.11,1017.984
1789458140,3.84141975,3.4190456600000005,24.11,1017.983
1789458150,3.84322247,3.4212716600000004,24.1,1017.981
1789458160,3.84141975,3.4179326600000004,24.13,1017.98
1789458170,3.84322247,3.4190456600000005,24.11,1017.981
1789458180,3.84322247,3.4190456600000005,24.1,1017.978
1789458190,3.84322247,3.4190456600000005,24.11,1018.013
1789458200,3.84141975,3.4179326600000004,24.1,1017.973
1789458210,3.84141975,3.4179326600000004,24.11,1017.978
1789458220,3.84322247,3.4190456600000005,24.1,1017.975
1789458230,3.84141975,3.4179326600000004,24.11,1017.976
1789458240,3.84322247,3.4190456600000005,24.14,1017.977
1789458250,3.8450251900000003,3.4201586600000002,24.11,1017.973
1789458260,3.84863063,3.42349766,24.11,1017.975
1789458270,3.84322247,3.4201586600000002,24.13,1017.977
1789458280,3.84141975,3.4179326600000004,24.14,1017.975
1789458290,3.83781431,3.4145936600000004,24.11,1017.978
1789458300,3.8342088700000003,3.41236766,24.11,1017.978
1789458310,3.83240615,3.4112546600000004,24.13,1017.979
1789458320,3.8342088700000003,3.4112546600000004,24.11,1017.979
1789458330,3.83240615,3.4112546600000004,24.1,1017.98
1789458340,3.83240615,3.4101416600000003,24.1,1017.997
1789458350,3.83060343,3.40902866,24.14,1017.975
1789458360,3.83060343,3.40902866,24.11,1017.962
1789458370,3.83240615,3.4112546600000004,24.11,1017.971
1789458380,3.8396170300000003,3.4168196600000003,24.11,1017.975
1789458390,3.83781431,3.4134806600000003,24.1,1017.975
1789458400,3.83601159,3.4134806600000003,24.11,1017.971
1789458410,3.83240615,3.4101416600000003,24.08,1017.972
1789458420,3.8288007100000003,3.4068026600000003,24.1,1017.97
1789458430,3.82699799,3.40568966,24.1,1017.973
1789458440,3.8233925500000003,3.40235066,24.1,1017.973
1789458450,3.8233925500000003,3.4034636600000003,24.11,1017.97
1789458460,3.82158983,3.4012376600000005,24.08,1017.967
1789458470,3.81978711,3.4001246600000004,24.1,1017.969
1789458480,3.81618167,3.3967856600000004,24.1,1017.964
1789458490,3.81437895,3.3956726600000002,24.1,1017.967
1789458500,3.81077351,3.3934466600000004,24.1,1017.967
1789458510,3.8125762300000003,3.3945596600000005,24.08,1017.968
1789458520,3.81077351,3.3923336600000003,24.11,1017.966
1789458530,3.80897079,3.3912206600000006,24.11,1017.965
1789458540,3.80356263,3.3867686600000004,24.08,1017.964
1789458550,3.80356263,3.3856556600000003,24.11,1017.962
1789458560,3.8017599100000004,3.38454266,24.13,1017.967
1789458570,3.79995719,3.3823166600000003,24.11,1017.963
1789458580,3.8017599100000004,3.38454266,24.08,1017.956
1789458590,3.79995719,3.3823166600000003,24.11,1017.962
1789458600,3.8017599100000004,3.38454266,24.1,1017.96
1789458610,3.79995719,3.38454266,24.1,1017.963
1789458620,3.8017599100000004,3.3856556600000003,24.11,1017.955
1789458630,3.8017599100000004,3.38454266,24.14,1017.966
1789458640,3.79995719,3.3834296600000004,24.14,1017.96
1789458650,3.79995719,3.38454266,24.11,1017.955
1789458660,3.79995719,3.3823166600000003,24.1,1017.952
1789458670,3.79995719,3.3834296600000004,24.13,1017.948
1789458680,3.79815447,3.38120366,24.13,1017.947
1789458690,3.79454903,3.3800906600000005,24.11,1017.947
1789458700,3.79274631,3.37786466,24.13,1017.952
1789458710,3.79274631,3.37786466,24.13,1017.948
1789458720,3.7909435900000004,3.3767516600000005,24.14,1017.949
1789458730,3.79274631,3.37786466,24.14,1017.951
1789458740,3.79274631,3.3789776600000003,24.13,1017.949
1789458750,3.79274631,3.37786466,24.13,1017.948
1789458760,3.78914087,3.3756386600000003,24.14,1017.948
1789458770,3.7855354300000004,3.3722996600000004,24.14,1017.943
1789458780,3.7855354300000004,3.3722996600000004,24.13,1017.939
1789458790,3.78733815,3.3734126600000005,24.11,1017.936
1789458800,3.78914087,3.3756386600000003,24.11,1017.931
1789458810,3.7909435900000004,3.37786466,24.13,1017.931
1789458820,3.7909435900000004,3.3767516600000005,24.11,1017.927
1789458830,3.7855354300000004,3.3722996600000004,24.11,1017.93
1789458840,3.78733815,3.37452566,24.08,1017.921
1789458850,3.79274631,3.3789776600000003,24.08,1017.917
1789458860,3.79454903,3.3800906600000005,24.08,1017.921
1789458870,3.79454903,3.3800906600000005,24.07,1017.917
1789458880,3.79454903,3.38120366,24.08,1017.913
1789458890,3.79454903,3.3800906600000005,24.08,1017.91
1789458900,3.79454903,3.3789776600000003,24.07,1017.906
1789458910,3.78914087,3.3756386600000003,24.08,1017.903
1789458920,3.78373271,3.3711866600000002,24.08,1017.9
1789458930,3.7855354300000004,3.3722996600000004,24.1,1017.898
1789458940,3.78192999,3.3700736600000005,24.1,1017.892
1789458950,3.7801272700000004,3.3678476600000002,24.1,1017.89
1789458960,3.7801272700000004,3.3689606600000004,24.08,1017.89
1789458970,3.7783245500000002,3.3656216600000004,24.1,1017.887
1789458980,3.7783245500000002,3.3667346600000005,24.1,1017.879
1789458990,3.7801272700000004,3.3678476600000002,24.1,1017.873
1789459000,3.7801272700000004,3.3678476600000002,24.1,1017.904
1789459010,3.7783245500000002,3.3678476600000002,24.08,1017.87
1789459020,3.78192999,3.3689606600000004,24.08,1017.868
1789459030,3.7801272700000004,3.3678476600000002,24.11,1017.86
1789459040,3.78192999,3.3700736600000005,24.1,1017.862
1789459050,3.78373271,3.3722996600000004,24.1,1017.857
1789459060,3.78192999,3.3711866600000002,24.08,1017.858
1789459070,3.7855354300000004,3.3734126600000005,24.11,1017.86
1789459080,3.7855354300000004,3.3734126600000005,24.1,1017.866
1789459090,3.7855354300000004,3.3734126600000005,24.11,1017.86
1789459100,3.78373271,3.3722996600000004,24.11,1017.858
1789459110,3.78373271,3.3711866600000002,24.14,1017.858
1789459120,3.78373271,3.3711866600000002,24.11,1017.861
1789459130,3.78192999,3.3700736600000005,24.13,1017.857
1789459140,3.78373271,3.3722996600000004,24.14,1017.854
1789459150,3.78192999,3.3689606600000004,24.13,1017.855
1789459160,3.7783245500000002,3.3667346600000005,24.15,1017.855
1789459170,3.7747191100000004,3.36339566,24.14,1017.854
1789459180,3.77111367,3.3589436600000004,24.15,1017.857
1789459190,3.7693109500000004,3.3589436600000004,24.14,1017.857
1789459200,3.7729163900000002,3.3611696600000003,24.15,1017.848
1789459210,3.7729163900000002,3.3611696600000003,24.15,1017.859
1789459220,3.7747191100000004,3.3622826600000004,24.15,1017.85
1789459230,3.7747191100000004,3.3622826600000004,24.15,1017.853
1789459240,3.7729163900000002,3.3622826600000004,24.14,1017.848
1789459250,3.7729163900000002,3.36005666,24.15,1017.849
1789459260,3.7747191100000004,3.3622826600000004,24.14,1017.851
1789459270,3.7729163900000002,3.3611696600000003,24.14,1017.846
1789459280,3.7747191100000004,3.36339566,24.15,1017.848
1789459290,3.7747191100000004,3.36339566,24.17,1017.845
1789459300,3.7729163900000002,3.3622826600000004,24.14,1017.843
1789459310,3.7747191100000004,3.36339566,24.15,1017.846
1789459320,3.77652183,3.36339566,24.17,1017.84
1789459330,3.7783245500000002,3.3656216600000004,24.15,1017.84
1789459340,3.77652183,3.3645086600000003,24.15,1017.841
1789459350,3.7783245500000002,3.3656216600000004,24.14,1017.84
1789459360,3.77652183,3.36339566,24.18,1017.839
1789459370,3.77652183,3.3645086600000003,24.17,1017.835
1789459380,3.78192999,3.3678476600000002,24.17,1017.834
1789459390,3.78373271,3.3700736600000005,24.2,1017.832
1789459400,3.7855354300000004,3.3711866600000002,24.17,1017.836
1789459410,3.7783245500000002,3.3656216600000004,24.18,1017.834
1789459420,3.7747191100000004,3.36339566,24.15,1017.834
1789459430,3.7783245500000002,3.3645086600000003,24.17,1017.823
1789459440,3.78373271,3.3700736600000005,24.17,1017.817
1789459450,3.7855354300000004,3.3722996600000004,24.15,1017.827
1789459460,3.78914087,3.37452566,24.18,1017.832
1789459470,3.7855354300000004,3.3711866600000002,24.18,1017.824
1789459480,3.78733815,3.3711866600000002,24.2,1017.826
1789459490,3.78914087,3.37452566,24.18,1017.816
1789459500,3.79815447,3.3823166600000003,24.2,1017.821
1789459510,3.79995719,3.3823166600000003,24.2,1017.808
1789459520,3.79995719,3.3823166600000003,24.2,1017.818
1789459530,3.79454903,3.3789776600000003,24.2,1017.816
1789459540,3.7963517500000004,3.3800906600000005,24.2,1017.818
1789459550,3.79274631,3.37786466,24.21,1017.821
1789459560,3.79815447,3.38120366,24.18,1017.823
1789459570,3.79815447,3.3823166600000003,24.18,1017.82
1789459580,3.7963517500000004,3.38120366,24.18,1017.817
1789459590,3.8017599100000004,3.3856556600000003,24.2,1017.822
1789459600,3.8017599100000004,3.3856556600000003,24.18,1017.819
1789459610,3.8071680700000003,3.3912206600000006,24.2,1017.817
1789459620,3.8125762300000003,3.3945596600000005,24.21,1017.812
1789459630,3.81437895,3.3956726600000002,24.18,1017.816
1789459640,3.81618167,3.39901166,24.2,1017.811
1789459650,3.81437895,3.3967856600000004,24.2,1017.814
1789459660,3.81978711,3.4001246600000004,24.17,1017.817
1789459670,3.81437895,3.3967856600000004,24.17,1017.813
1789459680,3.81618167,3.3978986600000005,24.18,1017.815
1789459690,3.82158983,3.40235066,24.18,1017.816
1789459700,3.8233925500000003,3.4045766600000005,24.18,1017.823
1789459710,3.81978711,3.4012376600000005,24.18,1017.822
1789459720,3.82158983,3.40235066,24.17,1017.822
1789459730,3.81978711,3.40235066,24.15,1017.823
1789459740,3.8125762300000003,3.3967856600000004,24.17,1017.818
1789459750,3.8179843900000003,3.4012376600000005,24.17,1017.817
1789459760,3.8179843900000003,3.4001246600000004,24.17,1017.854
1789459770,3.81618167,3.4001246600000004,24.15,1017.817
1789459780,3.81618167,3.4001246600000004,24.14,1017.823
1789459790,3.81978711,3.4034636600000003,24.14,1017.824
1789459800,3.82519527,3.4068026600000003,24.13,1017.818
1789459810,3.82519527,3.4079156600000005,24.13,1017.824
1789459820,3.8179843900000003,3.4012376600000005,24.13,1017.819
1789459830,3.81437895,3.3978986600000005,24.13,1017.818
1789459840,3.81618167,3.4001246600000004,24.14,1017.813
1789459850,3.8233925500000003,3.40568966,24.14,1017.815
1789459860,3.83060343,3.4112546600000004,24.14,1017.813
1789459870,3.83060343,3.4112546600000004,24.14,1017.814
1789459880,3.8233925500000003,3.4045766600000005,24.14,1017.815
1789459890,3.8179843900000003,3.4012376600000005,24.11,1017.815
1789459900,3.8233925500000003,3.40568966,24.13,1017.817
1789459910,3.81978711,3.40235066,24.13,1017.811
1789459920,3.81978711,3.4012376600000005,24.14,1017.791
1789459930,3.8233925500000003,3.40568966,24.14,1017.808
1789459940,3.82158983,3.4034636600000003,24.14,1017.807
1789459950,3.8125762300000003,3.3956726600000002,24.13,1017.806
1789459960,3.80536535,3.3889946600000003,24.1,1017.799
1789459970,3.8125762300000003,3.3956726600000002,24.11,1017.799
1789459980,3.8288007100000003,3.4079156600000005,24.13,1017.801
1789459990,3.8342088700000003,3.4134806600000003,24.13,1017.793
1789460000,3.80897079,3.3923336600000003,24.14,1017.798
1789460010,3.79995719,3.38454266,24.11,1017.797
1789460020,3.8071680700000003,3.3923336600000003,24.14,1017.795
1789460030,3.8017599100000004,3.3867686600000004,24.14,1017.801
1789460040,3.8071680700000003,3.3912206600000006,24.13,1017.793
1789460050,3.81978711,3.40235066,24.13,1017.796
1789460060,3.83240615,3.4134806600000003,24.15,1017.794
1789460070,3.81978711,3.40235066,24.15,1017.792
1789460080,3.80897079,3.3934466600000004,24.15,1017.792
1789460090,3.80356263,3.3901076600000004,24.14,1017.792
1789460100,3.81077351,3.3956726600000002,24.15,1017.792
1789460110,3.8233925500000003,3.40568966,24.17,1017.791
1789460120,3.8288007100000003,3.40902866,24.15,1017.797
1789460130,3.81978711,3.40235066,24.14,1017.796
1789460140,3.82519527,3.4079156600000005,24.15,1017.798
1789460150,3.83781431,3.4190456600000005,24.14,1017.793
1789460160,3.84141975,3.4212716600000004,24.14,1017.793
1789460170,3.8396170300000003,3.4201586600000002,24.17,1017.79
1789460180,3.84682791,3.4257236600000005,24.17,1017.79
1789460190,3.8558415100000003,3.4346276600000003,24.2,1017.79
1789460200,3.84682791,3.42683666,24.18,1017.785
1789460210,3.83781431,3.4190456600000005,24.15,1017.784
1789460220,3.83060343,3.41236766,24.18,1017.784
1789460230,3.83601159,3.4179326600000004,24.17,1017.783
1789460240,3.8504333500000003,3.43017566,24.18,1017.779
1789460250,3.85223607,3.4312886600000003,24.17,1017.782
1789460260,3.85403879,3.4324016600000005,24.17,1017.78
1789460270,3.86305239,3.44019266,24.2,1017.778
1789460280,3.8612496700000003,3.4379666600000003,24.17,1017.783
1789460290,3.8558415100000003,3.43351466,24.18,1017.783
1789460300,3.84863063,3.4279496600000003,24.18,1017.784
1789460310,3.84322247,3.42349766,24.17,1017.784
1789460320,3.8288007100000003,3.4112546600000004,24.18,1017.778
1789460330,3.8071680700000003,3.3923336600000003,24.14,1017.784
1789460340,3.81618167,3.4001246600000004,24.17,1017.777
1789460350,3.81437895,3.3978986600000005,24.15,1017.774
1789460360,3.81978711,3.4034636600000003,24.14,1017.772
1789460370,3.81437895,3.39901166,24.18,1017.769
1789460380,3.80897079,3.3945596600000005,24.15,1017.776
1789460390,3.78914087,1.4390186600000001,24.15,1017.808
1789460400,3.79995719,3.38454266,24.17,1017.768
1789460410,3.80536535,3.3901076600000004,24.18,1017.77
1789460420,3.8071680700000003,3.3923336600000003,24.2,1017.767
1789460430,3.81618167,3.4001246600000004,24.21,1017.77
1789460440,3.82519527,3.4079156600000005,24.24,1017.77
1789460450,3.82519527,3.4068026600000003,24.2,1017.77
1789460460,3.82699799,3.4079156600000005,24.24,1017.77
1789460470,3.8342088700000003,3.4145936600000004,24.25,1017.764
1789460480,3.84682791,3.4257236600000005,24.25,1017.765
1789460490,3.85223607,3.43017566,24.24,1017.75
1789460500,3.84863063,3.42683666,24.24,1017.752
1789460510,3.85223607,3.4290626600000005,24.24,1017.752
1789460520,3.85223607,3.43017566,24.25,1017.749
1789460530,3.8504333500000003,3.4290626600000005,24.24,1017.743
1789460540,3.8558415100000003,3.43351466,24.24,1017.748
1789460550,3.8558415100000003,3.43351466,24.24,1017.749
1789460560,3.8504333500000003,3.43017566,24.23,1017.752
1789460570,3.85764423,3.4346276600000003,24.23,1017.75
1789460580,3.8612496700000003,3.4390796600000004,24.25,1017.746
1789460590,3.86485511,3.4413056600000003,24.24,1017.75
1789460600,3.86485511,3.44019266,24.27,1017.746
1789460610,3.86305239,3.44019266,24.25,1017.755
1789460620,3.8612496700000003,3.4379666600000003,24.24,1017.751
1789460630,3.86485511,3.4413056600000003,24.23,1017.748
1789460640,3.8666578300000003,3.4424186600000004,24.25,1017.749
1789460650,3.8666578300000003,3.4424186600000004,24.25,1017.749
1789460660,3.8666578300000003,3.4424186600000004,24.27,1017.749
1789460670,3.8666578300000003,3.4413056600000003,24.25,1017.748
1789460680,3.8666578300000003,3.4435316600000005,24.28,1017.749
1789460690,3.86846055,3.4435316600000005,24.27,1017.752
1789460700,3.87026327,3.4457576600000004,24.27,1017.75
1789460710,3.87026327,3.4446446600000002,24.28,1017.754
1789460720,3.8666578300000003,3.4424186600000004,24.3,1017.751
1789460730,3.86305239,3.4390796600000004,24.3,1017.751
1789460740,3.85764423,3.43351466,24.27,1017.748
1789460750,3.85764423,3.4357406600000004,24.28,1017.756
1789460760,3.85764423,3.4357406600000004,24.27,1017.753
1789460770,3.85403879,3.4324016600000005,24.3,1017.754
1789460780,3.84682791,3.4246106600000004,24.31,1017.751
1789460790,3.8396170300000003,3.4179326600000004,24.31,1017.75
1789460800,3.81978711,3.3767516600000005,24.3,1017.748
1789460810,3.8125762300000003,3.38120366,24.28,1017.746
1789460820,3.8071680700000003,3.4145936600000004,24.27,1017.743
1789460830,3.80536535,3.3889946600000003,24.3,1017.744
1789460840,3.80536535,3.3912206600000006,24.3,1017.739
1789460850,3.81077351,3.3945596600000005,24.27,1017.738
1789460860,3.81978711,3.40235066,24.28,1017.728
1789460870,3.82158983,3.4045766600000005,24.27,1017.729
1789460880,3.82699799,3.4079156600000005,24.28,1017.731
1789460890,3.81618167,3.39901166,24.25,1017.725
1789460900,3.82519527,3.4068026600000003,24.25,1017.72
1789460910,3.8288007100000003,3.4101416600000003,24.27,1017.719
1789460920,3.83240615,3.41236766,24.27,1017.712
1789460930,3.84322247,3.4212716600000004,24.27,1017.707
1789460940,3.85223607,3.43017566,24.27,1017.698
1789460950,3.86485511,3.4413056600000003,24.24,1017.694
1789460960,3.8666578300000003,3.4424186600000004,24.28,1017.691
1789460970,3.86485511,3.4413056600000003,24.27,1017.68
1789460980,3.86305239,3.44019266,24.28,1017.682
1789460990,3.8612496700000003,3.4390796600000004,24.28,1017.678
1789461000,3.8612496700000003,3.4390796600000004,24.28,1017.671
1789461010,3.8612496700000003,3.4379666600000003,24.3,1017.669
1789461020,3.86305239,3.4390796600000004,24.28,1017.662
1789461030,3.86485511,3.4413056600000003,24.28,1017.662
1789461040,3.85944695,3.4357406600000004,24.3,1017.655
1789461050,3.8558415100000003,3.43351466,24.31,1017.654
1789461060,3.85403879,3.4312886600000003,24.32,1017.654
1789461070,3.85764423,3.43351466,24.35,1017.654
1789461080,3.8612496700000003,3.43685366,24.34,1017.649
1789461090,3.8612496700000003,3.4379666600000003,24.32,1017.647
1789461100,3.86305239,3.4390796600000004,24.34,1017.645
1789461110,3.85944695,3.43685366,24.32,1017.641
1789461120,3.85944695,3.43685366,24.32,1017.665
1789461130,3.8666578300000003,3.4413056600000003,24.34,1017.641
1789461140,3.8666578300000003,3.4424186600000004,24.31,1017.64
1789461150,3.86485511,3.4413056600000003,24.34,1017.638
1789461160,3.86305239,3.44019266,24.3,1017.64
1789461170,3.86485511,3.44019266,24.32,1017.637
1789461180,3.86305239,3.4390796600000004,24.34,1017.638
1789461190,3.86305239,3.4390796600000004,24.34,1017.642
1789461200,3.8612496700000003,3.4379666600000003,24.34,1017.642
1789461210,3.8612496700000003,3.4390796600000004,24.31,1017.64
1789461220,3.86305239,3.4413056600000003,24.28,1017.636
1789461230,3.86305239,3.44019266,24.31,1017.627
1789461240,3.85223607,3.4312886600000003,24.31,1017.626
1789461250,3.84863063,3.4279496600000003,24.32,1017.622
1789461260,3.85223607,3.4312886600000003,24.32,1017.617
1789461270,3.85944695,3.4357406600000004,24.32,1017.619
1789461280,3.85944695,3.43685366,24.32,1017.613
1789461290,3.85403879,3.4324016600000005,24.32,1017.61
1789461300,3.85223607,3.4290626600000005,24.35,1017.607
1789461310,3.84322247,3.4223846600000005,24.32,1017.605
1789461320,3.83781431,3.4168196600000003,24.36,1017.603
1789461330,3.83781431,3.41570666,24.35,1017.604
1789461340,3.8396170300000003,3.4168196600000003,24.34,1017.606
1789461350,3.83240615,3.4112546600000004,24.36,1017.608
1789461360,3.82158983,3.40235066,24.35,1017.605
1789461370,3.81077351,3.3912206600000006,24.34,1017.6
1789461380,3.79454903,3.3789776600000003,24.38,1017.601
1789461390,3.7801272700000004,3.3667346600000005,24.36,1017.592
1789461400,3.7747191100000004,3.36005666,24.36,1017.597
1789461410,3.78373271,3.3689606600000004,24.38,1017.584
1789461420,3.79454903,3.3789776600000003,24.36,1017.584
1789461430,3.80356263,3.3867686600000004,24.35,1017.584
1789461440,3.80897079,3.3912206600000006,24.35,1017.584
1789461450,3.81077351,3.3945596600000005,24.35,1017.581
1789461460,3.80897079,3.3912206600000006,24.35,1017.583
1789461470,3.80897079,3.3912206600000006,24.36,1017.573
1789461480,3.8125762300000003,3.3945596600000005,24.36,1017.577
1789461490,3.81978711,3.40235066,24.36,1017.57
1789461500,3.8233925500000003,3.4045766600000005,24.39,1017.569
1789461510,3.82519527,3.4068026600000003,24.36,1017.568
1789461520,3.8179843900000003,3.39901166,24.39,1017.563
1789461530,3.8179843900000003,3.39901166,24.39,1017.562
1789461540,3.80536535,3.3433616600000002,24.39,1017.566
1789461550,3.79995719,3.3366836600000003,24.41,1017.561
1789461560,3.79815447,3.3823166600000003,24.39,1017.561
1789461570,3.79815447,3.3823166600000003,24.42,1017.558
1789461580,3.79274631,3.3789776600000003,24.44,1017.56
1789461590,3.79995719,3.38454266,24.42,1017.556
1789461600,3.8071680700000003,3.3912206600000006,24.44,1017.556
1789461610,3.8125762300000003,3.3945596600000005,24.45,1017.555
1789461620,3.8179843900000003,3.4001246600000004,24.44,1017.584
1789461630,3.8233925500000003,3.4045766600000005,24.45,1017.557
1789461640,3.8288007100000003,3.40902866,24.47,1017.551
1789461650,3.82158983,3.40235066,24.47,1017.554
1789461660,3.8125762300000003,3.3945596600000005,24.45,1017.553
1789461670,3.81978711,3.40235066,24.45,1017.555
1789461680,3.82519527,3.40568966,24.45,1017.554
1789461690,3.82519527,3.4068026600000003,24.44,1017.551
1789461700,3.8179843900000003,3.4001246600000004,24.39,1017.554
1789461710,3.81978711,3.40235066,24.42,1017.553
1789461720,3.8233925500000003,3.4045766600000005,24.44,1017.547
1789461730,3.81978711,3.4012376600000005,24.42,1017.546
1789461740,3.8071680700000003,3.3923336600000003,24.44,1017.543
1789461750,3.8017599100000004,3.3856556600000003,24.44,1017.534
1789461760,3.7909435900000004,3.3767516600000005,24.44,1017.536
1789461770,3.7909435900000004,3.3767516600000005,24.44,1017.531
1789461780,3.78373271,3.3700736600000005,24.47,1017.53
1789461790,3.78373271,3.3689606600000004,24.44,1017.535
1789461800,3.79454903,3.37786466,24.47,1017.52
1789461810,3.7963517500000004,3.38120366,24.47,1017.518
1789461820,3.79454903,3.3800906600000005,24.48,1017.522
1789461830,3.7963517500000004,3.3800906600000005,24.48,1017.516
1789461840,3.79454903,3.3789776600000003,24.48,1017.507
1789461850,3.78373271,3.3700736600000005,24.51,1017.504
1789461860,3.78373271,3.3700736600000005,24.5,1017.504
1789461870,3.77652183,3.3645086600000003,24.5,1017.502
1789461880,3.7855354300000004,3.3711866600000002,24.48,1017.499
1789461890,3.78733815,3.3722996600000004,24.5,1017.497
1789461900,3.79454903,3.37786466,24.51,1017.497
1789461910,3.79454903,3.3789776600000003,24.51,1017.493
1789461920,3.80897079,3.3923336600000003,24.48,1017.486
1789461930,3.8233925500000003,3.4034636600000003,24.5,1017.484
1789461940,3.84322247,3.4223846600000005,24.5,1017.479
1789461950,3.8450251900000003,3.4246106600000004,24.5,1017.48
1789461960,3.84322247,3.4223846600000005,24.45,1017.466
1789461970,3.84141975,3.4201586600000002,24.44,1017.472
1789461980,3.8450251900000003,3.4246106600000004,24.48,1017.463
1789461990,3.8396170300000003,3.4190456600000005,24.45,1017.454
1789462000,3.83601159,3.41570666,24.47,1017.457
1789462010,3.82699799,3.4079156600000005,24.45,1017.454
1789462020,3.8125762300000003,3.3956726600000002,24.47,1017.45
1789462030,3.8071680700000003,3.3901076600000004,24.48,1017.445
1789462040,3.79815447,3.3834296600000004,24.44,1017.439
1789462050,3.7909435900000004,3.3767516600000005,24.48,1017.44
1789462060,3.7783245500000002,3.3656216600000004,24.47,1017.445
1789462070,3.7729163900000002,3.36005666,24.44,1017.436
1789462080,3.7639027900000004,3.3522656600000005,24.45,1017.425
1789462090,3.76029735,3.3489266600000005,24.45,1017.435
1789462100,3.7675082300000002,3.3556046600000005,24.44,1017.436
1789462110,3.7693109500000004,3.3589436600000004,24.45,1017.433
1789462120,3.7693109500000004,3.3578306600000003,24.45,1017.43
1789462130,3.76570551,3.3544916600000003,24.44,1017.429
1789462140,3.7584946300000004,3.3489266600000005,24.42,1017.427
1789462150,3.74948103,3.3400226600000003,24.44,1017.428
1789462160,3.74767831,3.3389096600000006,24.48,1017.429
1789462170,3.7458755900000003,3.33557066,24.45,1017.429
1789462180,3.74227015,3.3333446600000003,24.45,1017.477
1789462190,3.76029735,3.35003966,24.48,1017.42
1789462200,3.79454903,3.3789776600000003,24.45,1017.422
1789462210,3.80897079,3.3923336600000003,24.45,1017.415
1789462220,3.8125762300000003,3.3956726600000002,24.44,1017.421
1789462230,3.7963517500000004,3.38120366,24.47,1017.421
1789462240,3.78373271,3.3700736600000005,24.44,1017.42
1789462250,3.7747191100000004,3.3622826600000004,24.42,1017.417
1789462260,3.77652183,3.3645086600000003,24.42,1017.416
1789462270,3.7729163900000002,3.3622826600000004,24.39,1017.419
1789462280,3.7693109500000004,3.3589436600000004,24.39,1017.419
1789462290,3.7639027900000004,3.35337866,24.39,1017.419
1789462300,3.7566919100000002,3.34670066,24.41,1017.419
1789462310,3.76029735,3.3489266600000005,24.39,1017.418
1789462320,3.7675082300000002,3.3556046600000005,24.39,1017.423
1789462330,3.76570551,3.3544916600000003,24.41,1017.426
1789462340,3.7639027900000004,3.3522656600000005,24.41,1017.425
1789462350,3.7675082300000002,3.3556046600000005,24.42,1017.423
1789462360,3.77111367,3.36005666,24.41,1017.426
1789462370,3.76570551,3.3544916600000003,24.41,1017.427
1789462380,3.7584946300000004,3.3489266600000005,24.41,1017.427
1789462390,3.7530864700000004,3.3433616600000002,24.41,1017.429
1789462400,3.75488919,3.3444746600000004,24.39,1017.436
1789462410,3.7584946300000004,3.3489266600000005,24.41,1017.431
1789462420,3.76029735,3.35003966,24.41,1017.437
1789462430,3.7584946300000004,3.3489266600000005,24.42,1017.435
1789462440,3.7566919100000002,3.3478136600000004,24.41,1017.439
1789462450,3.7584946300000004,3.3489266600000005,24.42,1017.437
1789462460,3.7639027900000004,3.35337866,24.38,1017.441
1789462470,3.76570551,3.3556046600000005,24.39,1017.441
1789462480,3.7621000700000002,3.3511526600000003,24.39,1017.437
1789462490,3.7621000700000002,3.3511526600000003,24.39,1017.439
1789462500,3.7639027900000004,3.35337866,24.42,1017.439
1789462510,3.7584946300000004,3.3489266600000005,24.41,1017.438
1789462520,3.75488919,3.3455876600000005,24.39,1017.438
1789462530,3.7530864700000004,3.3444746600000004,24.44,1017.437
1789462540,3.7512837500000002,3.3433616600000002,24.42,1017.44
1789462550,3.7530864700000004,3.3433616600000002,24.44,1017.436
1789462560,3.74948103,3.3411356600000004,24.42,1017.419
1789462570,3.7512837500000002,3.3422486600000005,24.42,1017.441
1789462580,3.74948103,3.3400226600000003,24.44,1017.439
1789462590,3.74767831,3.3400226600000003,24.42,1017.442
1789462600,3.7458755900000003,3.3377966600000004,24.44,1017.436
1789462610,3.74227015,3.3344576600000004,24.45,1017.435
1789462620,3.74767831,3.3400226600000003,24.44,1017.438
1789462630,3.7512837500000002,3.3422486600000005,24.44,1017.431
1789462640,3.7584946300000004,3.3489266600000005,24.47,1017.427
1789462650,3.75488919,3.3444746600000004,24.5,1017.422
1789462660,3.7512837500000002,3.3422486600000005,24.48,1017.422
1789462670,3.74767831,3.3377966600000004,24.48,1017.42
1789462680,3.74948103,3.3389096600000006,24.45,1017.42
1789462690,3.7512837500000002,3.3411356600000004,24.48,1017.411
1789462700,3.74767831,3.3389096600000006,24.5,1017.408
1789462710,3.7530864700000004,3.3433616600000002,24.47,1017.404
1789462720,3.7566919100000002,3.3478136600000004,24.48,1017.402
1789462730,3.76570551,3.3556046600000005,24.45,1017.402
1789462740,3.77652183,3.3645086600000003,24.47,1017.403
1789462750,3.77652183,3.3645086600000003,24.42,1017.394
1789462760,3.7801272700000004,3.3678476600000002,24.44,1017.393
1789462770,3.7855354300000004,3.3722996600000004,24.45,1017.382
1789462780,3.78192999,3.3700736600000005,24.44,1017.386
1789462790,3.7747191100000004,3.36339566,24.45,1017.376
1789462800,3.7693109500000004,3.3589436600000004,24.47,1017.376
1789462810,3.76029735,3.3511526600000003,24.45,1017.368
1789462820,3.75488919,3.3455876600000005,24.45,1017.366
1789462830,3.74767831,3.3389096600000006,24.45,1017.362
1789462840,3.74407287,3.33557066,24.44,1017.358
1789462850,3.7404674300000003,3.33223166,24.47,1017.358
1789462860,3.74227015,3.3344576600000004,24.45,1017.358
1789462870,3.7458755900000003,3.3377966600000004,24.44,1017.352
1789462880,3.74767831,3.3400226600000003,24.44,1017.347
1789462890,3.7512837500000002,3.3422486600000005,24.44,1017.348
1789462900,3.7512837500000002,3.3433616600000002,24.45,1017.341
1789462910,3.7530864700000004,3.3444746600000004,24.44,1017.34
1789462920,3.7512837500000002,3.3422486600000005,24.44,1017.339
1789462930,3.74948103,3.3411356600000004,24.42,1017.331
1789462940,3.7458755900000003,3.3389096600000006,24.44,1017.328
1789462950,3.74407287,3.3366836600000003,24.44,1017.326
1789462960,3.74227015,3.33557066,24.41,1017.326
1789462970,3.74227015,3.3344576600000004,24.42,1017.324
1789462980,3.7404674300000003,3.3333446600000003,24.42,1017.32
1789462990,3.73686199,3.3300056600000003,24.41,1017.319
1789463000,3.73686199,3.3300056600000003,24.42,1017.31
1789463010,3.7458755900000003,3.3366836600000003,24.42,1017.319
1789463020,3.75488919,3.3455876600000005,24.44,1017.305
1789463030,3.7621000700000002,3.3522656600000005,24.42,1017.304
1789463040,3.7584946300000004,3.3489266600000005,24.44,1017.304
1789463050,3.75488919,3.3444746600000004,24.39,1017.3
1789463060,3.74767831,3.3389096600000006,24.41,1017.299
1789463070,3.74767831,3.3400226600000003,24.42,1017.297
1789463080,3.74407287,3.3366836600000003,24.44,1017.329
1789463090,3.74407287,3.33557066,24.41,1017.297
1789463100,3.7458755900000003,3.3389096600000006,24.42,1017.297
1789463110,3.76029735,3.3511526600000003,24.41,1017.304
1789463120,3.7566919100000002,3.3478136600000004,24.39,1017.291
1789463130,3.7639027900000004,3.35337866,24.39,1017.295
1789463140,3.7584946300000004,3.3489266600000005,24.39,1017.275
1789463150,3.75488919,3.3444746600000004,24.39,1017.326
1789463160,3.7566919100000002,3.34670066,24.39,1017.312
1789463170,3.7639027900000004,3.3544916600000003,24.36,1017.306
1789463180,3.7783245500000002,3.3667346600000005,24.36,1017.309
1789463190,3.78914087,3.37452566,24.36,1017.308
1789463200,3.78914087,3.3767516600000005,24.35,1017.31
1789463210,3.78733815,3.37452566,24.35,1017.307
1789463220,3.7801272700000004,3.3678476600000002,24.35,1017.313
1789463230,3.7729163900000002,3.3611696600000003,24.35,1017.309
1789463240,3.76029735,3.3511526600000003,24.38,1017.306
1789463250,3.75488919,3.34670066,24.36,1017.307
1789463260,3.7512837500000002,3.3433616600000002,24.36,1017.308
1789463270,3.75488919,3.3455876600000005,24.36,1017.304
1789463280,3.74948103,3.3411356600000004,24.36,1017.303
1789463290,3.74948103,3.3411356600000004,24.41,1017.298
1789463300,3.74407287,3.33557066,24.38,1017.301
1789463310,3.7296511100000003,3.3233276600000003,24.39,1017.304
1789463320,3.7350592700000003,3.3277796600000005,24.42,1017.303
1789463330,3.7350592700000003,3.3266666600000003,24.42,1017.3
1789463340,3.72604567,3.3188756600000002,24.39,1017.294
1789463350,3.72063751,3.3133106600000004,24.42,1017.298
1789463360,3.7188347900000003,3.31108466,24.42,1017.295
1789463370,3.72244023,3.3155366600000002,24.42,1017.293
1789463380,3.72063751,3.3144236600000005,24.42,1017.292
1789463390,3.7242429500000003,3.3166496600000004,24.42,1017.288
1789463400,3.72244023,3.3155366600000002,24.42,1017.29
1789463410,3.72784839,3.3199886600000004,24.42,1017.284
1789463420,3.72784839,3.3199886600000004,24.47,1017.286
1789463430,3.72063751,3.3144236600000005,24.47,1017.283
1789463440,3.72604567,3.3188756600000002,24.48,1017.287
1789463450,3.7296511100000003,3.32221466,24.48,1017.279
1789463460,3.7296511100000003,3.32221466,24.48,1017.275
1789463470,3.72784839,3.3199886600000004,24.48,1017.274
1789463480,3.7296511100000003,3.32221466,24.5,1017.27
1789463490,3.72784839,3.3199886600000004,24.53,1017.272
1789463500,3.72784839,3.3211016600000005,24.51,1017.263
1789463510,3.72604567,3.3188756600000002,24.48,1017.264
1789463520,3.72063751,3.3144236600000005,24.51,1017.27
1789463530,3.72244023,3.3166496600000004,24.54,1017.263
1789463540,3.73686199,3.3277796600000005,24.5,1017.263
1789463550,3.7350592700000003,3.3277796600000005,24.53,1017.264
1789463560,3.7639027900000004,3.3522656600000005,24.5,1017.265
1789463570,3.78914087,3.3734126600000005,24.5,1017.264
1789463580,3.7963517500000004,3.3800906600000005,24.48,1017.257
1789463590,3.79815447,3.3823166600000003,24.51,1017.259
1789463600,3.78373271,3.3689606600000004,24.48,1017.26
1789463610,3.7639027900000004,3.3522656600000005,24.48,1017.256
1789463620,3.7566919100000002,3.3455876600000005,24.47,1017.26
1789463630,3.73866471,3.32889266,24.51,1017.259
1789463640,3.73866471,3.3300056600000003,24.5,1017.256
1789463650,3.75488919,3.3444746600000004,24.48,1017.257
1789463660,3.7512837500000002,3.3422486600000005,24.48,1017.253
1789463670,3.7530864700000004,3.3422486600000005,24.51,1017.257
1789463680,3.74948103,3.3389096600000006,24.5,1017.261
1789463690,3.74767831,3.3377966600000004,24.51,1017.258
1789463700,3.7566919100000002,3.3455876600000005,24.51,1017.259
1789463710,3.74407287,3.33223166,24.5,1017.257
1789463720,3.7458755900000003,3.3366836600000003,24.51,1017.261
1789463730,3.7512837500000002,3.3389096600000006,24.51,1017.263
1789463740,3.7512837500000002,3.3400226600000003,24.53,1017.259
1789463750,3.7566919100000002,3.3455876600000005,24.5,1017.254
1789463760,3.7675082300000002,3.3556046600000005,24.51,1017.254
1789463770,3.7693109500000004,3.35671766,24.5,1017.255
1789463780,3.77111367,3.3578306600000003,24.47,1017.251
1789463790,3.7584946300000004,3.34670066,24.51,1017.252
1789463800,3.7404674300000003,3.3300056600000003,24.5,1017.251
1789463810,3.7296511100000003,3.3211016600000005,24.5,1017.251
1789463820,3.7188347900000003,3.3121976600000003,24.5,1017.252
1789463830,3.71522935,3.30774566,24.51,1017.252
1789463840,3.7134266300000003,3.3066326600000004,24.48,1017.252
1789463850,3.7188347900000003,3.31108466,24.5,1017.252
1789463860,3.73686199,3.3277796600000005,24.47,1017.257
1789463870,3.74948103,3.3400226600000003,24.47,1017.248
1789463880,3.7512837500000002,3.3411356600000004,24.51,1017.251
1789463890,3.7458755900000003,3.33557066,24.48,1017.252
1789463900,3.74767831,3.3377966600000004,24.45,1017.255
1789463910,3.7566919100000002,3.3455876600000005,24.47,1017.252
1789463920,3.7584946300000004,3.34670066,24.44,1017.256
1789463930,3.7404674300000003,3.33223166,24.5,1017.256
1789463940,3.7350592700000003,3.32555366,24.47,1017.25
1789463950,3.7296511100000003,3.3211016600000005,24.48,1017.243
1789463960,3.72244023,3.3155366600000002,24.51,1017.245
1789463970,3.72244023,3.3155366600000002,24.48,1017.278
1789463980,3.7242429500000003,3.3166496600000004,24.48,1017.233
1789463990,3.72063751,3.3144236600000005,24.5,1017.238
1789464000,3.7134266300000003,3.10184066,24.5,1017.233
1789464010,3.70621575,3.0895976600000004,24.5,1017.237
1789464020,3.70621575,3.08848466,24.54,1017.233
1789464030,3.70621575,3.0862586600000004,24.54,1017.236
1789464040,3.71522935,3.1007276600000004,24.5,1017.233
1789464050,3.71522935,3.0996146600000003,24.5,1017.233
1789464060,3.71703207,3.1040666600000004,24.51,1017.232
1789464070,3.7134266300000003,3.10517966,24.5,1017.236
1789464080,3.71703207,3.1029536600000003,24.5,1017.228
1789464090,3.71703207,3.1040666600000004,24.53,1017.229
1789464100,3.71522935,3.0996146600000003,24.53,1017.229
1789464110,3.7188347900000003,3.1007276600000004,24.5,1017.231
1789464120,3.72604567,3.13300466,24.51,1017.284
1789464130,3.72063751,3.1029536600000003,24.51,1017.224
1789464140,3.72063751,3.10517966,24.53,1017.231
1789464150,3.72063751,3.1040666600000004,24.54,1017.231
1789464160,3.72063751,3.1029536600000003,24.51,1017.228
1789464170,3.72784839,3.1074056600000004,24.54,1017.23
1789464180,3.73866471,3.1241006600000003,24.55,1017.239
1789464190,3.71522935,3.1062926600000003,24.55,1017.236
1789464200,3.71162391,3.1007276600000004,24.53,1017.24
1789464210,3.70982119,3.0973886600000005,24.51,1017.239
1789464220,3.71162391,3.09850166,24.48,1017.24
1789464230,3.71522935,3.1040666600000004,24.5,1017.241
1789464240,3.7188347900000003,3.1062926600000003,24.47,1017.239
1789464250,3.71522935,3.10184066,24.47,1017.238
1789464260,3.71703207,3.0996146600000003,24.47,1017.24
1789464270,3.7134266300000003,3.0996146600000003,24.47,1017.241
1789464280,3.70982119,3.0929366600000003,24.48,1017.241
1789464290,3.7188347900000003,3.10517966,24.47,1017.235
1789464300,3.7350592700000003,3.11964866,24.47,1017.242
1789464310,3.74407287,3.1218746600000005,24.45,1017.243
1789464320,3.7404674300000003,3.1207616600000003,24.47,1017.238
1789464330,3.73325655,3.1185356600000005,24.47,1017.249
1789464340,3.7296511100000003,3.1129706600000002,24.48,1017.24
1789464350,3.7242429500000003,3.1096316600000002,24.5,1017.242
1789464360,3.73145383,3.1118576600000005,24.51,1017.24
1789464370,3.72244023,3.1029536600000003,24.51,1017.244
1789464380,3.70441303,3.09182366,24.53,1017.239
1789464390,3.69539943,3.0873716600000005,24.53,1017.246
1789464400,3.69539943,3.0818066600000003,24.54,1017.235
1789464410,3.69359671,3.07735466,24.53,1017.243
1789464420,3.6863858300000003,3.0695636600000005,24.53,1017.24
1789464430,3.6863858300000003,3.0628856600000005,24.55,1017.233
1789464440,3.68278039,3.0606596600000002,24.55,1017.226
1789464450,3.6809776700000003,3.0595466600000005,24.57,1017.231
1789464460,3.67917495,3.0573206600000002,24.57,1017.227
1789464470,3.67917495,3.0628856600000005,24.59,1017.24
1789464480,3.68458311,3.0695636600000005,24.59,1017.245
1789464490,3.68999127,3.08848466,24.59,1017.299
1789464500,3.68458311,3.0628856600000005,24.58,1017.238
1789464510,3.6863858300000003,3.0606596600000002,24.61,1017.238
1789464520,3.68818855,3.07067666,24.59,1017.239
1789464530,3.6917939900000003,3.0651116600000003,24.62,1017.225
1789464540,3.68458311,3.0595466600000005,24.59,1017.23
1789464550,3.68278039,3.0651116600000003,24.57,1017.227
1789464560,3.6809776700000003,3.0606596600000002,24.57,1017.224
1789464570,3.68999127,3.0651116600000003,24.55,1017.231
1789464580,3.6917939900000003,3.07067666,24.57,1017.228
1789464590,3.6917939900000003,3.0895976600000004,24.55,1017.282
1789464600,3.69359671,3.07067666,24.53,1017.227
1789464610,3.7080184700000003,3.0795806600000004,24.58,1017.23
1789464620,3.7188347900000003,3.09516266,24.58,1017.245
1789464630,3.73145383,3.1062926600000003,24.57,1017.239
1789464640,3.7242429500000003,3.0996146600000003,24.57,1017.24
1789464650,3.72063751,3.0962756600000003,24.57,1017.241
1789464660,3.71522935,3.0940496600000005,24.54,1017.243
1789464670,3.7026103100000003,3.0795806600000004,24.55,1017.244
1789464680,3.6972021500000003,3.0751286600000003,24.55,1017.245
1789464690,3.69359671,3.0717896600000003,24.58,1017.25
1789464700,3.68999127,3.07067666,24.58,1017.249
1789464710,3.68999127,3.06733766,24.57,1017.247
1789464720,3.68999127,3.0684506600000003,24.58,1017.246
1789464730,3.68278039,3.0628856600000005,24.59,1017.248
1789464740,3.68818855,3.0662246600000005,24.61,1017.245
1789464750,3.68999127,3.07067666,24.58,1017.246
1789464760,3.6863858300000003,3.0684506600000003,24.59,1017.249
1789464770,3.69359671,3.0729026600000005,24.61,1017.253
1789464780,3.68458311,3.0662246600000005,24.59,1017.253
1789464790,3.68278039,3.0584336600000004,24.61,1017.252
1789464800,3.68458311,3.0617726600000004,24.61,1017.248
1789464810,3.68278039,3.0595466600000005,24.62,1017.245
1789464820,3.69359671,3.0595466600000005,24.61,1017.26
1789464830,3.68999127,3.0617726600000004,24.62,1017.246
1789464840,3.6809776700000003,3.0539816600000003,24.64,1017.245
1789464850,3.68278039,3.2788076600000005,24.64,1017.243
1789464860,3.67196407,3.26990366,24.61,1017.245
1789464870,3.66835863,3.2654516600000005,24.64,1017.241
1789464880,3.67196407,3.26990366,24.61,1017.239
1789464890,3.67917495,3.2754686600000005,24.59,1017.244
1789464900,3.6809776700000003,3.27658166,24.62,1017.245
1789464910,3.68278039,3.2788076600000005,24.58,1017.237
1789464920,3.68818855,3.28325966,24.61,1017.236
1789464930,3.68999127,3.2843726600000003,24.62,1017.239
1789464940,3.68999127,3.2854856600000004,24.62,1017.237
1789464950,3.67917495,3.27658166,24.61,1017.235
1789464960,3.67376679,3.2710166600000004,24.59,1017.24
1789464970,3.66835863,3.2665646600000002,24.61,1017.238
1789464980,3.66835863,3.2665646600000002,24.58,1017.234
1789464990,3.67376679,3.2710166600000004,24.59,1017.231
1789465000,3.67737223,3.2387396600000002,24.59,1017.236
1789465010,3.6755695100000003,3.2721296600000005,24.58,1017.238
1789465020,3.67376679,3.2710166600000004,24.58,1017.231
1789465030,3.67376679,3.2710166600000004,24.61,1017.237
1789465040,3.67196407,3.26990366,24.59,1017.235
1789465050,3.6755695100000003,3.27324266,24.57,1017.226
1789465060,3.68278039,3.27992066,24.58,1017.217
1789465070,3.68818855,3.2854856600000004,24.57,1017.214
1789465080,3.68999127,3.28659866,24.55,1017.213
1789465090,3.6917939900000003,3.2888246600000004,24.55,1017.217
1789465100,3.69359671,3.2899376600000005,24.53,1017.215
1789465110,3.68999127,3.28659866,24.51,1017.209
1789465120,3.68818855,3.2854856600000004,24.53,1017.213
1789465130,3.68458311,3.2821466600000004,24.53,1017.213
1789465140,3.68458311,3.2821466600000004,24.53,1017.22
1789465150,3.68278039,3.27992066,24.51,1017.215
1789465160,3.67737223,3.2743556600000003,24.51,1017.212
1789465170,3.67737223,3.2743556600000003,24.51,1017.209
1789465180,3.67196407,3.2710166600000004,24.54,1017.205
1789465190,3.66655591,3.2654516600000005,24.51,1017.202
1789465200,3.66655591,3.2665646600000002,24.51,1017.195
1789465210,3.66835863,3.2665646600000002,24.54,1017.192
1789465220,3.67376679,3.2721296600000005,24.54,1017.222
1789465230,3.67196407,3.2710166600000004,24.51,1017.264
1789465240,3.6701613500000003,3.2687906600000005,24.53,1017.199
1789465250,3.66655591,3.2665646600000002,24.53,1017.212
1789465260,3.6701613500000003,3.26990366,24.54,1017.192
1789465270,3.66835863,3.2676776600000004,24.53,1017.186
1789465280,3.6701613500000003,3.26990366,24.54,1017.193
1789465290,3.6701613500000003,3.26990366,24.53,1017.223
1789465300,3.66835863,3.2676776600000004,24.5,1017.197
1789465310,3.6647531900000003,3.2643386600000004,24.53,1017.201
1789465320,3.66655591,3.2665646600000002,24.54,1017.212
1789465330,3.67196407,3.2721296600000005,24.53,1017.165
1789465340,3.69359671,3.2910506600000002,24.51,1017.184
1789465350,3.69539943,3.2932766600000005,24.51,1017.181
1789465360,3.7080184700000003,3.3032936600000005,24.53,1017.187
1789465370,3.73325655,3.32555366,24.51,1017.185
1789465380,3.73686199,3.32889266,24.5,1017.179
1789465390,3.72063751,3.3155366600000002,24.48,1017.173
1789465400,3.7242429500000003,3.3188756600000002,24.45,1017.165
1789465410,3.73145383,3.32555366,24.47,1017.17
1789465420,3.7350592700000003,3.3277796600000005,24.47,1017.17
1789465430,3.74767831,3.3389096600000006,24.42,1017.166
1789465440,3.74407287,3.33557066,24.44,1017.172
1789465450,3.73686199,3.32889266,24.48,1017.165
1789465460,3.7242429500000003,3.3166496600000004,24.45,1017.162
1789465470,3.72604567,3.3188756600000002,24.5,1017.163
1789465480,3.7134266300000003,3.3066326600000004,24.5,1017.162
1789465490,3.70621575,3.30106766,24.5,1017.23
1789465500,3.7080184700000003,3.3032936600000005,24.51,1017.159
1789465510,3.73866471,3.3311186600000005,24.51,1017.161
1789465520,3.7801272700000004,3.3667346600000005,24.5,1017.159
1789465530,3.77111367,3.3578306600000003,24.48,1017.149
1789465540,3.7530864700000004,3.3433616600000002,24.5,1017.15
1789465550,3.7296511100000003,3.32221466,24.48,1017.15
1789465560,3.72604567,3.3199886600000004,24.5,1017.146
1789465570,3.7080184700000003,3.3021806600000003,24.48,1017.145
1789465580,3.69539943,3.2921636600000004,24.53,1017.144
1789465590,3.6917939900000003,3.2899376600000005,24.48,1017.146
1789465600,3.6917939900000003,3.2888246600000004,24.5,1017.141
1789465610,3.70621575,3.30106766,24.5,1017.142
1789465620,3.71703207,3.3099716600000004,24.47,1017.142
1789465630,3.7026103100000003,3.2966156600000005,24.53,1017.141
1789465640,3.68999127,3.2854856600000004,24.51,1017.137
1789465650,3.68458311,3.2810336600000003,24.54,1017.139
1789465660,3.6863858300000003,3.2821466600000004,24.54,1017.143
1789465670,3.69359671,3.2899376600000005,24.51,1017.142
1789465680,3.7080184700000003,3.3021806600000003,24.54,1017.147
1789465690,3.71703207,3.3099716600000004,24.57,1017.142
1789465700,3.7242429500000003,3.3155366600000002,24.53,1017.137
1789465710,3.7350592700000003,3.32555366,24.57,1017.143
1789465720,3.7584946300000004,3.3444746600000004,24.57,1017.141
1789465730,3.7747191100000004,3.36005666,24.58,1017.137
1789465740,3.7783245500000002,3.36339566,24.58,1017.138
1789465750,3.78914087,3.3711866600000002,24.55,1017.139
1789465760,3.79815447,3.38120366,24.57,1017.137
1789465770,3.80897079,3.3901076600000004,24.58,1017.13
1789465780,3.78914087,3.3722996600000004,24.57,1017.134
1789465790,3.77111367,3.35671766,24.57,1017.132
1789465800,3.7530864700000004,3.3400226600000003,24.54,1017.131
1789465810,3.7566919100000002,3.3422486600000005,24.57,1017.137
1789465820,3.73145383,3.3199886600000004,24.58,1017.134
1789465830,3.7404674300000003,3.32889266,24.55,1017.129
1789465840,3.73325655,3.3211016600000005,24.57,1017.132
1789465850,3.7458755900000003,3.3311186600000005,24.55,1017.132
1789465860,3.72604567,3.3144236600000005,24.54,1017.137
1789465870,3.72784839,3.3155366600000002,24.55,1017.141
1789465880,3.73686199,3.3244406600000005,24.53,1017.141
1789465890,3.7566919100000002,3.3422486600000005,24.51,1017.135
1789465900,3.7729163900000002,3.35671766,24.53,1017.139
1789465910,3.77652183,3.36005666,24.54,1017.141
1789465920,3.7801272700000004,3.36339566,24.54,1017.14
1789465930,3.7729163900000002,3.35671766,24.55,1017.136
1789465940,3.7639027900000004,3.34670066,24.57,1017.141
1789465950,3.78192999,3.3645086600000003,24.57,1017.134
1789465960,3.7801272700000004,3.3622826600000004,24.58,1017.136
1789465970,3.7747191100000004,3.3589436600000004,24.57,1017.133
1789465980,3.7747191100000004,3.3578306600000003,24.58,1017.136
1789465990,3.7693109500000004,3.3522656600000005,24.57,1017.135
1789466000,3.7675082300000002,3.3511526600000003,24.55,1017.14
1789466010,3.77652183,3.36005666,24.55,1017.139
1789466020,3.75488919,3.3389096600000006,24.55,1017.135
1789466030,3.7621000700000002,3.34670066,24.57,1017.142
1789466040,3.7693109500000004,3.3522656600000005,24.57,1017.133
1789466050,3.7729163900000002,3.3556046600000005,24.55,1017.128
1789466060,3.77111367,3.3556046600000005,24.58,1017.132
1789466070,3.77652183,3.3589436600000004,24.55,1017.13
1789466080,3.7693109500000004,3.3522656600000005,24.55,1017.121
1789466090,3.7512837500000002,3.3377966600000004,24.59,1017.117
1789466100,3.7621000700000002,3.3478136600000004,24.57,1017.116
1789466110,3.77652183,3.36005666,24.58,1017.116
1789466120,3.7675082300000002,3.3511526600000003,24.55,1017.112
1789466130,3.7584946300000004,3.3455876600000005,24.57,1017.118
1789466140,3.7584946300000004,3.3455876600000005,24.55,1017.116
1789466150,3.7783245500000002,3.3622826600000004,24.53,1017.113
1789466160,3.78192999,3.3667346600000005,24.55,1017.115
1789466170,3.75488919,3.3422486600000005,24.57,1017.113
1789466180,3.7350592700000003,3.3244406600000005,24.53,1017.108
1789466190,3.72604567,3.3133106600000004,24.55,1017.104
1789466200,3.73686199,3.3244406600000005,24.54,1017.109
1789466210,3.7512837500000002,3.3366836600000003,24.53,1017.107
1789466220,3.7584946300000004,3.3422486600000005,24.53,1017.102
1789466230,3.7729163900000002,3.3556046600000005,24.54,1017.096
1789466240,3.77111367,3.35337866,24.53,1017.093
1789466250,3.7855354300000004,3.3667346600000005,24.53,1017.092
1789466260,3.7855354300000004,3.3667346600000005,24.54,1017.094
1789466270,3.79274631,3.37452566,24.53,1017.097
1789466280,3.79454903,3.3756386600000003,24.57,1017.101
1789466290,3.79995719,3.3789776600000003,24.54,1017.091
1789466300,3.81618167,3.3945596600000005,24.53,1017.077
1789466310,3.82699799,3.40235066,24.54,1017.081
1789466320,3.83240615,3.4079156600000005,24.55,1017.086
1789466330,3.82699799,3.4045766600000005,24.55,1017.069
1789466340,3.82519527,3.40235066,24.54,1017.072
1789466350,3.82699799,3.4034636600000003,24.54,1017.067
1789466360,3.82519527,3.40235066,24.54,1017.064
1789466370,3.8179843900000003,3.3956726600000002,24.54,1017.061
1789466380,3.82158983,3.39901166,24.54,1017.064
1789466390,3.83060343,3.40568966,24.53,1017.058
1789466400,3.8288007100000003,3.40568966,24.54,1017.052
1789466410,3.83240615,3.4079156600000005,24.54,1017.053
1789466420,3.83601159,3.4112546600000004,24.53,1017.046
1789466430,3.8288007100000003,3.4045766600000005,24.54,1017.047
1789466440,3.83240615,3.4068026600000003,24.54,1017.044
1789466450,3.8396170300000003,3.4145936600000004,24.51,1017.041
1789466460,3.8342088700000003,3.40902866,24.53,1017.035
1789466470,3.83601159,3.4101416600000003,24.55,1017.039
1789466480,3.8396170300000003,3.4145936600000004,24.54,1017.033
1789466490,3.83240615,3.40568966,24.55,1017.031
1789466500,3.83240615,3.4079156600000005,24.54,1017.029
1789466510,3.84322247,3.4168196600000003,24.53,1017.026
1789466520,3.84863063,3.4201586600000002,24.54,1017.019
1789466530,3.84682791,3.4201586600000002,24.54,1017.017
1789466540,3.84682791,3.4201586600000002,24.54,1017.013
1789466550,3.84682791,3.4201586600000002,24.53,1017.005
1789466560,3.84682791,3.4201586600000002,24.54,1017.002
1789466570,3.8450251900000003,3.4190456600000005,24.53,1016.997
1789466580,3.84682791,3.4201586600000002,24.54,1016.995
1789466590,3.84322247,3.4168196600000003,24.54,1016.983
1789466600,3.8450251900000003,3.4179326600000004,24.5,1016.989
1789466610,3.8450251900000003,3.4179326600000004,24.51,1016.978
1789466620,3.84322247,3.41570666,24.53,1016.975
1789466630,3.8450251900000003,3.4179326600000004,24.51,1016.98
1789466640,3.84682791,3.4190456600000005,24.53,1016.975
1789466650,3.84322247,3.4168196600000003,24.51,1016.97
1789466660,3.8450251900000003,3.4179326600000004,24.5,1016.964
1789466670,3.84141975,3.4145936600000004,24.54,1016.963
1789466680,3.84141975,3.4134806600000003,24.54,1016.96
1789466690,3.84322247,3.4168196600000003,24.53,1016.958
1789466700,3.8396170300000003,3.4134806600000003,24.51,1016.956
1789466710,3.84141975,3.41570666,24.53,1016.949
1789466720,3.83601159,3.40902866,24.5,1016.95
1789466730,3.83781431,3.4112546600000004,24.5,1016.948
1789466740,3.83240615,3.40568966,24.48,1016.939
1789466750,3.83781431,3.4112546600000004,24.51,1016.948
1789466760,3.83601159,3.4101416600000003,24.51,1016.931
1789466770,3.8396170300000003,3.41236766,24.51,1016.925
1789466780,3.83601159,3.4101416600000003,24.5,1016.921
1789466790,3.84141975,3.4134806600000003,24.5,1016.92
1789466800,3.84141975,3.4145936600000004,24.5,1016.921
1789466810,3.84322247,3.4179326600000004,24.47,1016.918
1789466820,3.8450251900000003,3.4190456600000005,24.47,1016.914
1789466830,3.84322247,3.4168196600000003,24.47,1016.908
1789466840,3.84322247,3.4168196600000003,24.48,1016.907
1789466850,3.83781431,3.4112546600000004,24.47,1016.905
1789466860,3.84141975,3.4168196600000003,24.45,1016.903
1789466870,3.83240615,3.4079156600000005,24.48,1016.897
1789466880,3.83601159,3.41236766,24.45,1016.889
1789466890,3.8396170300000003,3.4134806600000003,24.44,1016.881
1789466900,3.83781431,3.41236766,24.48,1016.875
1789466910,3.83060343,3.40568966,24.45,1016.873
1789466920,3.83601159,3.4112546600000004,24.44,1016.869
1789466930,3.8396170300000003,3.4134806600000003,24.47,1016.86
1789466940,3.8396170300000003,3.4145936600000004,24.44,1016.865
1789466950,3.83781431,3.4112546600000004,24.45,1016.864
1789466960,3.83240615,3.4068026600000003,24.45,1016.862
1789466970,3.8288007100000003,3.4034636600000003,24.47,1016.862
1789466980,3.8288007100000003,3.4034636600000003,24.45,1016.859
1789466990,3.8288007100000003,3.40235066,24.45,1016.84
1789467000,3.8288007100000003,3.40235066,24.48,1016.846
1789467010,3.8396170300000003,3.4145936600000004,24.44,1016.84
1789467020,3.84141975,3.41570666,24.48,1016.842
1789467030,3.83781431,3.4112546600000004,24.45,1016.842
1789467040,3.83601159,3.4101416600000003,24.45,1016.833
1789467050,3.83781431,3.41236766,24.44,1016.827
1789467060,3.84141975,3.4145936600000004,24.47,1016.823
1789467070,3.8342088700000003,3.4101416600000003,24.45,1016.819
1789467080,3.83240615,3.4068026600000003,24.42,1016.82
1789467090,3.8288007100000003,3.40235066,24.42,1016.819
1789467100,3.82158983,3.3967856600000004,24.45,1016.809
1789467110,3.8233925500000003,3.3978986600000005,24.47,1016.805
1789467120,3.82699799,3.40235066,24.44,1016.806
1789467130,3.8233925500000003,3.3978986600000005,24.47,1016.803
1789467140,3.82158983,3.3967856600000004,24.47,1016.8
1789467150,3.80897079,3.38454266,24.44,1016.795
1789467160,3.8179843900000003,3.3934466600000004,24.47,1016.792
1789467170,3.82158983,3.3945596600000005,24.45,1016.791
1789467180,3.82158983,3.3978986600000005,24.47,1016.79
1789467190,3.8233925500000003,3.39901166,24.45,1016.79
1789467200,3.82519527,3.4001246600000004,24.47,1016.783
1789467210,3.8179843900000003,3.3956726600000002,24.41,1016.782
1789467220,3.8071680700000003,3.38454266,24.44,1016.778
1789467230,3.8017599100000004,3.3789776600000003,24.42,1016.772
1789467240,3.80536535,3.3823166600000003,24.42,1016.768
1789467250,3.81077351,3.38788166,24.41,1016.759
1789467260,3.8179843900000003,3.3956726600000002,24.41,1016.759
1789467270,3.82519527,3.4001246600000004,24.39,1016.753
1789467280,3.81978711,3.3956726600000002,24.41,1016.749
1789467290,3.81978711,3.3934466600000004,24.42,1016.746
1789467300,3.8179843900000003,3.3934466600000004,24.41,1016.736
1789467310,3.8071680700000003,3.3834296600000004,24.42,1016.733
1789467320,3.8017599100000004,3.3789776600000003,24.42,1016.73
1789467330,3.79815447,3.3756386600000003,24.44,1016.728
1789467340,3.80897079,3.3856556600000003,24.42,1016.716
1789467350,3.8179843900000003,3.3934466600000004,24.42,1016.731
1789467360,3.82519527,3.39901166,24.42,1016.734
1789467370,3.82519527,3.39901166,24.45,1016.728
1789467380,3.81978711,3.3945596600000005,24.38,1016.728
1789467390,3.81437895,3.3912206600000006,24.39,1016.729
1789467400,3.80356263,3.38120366,24.38,1016.723
1789467410,3.8017599100000004,3.3800906600000005,24.39,1016.72
1789467420,3.80897079,3.3856556600000003,24.39,1016.716
1789467430,3.80897079,3.3856556600000003,24.38,1016.711
1789467440,3.8071680700000003,3.3834296600000004,24.39,1016.707
1789467450,3.7963517500000004,3.3756386600000003,24.39,1016.711
1789467460,3.79274631,3.3722996600000004,24.38,1016.706
1789467470,3.78192999,3.3622826600000004,24.38,1016.699
1789467480,3.79454903,3.3734126600000005,24.39,1016.698
1789467490,3.7963517500000004,3.3734126600000005,24.41,1016.695
1789467500,3.79454903,3.3711866600000002,24.42,1016.693
1789467510,3.8017599100000004,3.3789776600000003,24.38,1016.701
1789467520,3.8071680700000003,3.3834296600000004,24.42,1016.692
1789467530,3.8179843900000003,3.3934466600000004,24.41,1016.69
1789467540,3.81978711,3.3956726600000002,24.42,1016.686
1789467550,3.81978711,3.3945596600000005,24.39,1016.686
1789467560,3.81978711,3.3945596600000005,24.41,1016.678
1789467570,3.8179843900000003,3.3934466600000004,24.42,1016.668
1789467580,3.8179843900000003,3.3934466600000004,24.39,1016.663
1789467590,3.8179843900000003,3.3934466600000004,24.39,1016.659
1789467600,3.83240615,3.4068026600000003,24.42,1016.655
1789467610,3.83601159,3.4101416600000003,24.41,1016.654
1789467620,3.83781431,3.4112546600000004,24.41,1016.654
1789467630,3.83060343,3.4045766600000005,24.41,1016.653
1789467640,3.83601159,3.40902866,24.41,1016.655
1789467650,3.83601159,3.4101416600000003,24.41,1016.654
1789467660,3.83601159,3.4079156600000005,24.41,1016.656
1789467670,3.8179843900000003,3.3934466600000004,24.45,1016.658
1789467680,3.81978711,3.3934466600000004,24.44,1016.653
1789467690,3.8179843900000003,3.3934466600000004,24.44,1016.646
1789467700,3.81618167,3.3901076600000004,24.42,1016.642
1789467710,3.82519527,3.4001246600000004,24.44,1016.64
1789467720,3.8288007100000003,3.40235066,24.41,1016.636
1789467730,3.82699799,3.4001246600000004,24.42,1016.629
1789467740,3.81618167,3.3912206600000006,24.44,1016.626
1789467750,3.8125762300000003,3.38788166,24.47,1016.626
1789467760,3.80536535,3.38120366,24.44,1016.623
1789467770,3.79995719,3.3767516600000005,24.41,1016.625
1789467780,3.79995719,3.37786466,24.42,1016.627
1789467790,3.7909435900000004,3.3689606600000004,24.41,1016.626
1789467800,3.78373271,3.3622826600000004,24.42,1016.63
1789467810,3.7512837500000002,3.3344576600000004,24.44,1016.63
1789467820,3.7530864700000004,3.3366836600000003,24.42,1016.635
1789467830,3.7747191100000004,3.3556046600000005,24.44,1016.626
1789467840,3.7675082300000002,3.3489266600000005,24.42,1016.628
1789467850,3.78373271,3.36339566,24.42,1016.636
1789467860,3.77652183,3.35671766,24.42,1016.628
1789467870,3.7855354300000004,3.36339566,24.44,1016.628
1789467880,3.80536535,3.3834296600000004,24.42,1016.625
1789467890,3.8179843900000003,3.3934466600000004,24.42,1016.629
1789467900,3.8071680700000003,3.38454266,24.41,1016.623
1789467910,3.81437895,3.3912206600000006,24.41,1016.626
1789467920,3.8017599100000004,3.3789776600000003,24.38,1016.62
1789467930,3.78914087,3.3678476600000002,24.39,1016.616
1789467940,3.7909435900000004,3.3689606600000004,24.39,1016.616
1789467950,3.79274631,3.3700736600000005,24.39,1016.616
1789467960,3.78373271,3.3645086600000003,24.39,1016.61
1789467970,3.78914087,3.3678476600000002,24.38,1016.612
1789467980,3.7909435900000004,3.3689606600000004,24.36,1016.598
1789467990,3.79995719,3.3767516600000005,24.38,1016.594
1789468000,3.80536535,3.3823166600000003,24.39,1016.586
1789468010,3.80356263,3.38120366,24.39,1016.583
1789468020,3.79274631,3.3711866600000002,24.38,1016.583
1789468030,3.79274631,3.3711866600000002,24.41,1016.581
1789468040,3.79815447,3.3756386600000003,24.42,1016.577
1789468050,3.8071680700000003,3.3823166600000003,24.41,1016.572
1789468060,3.81437895,3.3901076600000004,24.41,1016.565
1789468070,3.80356263,3.3789776600000003,24.41,1016.565
1789468080,3.80356263,3.3800906600000005,24.41,1016.563
1789468090,3.78733815,3.3656216600000004,24.44,1016.566
1789468100,3.78914087,3.3667346600000005,24.41,1016.569
1789468110,3.79274631,3.3689606600000004,24.41,1016.564
1789468120,3.8017599100000004,3.37786466,24.41,1016.557
1789468130,3.79815447,3.3756386600000003,24.42,1016.554
1789468140,3.79274631,3.3700736600000005,24.42,1016.553
1789468150,3.78914087,3.3667346600000005,24.42,1016.552
1789468160,3.8017599100000004,3.37786466,24.44,1016.549
1789468170,3.8071680700000003,3.38120366,24.41,1016.541
1789468180,3.8017599100000004,3.37786466,24.42,1016.533
1789468190,3.79274631,3.3689606600000004,24.42,1016.533
1789468200,3.79995719,3.3756386600000003,24.42,1016.533
1789468210,3.80356263,3.37786466,24.42,1016.528
1789468220,3.80536535,3.38120366,24.42,1016.519
1789468230,3.80536535,3.38120366,24.44,1016.52
1789468240,3.8071680700000003,3.3834296600000004,24.42,1016.519
1789468250,3.8125762300000003,3.3867686600000004,24.41,1016.514
1789468260,3.81437895,3.3889946600000003,24.42,1016.509
1789468270,3.81978711,3.3945596600000005,24.42,1016.507
1789468280,3.8233925500000003,3.3967856600000004,24.39,1016.5
1789468290,3.81618167,3.3912206600000006,24.41,1016.492
1789468300,3.80536535,3.3800906600000005,24.42,1016.494
1789468310,3.79274631,3.3689606600000004,24.41,1016.495
1789468320,3.79274631,3.3678476600000002,24.41,1016.486
1789468330,3.7747191100000004,3.3522656600000005,24.42,1016.472
1789468340,3.7747191100000004,3.3544916600000003,24.41,1016.47
1789468350,3.78733815,3.36339566,24.42,1016.465
1789468360,3.7909435900000004,3.3689606600000004,24.41,1016.465
1789468370,3.78373271,3.36005666,24.45,1016.456
1789468380,3.78914087,3.3645086600000003,24.44,1016.449
1789468390,3.78914087,3.3667346600000005,24.45,1016.44
1789468400,3.7783245500000002,3.3578306600000003,24.44,1016.434
1789468410,3.7855354300000004,3.3645086600000003,24.42,1016.428
1789468420,3.7729163900000002,3.3522656600000005,24.42,1016.413
1789468430,3.77652183,3.3544916600000003,24.42,1016.408
1789468440,3.7855354300000004,3.36339566,24.41,1016.401
1789468450,3.79995719,3.37452566,24.44,1016.391
1789468460,3.78914087,3.3656216600000004,24.42,1016.387
1789468470,3.8017599100000004,3.3767516600000005,24.44,1016.386
1789468480,3.81437895,3.38788166,24.44,1016.384
1789468490,3.8071680700000003,3.38120366,24.42,1016.385
1789468500,3.79454903,3.3711866600000002,24.42,1016.386
1789468510,3.7801272700000004,3.3578306600000003,24.44,1016.386
1789468520,3.76570551,3.3444746600000004,24.41,1016.378
1789468530,3.7675082300000002,3.3455876600000005,24.44,1016.369
1789468540,3.7783245500000002,3.3556046600000005,24.42,1016.37
1789468550,3.7855354300000004,3.3622826600000004,24.41,1016.362
1789468560,3.7855354300000004,3.3622826600000004,24.44,1016.361
1789468570,3.78192999,3.36005666,24.45,1016.36
1789468580,3.79995719,3.37452566,24.41,1016.354
1789468590,3.7801272700000004,3.3589436600000004,24.44,1016.355
1789468600,3.75488919,3.33557066,24.44,1016.356
1789468610,3.7621000700000002,3.3422486600000005,24.44,1016.351
1789468620,3.7512837500000002,3.3311186600000005,24.44,1016.348
1789468630,3.7566919100000002,3.3366836600000003,24.44,1016.342
1789468640,3.72244023,3.3055196600000003,24.45,1016.34
1789468650,3.72244023,3.3055196600000003,24.44,1016.332
1789468660,3.7404674300000003,3.3233276600000003,24.44,1016.321
1789468670,3.7566919100000002,3.3366836600000003,24.42,1016.314
1789468680,3.76029735,3.3400226600000003,24.41,1016.303
1789468690,3.74948103,3.3311186600000005,24.42,1016.308
1789468700,3.74948103,3.3300056600000003,24.41,1016.297
1789468710,3.7530864700000004,3.3344576600000004,24.42,1016.3
1789468720,3.76029735,3.3411356600000004,24.42,1016.296
1789468730,3.7639027900000004,3.3444746600000004,24.41,1016.293
1789468740,3.7693109500000004,3.3489266600000005,24.41,1016.296
1789468750,3.7855354300000004,3.36339566,24.41,1016.29
1789468760,3.8071680700000003,3.3823166600000003,24.42,1016.286
1789468770,3.81618167,3.3901076600000004,24.38,1016.269
1789468780,3.81618167,3.3901076600000004,24.41,1016.269
1789468790,3.8125762300000003,3.38788166,24.36,1016.281
1789468800,3.80897079,3.38454266,24.41,1016.279
1789468810,3.8017599100000004,3.3789776600000003,24.39,1016.285
1789468820,3.8125762300000003,3.38788166,24.38,1016.282
1789468830,3.8179843900000003,3.3934466600000004,24.38,1016.277
1789468840,3.81978711,3.3934466600000004,24.39,1016.283
1789468850,3.80356263,3.3800906600000005,24.35,1016.276
1789468860,3.80897079,3.38454266,24.39,1016.277
1789468870,3.80536535,3.38120366,24.38,1016.273
1789468880,3.8071680700000003,3.3823166600000003,24.38,1016.267
1789468890,3.80897079,3.38454266,24.39,1016.269
1789468900,3.8179843900000003,3.3923336600000003,24.39,1016.271
1789468910,3.81618167,3.3912206600000006,24.36,1016.274
1789468920,3.8233925500000003,3.3967856600000004,24.35,1016.274
1789468930,3.83060343,3.4034636600000003,24.38,1016.272
1789468940,3.8288007100000003,3.40235066,24.38,1016.268
1789468950,3.82519527,3.39901166,24.41,1016.26
1789468960,3.82519527,3.39901166,24.36,1016.26
1789468970,3.82158983,3.3967856600000004,24.36,1016.257
1789468980,3.81978711,3.3956726600000002,24.39,1016.256
1789468990,3.80536535,3.38120366,24.38,1016.259
1789469000,3.79454903,3.3711866600000002,24.36,1016.267
1789469010,3.8071680700000003,3.3834296600000004,24.38,1016.258
1789469020,3.79995719,3.3756386600000003,24.39,1016.255
1789469030,3.79815447,3.3756386600000003,24.38,1016.251
1789469040,3.80536535,3.38120366,24.36,1016.247
1789469050,3.81618167,3.3912206600000006,24.38,1016.24
1789469060,3.81437895,3.3901076600000004,24.38,1016.23
1789469070,3.81437895,3.3889946600000003,24.39,1016.228
1789469080,3.81618167,3.3912206600000006,24.39,1016.226
1789469090,3.8071680700000003,3.3823166600000003,24.38,1016.226
1789469100,3.81077351,3.38454266,24.38,1016.222
1789469110,3.81077351,3.3856556600000003,24.39,1016.219
1789469120,3.81077351,3.3856556600000003,24.36,1016.215
1789469130,3.80356263,3.3800906600000005,24.36,1016.216
1789469140,3.7963517500000004,3.3722996600000004,24.36,1016.206
1789469150,3.78914087,3.3656216600000004,24.38,1016.203
1789469160,3.79454903,3.3700736600000005,24.39,1016.207
1789469170,3.79274631,3.3700736600000005,24.39,1016.205
1789469180,3.79815447,3.37452566,24.38,1016.205
1789469190,3.8071680700000003,3.3834296600000004,24.38,1016.204
1789469200,3.80897079,3.3823166600000003,24.38,1016.203
1789469210,3.8125762300000003,3.3856556600000003,24.39,1016.199
1789469220,3.80356263,3.3789776600000003,24.38,1016.197
1789469230,3.80897079,3.3856556600000003,24.35,1016.194
1789469240,3.8179843900000003,3.3912206600000006,24.36,1016.18
1789469250,3.79995719,3.3756386600000003,24.36,1016.187
1789469260,3.7729163900000002,3.3522656600000005,24.36,1016.186
1789469270,3.7693109500000004,3.3489266600000005,24.35,1016.184
1789469280,3.7729163900000002,3.35337866,24.35,1016.178
1789469290,3.79995719,3.37786466,24.35,1016.178
1789469300,3.81437895,3.3889946600000003,24.38,1016.17
1789469310,3.80536535,3.3823166600000003,24.35,1016.169
1789469320,3.80536535,3.3823166600000003,24.35,1016.174
1789469330,3.80356263,3.3800906600000005,24.35,1016.182
1789469340,3.79454903,3.3711866600000002,24.35,1016.185
1789469350,3.7801272700000004,3.3578306600000003,24.32,1016.182
1789469360,3.7693109500000004,3.3489266600000005,24.35,1016.181
1789469370,3.7566919100000002,3.3377966600000004,24.34,1016.186
1789469380,3.7458755900000003,3.3266666600000003,24.36,1016.177
1789469390,3.76029735,3.3411356600000004,24.38,1016.176
1789469400,3.74948103,3.3311186600000005,24.38,1016.178
1789469410,3.7621000700000002,3.3411356600000004,24.35,1016.175
1789469420,3.76570551,3.3444746600000004,24.41,1016.171
1789469430,3.7512837500000002,3.33223166,24.39,1016.17
1789469440,3.7296511100000003,3.3121976600000003,24.41,1016.169
1789469450,3.74767831,3.3277796600000005,24.42,1016.165
1789469460,3.76570551,3.3422486600000005,24.39,1016.167
1789469470,3.74948103,3.3277796600000005,24.42,1016.167
1789469480,3.74767831,3.3266666600000003,24.44,1016.168
1789469490,3.7566919100000002,3.33557066,24.44,1016.169
1789469500,3.7621000700000002,3.3411356600000004,24.41,1016.172
1789469510,3.7512837500000002,3.3311186600000005,24.42,1016.159
1789469520,3.7458755900000003,3.32555366,24.45,1016.156
1789469530,3.74948103,3.3300056600000003,24.42,1016.147
1789469540,3.75488919,3.3344576600000004,24.44,1016.144
1789469550,3.75488919,3.3333446600000003,24.45,1016.141
1789469560,3.7404674300000003,3.3211016600000005,24.47,1016.143
1789469570,3.74227015,3.32221466,24.44,1016.146
1789469580,3.73866471,3.3188756600000002,24.44,1016.14
1789469590,3.71162391,3.29438966,24.44,1016.142
1789469600,3.70080759,3.2843726600000003,24.44,1016.135
1789469610,3.69900487,3.28325966,24.47,1016.137
1789469620,3.72604567,3.30774566,24.44,1016.134
1789469630,3.72784839,3.3088586600000003,24.45,1016.161
1789469640,3.73686199,3.3166496600000004,24.45,1016.138
1789469650,3.7566919100000002,3.3344576600000004,24.44,1016.139
1789469660,3.7566919100000002,3.3344576600000004,24.44,1016.13
1789469670,3.7512837500000002,3.32889266,24.45,1016.12
1789469680,3.74767831,3.3266666600000003,24.47,1016.122
1789469690,3.73325655,3.3121976600000003,24.45,1016.122
1789469700,3.7621000700000002,3.3389096600000006,24.47,1016.119
1789469710,3.78733815,3.3611696600000003,24.47,1016.125
1789469720,3.78733815,3.36005666,24.48,1016.117
1789469730,3.7801272700000004,3.3544916600000003,24.47,1016.107
1789469740,3.78373271,3.3578306600000003,24.48,1016.101
1789469750,3.79815447,3.3700736600000005,24.48,1016.099
1789469760,3.81618167,3.3867686600000004,24.47,1016.094
1789469770,3.82519527,3.3956726600000002,24.5,1016.096
1789469780,3.8233925500000003,3.3945596600000005,24.48,1016.092
1789469790,3.81437895,3.38454266,24.47,1016.083
1789469800,3.81978711,3.3901076600000004,24.45,1016.092
1789469810,3.81978711,3.3901076600000004,24.47,1016.089
1789469820,3.8233925500000003,3.3945596600000005,24.44,1016.093
1789469830,3.82158983,3.3934466600000004,24.44,1016.109
1789469840,3.81618167,3.3867686600000004,24.45,1016.111
1789469850,3.8179843900000003,3.3901076600000004,24.47,1016.102
1789469860,3.82519527,3.3945596600000005,24.44,1016.101
1789469870,3.8288007100000003,3.39901166,24.44,1016.11
1789469880,3.82519527,3.3956726600000002,24.47,1016.084
1789469890,3.8288007100000003,3.39901166,24.47,1016.083
1789469900,3.8288007100000003,3.39901166,24.47,1016.071
1789469910,3.83060343,3.4012376600000005,24.47,1016.078
1789469920,3.8288007100000003,3.3978986600000005,24.48,1016.072
1789469930,3.83240615,3.40235066,24.48,1016.073
1789469940,3.8342088700000003,3.4034636600000003,24.48,1016.062
1789469950,3.83240615,3.4034636600000003,24.48,1016.066
1789469960,3.8342088700000003,3.4034636600000003,24.48,1016.058
1789469970,3.83240615,3.4045766600000005,24.5,1016.046
1789469980,3.8288007100000003,3.4012376600000005,24.5,1016.05
1789469990,3.8288007100000003,3.4001246600000004,24.51,1016.052
1789470000,3.8288007100000003,3.4001246600000004,24.47,1016.057
1789470010,3.83240615,3.4034636600000003,24.45,1016.043
1789470020,3.8342088700000003,3.40568966,24.47,1016.055
1789470030,3.83060343,3.40235066,24.42,1016.064
1789470040,3.82519527,3.39901166,24.42,1016.064
1789470050,3.81978711,3.3923336600000003,24.41,1016.056
1789470060,3.81437895,3.3889946600000003,24.45,1016.032
1789470070,3.81978711,3.3923336600000003,24.41,1016.025
1789470080,3.8288007100000003,3.4012376600000005,24.42,1016.015
1789470090,3.83240615,3.4045766600000005,24.42,1016.033
1789470100,3.83060343,3.4034636600000003,24.42,1016.038
1789470110,3.82519527,3.3967856600000004,24.41,1016.025
1789470120,3.80536535,2.7801836600000005,24.42,1016.013
1789470130,3.81978711,3.3912206600000006,24.45,1016.015
1789470140,3.81978711,3.3934466600000004,24.44,1016.019
1789470150,3.81618167,3.3889946600000003,24.44,1016.023
1789470160,3.82158983,3.3945596600000005,24.45,1016.022
1789470170,3.82519527,3.3967856600000004,24.47,1016.018
1789470180,3.82699799,3.3978986600000005,24.5,1016.009
1789470190,3.82699799,3.3978986600000005,24.47,1016.002
1789470200,3.8233925500000003,3.3934466600000004,24.47,1015.999
1789470210,3.82699799,3.39901166,24.5,1015.997
1789470220,3.8288007100000003,3.4001246600000004,24.5,1015.997
1789470230,3.8233925500000003,3.3956726600000002,24.48,1015.989
1789470240,3.82519527,3.3967856600000004,24.5,1015.977
1789470250,3.82699799,3.3978986600000005,24.51,1015.974
1789470260,3.8342088700000003,3.4034636600000003,24.51,1015.964
1789470270,3.83601159,3.40568966,24.51,1015.964
1789470280,3.82158983,2.4997076600000003,24.5,1015.976
1789470290,3.8342088700000003,3.4045766600000005,24.51,1015.968
1789470300,3.83601159,3.4068026600000003,24.5,1015.966
1789470310,3.8342088700000003,3.4045766600000005,24.51,1015.966
1789470320,3.8233925500000003,2.3850686600000004,24.53,1015.959
1789470330,3.8342088700000003,3.4034636600000003,24.5,1015.959
1789470340,3.8342088700000003,3.4045766600000005,24.5,1015.96
1789470350,3.82699799,3.3956726600000002,24.51,1015.958
1789470360,3.83240615,3.4012376600000005,24.53,1015.958
1789470370,3.8342088700000003,3.4034636600000003,24.5,1015.951
1789470380,3.8342088700000003,3.4045766600000005,24.53,1015.954
1789470390,3.83601159,3.40568966,24.5,1015.944
1789470400,3.83240615,3.40235066,24.48,1015.92
1789470410,3.83060343,3.40235066,24.48,1015.916
1789470420,3.83060343,3.4001246600000004,24.5,1015.918
1789470430,3.83240615,3.4034636600000003,24.48,1015.927
1789470440,3.83781431,3.4079156600000005,24.53,1015.959
1789470450,3.83781431,3.4079156600000005,24.47,1015.933
1789470460,3.82699799,3.39901166,24.47,1015.933
1789470470,3.8125762300000003,3.3856556600000003,24.47,1015.929
1789470480,3.78373271,3.3611696600000003,24.47,1015.928
1789470490,3.72244023,3.30774566,24.48,1015.916
1789470500,3.7080184700000003,3.2932766600000005,24.5,1015.908
1789470510,3.7134266300000003,3.29772866,24.51,1015.898
1789470520,3.70621575,3.2932766600000005,24.5,1015.905
1789470530,3.7242429500000003,3.30774566,24.53,1015.882
1789470540,3.73145383,3.3133106600000004,24.51,1015.893
1789470550,3.7242429500000003,3.30774566,24.55,1015.896
1789470560,3.73866471,3.3199886600000004,24.53,1015.902
1789470570,3.73866471,3.3199886600000004,24.54,1015.907
1789470580,3.72784839,3.31108466,24.53,1015.909
1789470590,3.7242429500000003,3.30774566,24.53,1015.907
1789470600,3.72244023,3.3066326600000004,24.55,1015.917
1789470610,3.70982119,3.29438966,24.54,1015.925
1789470620,3.7242429500000003,3.30774566,24.51,1015.906
1789470630,3.7242429500000003,3.30774566,24.55,1015.896
1789470640,3.71522935,3.2988416600000003,24.55,1015.885
1789470650,3.70080759,3.2877116600000003,24.51,1015.892
1789470660,3.69359671,3.27992066,24.54,1015.896
1789470670,3.66655591,3.2565476600000003,24.54,1015.89
1789470680,3.6701613500000003,3.25877366,24.53,1015.892
1789470690,3.66114775,3.25209566,24.53,1015.898
1789470700,3.66295047,3.25209566,24.53,1015.897
1789470710,3.65213415,3.2420786600000002,24.51,1015.901
1789470720,3.6485287100000003,3.2409656600000005,24.51,1015.891
1789470730,3.66114775,3.2509826600000005,24.51,1015.916
1789470740,3.6701613500000003,3.2598866600000003,24.47,1015.879
1789470750,3.68278039,3.2710166600000004,24.5,1015.878
1789470760,3.70080759,3.2877116600000003,24.47,1015.877
1789470770,3.7080184700000003,3.29438966,24.47,1015.884
1789470780,3.68818855,3.27658166,24.45,1015.884
1789470790,3.66295047,3.25209566,24.47,1015.888
1789470800,3.6593450300000003,3.2509826600000005,24.45,1015.927
1789470810,3.64672599,3.2387396600000002,24.47,1015.893
1789470820,3.6431205500000003,3.2354006600000003,24.47,1015.882
1789470830,3.6431205500000003,3.2354006600000003,24.48,1015.873
1789470840,3.63410695,3.2287226600000003,24.47,1015.874
1789470850,3.65033143,3.2420786600000002,24.44,1015.879
1789470860,3.65213415,3.2431916600000004,24.47,1015.874
1789470870,3.65573959,3.2476436600000005,24.45,1015.876
1789470880,3.6539368700000003,3.24541766,24.45,1015.866
1789470890,3.6485287100000003,3.2409656600000005,24.45,1015.854
1789470900,3.6539368700000003,3.24541766,24.45,1015.861
1789470910,3.6539368700000003,3.24541766,24.44,1015.858
1789470920,3.6539368700000003,3.2465306600000003,24.44,1015.851
1789470930,3.66295047,3.2532086600000003,24.45,1015.85
1789470940,3.67196407,3.2609996600000004,24.45,1015.851
1789470950,3.6647531900000003,3.2543216600000004,24.45,1015.844
1789470960,3.66114775,3.25209566,24.48,1015.849
1789470970,3.66655591,3.2565476600000003,24.48,1015.838
1789470980,3.65573959,3.2476436600000005,24.48,1015.821
1789470990,3.65033143,3.2420786600000002,24.5,1015.836
1789471000,3.65573959,3.2465306600000003,24.5,1015.825
1789471010,3.66655591,3.25543466,24.53,1015.816
1789471020,3.67196407,3.2598866600000003,24.53,1015.808
1789471030,3.6863858300000003,3.27324266,24.53,1015.795
1789471040,3.67376679,3.2621126600000006,24.53,1015.81
1789471050,3.66835863,3.2576606600000004,24.53,1015.809
1789471060,3.67376679,3.2621126600000006,24.53,1015.814
1789471070,3.6701613500000003,3.25877366,24.53,1015.794
1789471080,3.66835863,3.2576606600000004,24.54,1015.78
1789471090,3.66835863,3.2576606600000004,24.51,1015.764
1789471100,3.67376679,3.2621126600000006,24.53,1015.747
1789471110,3.67376679,3.2621126600000006,24.51,1015.741
1789471120,3.66655591,3.2565476600000003,24.48,1015.737
1789471130,3.6647531900000003,3.25543466,24.48,1015.735
1789471140,3.63951511,3.23094866,24.48,1015.726
1789471150,3.63050151,3.22427066,24.5,1015.729
1789471160,3.6431205500000003,3.2354006600000003,24.5,1015.725
1789471170,3.66114775,3.25209566,24.47,1015.726
1789471180,3.6593450300000003,3.2509826600000005,24.48,1015.72
1789471190,3.6539368700000003,3.24541766,24.48,1015.725
1789471200,3.6431205500000003,3.2354006600000003,24.45,1015.725
1789471210,3.64131783,3.23428766,24.48,1015.722
1789471220,3.6539368700000003,3.24541766,24.48,1015.709
1789471230,3.6701613500000003,3.25877366,24.53,1015.694
1789471240,3.6539368700000003,3.2443046600000005,24.51,1015.688
1789471250,3.65213415,3.2443046600000005,24.5,1015.711
1789471260,3.64672599,3.2387396600000002,24.5,1015.733
1789471270,3.63410695,3.2253836600000003,24.51,1015.708
1789471280,3.63050151,3.22427066,24.48,1015.703
1789471290,3.6323042300000004,3.2253836600000003,24.47,1015.71
1789471300,3.63951511,3.2320616600000003,24.48,1015.707
1789471310,3.64672599,3.2376266600000005,24.47,1015.699
1789471320,3.64131783,3.23428766,24.45,1015.688
1789471330,3.6377123900000004,3.23094866,24.48,1015.67
1789471340,3.63410695,3.22760966,24.45,1015.656
1789471350,3.63410695,3.2264966600000005,24.45,1015.641
1789471360,3.6377123900000004,3.2298356600000004,24.5,1015.644
1789471370,3.63590967,3.22760966,24.5,1015.642
1789471380,3.63410695,3.2253836600000003,24.5,1015.645
1789471390,3.6268960700000004,3.2198186600000005,24.48,1015.664
1789471400,3.62869879,3.2198186600000005,24.53,1015.676
1789471410,3.63951511,3.2298356600000004,24.5,1015.662
1789471420,3.6377123900000004,3.2287226600000003,24.54,1015.667
1789471430,3.63050151,3.2220446600000003,24.54,1015.651
1789471440,3.62869879,3.22093166,24.54,1015.64
1789471450,3.6268960700000004,3.21759266,24.51,1015.644
1789471460,3.6268960700000004,3.21759266,24.55,1015.621
1789471470,3.63050151,3.2220446600000003,24.54,1015.616
1789471480,3.63590967,3.22760966,24.54,1015.63
1789471490,3.65033143,3.2398526600000004,24.54,1015.638
1789471500,3.6485287100000003,3.2376266600000005,24.57,1015.647
1789471510,3.6377123900000004,3.22760966,24.55,1015.639
1789471520,3.6323042300000004,3.22427066,24.55,1015.626
1789471530,3.62869879,3.22093166,24.51,1015.623
1789471540,3.62329063,3.2153666600000004,24.54,1015.598
1789471550,3.62329063,3.2164796600000005,24.55,1015.604
1789471560,3.62329063,3.2164796600000005,24.53,1015.594
1789471570,3.62329063,3.2164796600000005,24.54,1015.589
1789471580,3.62509335,3.21759266,24.51,1015.577
1789471590,3.6268960700000004,3.2198186600000005,24.51,1015.573
1789471600,3.62509335,3.2187056600000004,24.51,1015.566
1789471610,3.61968519,3.2142536600000002,24.51,1015.565
1789471620,3.6214879100000004,3.2142536600000002,24.51,1015.568
1789471630,3.61788247,3.2109146600000003,24.53,1015.569
1789471640,3.61968519,3.2142536600000002,24.54,1015.573
1789471650,3.62509335,3.21759266,24.53,1015.583
1789471660,3.6268960700000004,3.22093166,24.54,1015.619
1789471670,3.62869879,3.22093166,24.53,1015.585
1789471680,3.6214879100000004,3.2153666600000004,24.5,1015.589
1789471690,3.62329063,3.2187056600000004,24.51,1015.577
1789471700,3.62869879,3.2220446600000003,24.5,1015.585
1789471710,3.63410695,3.2264966600000005,24.53,1015.588
1789471720,3.6323042300000004,3.2253836600000003,24.5,1015.587
1789471730,3.6377123900000004,3.23094866,24.5,1015.588
1789471740,3.64131783,3.2320616600000003,24.51,1015.592
1789471750,3.6431205500000003,3.2354006600000003,24.5,1015.589
1789471760,3.6431205500000003,3.23428766,24.48,1015.591
1789471770,3.6485287100000003,3.2398526600000004,24.48,1015.57
1789471780,3.65033143,3.2409656600000005,24.5,1015.564
1789471790,3.66655591,3.2532086600000003,24.48,1015.561
1789471800,3.67917495,3.2654516600000005,24.5,1015.557
1789471810,3.68278039,3.2687906600000005,24.5,1015.555
1789471820,3.6755695100000003,3.2632256600000002,24.5,1015.56
1789471830,3.6701613500000003,3.2576606600000004,24.51,1015.564
1789471840,3.67917495,3.2665646600000002,24.51,1015.55
1789471850,3.6972021500000003,3.2810336600000003,24.51,1015.543
1789471860,3.72604567,3.30774566,24.53,1015.533
1789471870,3.71703207,3.2999546600000005,24.54,1015.524
1789471880,3.70621575,3.2888246600000004,24.54,1015.52
1789471890,3.7080184700000003,3.2910506600000002,24.53,1015.52
1789471900,3.71522935,3.2988416600000003,24.57,1015.524
1789471910,3.65213415,1.82745566,24.54,1015.518
1789471920,3.6593450300000003,1.81521266,24.53,1015.506
1789471930,3.69539943,3.1908806600000004,24.53,1015.499
1789471940,3.73686199,3.3155366600000002,24.53,1015.495
1789471950,3.76570551,3.3444746600000004,24.54,1015.5
1789471960,3.7801272700000004,3.3556046600000005,24.54,1015.498
1789471970,3.78914087,3.3645086600000003,24.51,1015.501
1789471980,3.7855354300000004,3.3611696600000003,24.53,1015.502
1789471990,3.7801272700000004,3.35671766,24.51,1015.507
1789472000,3.7693109500000004,3.34670066,24.54,1015.505
1789472010,3.75488919,3.3333446600000003,24.54,1015.487
1789472020,3.7530864700000004,3.33223166,24.53,1015.458
1789472030,3.7693109500000004,3.34670066,24.53,1015.434
1789472040,3.76029735,3.3389096600000006,24.55,1015.437
1789472050,3.74948103,3.3300056600000003,24.53,1015.444
1789472060,3.7512837500000002,3.3311186600000005,24.53,1015.441
1789472070,3.7566919100000002,3.33557066,24.53,1015.457
1789472080,3.7458755900000003,3.32555366,24.51,1015.452
1789472090,3.72784839,3.3099716600000004,24.51,1015.451
1789472100,3.71162391,3.29438966,24.53,1015.446
1789472110,3.7296511100000003,3.3121976600000003,24.54,1015.451
1789472120,3.7350592700000003,3.3155366600000002,24.53,1015.461
1789472130,3.7639027900000004,3.3422486600000005,24.54,1015.466
1789472140,3.7566919100000002,3.33557066,24.54,1015.467
1789472150,3.7530864700000004,3.33223166,24.53,1015.477
1789472160,3.7530864700000004,3.33223166,24.55,1015.494
1789472170,3.7621000700000002,3.3400226600000003,24.55,1015.476
1789472180,3.75488919,3.33223166,24.55,1015.458
1789472190,3.74407287,3.3244406600000005,24.58,1015.467
1789472200,3.7350592700000003,3.3155366600000002,24.55,1015.47
1789472210,3.73686199,3.3177626600000005,24.55,1015.465
1789472220,3.74767831,3.3266666600000003,24.55,1015.452
1789472230,3.74948103,3.3277796600000005,24.58,1015.441
1789472240,3.74948103,3.3277796600000005,24.58,1015.435
1789472250,3.7530864700000004,3.33223166,24.59,1015.418
1789472260,3.7458755900000003,3.3244406600000005,24.58,1015.41
1789472270,3.73325655,3.3133106600000004,24.58,1015.408
1789472280,3.7350592700000003,3.3144236600000005,24.58,1015.404
1789472290,3.73866471,3.3177626600000005,24.58,1015.402
1789472300,3.72244023,3.3032936600000005,24.59,1015.402
1789472310,3.71522935,3.2966156600000005,24.59,1015.391
1789472320,3.71522935,3.29772866,24.62,1015.386
1789472330,3.71522935,3.29772866,24.61,1015.377
1789472340,3.71522935,3.29772866,24.59,1015.376
1789472350,3.72063751,3.30106766,24.59,1015.381
1789472360,3.7026103100000003,3.2854856600000004,24.58,1015.384
1789472370,3.6917939900000003,3.2776946600000003,24.57,1015.373
1789472380,3.70982119,3.2921636600000004,24.55,1015.37
1789472390,3.72784839,3.3088586600000003,24.59,1015.354
1789472400,3.73325655,3.3133106600000004,24.57,1015.35
1789472410,3.7296511100000003,3.31108466,24.58,1015.34
1789472420,3.73145383,3.31108466,24.59,1015.336
1789472430,3.7530864700000004,3.3311186600000005,24.59,1015.336
1789472440,3.7801272700000004,3.35671766,24.58,1015.344
1789472450,3.7855354300000004,3.36005666,24.58,1015.355
1789472460,3.7963517500000004,3.3711866600000002,24.61,1015.357
1789472470,3.79274631,3.3678476600000002,24.61,1015.37
1789472480,3.78373271,3.3589436600000004,24.59,1015.369
1789472490,3.7729163900000002,3.3489266600000005,24.59,1015.364
1789472500,3.77652183,3.3522656600000005,24.58,1015.348
1789472510,3.7639027900000004,3.3400226600000003,24.62,1015.315
1789472520,3.76029735,3.3366836600000003,24.61,1015.309
1789472530,3.77652183,3.3522656600000005,24.62,1015.316
1789472540,3.77652183,3.3511526600000003,24.61,1015.326
1789472550,3.7729163900000002,3.3478136600000004,24.59,1015.345
1789472560,3.74407287,3.32221466,24.64,1015.362
1789472570,3.74227015,3.3211016600000005,24.64,1015.367
1789472580,3.74767831,3.32555366,24.64,1015.368
1789472590,3.76570551,3.3411356600000004,24.65,1015.363
1789472600,3.7729163900000002,3.3489266600000005,24.62,1015.366
1789472610,3.78192999,3.35671766,24.62,1015.366
1789472620,3.7747191100000004,3.3511526600000003,24.64,1015.37
1789472630,3.7855354300000004,3.36005666,24.62,1015.343
1789472640,3.7801272700000004,3.3544916600000003,24.64,1015.322
1789472650,3.78914087,3.36339566,24.64,1015.31
1789472660,3.7963517500000004,3.3711866600000002,24.62,1015.305
1789472670,3.80536535,3.3789776600000003,24.62,1015.306
1789472680,3.80356263,3.37786466,24.64,1015.321
1789472690,3.80536535,3.3789776600000003,24.64,1015.332
1789472700,3.80356263,3.37786466,24.62,1015.335
1789472710,3.80536535,3.3767516600000005,24.62,1015.343
1789472720,3.80897079,3.38120366,24.62,1015.36
1789472730,3.81077351,3.38454266,24.65,1015.363
1789472740,3.79815447,3.3711866600000002,24.62,1015.348
1789472750,3.79454903,3.3678476600000002,24.64,1015.334
1789472760,3.78914087,3.3645086600000003,24.62,1015.35
1789472770,3.79274631,3.3678476600000002,24.62,1015.349
1789472780,3.79454903,3.3689606600000004,24.65,1015.354
1789472790,3.79995719,3.37452566,24.65,1015.354
1789472800,3.80536535,3.37786466,24.66,1015.337
1789472810,3.80897079,3.38120366,24.66,1015.336
1789472820,3.81077351,3.3834296600000004,24.66,1015.332
1789472830,3.79995719,3.3722996600000004,24.69,1015.327
1789472840,3.79454903,3.3667346600000005,24.68,1015.327
1789472850,3.79995719,3.3711866600000002,24.71,1015.327
1789472860,3.79995719,3.3722996600000004,24.71,1015.324
1789472870,3.80356263,3.2476436600000005,24.69,1015.326
1789472880,3.79815447,3.3722996600000004,24.71,1015.316
1789472890,3.8125762300000003,3.3834296600000004,24.69,1015.297
1789472900,3.81437895,3.3856556600000003,24.69,1015.284
1789472910,3.81437895,3.3856556600000003,24.68,1015.267
1789472920,3.81618167,3.3867686600000004,24.66,1015.265
1789472930,3.81618167,3.38788166,24.69,1015.256
1789472940,3.81437895,3.3867686600000004,24.69,1015.282
1789472950,3.80536535,3.37786466,24.66,1015.269
1789472960,3.78192999,3.3578306600000003,24.68,1015.276
1789472970,3.77652183,3.35337866,24.68,1015.27
1789472980,3.80356263,3.35003966,24.66,1015.265
1789472990,3.81077351,3.2420786600000002,24.68,1015.257
1789473000,3.8125762300000003,3.3856556600000003,24.66,1015.246
1789473010,3.81437895,3.3867686600000004,24.65,1015.239
1789473020,3.79454903,3.3700736600000005,24.65,1015.242
1789473030,3.7621000700000002,3.3400226600000003,24.64,1015.244
1789473040,3.73145383,3.3121976600000003,24.68,1015.242
1789473050,3.70080759,3.28659866,24.66,1015.236
1789473060,3.68818855,3.2743556600000003,24.65,1015.247
1789473070,3.71162391,3.2955026600000004,24.68,1015.255
1789473080,3.7512837500000002,3.3300056600000003,24.66,1015.269
1789473090,3.76029735,3.3389096600000006,24.68,1015.27
1789473100,3.7693109500000004,3.3455876600000005,24.68,1015.246
1789473110,3.75488919,3.3344576600000004,24.69,1015.237
1789473120,3.7350592700000003,3.3166496600000004,24.66,1015.228
1789473130,3.76570551,3.3444746600000004,24.65,1015.221
1789473140,3.7729163900000002,3.3511526600000003,24.68,1015.215
1789473150,3.7783245500000002,3.35671766,24.66,1015.219
1789473160,3.78914087,3.3645086600000003,24.65,1015.221
1789473170,3.78192999,3.3589436600000004,24.66,1015.222
1789473180,3.7729163900000002,3.3511526600000003,24.66,1015.221
1789473190,3.77652183,3.3544916600000003,24.66,1015.218
1789473200,3.7675082300000002,3.3444746600000004,24.66,1015.212
1789473210,3.7639027900000004,3.3422486600000005,24.65,1015.211
1789473220,3.7566919100000002,3.3366836600000003,24.68,1015.208
1789473230,3.74767831,3.3277796600000005,24.68,1015.204
1789473240,3.73866471,3.3211016600000005,24.65,1015.206
1789473250,3.69359671,3.27992066,24.69,1015.222
1789473260,3.6863858300000003,3.27324266,24.68,1015.207
1789473270,3.68999127,3.27658166,24.68,1015.208
1789473280,3.69900487,3.2843726600000003,24.69,1015.201
1789473290,3.66655591,3.2532086600000003,24.68,1015.239
1789473300,3.65573959,3.2443046600000005,24.69,1015.212
1789473310,3.69900487,3.28325966,24.71,1015.211
1789473320,3.65213415,3.2409656600000005,24.69,1015.244
1789473330,3.56920903,3.1663946600000004,24.71,1015.211
1789473340,3.53676007,3.1363436600000005,24.71,1015.216
1789473350,3.52414103,3.1274396600000003,24.68,1015.21
1789473360,3.52954919,3.1318916600000004,24.69,1015.205
1789473370,3.52594375,3.1285526600000004,24.69,1015.228
1789473380,3.52414103,3.1274396600000003,24.65,1015.192
1789473390,3.51873287,3.12298766,24.69,1015.174
1789473400,3.52053559,3.12298766,24.69,1015.179
1789473410,3.5115219900000003,3.1151966600000005,24.69,1015.173
1789473420,3.52414103,3.1274396600000003,24.68,1015.173
1789473430,3.52954919,3.1318916600000004,24.69,1015.171
1789473440,3.51512743,3.11964866,24.69,1015.172
1789473450,3.5169301500000003,3.1207616600000003,24.68,1015.176
1789473460,3.5385627900000003,3.14079566,24.71,1015.173
1789473470,3.52954919,3.13300466,24.69,1015.157
1789473480,3.52053559,3.1241006600000003,24.71,1015.162
1789473490,3.5656035900000003,3.16528166,24.68,1015.16
1789473500,3.6088688700000002,3.20312366,24.65,1015.166
1789473510,3.6431205500000003,3.2354006600000003,24.64,1015.171
1789473520,3.65754231,3.2476436600000005,24.65,1015.169
1789473530,3.6647531900000003,3.2532086600000003,24.64,1015.161
1789473540,3.62509335,3.21759266,24.65,1015.153
1789473550,3.6034607100000002,3.1986716600000005,24.65,1015.143
1789473560,3.6323042300000004,3.2231576600000005,24.64,1015.136
1789473570,3.64672599,3.2376266600000005,24.66,1015.137
1789473580,3.66295047,3.25209566,24.66,1015.134
1789473590,3.65033143,3.2420786600000002,24.64,1015.139
1789473600,3.62509335,3.21759266,24.64,1015.136
1789473610,3.5980525500000002,3.1953326600000005,24.65,1015.145
1789473620,3.5872362300000002,3.1853156600000005,24.65,1015.145
1789473630,3.57461719,3.1730726600000003,24.66,1015.146
1789473640,3.59084167,3.1875416600000004,24.66,1015.141
1789473650,3.58363079,3.18197666,24.68,1015.13
1789473660,3.58002535,3.1775246600000004,24.69,1015.124
1789473670,3.58543351,3.18197666,24.69,1015.119
1789473680,3.55839271,3.1586036600000003,24.69,1015.116
1789473690,3.51873287,3.12298766,24.71,1015.103
1789473700,3.50971927,3.1140836600000004,24.68,1015.098
1789473710,3.49890295,3.1040666600000004,24.71,1015.116
1789473720,3.49710023,3.1029536600000003,24.68,1015.125
1789473730,3.48628391,3.0940496600000005,24.71,1015.133
1789473740,3.4736648700000003,3.0829196600000004,24.69,1015.124
1789473750,3.4790730300000003,3.08848466,24.72,1015.12
1789473760,3.48808663,3.09516266,24.74,1015.136
1789473770,3.4898893500000003,3.0973886600000005,24.71,1015.13
1789473780,3.4898893500000003,3.0962756600000003,24.74,1015.142
1789473790,3.48267847,3.0895976600000004,24.74,1015.146
1789473800,3.4844811900000003,3.0907106600000005,24.72,1015.129
1789473810,3.49349479,3.0996146600000003,24.75,1015.124
1789473820,3.5223383100000003,3.1252136600000004,24.75,1015.113
1789473830,3.5331546300000003,3.1352306600000004,24.76,1015.122
1789473840,3.5439709500000003,3.1452476600000003,24.76,1015.12
1789473850,3.55839271,3.15749066,24.78,1015.131
1789473860,3.5764199100000003,3.1741856600000005,24.76,1015.134
1789473870,3.5547872700000003,3.1552646600000003,24.78,1015.142
1789473880,3.52414103,3.1274396600000003,24.75,1015.126
1789473890,3.50971927,3.1140836600000004,24.75,1015.124
1789473900,3.49890295,3.1040666600000004,24.76,1015.12
1789473910,3.49169207,3.09850166,24.76,1015.119
1789473920,3.49169207,3.0973886600000005,24.76,1015.108
1789473930,3.49349479,3.09850166,24.76,1015.13
1789473940,3.48267847,3.0907106600000005,24.76,1015.131
1789473950,3.4898893500000003,3.0962756600000003,24.75,1015.125
1789473960,3.47546759,3.0840326600000005,24.75,1015.118
1789473970,3.47005943,3.0795806600000004,24.74,1015.111
1789473980,3.47186215,3.08069366,24.74,1015.099
1789473990,3.47186215,3.08069366,24.72,1015.097
1789474000,3.4736648700000003,3.0818066600000003,24.75,1015.11
1789474010,3.47546759,3.0840326600000005,24.72,1015.124
1789474020,3.4682567100000004,3.07735466,24.72,1015.14
1789474030,3.4790730300000003,3.0873716600000005,24.72,1015.154
1789474040,3.48267847,3.0907106600000005,24.74,1015.124
1789474050,3.48628391,3.0940496600000005,24.74,1015.113
1789474060,3.47546759,3.0851456600000002,24.72,1015.114
1789474070,3.48267847,3.09182366,24.76,1015.114
1789474080,3.51332471,3.1185356600000005,24.76,1015.124
1789474090,3.50791655,3.1129706600000002,24.76,1015.102
1789474100,3.50250839,3.1074056600000004,24.72,1015.096
1789474110,3.5169301500000003,3.1218746600000005,24.75,1015.091
1789474120,3.5385627900000003,3.14079566,24.75,1015.067
1789474130,3.5385627900000003,3.1396826600000005,24.75,1015.078
1789474140,3.5277464700000003,3.1307786600000003,24.76,1015.079
1789474150,3.5169301500000003,3.1218746600000005,24.76,1015.064
1789474160,3.53676007,3.1396826600000005,24.74,1015.064
1789474170,3.52594375,3.12966566,24.75,1015.061
1789474180,3.5331546300000003,3.1363436600000005,24.76,1015.048
1789474190,3.5385627900000003,3.14079566,24.78,1015.042
1789474200,3.51512743,3.11964866,24.78,1015.039
1789474210,3.49169207,3.0996146600000003,24.76,1015.044
1789474220,3.4790730300000003,3.0873716600000005,24.74,1015.037
1789474230,3.47727031,3.0862586600000004,24.76,1015.027
1789474240,3.4790730300000003,3.0873716600000005,24.74,1015.026
1789474250,3.47005943,3.0795806600000004,24.75,1015.03
1789474260,3.49169207,3.09850166,24.75,1015.028
1789474270,3.5601954300000003,3.1597166600000004,24.75,1015.034
1789474280,3.6323042300000004,3.22427066,24.75,1015.037
1789474290,3.7026103100000003,3.2877116600000003,24.75,1015.04
1789474300,3.72784839,3.31108466,24.75,1015.048
1789474310,3.7729163900000002,3.3511526600000003,24.74,1015.051
1789474320,3.7855354300000004,3.3622826600000004,24.75,1015.039
1789474330,3.7296511100000003,3.3121976600000003,24.76,1015.032
1789474340,3.70441303,3.2888246600000004,24.75,1015.035
1789474350,3.6863858300000003,3.27324266,24.75,1015.033
1789474360,3.64492327,3.2365136600000004,24.74,1015.029
1789474370,3.59624983,3.1919936600000005,24.76,1015.035
1789474380,3.55839271,3.15749066,24.78,1015.033
1789474390,3.54036551,3.1419086600000004,24.78,1015.042
1789474400,3.53135191,3.1341176600000002,24.76,1015.024
1789474410,3.5169301500000003,3.1207616600000003,24.76,1015.007
1789474420,3.50971927,3.1140836600000004,24.76,1014.99
1789474430,3.48267847,3.0895976600000004,24.76,1014.99
1789474440,3.48808663,3.0940496600000005,24.78,1014.998
1789474450,3.49710023,3.1029536600000003,24.75,1015.007
1789474460,3.5169301500000003,3.11964866,24.76,1015.008
1789474470,3.52594375,3.1285526600000004,24.79,1015.003
1789474480,3.57281447,3.17195966,24.79,1014.999
1789474490,3.5764199100000003,3.17529866,24.75,1014.985
1789474500,3.50971927,3.1140836600000004,24.76,1014.984
1789474510,3.48628391,3.0940496600000005,24.75,1014.983
1789474520,3.49890295,3.10517966,24.75,1014.976
1789474530,3.55118183,3.1519256600000003,24.75,1014.969
1789474540,3.58543351,3.1830896600000003,24.76,1014.964
1789474550,3.59624983,3.1919936600000005,24.74,1014.966
1789474560,3.57461719,3.1730726600000003,24.75,1014.962
1789474570,3.5818280700000003,3.17863766,24.75,1014.969
1789474580,3.5998552700000004,3.1953326600000005,24.76,1014.974
1789474590,3.60165799,3.1975586600000003,24.75,1014.981
1789474600,3.61247431,3.2086886600000004,24.75,1014.985
1789474610,3.5998552700000004,3.1975586600000003,24.75,1014.984
1789474620,3.5998552700000004,3.1953326600000005,24.76,1014.967
1789474630,3.6106715900000004,3.2053496600000004,24.72,1014.962
1789474640,3.62509335,3.2187056600000004,24.74,1014.957
1789474650,3.58543351,3.1830896600000003,24.75,1014.965
1789474660,3.5926443900000002,3.1908806600000004,24.72,1014.975
1789474670,3.5890389500000004,3.1864286600000002,24.74,1014.977
1789474680,3.5601954300000003,3.1608296600000005,24.72,1014.985
1789474690,3.53676007,3.1396826600000005,24.75,1014.988
1789474700,3.5277464700000003,3.1318916600000004,24.75,1015.002
1789474710,3.5601954300000003,3.1608296600000005,24.74,1015.017
1789474720,3.62869879,3.22427066,24.79,1015.009
1789474730,3.71162391,3.29772866,24.76,1014.994
1789474740,3.75488919,3.33557066,24.76,1014.992
1789474750,3.7909435900000004,3.3678476600000002,24.78,1014.988
1789474760,3.7783245500000002,3.3578306600000003,24.75,1014.984
1789474770,3.7296511100000003,3.3133106600000004,24.78,1014.96
1789474780,3.66295047,3.2543216600000004,24.76,1014.976
1789474790,3.67737223,3.2665646600000002,24.78,1014.981
1789474800,3.7026103100000003,3.2888246600000004,24.76,1014.988
1789474810,3.72604567,3.3088586600000003,24.76,1014.988
1789474820,3.73686199,3.3199886600000004,24.76,1014.981
1789474830,3.79815447,3.3734126600000005,24.78,1014.979
1789474840,3.81618167,3.3889946600000003,24.81,1014.984
1789474850,3.7729163900000002,3.3489266600000005,24.81,1014.97
1789474860,3.7404674300000003,3.3211016600000005,24.81,1014.957
1789474870,3.7242429500000003,3.3066326600000004,24.82,1014.95
1789474880,3.7801272700000004,3.3578306600000003,24.82,1014.942
1789474890,3.80356263,3.37786466,24.81,1014.932
1789474900,3.8125762300000003,3.3856556600000003,24.82,1014.937
1789474910,3.81437895,3.38788166,24.82,1014.938
1789474920,3.81437895,3.38788166,24.82,1014.984
1789474930,3.81618167,3.3889946600000003,24.81,1014.959
1789474940,3.81437895,3.38788166,24.83,1014.971
1789474950,3.78733815,3.36339566,24.85,1014.962
1789474960,3.7242429500000003,3.3066326600000004,24.83,1014.949
1789474970,3.66295047,3.25209566,24.83,1014.941
1789474980,3.62329063,3.2164796600000005,24.85,1014.929
1789474990,3.6088688700000002,3.2053496600000004,24.82,1014.92
1789475000,3.63410695,3.22760966,24.85,1014.922
1789475010,3.65573959,3.24541766,24.85,1014.924
1789475020,3.6323042300000004,3.22760966,24.83,1014.929
1789475030,3.58543351,3.1853156600000005,24.83,1014.926
1789475040,3.52954919,3.1341176600000002,24.85,1014.928
1789475050,3.5007056700000003,3.1085186600000005,24.85,1014.925
1789475060,3.49890295,3.1074056600000004,24.83,1014.921
1789475070,3.47727031,3.0873716600000005,24.83,1014.913
1789475080,3.4844811900000003,3.0940496600000005,24.85,1014.909
1789475090,3.5169301500000003,3.12298766,24.83,1014.9
1789475100,3.5169301500000003,3.1241006600000003,24.83,1014.9
1789475110,3.5007056700000003,3.1096316600000002,24.83,1014.899
1789475120,3.48628391,3.09516266,24.86,1014.895
1789475130,3.49890295,3.1062926600000003,24.85,1014.891
1789475140,3.5547872700000003,3.1563776600000004,24.86,1014.884
1789475150,3.5710117500000003,3.17195966,24.83,1014.879
1789475160,3.54216823,3.1452476600000003,24.86,1014.883
1789475170,3.51512743,3.1218746600000005,24.85,1014.884
1789475180,3.50971927,3.11630966,24.85,1014.881
1789475190,3.50791655,3.1151966600000005,24.83,1014.877
1789475200,3.52954919,3.1341176600000002,24.87,1014.881
1789475210,3.5439709500000003,3.14747366,24.86,1014.874
1789475220,3.55839271,3.1608296600000005,24.87,1014.862
1789475230,3.6088688700000002,3.2053496600000004,24.85,1014.865
1789475240,3.65213415,3.2443046600000005,24.86,1014.863
1789475250,3.66655591,3.2565476600000003,24.87,1014.853
1789475260,3.64131783,3.23428766,24.86,1014.848
1789475270,3.6142770300000002,3.2109146600000003,24.87,1014.848
1789475280,3.63951511,3.2331746600000004,24.89,1014.843
1789475290,3.67196407,3.2621126600000006,24.87,1014.843
1789475300,3.71162391,3.2988416600000003,24.89,1014.844
1789475310,3.68818855,3.27658166,24.85,1014.842
1789475320,3.66655591,3.2576606600000004,24.85,1014.837
1789475330,3.68818855,3.27658166,24.85,1014.841
1789475340,3.72784839,3.31108466,24.85,1014.833
1789475350,3.7530864700000004,3.33557066,24.85,1014.835
1789475360,3.7404674300000003,3.3233276600000003,24.83,1014.826
1789475370,3.6593450300000003,3.2409656600000005,24.85,1014.842
1789475380,3.5926443900000002,3.1919936600000005,24.83,1014.82
1789475390,3.5980525500000002,3.19644566,24.79,1014.818
1789475400,3.64672599,3.2409656600000005,24.81,1014.815
1789475410,3.73145383,3.3177626600000005,24.79,1014.854
1789475420,3.7693109500000004,3.35003966,24.79,1014.855
1789475430,3.7783245500000002,3.3578306600000003,24.81,1014.861
1789475440,3.79274631,3.3711866600000002,24.82,1014.884
1789475450,3.7963517500000004,3.37452566,24.82,1014.852
1789475460,3.79274631,3.3711866600000002,24.81,1014.819
1789475470,3.7909435900000004,3.3689606600000004,24.81,1014.834
1789475480,3.80356263,3.3800906600000005,24.79,1014.845
1789475490,3.81077351,3.38788166,24.79,1014.892
1789475500,3.81077351,3.38788166,24.79,1014.854
1789475510,3.81077351,3.3867686600000004,24.81,1014.858
1789475520,3.81077351,3.38788166,24.79,1014.863
1789475530,3.81077351,3.38788166,24.78,1014.859
1789475540,3.8071680700000003,3.38454266,24.78,1014.838
1789475550,3.79454903,3.3711866600000002,24.79,1014.834
1789475560,3.79815447,3.37452566,24.79,1014.851
1789475570,3.79995719,3.3767516600000005,24.81,1014.837
1789475580,3.79815447,3.3756386600000003,24.81,1014.848
1789475590,3.80536535,3.3823166600000003,24.79,1014.854
1789475600,3.80897079,3.3867686600000004,24.78,1014.868
1789475610,3.81077351,3.38788166,24.79,1014.875
1789475620,3.80356263,3.38120366,24.75,1014.866
1789475630,3.7963517500000004,3.3756386600000003,24.72,1014.856
1789475640,3.8017599100000004,3.3789776600000003,24.74,1014.828
1789475650,3.8017599100000004,3.3800906600000005,24.75,1014.834
1789475660,3.80897079,3.3867686600000004,24.75,1014.835
1789475670,3.80356263,3.3823166600000003,24.76,1014.827
1789475680,3.79274631,3.3711866600000002,24.79,1014.801
1789475690,3.7566919100000002,3.3377966600000004,24.78,1014.802
1789475700,3.73866471,3.3211016600000005,24.79,1014.792
1789475710,3.69900487,3.2854856600000004,24.79,1014.783
1789475720,3.67917495,3.2676776600000004,24.81,1014.779
1789475730,3.70080759,3.28659866,24.81,1014.767
1789475740,3.69900487,3.2854856600000004,24.82,1014.76
1789475750,3.74227015,3.3233276600000003,24.81,1014.757
1789475760,3.7693109500000004,3.3489266600000005,24.81,1014.752
1789475770,3.78914087,3.3667346600000005,24.81,1014.751
1789475780,3.79995719,3.37786466,24.81,1014.748
1789475790,3.80356263,3.3789776600000003,24.82,1014.755
1789475800,3.79454903,3.3722996600000004,24.79,1014.75
1789475810,3.79454903,3.3734126600000005,24.82,1014.755
1789475820,3.7566919100000002,3.3389096600000006,24.82,1014.746
1789475830,3.7350592700000003,3.3188756600000002,24.79,1014.758
1789475840,3.73325655,3.3166496600000004,24.81,1014.765
1789475850,3.76029735,3.3400226600000003,24.81,1014.74
1789475860,3.7621000700000002,3.3433616600000002,24.82,1014.792
1789475870,3.7530864700000004,3.3344576600000004,24.79,1014.804
1789475880,3.7783245500000002,3.3589436600000004,24.81,1014.775
1789475890,3.7909435900000004,3.3689606600000004,24.79,1014.76
1789475900,3.77652183,3.35671766,24.81,1014.759
1789475910,3.7693109500000004,3.3489266600000005,24.82,1014.748
1789475920,3.7693109500000004,3.3489266600000005,24.79,1014.756
1789475930,3.7584946300000004,3.3400226600000003,24.78,1014.739
1789475940,3.7242429500000003,3.3099716600000004,24.79,1014.749
1789475950,3.74407287,3.32555366,24.79,1014.739
1789475960,3.75488919,3.33557066,24.81,1014.743
1789475970,3.74407287,3.32555366,24.81,1014.737
1789475980,3.74407287,3.32555366,24.81,1014.749
1789475990,3.7458755900000003,3.3266666600000003,24.81,1014.75
1789476000,3.73145383,3.3144236600000005,24.78,1014.73
1789476010,3.73325655,3.3155366600000002,24.78,1014.75
1789476020,3.7566919100000002,3.3366836600000003,24.81,1014.729
1789476030,3.7693109500000004,3.3478136600000004,24.79,1014.733
1789476040,3.76029735,3.3400226600000003,24.76,1014.726
1789476050,3.74767831,3.32889266,24.79,1014.733
1789476060,3.7296511100000003,3.3133106600000004,24.78,1014.747
1789476070,3.70080759,3.28659866,24.79,1014.74
1789476080,3.69900487,3.2854856600000004,24.79,1014.734
1789476090,3.70621575,3.2910506600000002,24.79,1014.723
1789476100,3.72784839,3.31108466,24.82,1014.726
1789476110,3.73325655,3.3166496600000004,24.81,1014.72
1789476120,3.73866471,3.3211016600000005,24.79,1014.731
1789476130,3.76029735,3.3400226600000003,24.78,1014.737
1789476140,3.7458755900000003,3.3277796600000005,24.79,1014.743
1789476150,3.7404674300000003,3.3233276600000003,24.76,1014.729
1789476160,3.73686199,3.3199886600000004,24.76,1014.722
1789476170,3.71162391,3.29772866,24.76,1014.71
1789476180,3.70982119,3.2955026600000004,24.76,1014.699
1789476190,3.70441303,3.2910506600000002,24.76,1014.698
1789476200,3.7026103100000003,3.2899376600000005,24.75,1014.708
1789476210,3.6972021500000003,3.2843726600000003,24.75,1014.693
1789476220,3.69359671,3.2810336600000003,24.75,1014.681
1789476230,3.67737223,3.2665646600000002,24.74,1014.669
1789476240,3.65573959,3.24875666,24.71,1014.679
1789476250,3.7080184700000003,3.2955026600000004,24.72,1014.753
1789476260,3.72244023,3.3066326600000004,24.74,1014.73
1789476270,3.7404674300000003,3.3233276600000003,24.72,1014.709
1789476280,3.7296511100000003,3.3144236600000005,24.74,1014.698
1789476290,3.70621575,3.2921636600000004,24.69,1014.687
1789476300,3.66295047,3.2543216600000004,24.72,1014.682
1789476310,3.67376679,3.2643386600000004,24.74,1014.695
1789476320,3.6268960700000004,0.44399666000000004,24.71,1014.705
1789476330,3.62869879,0.43620566,24.71,1014.691
1789476340,3.5944471100000004,0.43064066,24.71,1014.69
1789476350,3.5998552700000004,0.43064066,24.71,1014.674
1789476360,3.58002535,0.42952766000000003,24.69,1014.672
1789476370,3.59084167,0.43175366000000004,24.71,1014.664
1789476380,3.6034607100000002,0.43397966000000004,24.71,1014.66
1789476390,3.6088688700000002,0.43509266,24.72,1014.656
1789476400,3.6034607100000002,0.43620566,24.75,1014.644
1789476410,3.6160797500000004,0.43731866,24.74,1014.669
1789476420,3.6214879100000004,0.43954466000000003,24.71,1014.677
1789476430,3.5926443900000002,0.43731866,24.72,1014.68
1789476440,3.5818280700000003,0.43731866,24.74,1014.685
1789476450,3.5818280700000003,0.43954466000000003,24.74,1014.674
1789476460,3.58002535,0.43954466000000003,24.72,1014.675
1789476470,3.5710117500000003,0.43954466000000003,24.75,1014.669
1789476480,3.57281447,0.44065766,24.76,1014.67
1789476490,3.56199815,0.44065766,24.74,1014.667
1789476500,3.56199815,0.44177066000000004,24.72,1014.659
1789476510,3.54216823,0.44065766,24.75,1014.66
1789476520,3.5547872700000003,0.44288366,24.75,1014.65
1789476530,3.5547872700000003,0.44288366,24.74,1014.662
1789476540,3.54757639,0.44288366,24.74,1014.705
1789476550,3.55658999,0.44510966,24.74,1014.649
1789476560,3.53135191,0.44399666000000004,24.74,1014.67
1789476570,3.53495735,0.44510966,24.75,1014.672
1789476580,3.53135191,0.44510966,24.74,1014.687
1789476590,3.52594375,0.44622266,24.75,1014.655
1789476600,3.51873287,0.44510966,24.74,1014.666
1789476610,3.52954919,0.44622266,24.74,1014.661
1789476620,3.53135191,0.44733566,24.76,1014.641
1789476630,3.52053559,0.44733566,24.75,1014.632
1789476640,3.52053559,0.44844866,24.76,1014.643
1789476650,3.5277464700000003,0.44844866,24.76,1014.651
1789476660,3.55658999,0.45178766000000004,24.78,1014.592
1789476670,3.5439709500000003,0.45178766000000004,24.76,1014.577
1789476680,3.52594375,0.45067466,24.78,1014.577
1789476690,3.51332471,0.45178766000000004,24.79,1014.562
1789476700,3.50971927,0.45290066,24.79,1014.556
1789476710,3.50971927,0.45401366000000004,24.79,1014.554
1789476720,3.50971927,0.45401366000000004,24.78,1014.562
1789476730,3.5115219900000003,0.45401366000000004,24.81,1014.571
1789476740,3.5223383100000003,0.45735266,24.79,1014.567
1789476750,3.52594375,0.45846566,24.81,1014.546
1789476760,3.52594375,0.45846566,24.83,1014.541
1789476770,3.52594375,0.45846566,24.81,1014.534
1789476780,3.5223383100000003,0.45957866,24.82,1014.528
1789476790,3.53495735,0.46180466000000003,24.81,1014.535
1789476800,3.54216823,0.46180466000000003,24.81,1014.543
1789476810,3.53135191,0.45957866,24.82,1014.543
1789476820,3.52594375,0.45735266,24.86,1014.571
1789476830,3.5223383100000003,0.45846566,24.85,1014.522
1789476840,3.51873287,0.45735266,24.85,1014.531
1789476850,3.5223383100000003,0.45735266,24.85,1014.531
1789476860,3.5277464700000003,0.45735266,24.85,1014.538
1789476870,3.5277464700000003,0.45735266,24.85,1014.556
1789476880,3.53495735,0.45735266,24.85,1014.536
1789476890,3.53676007,0.45957866,24.85,1014.51
1789476900,3.54036551,0.45957866,24.85,1014.505
1789476910,3.5439709500000003,0.45957866,24.85,1014.531
1789476920,3.54577367,0.45957866,24.83,1014.538
1789476930,3.54216823,0.45957866,24.85,1014.544
1789476940,3.54036551,0.46069166,24.87,1014.541
1789476950,3.5385627900000003,0.46069166,24.85,1014.53
1789476960,3.5439709500000003,0.46180466000000003,24.85,1014.527
1789476970,3.5493791100000003,0.46291766,24.83,1014.517
1789476980,3.5493791100000003,0.46403066000000004,24.83,1014.514
1789476990,3.5547872700000003,0.46514366,24.85,1014.505
1789477000,3.55658999,0.46514366,24.87,1014.543
1789477010,3.55658999,0.46514366,24.87,1014.49
1789477020,3.55298455,0.46514366,24.85,1014.536
1789477030,3.54577367,0.46291766,24.83,1014.492
1789477040,3.5998552700000004,3.2142536600000002,24.83,1014.494
1789477050,3.5998552700000004,3.2008976600000003,24.82,1014.495
1789477060,3.6052634300000004,3.2042366600000003,24.83,1014.493
1789477070,3.60706615,3.2075756600000003,24.82,1014.466
1789477080,3.6052634300000004,3.2053496600000004,24.83,1014.46
1789477090,3.6106715900000004,3.2086886600000004,24.83,1014.466
1789477100,3.5980525500000002,3.1986716600000005,24.82,1014.473
1789477110,3.6034607100000002,3.20312366,24.81,1014.473
1789477120,3.6052634300000004,3.2053496600000004,24.82,1014.488
1789477130,3.60706615,3.20646266,24.82,1014.473
1789477140,3.6106715900000004,3.20980166,24.85,1014.474
1789477150,3.6160797500000004,3.2153666600000004,24.85,1014.475
1789477160,3.61968519,3.21759266,24.85,1014.467
1789477170,3.61968519,3.21759266,24.85,1014.458
1789477180,3.6214879100000004,3.2187056600000004,24.86,1014.458
1789477190,3.62329063,3.2198186600000005,24.85,1014.451
1789477200,3.62329063,3.2220446600000003,24.83,1014.491
1789477210,3.61968519,3.21759266,24.85,1014.443
1789477220,3.6160797500000004,3.2153666600000004,24.83,1014.481
1789477230,3.6160797500000004,3.2142536600000002,24.83,1014.431
1789477240,3.61968519,3.2187056600000004,24.82,1014.433
1789477250,3.6214879100000004,3.2198186600000005,24.85,1014.43
1789477260,3.62329063,3.22093166,24.83,1014.431
1789477270,3.62509335,3.2220446600000003,24.85,1014.431
1789477280,3.62329063,3.22093166,24.83,1014.43
1789477290,3.62509335,3.2231576600000005,24.83,1014.419
1789477300,3.63050151,3.2264966600000005,24.83,1014.419
1789477310,3.6323042300000004,3.2287226600000003,24.86,1014.423
1789477320,3.6323042300000004,3.2287226600000003,24.85,1014.419
1789477330,3.63590967,3.2320616600000003,24.87,1014.469
1789477340,3.63590967,3.2320616600000003,24.87,1014.42
1789477350,3.6431205500000003,3.2376266600000005,24.85,1014.433
1789477360,3.6431205500000003,3.2387396600000002,24.85,1014.429
1789477370,3.64131783,3.2365136600000004,24.86,1014.41
1789477380,3.63590967,3.2320616600000003,24.83,1014.403
1789477390,3.63590967,3.2331746600000004,24.83,1014.403
1789477400,3.6377123900000004,3.2331746600000004,24.85,1014.407
1789477410,3.6377123900000004,3.23428766,24.83,1014.408
1789477420,3.6377123900000004,3.23428766,24.83,1014.415
1789477430,3.6377123900000004,3.2331746600000004,24.83,1014.408
1789477440,3.63590967,3.2331746600000004,24.85,1014.404
1789477450,3.6377123900000004,3.23428766,24.85,1014.395
1789477460,3.63951511,3.2354006600000003,24.82,1014.385
1789477470,3.63951511,3.2354006600000003,24.82,1014.368
1789477480,3.64131783,3.2365136600000004,24.82,1014.358
1789477490,3.64131783,3.2376266600000005,24.81,1014.361
1789477500,3.63951511,3.2354006600000003,24.81,1014.363
1789477510,3.64131783,3.2376266600000005,24.79,1014.361
1789477520,3.64492327,3.2398526600000004,24.79,1014.354
1789477530,3.64492327,3.2409656600000005,24.81,1014.348
1789477540,3.64672599,3.2420786600000002,24.81,1014.364
1789477550,3.65573959,3.2509826600000005,24.81,1014.369
1789477560,3.66655591,3.2598866600000003,24.82,1014.421
1789477570,3.66295047,3.2576606600000004,24.82,1014.358
1789477580,3.65213415,3.2465306600000003,24.83,1014.365
1789477590,3.64672599,3.2431916600000004,24.79,1014.371
1789477600,3.64672599,3.2431916600000004,24.79,1014.369
1789477610,3.6485287100000003,3.2443046600000005,24.81,1014.341
1789477620,3.64492327,3.2420786600000002,24.78,1014.347
1789477630,3.65033143,3.24541766,24.79,1014.353
1789477640,3.65033143,3.24541766,24.78,1014.369
1789477650,3.6539368700000003,3.2498696600000003,24.79,1014.369
1789477660,3.6539368700000003,3.2498696600000003,24.78,1014.37
1789477670,3.65754231,3.25209566,24.79,1014.357
1789477680,3.66114775,3.2543216600000004,24.81,1014.339
1789477690,3.65754231,3.25209566,24.79,1014.333
1789477700,3.6593450300000003,3.2543216600000004,24.79,1014.328
1789477710,3.65573959,3.2509826600000005,24.79,1014.324
1789477720,3.6539368700000003,3.24875666,24.78,1014.322
1789477730,3.66114775,3.2543216600000004,24.79,1014.32
1789477740,3.66835863,3.2609996600000004,24.82,1014.322
1789477750,3.66835863,3.2609996600000004,24.79,1014.333
1789477760,3.67737223,3.2687906600000005,24.83,1014.305
1789477770,3.6917939900000003,3.2821466600000004,24.83,1014.305
1789477780,3.6972021500000003,3.28659866,24.81,1014.297
1789477790,3.70621575,3.2955026600000004,24.81,1014.305
1789477800,3.70621575,3.29438966,24.82,1014.312
1789477810,3.69539943,3.2854856600000004,24.81,1014.349
1789477820,3.68458311,3.2754686600000005,24.83,1014.331
1789477830,3.67737223,3.26990366,24.81,1014.276
1789477840,3.67917495,3.2710166600000004,24.81,1014.277
1789477850,3.67376679,3.2654516600000005,24.82,1014.27
1789477860,3.68458311,3.2754686600000005,24.82,1014.266
1789477870,3.68818855,3.2788076600000005,24.86,1014.289
1789477880,3.69359671,3.28325966,24.82,1014.291
1789477890,3.70080759,3.2899376600000005,24.85,1014.284
1789477900,3.69359671,3.28325966,24.83,1014.283
1789477910,3.69539943,3.28325966,24.82,1014.266
1789477920,3.69539943,3.2843726600000003,24.85,1014.257
1789477930,3.7026103100000003,3.2921636600000004,24.83,1014.251
1789477940,3.69900487,3.2877116600000003,24.86,1014.238
1789477950,3.6809776700000003,3.27324266,24.85,1014.238
1789477960,3.68458311,3.2743556600000003,24.83,1014.247
1789477970,3.67376679,3.2654516600000005,24.85,1014.245
1789477980,3.6647531900000003,3.2576606600000004,24.83,1014.251
1789477990,3.66295047,3.2565476600000003,24.85,1014.259
1789478000,3.66295047,3.25543466,24.86,1014.267
1789478010,3.66114775,3.2543216600000004,24.87,1014.249
1789478020,3.6647531900000003,3.2565476600000003,24.85,1014.249
1789478030,3.66835863,3.2609996600000004,24.86,1014.268
1789478040,3.6647531900000003,3.2576606600000004,24.85,1014.275
1789478050,3.6647531900000003,3.2576606600000004,24.86,1014.272
1789478060,3.6647531900000003,3.2565476600000003,24.85,1014.262
1789478070,3.6647531900000003,3.25543466,24.86,1014.252
1789478080,3.66655591,3.2576606600000004,24.85,1014.219
1789478090,3.66835863,3.2598866600000003,24.83,1014.206
1789478100,3.6701613500000003,3.2609996600000004,24.85,1014.225
1789478110,3.67196407,3.2632256600000002,24.85,1014.231
1789478120,3.67737223,3.2665646600000002,24.85,1014.215
1789478130,3.6809776700000003,3.2721296600000005,24.87,1014.204
1789478140,3.67917495,3.26990366,24.85,1014.213
1789478150,3.68999127,3.27992066,24.85,1014.219
1789478160,3.70080759,3.2888246600000004,24.86,1014.228
1789478170,3.70080759,3.2899376600000005,24.86,1014.226
1789478180,3.6863858300000003,3.2776946600000003,24.86,1014.234
1789478190,3.68818855,3.2776946600000003,24.86,1014.247
1789478200,3.69539943,3.2843726600000003,24.87,1014.258
1789478210,3.70441303,3.2932766600000005,24.86,1014.259
1789478220,3.7134266300000003,3.2999546600000005,24.89,1014.26
1789478230,3.70982119,3.29772866,24.9,1014.255
1789478240,3.70621575,3.29438966,24.9,1014.257
1789478250,3.7026103100000003,3.2910506600000002,24.9,1014.243
1789478260,3.6972021500000003,3.28659866,24.9,1014.233
1789478270,3.6972021500000003,3.28659866,24.93,1014.224
1789478280,3.70621575,3.29438966,24.9,1014.218
1789478290,3.7188347900000003,3.3055196600000003,24.9,1014.224
1789478300,3.72784839,3.3133106600000004,24.93,1014.218
1789478310,3.73145383,3.3166496600000004,24.92,1014.209
1789478320,3.74227015,3.3266666600000003,24.92,1014.202
1789478330,3.7512837500000002,3.33557066,24.92,1014.193
1789478340,3.7675082300000002,3.3478136600000004,24.93,1014.182
1789478350,3.7783245500000002,3.3578306600000003,24.93,1014.175
1789478360,3.78373271,3.3611696600000003,24.92,1014.168
1789478370,3.77111367,3.3511526600000003,24.93,1014.165
1789478380,3.7693109500000004,3.3489266600000005,24.93,1014.157
1789478390,3.77652183,3.35671766,24.92,1014.151
1789478400,3.7747191100000004,3.3556046600000005,24.96,1014.147
1789478410,3.77111367,3.3511526600000003,24.93,1014.131
1789478420,3.76029735,3.3411356600000004,24.93,1014.111
1789478430,3.7584946300000004,3.3389096600000006,24.9,1014.087
1789478440,3.76029735,3.3411356600000004,24.89,1014.084
1789478450,3.80356263,3.3800906600000005,24.89,1014.078
1789478460,3.82158983,3.3956726600000002,24.92,1014.08
1789478470,3.81618167,3.3901076600000004,24.9,1014.084
1789478480,3.81437895,3.38788166,24.92,1014.083
1789478490,3.8179843900000003,3.3912206600000006,24.92,1014.076
1789478500,3.81077351,3.3856556600000003,24.97,1014.089
1789478510,3.8017599100000004,3.3789776600000003,24.95,1014.083
1789478520,3.8071680700000003,3.3823166600000003,24.96,1014.085
1789478530,3.8125762300000003,3.38788166,24.9,1014.078
1789478540,3.81437895,3.3889946600000003,24.93,1014.073
1789478550,3.81618167,3.3912206600000006,24.92,1014.071
1789478560,3.8179843900000003,3.3934466600000004,24.92,1014.068
1789478570,3.81618167,3.3912206600000006,24.95,1014.081
1789478580,3.81437895,3.3889946600000003,24.95,1014.081
1789478590,3.80897079,3.3834296600000004,24.95,1014.137
1789478600,3.80897079,3.3834296600000004,24.96,1014.078
1789478610,3.8179843900000003,3.3912206600000006,24.96,1014.077
1789478620,3.81437895,3.38788166,24.97,1014.066
1789478630,3.8179843900000003,3.3923336600000003,24.99,1014.06
1789478640,3.8179843900000003,3.3923336600000003,24.99,1014.053
1789478650,3.8125762300000003,3.38788166,24.96,1014.042
1789478660,3.80897079,3.3834296600000004,24.97,1014.045
1789478670,3.81077351,3.3867686600000004,24.97,1014.036
1789478680,3.8179843900000003,3.3912206600000006,24.99,1014.037
1789478690,3.8179843900000003,3.3923336600000003,24.99,1014.041
1789478700,3.8179843900000003,3.3923336600000003,24.97,1014.037
1789478710,3.81978711,3.3934466600000004,24.97,1014.043
1789478720,3.8179843900000003,3.3923336600000003,25.0,1014.052
1789478730,3.8179843900000003,3.3901076600000004,24.99,1014.064
1789478740,3.81077351,3.3834296600000004,24.99,1014.056
1789478750,3.81077351,3.38454266,25.02,1014.053
1789478760,3.80356263,3.3789776600000003,24.99,1014.054
1789478770,3.79454903,3.3711866600000002,24.99,1014.043
1789478780,3.7909435900000004,3.3678476600000002,25.05,1014.05
1789478790,3.78373271,3.3611696600000003,25.02,1014.047
1789478800,3.7801272700000004,3.3589436600000004,25.05,1014.036
1789478810,3.7909435900000004,3.3667346600000005,25.03,1014.047
1789478820,3.79995719,3.3734126600000005,25.06,1014.045
1789478830,3.8017599100000004,3.3756386600000003,25.05,1014.047
1789478840,3.80536535,3.3789776600000003,25.02,1014.066
1789478850,3.8179843900000003,3.3912206600000006,25.02,1014.078
1789478860,3.82158983,3.3945596600000005,25.05,1014.073
1789478870,3.8233925500000003,3.3967856600000004,25.03,1014.069
1789478880,3.8233925500000003,3.3956726600000002,25.02,1014.061
1789478890,3.8179843900000003,3.3912206600000006,25.03,1014.069
1789478900,3.8125762300000003,3.3856556600000003,25.02,1014.072
1789478910,3.80536535,3.3800906600000005,25.03,1014.087
1789478920,3.80536535,3.3789776600000003,25.05,1014.082
1789478930,3.8125762300000003,3.3856556600000003,25.06,1014.078
1789478940,3.80897079,3.3834296600000004,25.08,1014.074
1789478950,3.81618167,3.3889946600000003,25.08,1014.103
1789478960,3.81978711,3.3923336600000003,25.09,1014.039
1789478970,3.82158983,3.3934466600000004,25.09,1014.038
1789478980,3.81978711,3.3923336600000003,25.1,1014.034
1789478990,3.81618167,3.3889946600000003,25.1,1014.043
1789479000,3.81978711,3.3923336600000003,25.09,1014.054
1789479010,3.82158983,3.3923336600000003,25.1,1014.053
1789479020,3.82158983,3.3934466600000004,25.1,1014.052
1789479030,3.8233925500000003,3.3956726600000002,25.09,1014.049
1789479040,3.82519527,3.3956726600000002,25.1,1014.051
1789479050,3.82519527,3.3956726600000002,25.12,1014.043
1789479060,3.82519527,3.3956726600000002,25.12,1014.046
1789479070,3.8233925500000003,3.3934466600000004,25.12,1014.041
1789479080,3.81978711,3.3901076600000004,25.13,1014.075
1789479090,3.82519527,3.3967856600000004,25.12,1014.026
1789479100,3.82519527,3.3956726600000002,25.12,1014.019
1789479110,3.82699799,3.3967856600000004,25.1,1014.02
1789479120,3.82519527,3.3967856600000004,25.12,1014.014
1789479130,3.82699799,3.3978986600000005,25.12,1013.998
1789479140,3.82699799,3.3978986600000005,25.13,1013.995
1789479150,3.82519527,3.3956726600000002,25.1,1013.996
1789479160,3.82519527,3.3967856600000004,25.1,1013.989
1789479170,3.8233925500000003,3.3934466600000004,25.1,1013.991
1789479180,3.82519527,3.3956726600000002,25.1,1014.006
1789479190,3.8288007100000003,3.4012376600000005,25.09,1014.02
1789479200,3.82519527,3.3978986600000005,25.09,1014.02
1789479210,3.8288007100000003,3.4001246600000004,25.1,1014.015
1789479220,3.82519527,3.3967856600000004,25.1,1014.012
1789479230,3.81618167,3.3889946600000003,25.08,1014.008
1789479240,3.80897079,3.3823166600000003,25.12,1013.995
1789479250,3.79454903,3.3678476600000002,25.12,1014.0
1789479260,3.77652183,3.3511526600000003,25.09,1013.991
1789479270,3.76029735,3.3366836600000003,25.13,1013.985
1789479280,3.7675082300000002,3.3444746600000004,25.12,1013.983
1789479290,3.76570551,3.3433616600000002,25.12,1013.974
1789479300,3.76570551,3.3433616600000002,25.15,1013.971
1789479310,3.7639027900000004,3.3411356600000004,25.15,1013.972
1789479320,3.77111367,3.3478136600000004,25.12,1013.967
1789479330,3.78914087,3.3645086600000003,25.16,1013.973
1789479340,3.8071680700000003,3.37786466,25.15,1013.98
1789479350,3.8179843900000003,3.3889946600000003,25.15,1013.972
1789479360,3.8233925500000003,3.3945596600000005,25.15,1013.994
1789479370,3.8288007100000003,3.39901166,25.15,1013.985
1789479380,3.8288007100000003,3.39901166,25.16,1013.981
1789479390,3.82699799,3.3967856600000004,25.15,1013.978
1789479400,3.8288007100000003,3.39901166,25.13,1013.975
1789479410,3.82699799,3.3978986600000005,25.16,1013.986
1789479420,3.82519527,3.3967856600000004,25.17,1013.991
1789479430,3.82519527,3.3967856600000004,25.13,1013.972
1789479440,3.82519527,3.3967856600000004,25.13,1013.988
1789479450,3.82519527,3.3956726600000002,25.15,1014.011
1789479460,3.8233925500000003,3.3945596600000005,25.13,1014.007
1789479470,3.82158983,3.3934466600000004,25.12,1014.001
1789479480,3.8233925500000003,3.3945596600000005,25.13,1014.002
1789479490,3.81978711,3.3912206600000006,25.13,1013.981
1789479500,3.78914087,3.3656216600000004,25.12,1013.977
1789479510,3.7729163900000002,3.35003966,25.15,1013.973
1789479520,3.76570551,3.3433616600000002,25.16,1013.978
1789479530,3.76570551,3.3433616600000002,25.15,1013.99
1789479540,3.7675082300000002,3.3455876600000005,25.15,1013.973
1789479550,3.77111367,3.3489266600000005,25.15,1013.963
1789479560,3.7639027900000004,3.3433616600000002,25.15,1013.958
1789479570,3.7747191100000004,3.35337866,25.15,1013.963
1789479580,3.7747191100000004,3.3522656600000005,25.15,1013.941
1789479590,3.77652183,3.3544916600000003,25.1,1013.942
1789479600,3.79274631,3.3689606600000004,25.12,1013.941
1789479610,3.80536535,3.3789776600000003,25.1,1013.929
1789479620,3.81618167,3.3889946600000003,25.1,1013.929
1789479630,3.81618167,3.3901076600000004,25.09,1013.92
1789479640,3.80897079,3.3823166600000003,25.09,1013.91
1789479650,3.80897079,3.38120366,25.06,1013.904
1789479660,3.8071680700000003,3.3800906600000005,25.08,1013.9
1789479670,3.8179843900000003,3.3912206600000006,25.08,1013.909
1789479680,3.79815447,3.3734126600000005,25.1,1013.906
1789479690,3.79454903,3.3689606600000004,25.12,1013.894
1789479700,3.8017599100000004,3.3756386600000003,25.13,1013.905
1789479710,3.79995719,3.3734126600000005,25.1,1013.916
1789479720,3.8017599100000004,3.3756386600000003,25.12,1013.936
1789479730,3.79274631,3.3678476600000002,25.13,1013.964
1789479740,3.78192999,3.3589436600000004,25.12,1013.98
1789479750,3.78373271,3.36005666,25.15,1013.979
1789479760,3.7693109500000004,3.3478136600000004,25.15,1013.982
1789479770,3.73686199,3.3188756600000002,25.15,1013.969
1789479780,3.72604567,3.3088586600000003,25.12,1013.955
1789479790,3.7404674300000003,3.32221466,25.12,1013.94
1789479800,3.7783245500000002,3.3544916600000003,25.13,1013.934
1789479810,3.78733815,3.36339566,25.12,1013.939
1789479820,3.80897079,3.3800906600000005,25.13,1013.933
1789479830,3.79995719,3.3734126600000005,25.15,1013.927
1789479840,3.7783245500000002,3.35337866,25.16,1013.912
1789479850,3.77111367,3.34670066,25.16,1013.911
1789479860,3.7801272700000004,3.3556046600000005,25.15,1013.907
1789479870,3.78373271,3.3589436600000004,25.16,1013.901
1789479880,3.78192999,3.35671766,25.15,1013.893
1789479890,3.76570551,3.3433616600000002,25.15,1013.904
1789479900,3.7675082300000002,3.3444746600000004,25.15,1013.9
1789479910,3.74407287,3.3233276600000003,25.13,1013.896
1789479920,3.7242429500000003,3.3066326600000004,25.17,1013.884
1789479930,3.7404674300000003,3.3211016600000005,25.16,1013.88
1789479940,3.75488919,3.3333446600000003,25.17,1013.879
1789479950,3.7621000700000002,3.3400226600000003,25.12,1013.878
1789479960,3.76570551,3.3422486600000005,25.13,1013.87
1789479970,3.7675082300000002,3.3444746600000004,25.12,1013.876
1789479980,3.7621000700000002,3.3389096600000006,25.12,1013.881
1789479990,3.77111367,3.3478136600000004,25.15,1013.864
1789480000,3.7621000700000002,3.3400226600000003,25.13,1013.856
1789480010,3.76029735,3.3389096600000006,25.15,1013.843
1789480020,3.7584946300000004,3.3366836600000003,25.13,1013.844
1789480030,3.75488919,3.3333446600000003,25.13,1013.841
1789480040,3.7530864700000004,3.3311186600000005,25.15,1013.842
1789480050,3.74948103,3.3277796600000005,25.12,1013.836
1789480060,3.74227015,3.3233276600000003,25.13,1013.844
1789480070,3.74948103,3.3300056600000003,25.13,1013.843
1789480080,3.7458755900000003,3.32555366,25.1,1013.831
1789480090,3.7458755900000003,3.32555366,25.12,1013.828
1789480100,3.74767831,3.3266666600000003,25.1,1013.815
1789480110,3.7566919100000002,3.3333446600000003,25.13,1013.816
1789480120,3.7639027900000004,3.3411356600000004,25.15,1013.827
1789480130,3.7566919100000002,3.3344576600000004,25.12,1013.841
1789480140,3.74407287,3.3233276600000003,25.12,1013.846
1789480150,3.7350592700000003,3.3155366600000002,25.13,1013.849
1789480160,3.73145383,3.3133106600000004,25.13,1013.836
1789480170,3.7404674300000003,3.3188756600000002,25.13,1013.834
1789480180,3.7621000700000002,3.3389096600000006,25.12,1013.841
1789480190,3.7458755900000003,3.32555366,25.1,1013.821
1789480200,3.73686199,3.3166496600000004,25.1,1013.819
1789480210,3.73145383,3.3121976600000003,25.1,1013.786
1789480220,3.7296511100000003,3.3099716600000004,25.12,1013.765
1789480230,3.73686199,3.3155366600000002,25.13,1013.764
1789480240,3.73325655,3.3144236600000005,25.13,1013.766
1789480250,3.7134266300000003,3.2966156600000005,25.12,1013.767
1789480260,3.72063751,3.3021806600000003,25.1,1013.791
1789480270,3.73325655,3.3144236600000005,25.09,1013.778
1789480280,3.7296511100000003,3.3099716600000004,25.09,1013.764
1789480290,3.7404674300000003,3.3199886600000004,25.1,1013.763
1789480300,3.7530864700000004,3.3311186600000005,25.08,1013.767
1789480310,3.74767831,3.3266666600000003,25.09,1013.768
1789480320,3.73325655,3.3133106600000004,25.08,1013.764
1789480330,3.7242429500000003,3.3066326600000004,25.08,1013.766
1789480340,3.71703207,3.2999546600000005,25.09,1013.765
1789480350,3.70621575,3.2899376600000005,25.08,1013.746
1789480360,3.70982119,3.2921636600000004,25.09,1013.74
1789480370,3.7080184700000003,3.2910506600000002,25.09,1013.756
1789480380,3.70621575,3.2899376600000005,25.08,1013.753
1789480390,3.71162391,3.2955026600000004,25.09,1013.762
1789480400,3.70982119,3.2932766600000005,25.12,1013.76
1789480410,3.71703207,3.2988416600000003,25.09,1013.758
1789480420,3.72784839,3.3088586600000003,25.08,1013.744
1789480430,3.7242429500000003,3.30440666,25.06,1013.747
1789480440,3.72063751,3.3021806600000003,25.05,1013.734
1789480450,3.72063751,3.3021806600000003,25.08,1013.727
1789480460,3.71162391,3.2955026600000004,25.08,1013.728
1789480470,3.71522935,3.29772866,25.05,1013.722
1789480480,3.72063751,3.3021806600000003,25.06,1013.716
1789480490,3.72244023,3.30440666,25.08,1013.727
1789480500,3.6972021500000003,3.2810336600000003,25.08,1013.715
1789480510,3.68999127,3.2743556600000003,25.09,1013.727
1789480520,3.68999127,3.2754686600000005,25.1,1013.732
1789480530,3.6972021500000003,3.27992066,25.13,1013.753
1789480540,3.69900487,3.2821466600000004,25.15,1013.729
1789480550,3.68999127,3.2754686600000005,25.12,1013.72
1789480560,3.69359671,3.2776946600000003,25.15,1013.726
1789480570,3.70441303,3.28659866,25.13,1013.706
1789480580,3.71162391,3.2932766600000005,25.13,1013.713
1789480590,3.72244023,3.3032936600000005,25.13,1013.725
1789480600,3.72784839,3.30774566,25.16,1013.725
1789480610,3.72604567,3.3055196600000003,25.15,1013.733
1789480620,3.70441303,3.2877116600000003,25.15,1013.723
1789480630,3.69359671,3.2776946600000003,25.15,1013.735
1789480640,3.69539943,3.2788076600000005,25.16,1013.723
1789480650,3.6917939900000003,3.2776946600000003,25.16,1013.728
1789480660,3.69359671,3.2788076600000005,25.13,1013.721
1789480670,3.69359671,3.27658166,25.13,1013.719
1789480680,3.6917939900000003,3.2754686600000005,25.12,1013.711
1789480690,3.69359671,3.2788076600000005,25.16,1013.7
1789480700,3.69539943,3.2776946600000003,25.13,1013.685
1789480710,3.6972021500000003,3.2788076600000005,25.16,1013.687
1789480720,3.69359671,3.2776946600000003,25.15,1013.696
1789480730,3.6917939900000003,3.2754686600000005,25.15,1013.684
1789480740,3.70080759,3.2821466600000004,25.15,1013.704
1789480750,3.72244023,3.30106766,25.16,1013.697
1789480760,3.7621000700000002,3.3344576600000004,25.17,1013.7
1789480770,3.76029735,3.3333446600000003,25.17,1013.694
1789480780,3.74227015,3.3188756600000002,25.19,1013.702
1789480790,3.73145383,3.3099716600000004,25.16,1013.701
1789480800,3.74767831,3.3233276600000003,25.19,1013.702
1789480810,3.74227015,3.3188756600000002,25.19,1013.715
1789480820,3.7296511100000003,3.3088586600000003,25.17,1013.698
1789480830,3.7134266300000003,3.29438966,25.16,1013.687
1789480840,3.6917939900000003,3.27658166,25.16,1013.68
1789480850,3.68818855,3.2721296600000005,25.16,1013.675
1789480860,3.68818855,3.2721296600000005,25.16,1013.671
1789480870,3.6863858300000003,3.2710166600000004,25.15,1013.666
1789480880,3.6917939900000003,3.27658166,25.16,1013.66
1789480890,3.7026103100000003,3.2854856600000004,25.15,1013.72
1789480900,3.7242429500000003,3.3032936600000005,25.16,1013.658
1789480910,3.74407287,3.3211016600000005,25.15,1013.649
1789480920,3.7566919100000002,3.33223166,25.15,1013.654
1789480930,3.7783245500000002,3.3511526600000003,25.2,1013.654
1789480940,3.78914087,3.36005666,25.2,1013.646
1789480950,3.7801272700000004,3.35337866,25.19,1013.645
1789480960,3.75488919,3.3311186600000005,25.16,1013.643
1789480970,3.73686199,3.3155366600000002,25.17,1013.643
1789480980,3.7296511100000003,3.30774566,25.17,1013.633
1789480990,3.72784839,3.30774566,25.17,1013.632
1789481000,3.74407287,3.3211016600000005,25.19,1013.626
1789481010,3.7458755900000003,3.32221466,25.16,1013.627
1789481020,3.74407287,3.3199886600000004,25.19,1013.628
1789481030,3.7584946300000004,3.3333446600000003,25.19,1013.632
1789481040,3.7693109500000004,3.3411356600000004,25.15,1013.628
1789481050,3.7801272700000004,3.3522656600000005,25.16,1013.654
1789481060,3.77111367,3.3444746600000004,25.2,1013.616
1789481070,3.7621000700000002,3.3366836600000003,25.17,1013.61
1789481080,3.7675082300000002,3.3411356600000004,25.19,1013.616
1789481090,3.7693109500000004,3.3411356600000004,25.17,1013.615
1789481100,3.76029735,3.3344576600000004,25.17,1013.614
1789481110,3.75488919,3.3300056600000003,25.16,1013.614
1789481120,3.76029735,3.3333446600000003,25.16,1013.612
1789481130,3.77652183,3.3489266600000005,25.19,1013.627
1789481140,3.7909435900000004,3.3611696600000003,25.17,1013.625
1789481150,3.81077351,3.3789776600000003,25.19,1013.626
1789481160,3.8125762300000003,3.3800906600000005,25.19,1013.637
1789481170,3.82519527,3.3912206600000006,25.2,1013.648
1789481180,3.83060343,3.3945596600000005,25.2,1013.658
1789481190,3.8342088700000003,3.3978986600000005,25.22,1013.651
1789481200,3.8396170300000003,3.40235066,25.22,1013.645
1789481210,3.8396170300000003,3.4045766600000005,25.23,1013.631
1789481220,3.8396170300000003,3.4045766600000005,25.24,1013.632
1789481230,3.84141975,3.4045766600000005,25.24,1013.63
1789481240,3.84141975,3.4045766600000005,25.24,1013.625
1789481250,3.8396170300000003,3.40235066,25.24,1013.624
1789481260,3.83781431,3.4012376600000005,25.27,1013.628
1789481270,3.83781431,3.40235066,25.26,1013.633
1789481280,3.83781431,3.40235066,25.27,1013.636
1789481290,3.8396170300000003,3.4034636600000003,25.27,1013.638
1789481300,3.83781431,3.40235066,25.27,1013.68
1789481310,3.8342088700000003,3.3978986600000005,25.27,1013.657
1789481320,3.83781431,3.4012376600000005,25.27,1013.647
1789481330,3.83060343,3.3956726600000002,25.27,1013.659
1789481340,3.8179843900000003,3.38454266,25.24,1013.655
1789481350,3.80536535,3.3722996600000004,25.24,1013.64
1789481360,3.7801272700000004,3.3522656600000005,25.23,1013.637
1789481370,3.77111367,3.3422486600000005,25.26,1013.669
1789481380,3.7909435900000004,3.36005666,25.22,1013.641
1789481390,3.8233925500000003,3.3889946600000003,25.23,1013.646
1789481400,3.83601159,3.4012376600000005,25.26,1013.634
1789481410,3.83601159,3.4001246600000004,25.22,1013.621
1789481420,3.8288007100000003,3.3934466600000004,25.23,1013.625
1789481430,3.8179843900000003,3.38454266,25.23,1013.611
1789481440,3.81978711,3.38454266,25.23,1013.596
1789481450,3.80356263,3.3722996600000004,25.24,1013.601
1789481460,3.81618167,3.3823166600000003,25.22,1013.609
1789481470,3.8233925500000003,3.3901076600000004,25.26,1013.613
1789481480,3.8288007100000003,3.3945596600000005,25.24,1013.623
1789481490,3.8396170300000003,3.4034636600000003,25.27,1013.623
1789481500,3.83781431,3.4034636600000003,25.27,1013.639
1789481510,3.83781431,3.40235066,25.27,1013.624
1789481520,3.8396170300000003,3.4045766600000005,25.29,1013.622
1789481530,3.8396170300000003,3.4034636600000003,25.32,1013.621
1789481540,3.83781431,3.40235066,25.29,1013.631
1789481550,3.83781431,3.40235066,25.29,1013.638
1789481560,3.83601159,3.4012376600000005,25.29,1013.625
1789481570,3.8233925500000003,3.3901076600000004,25.29,1013.619
1789481580,3.81618167,3.38454266,25.32,1013.614
1789481590,3.8125762300000003,3.3800906600000005,25.3,1013.603
1789481600,3.8125762300000003,3.3800906600000005,25.32,1013.61
1789481610,3.81618167,3.3834296600000004,25.32,1013.611
1789481620,3.81618167,3.3834296600000004,25.33,1013.605
1789481630,3.81618167,3.3834296600000004,25.33,1013.609
1789481640,3.81618167,3.3823166600000003,25.33,1013.612
1789481650,3.8233925500000003,3.3889946600000003,25.33,1013.625
1789481660,3.8233925500000003,3.3889946600000003,25.34,1013.616
1789481670,3.82158983,3.38788166,25.34,1013.602
1789481680,3.81978711,3.3856556600000003,25.34,1013.595
1789481690,3.81437895,3.38120366,25.34,1013.601
1789481700,3.81077351,3.3789776600000003,25.36,1013.612
1789481710,3.8125762300000003,3.3800906600000005,25.36,1013.617
1789481720,3.81978711,3.3856556600000003,25.38,1013.628
1789481730,3.81978711,3.3867686600000004,25.32,1013.622
1789481740,3.82158983,3.3867686600000004,25.33,1013.625
1789481750,3.8233925500000003,3.3889946600000003,25.33,1013.624
1789481760,3.83240615,3.3978986600000005,25.3,1013.622
1789481770,3.8396170300000003,3.40235066,25.32,1013.614
1789481780,3.83781431,3.40235066,25.32,1013.627
1789481790,3.8342088700000003,3.39901166,25.3,1013.625
1789481800,3.8288007100000003,3.3945596600000005,25.33,1013.617
1789481810,3.81978711,3.38788166,25.32,1013.601
1789481820,3.83240615,3.3967856600000004,25.32,1013.609
1789481830,3.83601159,3.4001246600000004,25.32,1013.615
1789481840,3.83781431,3.4012376600000005,25.32,1013.584
1789481850,3.83781431,3.40235066,25.3,1013.604
1789481860,3.83601159,3.4001246600000004,25.32,1013.595
1789481870,3.83601159,3.4001246600000004,25.32,1013.587
1789481880,3.8342088700000003,3.3978986600000005,25.34,1013.591
1789481890,3.83601159,3.4001246600000004,25.33,1013.59
1789481900,3.83060343,3.3956726600000002,25.32,1013.586
1789481910,3.83601159,3.4001246600000004,25.32,1013.591
1789481920,3.83601159,3.4001246600000004,25.27,1013.591
1789481930,3.83601159,3.4012376600000005,25.32,1013.586
1789481940,3.83060343,3.3956726600000002,25.32,1013.585
1789481950,3.8288007100000003,3.3934466600000004,25.29,1013.582
1789481960,3.82699799,3.3923336600000003,25.3,1013.582
1789481970,3.83240615,3.3967856600000004,25.29,1013.576
1789481980,3.83601159,3.4001246600000004,25.3,1013.575
1789481990,3.83601159,3.4012376600000005,25.26,1013.586
1789482000,3.83781431,3.4012376600000005,25.27,1013.572
1789482010,3.83601159,3.39901166,25.24,1013.56
1789482020,3.8342088700000003,3.3978986600000005,25.26,1013.561
1789482030,3.8342088700000003,3.39901166,25.29,1013.557
1789482040,3.83601159,3.39901166,25.26,1013.559
1789482050,3.83601159,3.39901166,25.26,1013.563
1789482060,3.8342088700000003,3.3978986600000005,25.26,1013.566
1789482070,3.8342088700000003,3.3978986600000005,25.27,1013.567
1789482080,3.8342088700000003,3.3978986600000005,25.24,1013.547
1789482090,3.8342088700000003,3.3978986600000005,25.26,1013.538
1789482100,3.83240615,3.3967856600000004,25.26,1013.554
1789482110,3.83601159,3.4001246600000004,25.27,1013.529
1789482120,3.83601159,3.39901166,25.27,1013.519
1789482130,3.83601159,3.4001246600000004,25.26,1013.524
1789482140,3.8342088700000003,3.39901166,25.27,1013.515
1789482150,3.83240615,3.3967856600000004,25.26,1013.511
1789482160,3.83060343,3.3956726600000002,25.26,1013.5
1789482170,3.83601159,3.39901166,25.27,1013.49
1789482180,3.8342088700000003,3.3978986600000005,25.26,1013.476
1789482190,3.83060343,3.3934466600000004,25.26,1013.461
1789482200,3.83060343,3.3945596600000005,25.24,1013.458
1789482210,3.8342088700000003,3.3967856600000004,25.26,1013.456
1789482220,3.83240615,3.3967856600000004,25.26,1013.456
1789482230,3.83240615,3.3956726600000002,25.27,1013.455
1789482240,3.83060343,3.3945596600000005,25.27,1013.454
1789482250,3.82699799,3.3901076600000004,25.29,1013.438
1789482260,3.8179843900000003,3.3823166600000003,25.29,1013.436
1789482270,3.8125762300000003,3.3767516600000005,25.29,1013.431
1789482280,3.8071680700000003,3.3722996600000004,25.26,1013.435
1789482290,3.78914087,3.25209566,25.27,1013.436
1789482300,3.76570551,3.20312366,25.27,1013.42
1789482310,3.7639027900000004,3.22427066,25.27,1013.427
1789482320,3.7621000700000002,3.2053496600000004,25.26,1013.428
1789482330,3.78373271,3.2164796600000005,25.24,1013.423
1789482340,3.78914087,3.2109146600000003,25.24,1013.416
1789482350,3.78914087,3.2220446600000003,25.22,1013.435
1789482360,3.8017599100000004,3.2331746600000004,25.26,1013.434
1789482370,3.80897079,3.2398526600000004,25.24,1013.434
1789482380,3.80897079,3.2398526600000004,25.24,1013.427
1789482390,3.81077351,3.24541766,25.23,1013.421
1789482400,3.8179843900000003,3.2543216600000004,25.2,1013.424
1789482410,3.81437895,3.2598866600000003,25.2,1013.419
1789482420,3.81618167,3.27324266,25.2,1013.413
1789482430,3.81437895,3.2810336600000003,25.19,1013.41
1789482440,3.81437895,3.2821466600000004,25.19,1013.41
1789482450,3.80536535,3.2676776600000004,25.17,1013.409
1789482460,3.79815447,3.25209566,25.19,1013.414
1789482470,3.79454903,3.2398526600000004,25.19,1013.42
1789482480,3.78914087,3.2264966600000005,25.17,1013.416
1789482490,3.7855354300000004,3.2198186600000005,25.2,1013.418
1789482500,3.7963517500000004,3.23094866,25.16,1013.415
1789482510,3.79274631,3.2231576600000005,25.19,1013.402
1789482520,3.7855354300000004,3.2131406600000005,25.19,1013.388
1789482530,3.78192999,3.2086886600000004,25.17,1013.385
1789482540,3.7909435900000004,3.22427066,25.2,1013.396
1789482550,3.7963517500000004,3.2365136600000004,25.22,1013.415
1789482560,3.78373271,3.2409656600000005,25.22,1013.422
1789482570,3.77652183,3.2498696600000003,25.22,1013.432
1789482580,3.78733815,3.26990366,25.23,1013.45
1789482590,3.78373271,3.2687906600000005,25.2,1013.456
1789482600,3.78373271,3.3511526600000003,25.24,1013.463
1789482610,3.78192999,3.3489266600000005,25.2,1013.462
1789482620,3.79454903,3.36005666,25.24,1013.453
1789482630,3.8017599100000004,3.3656216600000004,25.23,1013.437
1789482640,3.81437895,3.3767516600000005,25.23,1013.433
1789482650,3.82158983,3.3834296600000004,25.24,1013.418
1789482660,3.8288007100000003,3.3912206600000006,25.23,1013.411
1789482670,3.8288007100000003,3.3923336600000003,25.24,1013.413
1789482680,3.82519527,3.3889946600000003,25.27,1013.408
1789482690,3.82699799,3.3901076600000004,25.26,1013.409
1789482700,3.82158983,3.38454266,25.24,1013.416
1789482710,3.81077351,3.3767516600000005,25.24,1013.417
1789482720,3.8071680700000003,3.3734126600000005,25.27,1013.415
1789482730,3.8017599100000004,3.3678476600000002,25.3,1013.406
1789482740,3.80356263,3.3689606600000004,25.27,1013.406
1789482750,3.79454903,3.3611696600000003,25.3,1013.401
1789482760,3.7909435900000004,3.3578306600000003,25.3,1013.4
1789482770,3.78914087,3.35671766,25.3,1013.391
1789482780,3.7963517500000004,3.3645086600000003,25.29,1013.395
1789482790,3.80356263,3.3678476600000002,25.3,1013.389
1789482800,3.80897079,3.3734126600000005,25.29,1013.384
1789482810,3.79815447,3.35671766,25.29,1013.373
1789482820,3.78192999,3.35003966,25.29,1013.373
1789482830,3.77111367,2.8970486600000003,25.3,1013.371
1789482840,3.7675082300000002,3.3366836600000003,25.26,1013.366
1789482850,3.7566919100000002,3.3266666600000003,25.3,1013.358
1789482860,3.74407287,3.3155366600000002,25.3,1013.353
1789482870,3.7458755900000003,3.3177626600000005,25.3,1013.359
1789482880,3.7404674300000003,3.3133106600000004,25.29,1013.359
1789482890,3.72784839,3.30106766,25.32,1013.361
1789482900,3.72063751,3.2955026600000004,25.32,1013.371
1789482910,3.7188347900000003,3.2932766600000005,25.3,1013.378
1789482920,3.71162391,3.2877116600000003,25.32,1013.374
1789482930,3.7134266300000003,3.2888246600000004,25.32,1013.367
1789482940,3.71522935,3.2910506600000002,25.33,1013.369
1789482950,3.71703207,3.2910506600000002,25.36,1013.38
1789482960,3.71522935,3.2899376600000005,25.36,1013.375
1789482970,3.71703207,3.2921636600000004,25.37,1013.37
1789482980,3.71522935,3.2899376600000005,25.34,1013.362
1789482990,3.71703207,3.2910506600000002,25.37,1013.367
1789483000,3.7134266300000003,3.2877116600000003,25.34,1013.357
1789483010,3.71162391,3.28659866,25.37,1013.36
1789483020,3.7188347900000003,3.2921636600000004,25.36,1013.367
1789483030,3.7188347900000003,3.2932766600000005,25.36,1013.37
1789483040,3.70982119,3.2843726600000003,25.36,1013.358
1789483050,3.70982119,3.2821466600000004,25.36,1013.357
1789483060,3.7080184700000003,3.2821466600000004,25.37,1013.35
1789483070,3.71162391,3.2843726600000003,25.36,1013.352
1789483080,3.70982119,3.28325966,25.38,1013.354
1789483090,3.7134266300000003,3.2854856600000004,25.38,1013.357
1789483100,3.7134266300000003,3.28659866,25.36,1013.352
1789483110,3.71703207,3.2899376600000005,25.37,1013.352
1789483120,3.72063751,3.2921636600000004,25.34,1013.352
1789483130,3.72063751,3.2932766600000005,25.4,1013.347
1789483140,3.7134266300000003,3.28659866,25.34,1013.341
1789483150,3.71162391,3.2843726600000003,25.36,1013.35
1789483160,3.7080184700000003,3.14747366,25.36,1013.353
1789483170,3.71162391,3.1496996600000005,25.34,1013.36
1789483180,3.70621575,3.14747366,25.34,1013.37
1789483190,3.7026103100000003,3.1452476600000003,25.36,1013.376
1789483200,3.70441303,3.1463606600000005,25.37,1013.376
1789483210,3.70080759,3.1463606600000005,25.37,1013.363
1789483220,3.7026103100000003,3.1563776600000004,25.34,1013.369
1789483230,3.70621575,3.16862066,25.37,1013.377
1789483240,3.7080184700000003,3.1808636600000004,25.36,1013.365
1789483250,3.70621575,3.1842026600000004,25.34,1013.356
1789483260,3.7026103100000003,3.1830896600000003,25.34,1013.36
1789483270,3.70080759,3.1730726600000003,25.36,1013.361
1789483280,3.69900487,3.15749066,25.36,1013.352
1789483290,3.70441303,3.1485866600000003,25.33,1013.344
1789483300,3.70621575,3.1452476600000003,25.34,1013.336
1789483310,3.70982119,3.1463606600000005,25.33,1013.337
1789483320,3.71162391,3.1463606600000005,25.32,1013.347
1789483330,3.7080184700000003,3.1430216600000005,25.34,1013.343
1789483340,3.70621575,3.1430216600000005,25.37,1013.341
1789483350,3.71162391,3.1485866600000003,25.36,1013.349
1789483360,3.71703207,3.15749066,25.37,1013.345
1789483370,3.7188347900000003,3.16862066,25.4,1013.356
1789483380,3.7188347900000003,3.1797506600000003,25.37,1013.358
1789483390,3.71162391,3.1808636600000004,25.38,1013.341
1789483400,3.7080184700000003,3.1830896600000003,25.38,1013.326
1789483410,3.7026103100000003,1.11290966,25.38,1013.335
1789483420,3.70080759,3.2131406600000005,25.4,1013.333
1789483430,3.6972021500000003,3.20312366,25.4,1013.348
1789483440,3.6972021500000003,3.1953326600000005,25.37,1013.35
1789483450,3.7080184700000003,3.2008976600000003,25.37,1013.335
1789483460,3.70621575,3.3055196600000003,25.37,1013.346
1789483470,3.69900487,3.2721296600000005,25.37,1013.332
1789483480,3.69359671,3.2676776600000004,25.36,1013.33
1789483490,3.69359671,3.2676776600000004,25.37,1013.331
1789483500,3.70441303,3.2754686600000005,25.37,1013.331
1789483510,3.7080184700000003,3.2788076600000005,25.37,1013.333
1789483520,3.70441303,3.27658166,25.38,1013.328
1789483530,3.6863858300000003,3.2609996600000004,25.38,1013.322
1789483540,3.69900487,3.2721296600000005,25.37,1013.324
1789483550,3.7026103100000003,3.2743556600000003,25.37,1013.319
1789483560,3.68999127,3.2632256600000002,25.36,1013.322
1789483570,3.6863858300000003,3.2598866600000003,25.4,1013.326
1789483580,3.68278039,3.2565476600000003,25.4,1013.325
1789483590,3.67376679,3.24875666,25.41,1013.332
1789483600,3.6647531900000003,3.2420786600000002,25.41,1013.333
1789483610,3.6647531900000003,3.2420786600000002,25.4,1013.326
1789483620,3.66655591,3.2431916600000004,25.4,1013.301
1789483630,3.6701613500000003,3.2476436600000005,25.4,1013.281
1789483640,3.66835863,3.2465306600000003,25.4,1013.267
1789483650,3.67376679,3.2509826600000005,25.38,1013.264
1789483660,3.70080759,3.2754686600000005,25.37,1013.26
1789483670,3.70080759,3.2754686600000005,25.36,1013.263
1789483680,3.68818855,3.2654516600000005,25.33,1013.275
1789483690,3.6863858300000003,3.2632256600000002,25.34,1013.277
1789483700,3.6809776700000003,3.25877366,25.32,1013.29
1789483710,3.67917495,3.25543466,25.33,1013.295
1789483720,3.67737223,3.2543216600000004,25.32,1013.291
1789483730,3.67376679,3.2509826600000005,25.33,1013.293
1789483740,3.67196407,3.24875666,25.33,1013.278
1789483750,3.67196407,3.24875666,25.33,1013.267
1789483760,3.67917495,3.2543216600000004,25.32,1013.292
1789483770,3.6809776700000003,3.2565476600000003,25.33,1013.288
1789483780,3.68458311,3.2609996600000004,25.33,1013.274
1789483790,3.68278039,3.25877366,25.33,1013.274
1789483800,3.6755695100000003,3.25209566,25.32,1013.291
1789483810,3.68278039,3.25877366,25.33,1013.3
1789483820,3.67376679,3.2509826600000005,25.32,1013.296
1789483830,3.67737223,3.2532086600000003,25.33,1013.294
1789483840,3.67737223,3.2532086600000003,25.34,1013.292
1789483850,3.68278039,3.25877366,25.33,1013.296
1789483860,3.68999127,3.2654516600000005,25.34,1013.291
1789483870,3.67917495,3.25543466,25.34,1013.307
1789483880,3.67737223,3.2543216600000004,25.32,1013.305
1789483890,3.6701613500000003,3.2465306600000003,25.36,1013.349
1789483900,3.66655591,3.2431916600000004,25.36,1013.3
1789483910,3.66835863,3.24541766,25.33,1013.286
1789483920,3.6701613500000003,3.2465306600000003,25.34,1013.285
1789483930,3.6701613500000003,3.2476436600000005,25.32,1013.288
1789483940,3.6701613500000003,3.2476436600000005,25.32,1013.295
1789483950,3.67196407,3.2498696600000003,25.32,1013.327
1789483960,3.6701613500000003,3.2476436600000005,25.3,1013.298
1789483970,3.66835863,3.2443046600000005,25.3,1013.317
1789483980,3.66295047,3.2420786600000002,25.29,1013.329
1789483990,3.66835863,3.24541766,25.29,1013.325
1789484000,3.66655591,3.2443046600000005,25.32,1013.317
1789484010,3.66835863,3.2465306600000003,25.33,1013.316
1789484020,3.6647531900000003,3.2431916600000004,25.34,1013.313
1789484030,3.65754231,3.2365136600000004,25.34,1013.304
1789484040,3.66114775,3.2376266600000005,25.34,1013.298
1789484050,3.66114775,3.2376266600000005,25.34,1013.297
1789484060,3.65754231,3.23428766,25.33,1013.292
1789484070,3.6539368700000003,3.2331746600000004,25.32,1013.295
1789484080,3.65754231,3.2354006600000003,25.33,1013.286
1789484090,3.66835863,3.2443046600000005,25.33,1013.292
1789484100,3.6755695100000003,3.2498696600000003,25.34,1013.281
1789484110,3.6755695100000003,3.2509826600000005,25.34,1013.287
1789484120,3.6809776700000003,3.25543466,25.37,1013.303
1789484130,3.67917495,3.25209566,25.36,1013.291
1789484140,3.68278039,3.2565476600000003,25.34,1013.285
1789484150,3.67376679,3.2476436600000005,25.37,1013.282
1789484160,3.66295047,3.2398526600000004,25.36,1013.266
1789484170,3.6647531900000003,3.2398526600000004,25.36,1013.264
1789484180,3.66114775,3.2365136600000004,25.36,1013.272
1789484190,3.65754231,3.2354006600000003,25.37,1013.274
1789484200,3.65573959,3.2331746600000004,25.37,1013.28
1789484210,3.65033143,3.2287226600000003,25.36,1013.28
1789484220,3.6593450300000003,3.2354006600000003,25.4,1013.285
1789484230,3.65213415,3.2287226600000003,25.36,1013.28
1789484240,3.6485287100000003,3.2264966600000005,25.38,1013.283
1789484250,3.65033143,3.22760966,25.37,1013.279
1789484260,3.6485287100000003,3.2253836600000003,25.36,1013.279
1789484270,3.65213415,3.2298356600000004,25.36,1013.262
1789484280,3.6593450300000003,3.2354006600000003,25.37,1013.255
1789484290,3.6647531900000003,3.2409656600000005,25.37,1013.252
1789484300,3.66114775,3.2365136600000004,25.4,1013.245
1789484310,3.6593450300000003,3.23428766,25.37,1013.239
1789484320,3.65754231,3.23428766,25.36,1013.23
1789484330,3.66655591,3.2409656600000005,25.36,1013.24
1789484340,3.6593450300000003,3.2354006600000003,25.34,1013.244
1789484350,3.65033143,3.22760966,25.37,1013.258
1789484360,3.6485287100000003,3.2264966600000005,25.37,1013.261
1789484370,3.6431205500000003,3.2198186600000005,25.37,1013.254
1789484380,3.64492327,3.22093166,25.37,1013.248
1789484390,3.64492327,3.2220446600000003,25.38,1013.247
1789484400,3.6431205500000003,3.2198186600000005,25.4,1013.245
1789484410,3.64131783,3.2187056600000004,25.37,1013.249
1789484420,3.64131783,3.2198186600000005,25.37,1013.291
1789484430,3.64492327,3.2220446600000003,25.37,1013.232
1789484440,3.64672599,3.2220446600000003,25.36,1013.231
1789484450,3.64672599,3.2231576600000005,25.36,1013.24
1789484460,3.64672599,3.22427066,25.36,1013.253
1789484470,3.64672599,3.22427066,25.34,1013.235
1789484480,3.64492327,3.2220446600000003,25.34,1013.229
1789484490,3.64492327,3.2220446600000003,25.34,1013.225
1789484500,3.6485287100000003,3.22427066,25.34,1013.221
1789484510,3.6431205500000003,3.2198186600000005,25.33,1013.219
1789484520,3.63951511,3.2164796600000005,25.33,1013.218
1789484530,3.64131783,3.2187056600000004,25.34,1013.21
1789484540,3.6431205500000003,3.2198186600000005,25.33,1013.201
1789484550,3.64131783,3.21759266,25.34,1013.206
1789484560,3.6377123900000004,3.2142536600000002,25.34,1013.21
1789484570,3.64492327,3.2220446600000003,25.33,1013.206
1789484580,3.64492327,3.22093166,25.33,1013.193
1789484590,3.6431205500000003,3.2198186600000005,25.33,1013.189
1789484600,3.6431205500000003,3.2187056600000004,25.36,1013.181
1789484610,3.64672599,3.2220446600000003,25.32,1013.185
1789484620,3.64672599,3.2231576600000005,25.32,1013.226
1789484630,3.6485287100000003,3.2253836600000003,25.36,1013.188
1789484640,3.64672599,3.2220446600000003,25.3,1013.18
1789484650,3.64672599,3.22427066,25.34,1013.169
1789484660,3.6485287100000003,3.22427066,25.33,1013.205
1789484670,3.65213415,3.22760966,25.33,1013.183
1789484680,3.65033143,3.2253836600000003,25.33,1013.183
1789484690,3.65573959,3.23094866,25.32,1013.192
1789484700,3.65573959,3.2298356600000004,25.32,1013.186
1789484710,3.6485287100000003,3.2231576600000005,25.32,1013.17
1789484720,3.6485287100000003,3.22427066,25.34,1013.155
1789484730,3.6539368700000003,3.2287226600000003,25.36,1013.144
1789484740,3.6539368700000003,3.22760966,25.34,1013.139
1789484750,3.66295047,3.2354006600000003,25.36,1013.127
1789484760,3.6593450300000003,3.2320616600000003,25.37,1013.122
1789484770,3.65754231,3.23094866,25.37,1013.134
1789484780,3.65754231,3.2320616600000003,25.34,1013.144
1789484790,3.65213415,3.22760966,25.34,1013.165
1789484800,3.65213415,3.2264966600000005,25.34,1013.174
1789484810,3.6485287100000003,3.2253836600000003,25.34,1013.176
1789484820,3.64672599,3.2231576600000005,25.33,1013.184
1789484830,3.64492327,3.2220446600000003,25.32,1013.18
1789484840,3.64131783,3.2187056600000004,25.3,1013.174
1789484850,3.64672599,3.22427066,25.32,1013.175
1789484860,3.65573959,3.2320616600000003,25.3,1013.169
1789484870,3.65754231,3.23428766,25.29,1013.159
1789484880,3.66295047,3.2387396600000002,25.29,1013.149
1789484890,3.66835863,3.2443046600000005,25.3,1013.145
1789484900,3.67737223,3.2509826600000005,25.29,1013.15
1789484910,3.68999127,3.2621126600000006,25.3,1013.135
1789484920,3.6863858300000003,3.25877366,25.29,1013.139
1789484930,3.67196407,3.2465306600000003,25.29,1013.151
1789484940,3.6701613500000003,3.24541766,25.3,1013.14
1789484950,3.6647531900000003,3.2409656600000005,25.32,1013.138
1789484960,3.6539368700000003,3.2298356600000004,25.3,1013.147
1789484970,3.65573959,3.2320616600000003,25.3,1013.151
1789484980,3.65754231,3.2331746600000004,25.33,1013.132
1789484990,3.6593450300000003,3.23428766,25.29,1013.125
1789485000,3.6539368700000003,3.2298356600000004,25.33,1013.126
1789485010,3.65573959,3.23094866,25.33,1013.123
1789485020,3.65754231,3.2331746600000004,25.32,1013.116
1789485030,3.6539368700000003,3.2287226600000003,25.32,1013.109
1789485040,3.65213415,3.2287226600000003,25.32,1013.116
1789485050,3.65754231,3.2331746600000004,25.33,1013.122
1789485060,3.65754231,3.2320616600000003,25.32,1013.12
1789485070,3.65754231,3.23094866,25.33,1013.107
1789485080,3.6539368700000003,3.2287226600000003,25.3,1013.086
1789485090,3.64672599,3.2220446600000003,25.33,1013.092
1789485100,3.64492327,3.22093166,25.33,1013.126
1789485110,3.64492327,3.2198186600000005,25.32,1013.141
1789485120,3.65033143,3.2253836600000003,25.33,1013.135
1789485130,3.6485287100000003,3.2231576600000005,25.33,1013.13
1789485140,3.65033143,3.2253836600000003,25.33,1013.119
1789485150,3.64672599,3.2220446600000003,25.34,1013.112
1789485160,3.6539368700000003,3.2287226600000003,25.33,1013.104
1789485170,3.65573959,3.2287226600000003,25.36,1013.108
1789485180,3.66114775,3.23428766,25.34,1013.103
1789485190,3.65213415,3.2253836600000003,25.32,1013.102
1789485200,3.6485287100000003,3.2220446600000003,25.32,1013.115
1789485210,3.64672599,3.2220446600000003,25.33,1013.104
1789485220,3.64672599,3.2220446600000003,25.36,1013.101
1789485230,3.65033143,3.22427066,25.34,1013.095
1789485240,3.65213415,3.2264966600000005,25.34,1013.084
1789485250,3.65573959,3.2287226600000003,25.33,1013.093
1789485260,3.66114775,3.23428766,25.33,1013.125
1789485270,3.65754231,3.23094866,25.3,1013.131
1789485280,3.6539368700000003,3.2287226600000003,25.34,1013.086
1789485290,3.6539368700000003,3.2287226600000003,25.29,1013.079
1789485300,3.66114775,3.23428766,25.32,1013.056
1789485310,3.66295047,3.2365136600000004,25.34,1013.061
1789485320,3.6593450300000003,3.2320616600000003,25.32,1013.076
1789485330,3.66835863,3.2409656600000005,25.32,1013.089
1789485340,3.67376679,3.2465306600000003,25.33,1013.094
1789485350,3.6701613500000003,3.2431916600000004,25.3,1013.065
1789485360,3.68278039,3.2543216600000004,25.34,1013.071
1789485370,3.70080759,3.26990366,25.33,1013.066
1789485380,3.72244023,3.2888246600000004,25.32,1013.06
1789485390,3.72604567,3.2921636600000004,25.32,1013.065
1789485400,3.7296511100000003,3.2955026600000004,25.33,1013.055
1789485410,3.7296511100000003,3.29438966,25.32,1013.049
1789485420,3.7512837500000002,3.3144236600000005,25.33,1013.055
1789485430,3.7621000700000002,3.3233276600000003,25.27,1013.057
1789485440,3.7621000700000002,3.3244406600000005,25.3,1013.054
1789485450,3.75488919,3.3188756600000002,25.32,1013.047
1789485460,3.7801272700000004,3.3389096600000006,25.3,1013.048
1789485470,3.77652183,3.3377966600000004,25.3,1013.052
1789485480,3.78192999,3.3422486600000005,25.3,1013.053
1789485490,3.78914087,3.34670066,25.32,1013.05
1789485500,3.79815447,3.3544916600000003,25.32,1013.068
1789485510,3.79454903,3.3522656600000005,25.32,1013.079
1789485520,3.7963517500000004,3.35337866,25.33,1013.081
1789485530,3.79815447,3.3544916600000003,25.32,1013.115
1789485540,3.80536535,3.3622826600000004,25.33,1013.062
1789485550,3.8071680700000003,3.36339566,25.32,1013.07
1789485560,3.8125762300000003,3.3678476600000002,25.29,1013.062
1789485570,3.8125762300000003,3.3678476600000002,25.26,1013.041
1789485580,3.8125762300000003,3.3678476600000002,25.27,1013.037
1789485590,3.81077351,3.3667346600000005,25.26,1013.039
1789485600,3.80897079,3.3645086600000003,25.26,1013.035
1789485610,3.80897079,3.3645086600000003,25.27,1013.029
1789485620,3.80536535,3.3611696600000003,25.24,1013.013
1789485630,3.80536535,3.3611696600000003,25.26,1012.993
1789485640,3.79995719,3.35671766,25.27,1012.997
1789485650,3.8071680700000003,3.36339566,25.26,1012.991
1789485660,3.80356263,3.36005666,25.26,1012.992
1789485670,3.8071680700000003,3.36339566,25.24,1012.992
1789485680,3.8071680700000003,3.36339566,25.27,1013.007
1789485690,3.8071680700000003,3.36339566,25.26,1013.03
1789485700,3.80897079,3.36339566,25.26,1013.032
1789485710,3.81077351,3.3656216600000004,25.27,1013.013
1789485720,3.80897079,3.36339566,25.26,1013.02
1789485730,3.80897079,3.3645086600000003,25.26,1013.023
1789485740,3.8071680700000003,3.3611696600000003,25.26,1013.027
1789485750,3.8071680700000003,3.3622826600000004,25.27,1013.035
1789485760,3.8071680700000003,3.3611696600000003,25.27,1013.046
1789485770,3.81077351,3.3645086600000003,25.26,1013.035
1789485780,3.80897079,3.3645086600000003,25.24,1013.015
1789485790,3.81077351,3.3645086600000003,25.24,1013.01
1789485800,3.8071680700000003,3.3622826600000004,25.24,1013.01
1789485810,3.8071680700000003,3.3622826600000004,25.26,1013.014
1789485820,3.80536535,3.36005666,25.27,1013.032
1789485830,3.8071680700000003,3.3622826600000004,25.26,1013.025
1789485840,3.8017599100000004,3.35671766,25.26,1013.013
1789485850,3.8071680700000003,3.3622826600000004,25.24,1013.052
1789485860,3.80897079,3.36339566,25.27,1013.042
1789485870,3.81077351,3.3645086600000003,25.27,1013.042
1789485880,3.8125762300000003,3.3656216600000004,25.26,1013.049
1789485890,3.81437895,3.3678476600000002,25.26,1013.023
1789485900,3.81437895,3.3667346600000005,25.26,1013.006
1789485910,3.8125762300000003,3.3667346600000005,25.23,1013.004
1789485920,3.8125762300000003,3.3656216600000004,25.24,1013.009
1789485930,3.8125762300000003,3.3667346600000005,25.24,1013.007
1789485940,3.8125762300000003,3.3656216600000004,25.23,1013.015
1789485950,3.8071680700000003,3.3611696600000003,25.24,1013.015
1789485960,3.80536535,3.36005666,25.24,1013.038
1789485970,3.81077351,3.3645086600000003,25.26,1013.03
1789485980,3.8071680700000003,3.3622826600000004,25.24,1013.027
1789485990,3.8125762300000003,3.3656216600000004,25.26,1013.026
1789486000,3.81437895,3.3667346600000005,25.24,1013.023
1789486010,3.81437895,3.3678476600000002,25.26,1013.013
1789486020,3.81437895,3.3678476600000002,25.27,1013.009
1789486030,3.81618167,3.3667346600000005,25.27,1013.013
1789486040,3.81618167,3.3700736600000005,25.24,1013.01
1789486050,3.81618167,3.3700736600000005,25.24,1013.013
1789486060,3.81618167,3.3689606600000004,25.24,1013.035
1789486070,3.8125762300000003,3.3656216600000004,25.24,1013.031
1789486080,3.80897079,3.36339566,25.23,1013.042
1789486090,3.81077351,3.3645086600000003,25.22,1013.019
1789486100,3.8125762300000003,3.3667346600000005,25.24,1013.011
1789486110,3.80536535,3.36005666,25.24,1013.002
1789486120,3.80897079,3.36339566,25.23,1012.994
1789486130,3.81618167,3.3689606600000004,25.24,1012.992
1789486140,3.81437895,3.3678476600000002,25.24,1012.993
1789486150,3.81437895,3.3678476600000002,25.23,1013.004
1789486160,3.8125762300000003,3.3656216600000004,25.24,1013.018
1789486170,3.81618167,3.3678476600000002,25.26,1013.015
1789486180,3.80897079,3.3622826600000004,25.22,1013.014
1789486190,3.81077351,3.36339566,25.24,1013.027
1789486200,3.80897079,3.3622826600000004,25.24,1013.019
1789486210,3.81077351,3.3622826600000004,25.26,1013.018
1789486220,3.8125762300000003,3.36339566,25.23,1013.035
1789486230,3.81618167,3.3667346600000005,25.23,1013.02
1789486240,3.81618167,3.3678476600000002,25.24,1012.998
1789486250,3.81437895,3.3667346600000005,25.24,1012.991
1789486260,3.81077351,3.3622826600000004,25.24,1013.0
1789486270,3.81077351,3.36339566,25.23,1013.0
1789486280,3.81077351,3.3622826600000004,25.23,1013.01
1789486290,3.81437895,3.3656216600000004,25.24,1013.003
1789486300,3.8125762300000003,3.36339566,25.22,1012.991
1789486310,3.79815447,3.3511526600000003,25.23,1013.013
1789486320,3.8017599100000004,3.3544916600000003,25.22,1012.995
1789486330,3.7963517500000004,3.3489266600000005,25.23,1012.987
1789486340,3.79815447,3.3511526600000003,25.23,1012.98
1789486350,3.79274631,3.3444746600000004,25.22,1012.974
1789486360,3.7963517500000004,3.3489266600000005,25.22,1012.971
1789486370,3.79274631,3.3455876600000005,25.22,1012.968
1789486380,3.7855354300000004,3.3377966600000004,25.22,1012.962
1789486390,3.78733815,3.3400226600000003,25.19,1012.96
1789486400,3.80536535,3.35671766,25.2,1012.965
1789486410,3.80356263,3.3556046600000005,25.2,1012.957
1789486420,3.8125762300000003,3.36339566,25.2,1012.927
1789486430,3.8125762300000003,3.36339566,25.22,1012.901
1789486440,3.81077351,3.3622826600000004,25.2,1012.925
1789486450,3.80536535,3.3578306600000003,25.19,1012.937
1789486460,3.8017599100000004,3.3544916600000003,25.19,1012.959
1789486470,3.79995719,3.3522656600000005,25.2,1012.959
1789486480,3.7963517500000004,3.3478136600000004,25.19,1012.962
1789486490,3.7909435900000004,3.3433616600000002,25.22,1012.957
1789486500,3.79454903,3.3455876600000005,25.22,1012.951
1789486510,3.77111367,3.3266666600000003,25.2,1012.952
1789486520,3.76029735,3.3166496600000004,25.19,1012.946
1789486530,3.74948103,3.3066326600000004,25.22,1012.937
1789486540,3.74407287,3.3021806600000003,25.17,1012.932
1789486550,3.7350592700000003,3.2932766600000005,25.2,1012.934
1789486560,3.7530864700000004,3.3099716600000004,25.2,1012.947
1789486570,3.75488919,3.3121976600000003,25.2,1012.962
1789486580,3.7621000700000002,3.3166496600000004,25.19,1012.956
1789486590,3.74948103,3.3066326600000004,25.2,1012.949
1789486600,3.74767831,3.3055196600000003,25.2,1012.941
1789486610,3.7458755900000003,3.3032936600000005,25.19,1012.956
1789486620,3.7404674300000003,3.2988416600000003,25.19,1012.974
1789486630,3.7296511100000003,3.2888246600000004,25.19,1012.972
1789486640,3.74948103,3.3055196600000003,25.22,1012.966
1789486650,3.7566919100000002,3.3121976600000003,25.2,1012.975
1789486660,3.73686199,3.29438966,25.22,1012.974
1789486670,3.72244023,3.2821466600000004,25.2,1012.971
1789486680,3.7296511100000003,3.2888246600000004,25.22,1012.987
1789486690,3.72784839,3.2877116600000003,25.2,1012.99
1789486700,3.72784839,3.2854856600000004,25.19,1012.976
1789486710,3.72063751,3.27992066,25.2,1012.966
1789486720,3.7188347900000003,3.2776946600000003,25.2,1012.96
1789486730,3.71703207,3.27658166,25.22,1012.969
1789486740,3.70621575,3.2665646600000002,25.2,1012.968
1789486750,3.71162391,3.2710166600000004,25.2,1012.96
1789486760,3.71703207,3.27658166,25.2,1012.981
1789486770,3.71703207,3.27658166,25.23,1012.988
1789486780,3.70982119,3.26990366,25.2,1012.971
1789486790,3.70080759,3.2609996600000004,25.2,1012.963
1789486800,3.7026103100000003,3.2643386600000004,25.19,1012.96
1789486810,3.70441303,3.2632256600000002,25.2,1012.961
1789486820,3.69359671,3.25543466,25.19,1012.966
1789486830,3.68999127,3.25209566,25.16,1012.969
1789486840,3.68818855,3.2498696600000003,25.2,1012.969
1789486850,3.6917939900000003,3.2532086600000003,25.17,1012.968
1789486860,3.6863858300000003,3.24875666,25.19,1012.956
1789486870,3.68458311,3.2465306600000003,25.17,1012.944
1789486880,3.68999127,3.25209566,25.19,1012.941
1789486890,3.68999127,3.25209566,25.19,1012.941
1789486900,3.68818855,3.2509826600000005,25.17,1012.947
1789486910,3.6863858300000003,3.2476436600000005,25.2,1012.955
1789486920,3.6809776700000003,3.2443046600000005,25.19,1012.96
1789486930,3.67737223,3.2409656600000005,25.17,1012.962
1789486940,3.67737223,3.2409656600000005,25.16,1012.955
1789486950,3.67737223,3.2409656600000005,25.17,1012.959
1789486960,3.6809776700000003,3.2443046600000005,25.16,1012.954
1789486970,3.68458311,3.2465306600000003,25.17,1012.949
1789486980,3.68458311,3.2476436600000005,25.19,1012.944
1789486990,3.67917495,3.2431916600000004,25.19,1012.944
1789487000,3.6863858300000003,3.24875666,25.19,1012.949
1789487010,3.69359671,3.25543466,25.16,1012.964
1789487020,3.6917939900000003,3.2532086600000003,25.15,1012.972
1789487030,3.6972021500000003,3.2576606600000004,25.17,1012.967
1789487040,3.6917939900000003,3.2532086600000003,25.17,1012.971
1789487050,3.69539943,3.2565476600000003,25.19,1012.957
1789487060,3.69359671,3.25543466,25.17,1012.966
1789487070,3.6917939900000003,3.25209566,25.16,1012.944
1789487080,3.6917939900000003,3.25209566,25.16,1012.931
1789487090,3.68818855,3.2498696600000003,25.17,1012.935
1789487100,3.69539943,3.2565476600000003,25.19,1012.931
1789487110,3.70441303,3.2643386600000004,25.17,1012.942
1789487120,3.7026103100000003,3.2632256600000002,25.17,1012.942
1789487130,3.6972021500000003,3.25877366,25.19,1012.954
1789487140,3.6972021500000003,3.2576606600000004,25.19,1012.96
1789487150,3.70441303,3.2632256600000002,25.19,1012.95
1789487160,3.6972021500000003,3.2576606600000004,25.17,1012.941
1789487170,3.6917939900000003,3.2532086600000003,25.17,1012.939
1789487180,3.68999127,3.2498696600000003,25.17,1012.933
1789487190,3.68458311,3.2465306600000003,25.16,1012.935
1789487200,3.69539943,3.25543466,25.19,1012.935
1789487210,3.70080759,3.2598866600000003,25.19,1012.929
1789487220,3.7026103100000003,3.2632256600000002,25.19,1012.921
1789487230,3.70621575,3.2643386600000004,25.17,1012.915
1789487240,3.70621575,3.2654516600000005,25.16,1012.948
1789487250,3.7134266300000003,3.2721296600000005,25.16,1012.948
1789487260,3.7134266300000003,3.27324266,25.16,1012.946
1789487270,3.71162391,3.26990366,25.15,1012.96
1789487280,3.7026103100000003,3.2632256600000002,25.15,1012.96
1789487290,3.70621575,3.2665646600000002,25.13,1012.938
1789487300,3.7026103100000003,3.2632256600000002,25.15,1012.929
1789487310,3.71162391,3.26990366,25.15,1012.922
1789487320,3.7188347900000003,3.2776946600000003,25.17,1012.924
1789487330,3.73145383,3.2877116600000003,25.16,1012.919
1789487340,3.73145383,3.2877116600000003,25.15,1012.914
1789487350,3.73686199,3.2921636600000004,25.17,1012.921
1789487360,3.74227015,3.29772866,25.13,1012.933
1789487370,3.74767831,3.3021806600000003,25.15,1012.921
1789487380,3.7404674300000003,3.2966156600000005,25.15,1012.928
1789487390,3.73145383,3.2877116600000003,25.15,1012.949
1789487400,3.74767831,3.3021806600000003,25.15,1012.964
1789487410,3.7530864700000004,3.3066326600000004,25.16,1012.951
1789487420,3.75488919,3.3099716600000004,25.16,1012.935
1789487430,3.7693109500000004,3.3199886600000004,25.15,1012.939
1789487440,3.78192999,3.3333446600000003,25.16,1012.944
1789487450,3.7801272700000004,3.3311186600000005,25.15,1012.938
1789487460,3.78192999,3.3311186600000005,25.13,1012.923
1789487470,3.77652183,3.32889266,25.12,1012.917
1789487480,3.7747191100000004,3.3266666600000003,25.12,1012.921
1789487490,3.79274631,3.3433616600000002,25.1,1012.922
1789487500,3.80897079,3.35671766,25.09,1012.923
1789487510,3.81618167,3.36339566,25.09,1012.928
1789487520,3.82158983,3.3689606600000004,25.1,1012.927
1789487530,3.82699799,3.3722996600000004,25.09,1012.925
1789487540,3.8233925500000003,3.3700736600000005,25.09,1012.934
1789487550,3.82519527,3.3711866600000002,25.06,1012.943
1789487560,3.82158983,3.3678476600000002,25.08,1012.926
1789487570,3.8233925500000003,3.3689606600000004,25.08,1012.922
1789487580,3.82158983,3.3678476600000002,25.06,1012.946
1789487590,3.82158983,3.3678476600000002,25.06,1012.944
1789487600,3.81978711,3.3656216600000004,25.06,1012.954
1789487610,3.8179843900000003,3.3645086600000003,25.06,1012.946
1789487620,3.81618167,3.36339566,25.08,1012.932
1789487630,3.80897079,3.3556046600000005,25.08,1012.932
1789487640,3.8071680700000003,3.3556046600000005,25.03,1012.926
1789487650,3.80356263,3.3522656600000005,25.05,1012.922
1789487660,3.79815447,3.34670066,25.06,1012.919
1789487670,3.79454903,3.3422486600000005,25.06,1012.914
1789487680,3.79454903,3.3433616600000002,25.08,1012.941
1789487690,3.78914087,3.3377966600000004,25.06,1012.931
1789487700,3.78192999,3.33223166,25.06,1012.937
1789487710,3.76570551,3.3177626600000005,25.05,1012.947
1789487720,3.76570551,3.3177626600000005,25.05,1012.954
1789487730,3.7693109500000004,3.3199886600000004,25.06,1012.947
1789487740,3.76029735,3.3121976600000003,25.08,1012.94
1789487750,3.74948103,3.3021806600000003,25.06,1012.921
1789487760,3.74948103,3.3021806600000003,25.08,1012.922
1789487770,3.7404674300000003,3.29438966,25.08,1012.914
1789487780,3.7350592700000003,3.2888246600000004,25.09,1012.915
1789487790,3.72604567,3.2810336600000003,25.08,1012.918
1789487800,3.7188347900000003,3.2754686600000005,25.06,1012.908
1789487810,3.71703207,3.2743556600000003,25.06,1012.907
1789487820,3.72244023,3.2776946600000003,25.06,1012.904
1789487830,3.7134266300000003,3.2710166600000004,25.06,1012.904
1789487840,3.71522935,3.2710166600000004,25.08,1012.907
1789487850,3.71703207,3.27324266,25.03,1012.916
1789487860,3.71522935,3.2710166600000004,25.05,1012.902
1789487870,3.7134266300000003,3.26990366,25.05,1012.906
1789487880,3.7134266300000003,3.2687906600000005,25.08,1012.922
1789487890,3.70982119,3.2665646600000002,25.08,1012.919
1789487900,3.71162391,3.2687906600000005,25.09,1012.922
1789487910,3.71522935,3.2710166600000004,25.05,1012.925
1789487920,3.7080184700000003,3.2654516600000005,25.06,1012.927
1789487930,3.71162391,3.2687906600000005,25.08,1012.926
1789487940,3.71162391,3.2676776600000004,25.08,1012.92
1789487950,3.7134266300000003,3.26990366,25.06,1012.926
1789487960,3.70982119,3.2665646600000002,25.06,1012.931
1789487970,3.70982119,3.2665646600000002,25.02,1012.93
1789487980,3.70621575,3.2632256600000002,25.06,1012.936
1789487990,3.7080184700000003,3.2654516600000005,25.03,1012.94
1789488000,3.70441303,3.2621126600000006,25.05,1012.943
1789488010,3.70621575,3.2632256600000002,25.02,1012.945
1789488020,3.7080184700000003,3.2654516600000005,25.02,1012.946
1789488030,3.7134266300000003,3.26990366,25.03,1012.927
1789488040,3.71162391,3.2687906600000005,25.05,1012.925
1789488050,3.71162391,3.2687906600000005,25.03,1012.934
1789488060,3.71522935,3.2710166600000004,25.02,1012.953
1789488070,3.7080184700000003,3.2654516600000005,25.03,1012.959
1789488080,3.69900487,3.2565476600000003,25.03,1012.959
1789488090,3.70441303,3.2621126600000006,25.0,1012.965
1789488100,3.7134266300000003,3.26990366,25.03,1012.966
1789488110,3.71703207,3.2743556600000003,25.03,1012.968
1789488120,3.71162391,3.2687906600000005,25.03,1012.97
1789488130,3.70982119,3.2665646600000002,25.02,1012.97
1789488140,3.70982119,3.2654516600000005,25.02,1012.981
1789488150,3.70621575,3.2643386600000004,25.03,1012.986
1789488160,3.70621575,3.2632256600000002,25.02,1012.983
1789488170,3.70982119,3.2665646600000002,25.02,1012.978
1789488180,3.71162391,3.2687906600000005,25.03,1012.983
1789488190,3.71162391,3.2687906600000005,24.99,1012.994
1789488200,3.70982119,3.2654516600000005,25.02,1013.015
1789488210,3.71703207,3.2743556600000003,25.0,1013.033
1789488220,3.72063751,3.27658166,25.0,1013.033
1789488230,3.72244023,3.2776946600000003,25.02,1013.031
1789488240,3.71703207,3.27324266,25.02,1013.034
1789488250,3.71522935,3.2721296600000005,25.03,1013.054
1789488260,3.71703207,3.2743556600000003,25.02,1013.055
1789488270,3.72063751,3.27658166,25.0,1013.074
1789488280,3.71522935,3.2721296600000005,25.03,1013.09
1789488290,3.72604567,3.2810336600000003,25.02,1013.102
1789488300,3.7296511100000003,3.2843726600000003,25.05,1013.103
1789488310,3.7404674300000003,3.2932766600000005,25.05,1013.115
1789488320,3.73866471,3.2921636600000004,25.05,1013.137
1789488330,3.7404674300000003,3.2932766600000005,25.05,1013.188
1789488340,3.7404674300000003,3.29438966,25.05,1013.179
1789488350,3.74407287,3.29772866,25.02,1013.141
1789488360,3.7512837500000002,3.3032936600000005,25.0,1013.103
1789488370,3.74767831,3.3021806600000003,25.0,1013.161
1789488380,3.74767831,3.30106766,25.02,1013.109
1789488390,3.7530864700000004,3.30440666,25.02,1013.171
1789488400,3.7512837500000002,3.30440666,25.0,1013.217
1789488410,3.75488919,3.3066326600000004,24.99,1013.161
1789488420,3.75488919,3.30774566,24.99,1013.197
1789488430,3.7584946300000004,3.31108466,24.99,1013.196
1789488440,3.76029735,3.3121976600000003,24.97,1013.203
1789488450,3.76029735,3.3121976600000003,24.99,1013.229
1789488460,3.7675082300000002,3.3177626600000005,24.95,1013.228
1789488470,3.7747191100000004,3.32555366,24.99,1013.169
1789488480,3.7801272700000004,3.3311186600000005,24.97,1013.196
1789488490,3.78192999,3.33223166,24.95,1013.199
1789488500,3.7783245500000002,3.32889266,25.0,1013.182
1789488510,3.78192999,3.3300056600000003,24.99,1013.192
1789488520,3.78733815,3.33557066,24.99,1013.222
1789488530,3.7801272700000004,3.32889266,24.95,1013.225
1789488540,3.78373271,3.3333446600000003,24.97,1013.183
1789488550,3.78733815,3.3366836600000003,24.97,1013.203
1789488560,3.78914087,3.3377966600000004,24.97,1013.17
1789488570,3.78373271,3.3333446600000003,24.96,1013.172
1789488580,3.78733815,3.33557066,24.96,1013.202
1789488590,3.78733815,3.3366836600000003,24.96,1013.184
1789488600,3.78914087,3.3377966600000004,24.93,1013.22
1789488610,3.7801272700000004,3.32889266,24.96,1013.227
1789488620,3.7783245500000002,3.32889266,24.95,1013.247
1789488630,3.77652183,3.3266666600000003,24.96,1013.213
1789488640,3.7801272700000004,3.3300056600000003,24.93,1013.225
1789488650,3.7801272700000004,3.32889266,24.93,1013.222
1789488660,3.7801272700000004,3.32889266,24.93,1013.222
1789488670,3.7855354300000004,3.3333446600000003,24.95,1013.201
1789488680,3.78192999,3.3311186600000005,24.96,1013.247
1789488690,3.7783245500000002,3.32889266,24.93,1013.235
1789488700,3.7783245500000002,3.32889266,24.95,1013.25
1789488710,3.7801272700000004,3.32889266,24.95,1013.231
1789488720,3.78192999,3.33223166,24.92,1013.236
1789488730,3.78733815,3.3366836600000003,24.95,1013.247
1789488740,3.7909435900000004,3.3400226600000003,24.92,1013.269
1789488750,3.79274631,3.3411356600000004,24.92,1013.273
1789488760,3.79274631,3.3400226600000003,24.92,1013.257
1789488770,3.78914087,3.3377966600000004,24.9,1013.258
1789488780,3.7909435900000004,3.3400226600000003,24.92,1013.256
1789488790,3.79815447,3.34670066,24.9,1013.25
1789488800,3.7963517500000004,3.3444746600000004,24.87,1013.298
1789488810,3.7963517500000004,3.3455876600000005,24.9,1013.291
1789488820,3.7963517500000004,3.3455876600000005,24.86,1013.259
1789488830,3.79454903,3.3433616600000002,24.89,1013.271
1789488840,3.7963517500000004,3.3444746600000004,24.87,1013.282
1789488850,3.79454903,3.3422486600000005,24.87,1013.304
1789488860,3.7909435900000004,3.3400226600000003,24.87,1013.292
1789488870,3.7909435900000004,3.3400226600000003,24.9,1013.312
1789488880,3.79454903,3.3422486600000005,24.85,1013.31
1789488890,3.79274631,3.3411356600000004,24.87,1013.294
1789488900,3.79274631,3.3411356600000004,24.87,1013.427
1789488910,3.78914087,3.3377966600000004,24.87,1013.38
1789488920,3.79274631,3.3411356600000004,24.89,1013.348
1789488930,3.79274631,3.3411356600000004,24.86,1013.305
1789488940,3.79274631,3.3411356600000004,24.85,1013.361
1789488950,3.79274631,3.3422486600000005,24.86,1013.377
1789488960,3.7909435900000004,3.3400226600000003,24.85,1013.313
1789488970,3.7855354300000004,3.3344576600000004,24.86,1013.366
1789488980,3.7783245500000002,3.3277796600000005,24.86,1013.381
1789488990,3.7693109500000004,3.3199886600000004,24.85,1013.351
1789489000,3.7584946300000004,3.31108466,24.86,1013.327
1789489010,3.75488919,3.3066326600000004,24.86,1013.317
1789489020,3.74227015,3.2966156600000005,24.86,1013.319
1789489030,3.73686199,3.2910506600000002,24.85,1013.33
1789489040,3.7404674300000003,3.29438966,24.86,1013.349
1789489050,3.7350592700000003,3.2899376600000005,24.82,1013.339
1789489060,3.7512837500000002,3.30440666,24.83,1013.349
1789489070,3.76570551,3.3177626600000005,24.82,1013.329
1789489080,3.7747191100000004,3.3244406600000005,24.82,1013.339
1789489090,3.7855354300000004,3.3344576600000004,24.81,1013.344
1789489100,3.79274631,3.3411356600000004,24.79,1013.338
1789489110,3.7909435900000004,3.3389096600000006,24.82,1013.351
1789489120,3.7855354300000004,3.3333446600000003,24.82,1013.342
1789489130,3.7783245500000002,3.3277796600000005,24.82,1013.347
1789489140,3.7729163900000002,3.3233276600000003,24.81,1013.358
1789489150,3.7675082300000002,3.3177626600000005,24.83,1013.375
1789489160,3.7693109500000004,3.3211016600000005,24.83,1013.346
1789489170,3.77652183,3.3266666600000003,24.81,1013.339
1789489180,3.77111367,3.32221466,24.82,1013.339
1789489190,3.77111367,3.3211016600000005,24.81,1013.354
1789489200,3.7621000700000002,3.3133106600000004,24.82,1013.386
1789489210,3.73686199,3.2921636600000004,24.83,1013.387
1789489220,3.72784839,3.2821466600000004,24.85,1013.383
1789489230,3.72604567,3.2821466600000004,24.82,1013.393
1789489240,3.73866471,3.2932766600000005,24.82,1013.388
1789489250,3.72244023,3.2788076600000005,24.83,1013.384
1789489260,3.73325655,3.2877116600000003,24.82,1013.438
1789489270,3.7242429500000003,3.27992066,24.83,1013.433
1789489280,3.73145383,3.28659866,24.81,1013.419
1789489290,3.72063751,3.2776946600000003,24.85,1013.411
1789489300,3.71522935,3.2710166600000004,24.85,1013.429
1789489310,3.71703207,3.2743556600000003,24.81,1013.449
1789489320,3.7188347900000003,3.27658166,24.82,1013.433
1789489330,3.72604567,3.2821466600000004,24.81,1013.467
1789489340,3.72063751,3.27658166,24.81,1013.435
1789489350,3.72063751,3.2754686600000005,24.79,1013.45
1789489360,3.72244023,3.2788076600000005,24.82,1013.479
1789489370,3.73145383,3.28659866,24.81,1013.436
1789489380,3.71162391,3.2687906600000005,24.81,1013.461
1789489390,3.69539943,3.25543466,24.79,1013.485
1789489400,3.68458311,3.24541766,24.78,1013.461
1789489410,3.6863858300000003,3.2465306600000003,24.78,1013.495
1789489420,3.68278039,3.2431916600000004,24.79,1013.444
1789489430,3.65213415,3.2153666600000004,24.78,1013.451
1789489440,3.64492327,3.2075756600000003,24.78,1013.472
1789489450,3.63410695,3.19978466,24.76,1013.484
1789489460,3.63410695,3.19978466,24.78,1013.483
1789489470,3.6485287100000003,3.2131406600000005,24.78,1013.49
1789489480,3.6539368700000003,3.21759266,24.78,1013.471
1789489490,3.6647531900000003,3.2264966600000005,24.75,1013.537
1789489500,3.6485287100000003,3.2120276600000004,24.79,1013.523
1789489510,3.64492327,3.2086886600000004,24.76,1013.517
1789489520,3.64492327,3.2086886600000004,24.78,1013.535
1789489530,3.6431205500000003,3.2086886600000004,24.75,1013.511
1789489540,3.63590967,3.2020106600000005,24.76,1013.499
1789489550,3.6431205500000003,3.2075756600000003,24.75,1013.525
1789489560,3.6431205500000003,3.20646266,24.76,1013.559
1789489570,3.6485287100000003,3.2131406600000005,24.76,1013.532
1789489580,3.61247431,3.18197666,24.74,1013.52
1789489590,3.57461719,3.14747366,24.72,1013.537
1789489600,3.5710117500000003,3.1452476600000003,24.78,1013.559
1789489610,3.5926443900000002,3.16528166,24.74,1013.551
1789489620,3.5818280700000003,3.1563776600000004,24.74,1013.569
1789489630,3.57822263,3.1530386600000004,24.74,1013.556
1789489640,3.57281447,3.1485866600000003,24.71,1013.574
1789489650,3.56380087,3.1419086600000004,24.71,1013.587
1789489660,3.5818280700000003,3.15749066,24.72,1013.601
1789489670,3.5710117500000003,3.14747366,24.72,1013.574
1789489680,3.5493791100000003,3.12632666,24.74,1013.612
1789489690,3.58002535,3.1530386600000004,24.72,1013.598
1789489700,3.61788247,3.1875416600000004,24.74,1013.596
1789489710,3.60706615,3.17863766,24.74,1013.61
1789489720,3.5980525500000002,3.1708466600000005,24.74,1013.593
1789489730,3.5980525500000002,3.17195966,24.72,1013.593
1789489740,3.62329063,3.19310666,24.75,1013.599
1789489750,3.6214879100000004,3.1908806600000004,24.74,1013.604
1789489760,3.61788247,3.1875416600000004,24.75,1013.632
1789489770,3.5926443900000002,3.1663946600000004,24.74,1013.635
1789489780,3.58543351,3.1586036600000003,24.76,1013.642
1789489790,3.57281447,3.14747366,24.74,1013.67
1789489800,3.54757639,3.12632666,24.75,1013.66
1789489810,3.5547872700000003,3.1341176600000002,24.75,1013.63
1789489820,3.53495735,3.11630966,24.75,1013.645
1789489830,3.55658999,3.1363436600000005,24.72,1013.692
1789489840,3.54577367,3.12632666,24.72,1013.698
1789489850,3.54216823,3.12298766,24.74,1013.672
1789489860,3.5439709500000003,3.1241006600000003,24.74,1013.677
1789489870,3.54577367,3.12632666,24.71,1013.76
1789489880,3.5439709500000003,3.1252136600000004,24.75,1013.756
1789489890,3.55298455,3.1318916600000004,24.72,1013.685
1789489900,3.5439709500000003,3.1241006600000003,24.72,1013.714
1789489910,3.55839271,3.1363436600000005,24.74,1013.682
1789489920,3.5547872700000003,3.13300466,24.74,1013.701
1789489930,3.5601954300000003,3.1385696600000004,24.75,1013.725
1789489940,3.5547872700000003,3.13300466,24.76,1013.723
1789489950,3.5493791100000003,3.1274396600000003,24.79,1013.69
1789489960,3.54577367,3.1241006600000003,24.78,1013.714
1789489970,3.55118183,3.12966566,24.78,1013.785
1789489980,3.5601954300000003,3.1363436600000005,24.79,1013.761
1789489990,3.56740631,3.1419086600000004,24.76,1013.755
1789490000,3.55298455,3.1307786600000003,24.76,1013.707
1789490010,3.5439709500000003,3.1241006600000003,24.75,1013.731
1789490020,3.5385627900000003,3.1185356600000005,24.78,1013.729
1789490030,3.54036551,3.1185356600000005,24.78,1013.744
1789490040,3.5493791100000003,3.1274396600000003,24.76,1013.753
1789490050,3.5601954300000003,3.1363436600000005,24.75,1013.759
1789490060,3.56380087,3.1396826600000005,24.75,1013.742
1789490070,3.56740631,3.1430216600000005,24.76,1013.803
1789490080,3.5656035900000003,3.1419086600000004,24.78,1013.79
1789490090,3.57281447,3.1485866600000003,24.76,1013.793
1789490100,3.5818280700000003,3.1563776600000004,24.76,1013.776
1789490110,3.5872362300000002,3.1608296600000005,24.76,1013.767
1789490120,3.5890389500000004,3.1619426600000002,24.78,1013.79
1789490130,3.5980525500000002,3.1708466600000005,24.75,1013.816
1789490140,3.6160797500000004,3.1853156600000005,24.76,1013.835
1789490150,3.6088688700000002,3.1797506600000003,24.75,1013.82
1789490160,3.61788247,3.1886546600000005,24.75,1013.835
1789490170,3.6142770300000002,3.1842026600000004,24.76,1013.839
1789490180,3.60706615,3.17863766,24.75,1013.856
1789490190,3.61788247,3.1864286600000002,24.75,1013.805
1789490200,3.62329063,3.1908806600000004,24.75,1013.825
1789490210,3.62869879,3.1975586600000003,24.78,1013.83
1789490220,3.64672599,3.2142536600000002,24.75,1013.831
1789490230,3.64672599,3.2131406600000005,24.72,1013.818
1789490240,3.64131783,3.2086886600000004,24.76,1013.863
1789490250,3.6485287100000003,3.2142536600000002,24.72,1013.807
1789490260,3.6539368700000003,3.2187056600000004,24.74,1013.836
1789490270,3.67376679,3.2376266600000005,24.76,1013.826
1789490280,3.69359671,3.2532086600000003,24.76,1013.839
1789490290,3.69359671,3.2543216600000004,24.74,1013.87
1789490300,3.6809776700000003,3.2431916600000004,24.75,1013.884
1789490310,3.67376679,3.2365136600000004,24.72,1013.841
1789490320,3.66114775,3.2253836600000003,24.72,1013.88
1789490330,3.67376679,3.2354006600000003,24.74,1013.866
1789490340,3.68278039,3.2431916600000004,24.72,1013.837
1789490350,3.70441303,3.2621126600000006,24.71,1013.883
1789490360,3.6972021500000003,3.2576606600000004,24.72,1013.862
1789490370,3.71162391,3.26990366,24.75,1013.845
1789490380,3.73145383,3.28659866,24.72,1013.863
1789490390,3.72244023,3.27992066,24.72,1013.875
1789490400,3.73325655,3.2888246600000004,24.71,1013.892
1789490410,3.73686199,3.2921636600000004,24.72,1013.88
1789490420,3.7404674300000003,3.29438966,24.71,1013.885
1789490430,3.7188347900000003,3.2754686600000005,24.72,1013.901
1789490440,3.72784839,3.2843726600000003,24.71,1013.893
1789490450,3.72784839,3.2843726600000003,24.69,1013.902
1789490460,3.73325655,3.2888246600000004,24.71,1013.9
1789490470,3.7566919100000002,3.30774566,24.71,1013.915
1789490480,3.7675082300000002,3.3188756600000002,24.69,1013.909
1789490490,3.75488919,3.3066326600000004,24.71,1013.922
1789490500,3.74948103,3.3021806600000003,24.74,1013.935
1789490510,3.77111367,3.3211016600000005,24.72,1013.929
1789490520,3.7909435900000004,3.3389096600000006,24.72,1013.949
1789490530,3.78733815,3.33557066,24.74,1013.953
1789490540,3.7855354300000004,3.3333446600000003,24.69,1013.952
1789490550,3.79454903,3.3411356600000004,24.71,1013.984
1789490560,3.78914087,3.3377966600000004,24.71,1013.994
1789490570,3.7783245500000002,3.3266666600000003,24.71,1014.001
1789490580,3.78373271,3.33223166,24.74,1014.005
1789490590,3.78192999,3.3311186600000005,24.71,1013.985
1789490600,3.7963517500000004,3.3433616600000002,24.71,1013.976
1789490610,3.79274631,3.3389096600000006,24.72,1013.975
1789490620,3.79274631,3.3389096600000006,24.71,1013.97
1789490630,3.79274631,3.3400226600000003,24.72,1013.967
1789490640,3.80356263,3.35003966,24.69,1013.997
1789490650,3.80897079,3.3556046600000005,24.72,1014.01
1789490660,3.81437895,3.3589436600000004,24.69,1014.021
1789490670,3.81437895,3.36005666,24.69,1013.997
1789490680,3.8125762300000003,3.35671766,24.71,1013.983
1789490690,3.81437895,3.3589436600000004,24.72,1013.985
1789490700,3.81437895,3.3589436600000004,24.72,1013.996
1789490710,3.81437895,3.3589436600000004,24.71,1014.043
1789490720,3.81077351,3.3556046600000005,24.69,1014.005
1789490730,3.81437895,3.3578306600000003,24.69,1014.032
1789490740,3.81437895,3.3578306600000003,24.69,1014.036
1789490750,3.81437895,3.3589436600000004,24.69,1014.032
1789490760,3.80536535,3.35003966,24.71,1014.045
1789490770,3.79274631,3.3377966600000004,24.71,1014.027
1789490780,3.79454903,3.3400226600000003,24.69,1014.054
1789490790,3.7909435900000004,3.3366836600000003,24.69,1014.049
1789490800,3.79454903,3.3411356600000004,24.71,1014.009
1789490810,3.78733815,3.3344576600000004,24.72,1014.015
1789490820,3.8071680700000003,3.3511526600000003,24.72,1014.057
1789490830,3.80897079,3.3522656600000005,24.69,1014.048
1789490840,3.81618167,3.3589436600000004,24.66,1014.022
1789490850,3.81618167,3.3589436600000004,24.66,1014.04
1789490860,3.81437895,3.3589436600000004,24.68,1014.017
1789490870,3.8125762300000003,3.35671766,24.68,1014.007
1789490880,3.8179843900000003,3.3611696600000003,24.68,1014.038
1789490890,3.80356263,3.3478136600000004,24.68,1014.026
1789490900,3.79815447,3.3422486600000005,24.66,1014.013
1789490910,3.79454903,3.3400226600000003,24.66,1014.019
1789490920,3.78373271,3.32889266,24.69,1014.023
1789490930,3.78192999,3.3300056600000003,24.66,1014.003
1789490940,3.78192999,3.32889266,24.65,1014.001
1789490950,3.7639027900000004,3.3133106600000004,24.68,1013.99
1789490960,3.7458755900000003,3.2966156600000005,24.68,1014.002
1789490970,3.74767831,3.29772866,24.68,1014.006
1789490980,3.7188347900000003,3.27324266,24.68,1014.007
1789490990,3.70982119,3.2643386600000004,24.72,1014.031
1789491000,3.70982119,3.2632256600000002,24.71,1014.014
1789491010,3.7188347900000003,3.2721296600000005,24.66,1014.011
1789491020,3.7530864700000004,3.3032936600000005,24.66,1014.019
1789491030,3.77111367,3.3188756600000002,24.71,1014.028
1789491040,3.7621000700000002,3.31108466,24.69,1014.012
1789491050,3.77111367,3.3177626600000005,24.69,1014.011
1789491060,3.7530864700000004,3.3032936600000005,24.71,1014.024
1789491070,3.72784839,3.2810336600000003,24.69,1014.044
1789491080,3.6431205500000003,3.20646266,24.69,1014.061
1789491090,3.6539368700000003,3.2131406600000005,24.71,1014.033
1789491100,3.65033143,3.2120276600000004,24.69,1014.049
1789491110,3.68278039,3.2409656600000005,24.71,1014.043
1789491120,3.64131783,3.2042366600000003,24.69,1014.044
1789491130,3.66295047,3.2231576600000005,24.68,1014.037
1789491140,3.6323042300000004,3.19644566,24.68,1014.034
1789491150,3.64492327,3.2075756600000003,24.71,1014.04
1789491160,3.64492327,3.20646266,24.68,1014.039
1789491170,3.66835863,3.22760966,24.68,1014.059
1789491180,3.66655591,3.2264966600000005,24.69,1014.084
1789491190,3.6160797500000004,3.1830896600000003,24.68,1014.09
1789491200,3.63410695,3.19644566,24.68,1014.093
1789491210,3.5998552700000004,3.16862066,24.68,1014.086
1789491220,3.5980525500000002,3.1663946600000004,24.68,1014.084
1789491230,3.59624983,3.1641686600000005,24.65,1014.053
1789491240,3.58002535,3.1496996600000005,24.66,1014.074
1789491250,3.5547872700000003,3.1285526600000004,24.64,1014.105
1789491260,3.55839271,3.1318916600000004,24.65,1014.115
1789491270,3.59084167,3.1597166600000004,24.68,1014.116
1789491280,3.5944471100000004,3.1630556600000004,24.66,1014.112
1789491290,3.56920903,3.1419086600000004,24.69,1014.16
1789491300,3.5980525500000002,3.1663946600000004,24.68,1014.14
1789491310,3.59084167,3.1597166600000004,24.66,1014.105
1789491320,3.5601954300000003,3.1318916600000004,24.68,1014.115
1789491330,3.55839271,3.1307786600000003,24.68,1014.154
1789491340,3.54757639,3.12298766,24.66,1014.161
1789491350,3.52053559,3.09850166,24.66,1014.16
1789491360,3.53495735,3.1107446600000004,24.66,1014.181
1789491370,3.52954919,3.1074056600000004,24.66,1014.166
1789491380,3.5223383100000003,3.0996146600000003,24.64,1014.148
1789491390,3.52954919,3.1074056600000004,24.65,1014.187
1789491400,3.5710117500000003,3.1430216600000005,24.64,1014.159
1789491410,3.57461719,3.1463606600000005,24.65,1014.146
1789491420,3.56920903,3.14079566,24.65,1014.141
1789491430,3.55658999,3.12966566,24.65,1014.166
1789491440,3.5331546300000003,3.1096316600000002,24.62,1014.184
1789491450,3.50431111,3.0851456600000002,24.64,1014.141
1789491460,3.52414103,3.1029536600000003,24.65,1014.145
1789491470,3.5439709500000003,3.11964866,24.62,1014.19
1789491480,3.54757639,3.1218746600000005,24.65,1014.209
1789491490,3.53676007,3.1140836600000004,24.59,1014.206
1789491500,3.52954919,3.1062926600000003,24.64,1014.185
1789491510,3.52954919,3.1062926600000003,24.64,1014.193
1789491520,3.52053559,3.0996146600000003,24.62,1014.22
1789491530,3.49169207,3.07401566,24.61,1014.23
1789491540,3.5115219900000003,3.09182366,24.61,1014.194
1789491550,3.5007056700000003,3.08069366,24.64,1014.142
1789491560,3.49169207,3.07401566,24.64,1014.199
1789491570,3.49169207,3.0717896600000003,24.64,1014.16
1789491580,3.49710023,3.07735466,24.64,1014.184
1789491590,3.48808663,3.07067666,24.59,1014.196
1789491600,3.4628485500000004,3.0484166600000004,24.61,1014.195
1789491610,3.45563767,3.04285166,24.61,1014.177
1789491620,3.45563767,3.0417386600000005,24.58,1014.202
1789491630,3.46645399,3.0517556600000004,24.61,1014.2
1789491640,3.44842679,3.0350606600000005,24.59,1014.211
1789491650,3.45924311,3.0450776600000005,24.64,1014.201
1789491660,3.45022951,3.0372866600000004,24.59,1014.222
1789491670,3.4358077500000004,3.0228176600000003,24.61,1014.243
1789491680,3.42138599,3.0128006600000004,24.59,1014.224
1789491690,3.4231887100000002,3.0139136600000005,24.62,1014.235
1789491700,3.4303995900000004,3.0205916600000005,24.61,1014.244
1789491710,3.41597783,3.0072356600000005,24.62,1014.263
1789491720,3.40335879,2.99721866,24.59,1014.261
1789491730,3.41056967,3.0016706600000003,24.62,1014.245
1789491740,3.4177805500000003,3.0083486600000002,24.61,1014.236
1789491750,3.42679415,3.0172526600000005,24.59,1014.239
1789491760,3.41597783,3.0083486600000002,24.59,1014.26
1789491770,3.40876695,3.0016706600000003,24.62,1014.269
1789491780,3.41417511,3.0061226600000004,24.61,1014.239
1789491790,3.42138599,3.0139136600000005,24.61,1014.253
1789491800,3.41417511,3.0072356600000005,24.64,1014.263
1789491810,3.41056967,3.0027836600000004,24.64,1014.245
1789491820,3.41056967,3.0027836600000004,24.59,1014.263
1789491830,3.40516151,2.9994446600000004,24.61,1014.244
1789491840,3.40516151,2.9994446600000004,24.64,1014.238
1789491850,3.40876695,3.0027836600000004,24.61,1014.277
1789491860,3.40876695,3.0016706600000003,24.62,1014.26
1789491870,3.41417511,3.0072356600000005,24.62,1014.242
1789491880,3.41056967,3.00389666,24.59,1014.219
1789491890,3.41056967,3.0050096600000002,24.62,1014.265
1789491900,3.41958327,3.01168766,24.62,1014.258
1789491910,3.42679415,3.01836566,24.62,1014.269
1789491920,3.41958327,3.0128006600000004,24.62,1014.287
1789491930,3.42499143,3.0161396600000003,24.61,1014.261
1789491940,3.4358077500000004,3.0261566600000003,24.57,1014.25
1789491950,3.44301863,3.0317216600000005,24.59,1014.251
1789491960,3.45383495,3.0417386600000005,24.59,1014.265
1789491970,3.46104583,3.0484166600000004,24.58,1014.243
1789491980,3.45924311,3.0473036600000003,24.59,1014.293
1789491990,3.4682567100000004,3.0550946600000004,24.58,1014.289
1789492000,3.46645399,3.05286866,24.61,1014.27
1789492010,3.47546759,3.0617726600000004,24.61,1014.25
1789492020,3.4844811900000003,3.06733766,24.59,1014.281
1789492030,3.4844811900000003,3.0684506600000003,24.59,1014.278
1789492040,3.4682567100000004,3.0539816600000003,24.59,1014.293
1789492050,3.4628485500000004,3.04952966,24.61,1014.314
1789492060,3.46104583,3.0473036600000003,24.61,1014.313
1789492070,3.4574403900000004,3.0439646600000003,24.61,1014.3
1789492080,3.47186215,3.0573206600000002,24.62,1014.289
1789492090,3.4898893500000003,3.0729026600000005,24.59,1014.301
1789492100,3.49890295,3.08069366,24.59,1014.299
1789492110,3.49890295,3.0818066600000003,24.59,1014.306
1789492120,3.51512743,3.09516266,24.61,1014.328
1789492130,3.5061138300000003,3.0873716600000005,24.61,1014.314
1789492140,3.51873287,3.0996146600000003,24.59,1014.324
1789492150,3.53495735,3.1129706600000002,24.59,1014.331
1789492160,3.54577367,3.1218746600000005,24.59,1014.377
1789492170,3.5223383100000003,3.1007276600000004,24.58,1014.317
1789492180,3.5385627900000003,3.11630966,24.59,1014.358
1789492190,3.51332471,3.0940496600000005,24.57,1014.361
1789492200,3.51512743,3.09516266,24.58,1014.353
1789492210,3.5223383100000003,3.10184066,24.57,1014.353
1789492220,3.52053559,3.0996146600000003,24.59,1014.375
1789492230,3.52594375,3.1040666600000004,24.58,1014.365
1789492240,3.51512743,3.09516266,24.57,1014.353
1789492250,3.50250839,3.0851456600000002,24.57,1014.383
1789492260,3.52594375,3.10517966,24.58,1014.362
1789492270,3.51512743,3.09516266,24.59,1014.368
1789492280,3.52594375,3.10517966,24.59,1014.375
1789492290,3.5439709500000003,3.1207616600000003,24.57,1014.41
1789492300,3.55298455,3.1274396600000003,24.59,1014.412
1789492310,3.57461719,3.14747366,24.57,1014.414
1789492320,3.57822263,3.15081266,24.57,1014.373
1789492330,3.60165799,3.17195966,24.57,1014.443
1789492340,3.6323042300000004,3.1986716600000005,24.57,1014.414
1789492350,3.63951511,3.2042366600000003,24.55,1014.417
1789492360,3.64672599,3.2120276600000004,24.55,1014.428
1789492370,3.61968519,3.1875416600000004,24.55,1014.435
1789492380,3.57461719,3.1496996600000005,24.55,1014.47
1789492390,3.5547872700000003,3.12966566,24.54,1014.433
1789492400,3.5385627900000003,3.1151966600000005,24.53,1014.394
1789492410,3.56740631,3.14079566,24.54,1014.442
1789492420,3.56380087,3.1385696600000004,24.54,1014.463
1789492430,3.55839271,3.13300466,24.53,1014.475
1789492440,3.55839271,3.1341176600000002,24.55,1014.496
1789492450,3.56380087,3.1385696600000004,24.57,1014.484
1789492460,3.58363079,3.1552646600000003,24.54,1014.479
1789492470,3.63590967,3.2008976600000003,24.54,1014.471
1789492480,3.6323042300000004,3.1986716600000005,24.54,1014.477
1789492490,3.6377123900000004,3.2042366600000003,24.54,1014.488
1789492500,3.6431205500000003,3.2075756600000003,24.55,1014.488
1789492510,3.6485287100000003,3.2120276600000004,24.55,1014.474
1789492520,3.66114775,3.2220446600000003,24.55,1014.482
1789492530,3.6539368700000003,3.21759266,24.57,1014.481
1789492540,3.63590967,3.2008976600000003,24.55,1014.487
1789492550,3.64131783,3.20646266,24.53,1014.464
1789492560,3.6377123900000004,3.2020106600000005,24.54,1014.467
1789492570,3.63590967,3.2008976600000003,24.53,1014.515
1789492580,3.6323042300000004,3.1975586600000003,24.55,1014.536
1789492590,3.6755695100000003,3.2354006600000003,24.55,1014.48
1789492600,3.6972021500000003,3.2532086600000003,24.54,1014.499
1789492610,3.7080184700000003,3.2632256600000002,24.57,1014.511
1789492620,3.71703207,3.2721296600000005,24.57,1014.543
1789492630,3.7026103100000003,3.2598866600000003,24.55,1014.568
1789492640,3.70982119,3.2665646600000002,24.55,1014.52
1789492650,3.69539943,3.2543216600000004,24.54,1014.52
1789492660,3.68999127,3.2498696600000003,24.55,1014.521
1789492670,3.6917939900000003,3.2498696600000003,24.55,1014.536
1789492680,3.6917939900000003,3.2498696600000003,24.57,1014.545
1789492690,3.68999127,3.2498696600000003,24.54,1014.555
1789492700,3.68278039,3.2431916600000004,24.55,1014.562
1789492710,3.6755695100000003,3.2376266600000005,24.55,1014.523
1789492720,3.68999127,3.24875666,24.55,1014.517
1789492730,3.70621575,3.2621126600000006,24.55,1014.521
1789492740,3.70441303,3.2609996600000004,24.55,1014.543
1789492750,3.70080759,3.2576606600000004,24.51,1014.523
1789492760,3.7188347900000003,3.27324266,24.51,1014.503
1789492770,3.73325655,3.2854856600000004,24.54,1014.509
1789492780,3.73325655,3.28659866,24.54,1014.524
1789492790,3.73866471,3.2910506600000002,24.55,1014.512
1789492800,3.7458755900000003,3.29772866,24.54,1014.516
1789492810,3.7621000700000002,3.31108466,24.53,1014.53
1789492820,3.7783245500000002,3.32555366,24.48,1014.528
1789492830,3.77111367,3.3199886600000004,24.53,1014.539
1789492840,3.77652183,3.3233276600000003,24.54,1014.544
1789492850,3.78192999,3.32889266,24.53,1014.555
1789492860,3.78733815,3.33223166,24.54,1014.503
1789492870,3.78192999,3.3277796600000005,24.54,1014.522
1789492880,3.78192999,3.32889266,24.57,1014.536
1789492890,3.79274631,3.3377966600000004,24.55,1014.508
1789492900,3.79815447,3.3422486600000005,24.55,1014.509
1789492910,3.79815447,3.3422486600000005,24.55,1014.53
1789492920,3.80536535,3.3489266600000005,24.51,1014.547
1789492930,3.81077351,3.35337866,24.55,1014.542
1789492940,3.8179843900000003,3.3578306600000003,24.57,1014.555
1789492950,3.81978711,3.3611696600000003,24.54,1014.553
1789492960,3.82158983,3.3622826600000004,24.51,1014.589
1789492970,3.82158983,3.3622826600000004,24.55,1014.588
1789492980,3.82158983,3.3622826600000004,24.51,1014.574
1789492990,3.8179843900000003,3.3578306600000003,24.55,1014.564
1789493000,3.80897079,3.3511526600000003,24.54,1014.56
1789493010,3.8179843900000003,3.3578306600000003,24.54,1014.57
1789493020,3.82158983,3.3611696600000003,24.53,1014.557
1789493030,3.81978711,3.3611696600000003,24.53,1014.538
1789493040,3.8233925500000003,3.36339566,24.54,1014.541
1789493050,3.81978711,3.3589436600000004,24.54,1014.554
1789493060,3.8125762300000003,3.35337866,24.54,1014.572
1789493070,3.81618167,3.35671766,24.53,1014.601
1789493080,3.81978711,3.36005666,24.54,1014.618
1789493090,3.82158983,3.3622826600000004,24.51,1014.603
1789493100,3.82158983,3.3611696600000003,24.55,1014.571
1789493110,3.82158983,3.3622826600000004,24.54,1014.55
1789493120,3.81978711,3.3589436600000004,24.53,1014.553
1789493130,3.81978711,3.36005666,24.5,1014.56
1789493140,3.8233925500000003,3.3622826600000004,24.5,1014.572
1789493150,3.81978711,3.3589436600000004,24.53,1014.56
1789493160,3.8233925500000003,3.3622826600000004,24.54,1014.53
1789493170,3.8179843900000003,3.3578306600000003,24.54,1014.545
1789493180,3.81618167,3.35671766,24.54,1014.561
1789493190,3.81978711,3.3589436600000004,24.54,1014.552
1789493200,3.81978711,3.3589436600000004,24.54,1014.562
1789493210,3.8125762300000003,3.35337866,24.53,1014.583
1789493220,3.80897079,3.35003966,24.53,1014.591
1789493230,3.8125762300000003,3.35337866,24.5,1014.53
1789493240,3.81618167,3.35671766,24.48,1014.555
1789493250,3.81978711,3.36005666,24.48,1014.555
1789493260,3.8233925500000003,3.36339566,24.48,1014.563
1789493270,3.81978711,3.36005666,24.48,1014.576
1789493280,3.81437895,3.35671766,24.47,1014.583
1789493290,3.81618167,3.35671766,24.48,1014.58
1789493300,3.81618167,3.35671766,24.5,1014.579
1789493310,3.8179843900000003,3.36005666,24.45,1014.656
1789493320,3.8233925500000003,3.36339566,24.48,1014.626
1789493330,3.8233925500000003,3.3645086600000003,24.47,1014.606
1789493340,3.82519527,3.3656216600000004,24.45,1014.591
1789493350,3.82158983,3.3622826600000004,24.45,1014.609
1789493360,3.82158983,3.36339566,24.45,1014.649
1789493370,3.82158983,3.3622826600000004,24.48,1014.646
1789493380,3.8233925500000003,3.3611696600000003,24.45,1014.618
1789493390,3.82519527,3.3656216600000004,24.47,1014.659
1789493400,3.82519527,3.3656216600000004,24.44,1014.639
1789493410,3.8233925500000003,3.3645086600000003,24.47,1014.662
1789493420,3.8233925500000003,3.36339566,24.45,1014.588
1789493430,3.81978711,3.36005666,24.47,1014.673
1789493440,3.82158983,3.3611696600000003,24.47,1014.655
1789493450,3.81618167,3.35671766,24.47,1014.643
1789493460,3.8179843900000003,3.3589436600000004,24.5,1014.655
1789493470,3.81978711,3.36005666,24.45,1014.645
1789493480,3.82158983,3.3622826600000004,24.5,1014.652
1789493490,3.8233925500000003,3.36339566,24.47,1014.635
1789493500,3.81978711,3.36005666,24.47,1014.648
1789493510,3.81978711,3.36005666,24.48,1014.648
1789493520,3.81437895,3.3556046600000005,24.47,1014.678
1789493530,3.80536535,3.3478136600000004,24.48,1014.658
1789493540,3.8017599100000004,3.3444746600000004,24.48,1014.669
1789493550,3.80536535,3.3489266600000005,24.47,1014.705
1789493560,3.79995719,3.3422486600000005,24.5,1014.665
1789493570,3.78373271,3.3300056600000003,24.53,1014.68
1789493580,3.78914087,3.3344576600000004,24.5,1014.67
1789493590,3.78373271,3.32889266,24.48,1014.699
1789493600,3.7729163900000002,3.3188756600000002,24.5,1014.714
1789493610,3.7639027900000004,3.3121976600000003,24.47,1014.676
1789493620,3.7747191100000004,3.32221466,24.47,1014.692
1789493630,3.7693109500000004,3.3166496600000004,24.47,1014.711
1789493640,3.7639027900000004,3.3121976600000003,24.44,1014.715
1789493650,3.76570551,3.3133106600000004,24.45,1014.687
1789493660,3.7584946300000004,3.3066326600000004,24.45,1014.707
1789493670,3.74948103,3.2999546600000005,24.45,1014.694
1789493680,3.74948103,3.2999546600000005,24.45,1014.707
1789493690,3.74767831,3.2988416600000003,24.47,1014.699
1789493700,3.7350592700000003,3.2877116600000003,24.45,1014.698
1789493710,3.72784839,3.2810336600000003,24.45,1014.708
1789493720,3.7242429500000003,3.2776946600000003,24.44,1014.699
1789493730,3.7134266300000003,3.2687906600000005,24.44,1014.725
1789493740,3.71162391,3.2665646600000002,24.45,1014.752
1789493750,3.71162391,3.2654516600000005,24.45,1014.724
1789493760,3.70621575,3.2621126600000006,24.47,1014.757
1789493770,3.71703207,3.2710166600000004,24.44,1014.753
1789493780,3.72784839,3.2810336600000003,24.45,1014.763
1789493790,3.72063751,3.2743556600000003,24.44,1014.757
1789493800,3.7134266300000003,3.2687906600000005,24.45,1014.757
1789493810,3.71522935,3.26990366,24.44,1014.706
1789493820,3.70441303,3.2598866600000003,24.45,1014.716
1789493830,3.7080184700000003,3.2643386600000004,24.45,1014.715
1789493840,3.7026103100000003,3.2576606600000004,24.45,1014.702
1789493850,3.70080759,3.2576606600000004,24.44,1014.723
1789493860,3.7026103100000003,3.25877366,24.44,1014.707
1789493870,3.69539943,3.25209566,24.44,1014.753
1789493880,3.6863858300000003,3.2443046600000005,24.44,1014.781
1789493890,3.67917495,3.2387396600000002,24.42,1014.777
1789493900,3.67737223,3.2376266600000005,24.44,1014.778
1789493910,3.68278039,3.2420786600000002,24.42,1014.797
1789493920,3.68458311,3.2443046600000005,24.45,1014.822
1789493930,3.68818855,3.2465306600000003,24.41,1014.773
1789493940,3.69359671,3.25209566,24.41,1014.807
1789493950,3.70441303,3.2621126600000006,24.39,1014.783
1789493960,3.7026103100000003,3.25877366,24.41,1014.781
1789493970,3.70441303,3.2598866600000003,24.45,1014.769
1789493980,3.70621575,3.2632256600000002,24.44,1014.743
1789493990,3.71162391,3.2676776600000004,24.41,1014.764
1789494000,3.7134266300000003,3.2676776600000004,24.42,1014.795
1789494010,3.7080184700000003,3.2643386600000004,24.44,1014.787
1789494020,3.7026103100000003,3.2598866600000003,24.42,1014.806
1789494030,3.7026103100000003,3.25877366,24.39,1014.78
1789494040,3.70080759,3.2565476600000003,24.38,1014.753
1789494050,3.7026103100000003,3.2598866600000003,24.44,1014.781
1789494060,3.70621575,3.2621126600000006,24.42,1014.786
1789494070,3.70441303,3.2609996600000004,24.42,1014.797
1789494080,3.69900487,3.25543466,24.41,1014.796
1789494090,3.70080759,3.2565476600000003,24.41,1014.785
1789494100,3.69539943,3.2532086600000003,24.41,1014.786
1789494110,3.6809776700000003,3.2398526600000004,24.38,1014.783
1789494120,3.68458311,3.2420786600000002,24.41,1014.789
1789494130,3.68278039,3.2409656600000005,24.39,1014.773
1789494140,3.6809776700000003,3.2398526600000004,24.41,1014.778
1789494150,3.68458311,3.2431916600000004,24.38,1014.775
1789494160,3.6917939900000003,3.2498696600000003,24.38,1014.762
1789494170,3.69539943,3.2532086600000003,24.39,1014.775
1789494180,3.6863858300000003,3.24541766,24.41,1014.815
1789494190,3.6917939900000003,3.2498696600000003,24.39,1014.811
1789494200,3.69539943,3.2532086600000003,24.38,1014.786
1789494210,3.69539943,3.2532086600000003,24.38,1014.77
1789494220,3.6917939900000003,3.2509826600000005,24.39,1014.798
1789494230,3.6917939900000003,3.2509826600000005,24.36,1014.803
1789494240,3.6972021500000003,3.2543216600000004,24.36,1014.789
1789494250,3.70080759,3.2565476600000003,24.34,1014.801
1789494260,3.69900487,3.2565476600000003,24.36,1014.795
1789494270,3.69900487,3.2565476600000003,24.36,1014.8
1789494280,3.70080759,3.2576606600000004,24.36,1014.8
1789494290,3.69539943,3.2532086600000003,24.34,1014.78
1789494300,3.69900487,3.25543466,24.39,1014.795
1789494310,3.69539943,3.2532086600000003,24.35,1014.794
1789494320,3.7026103100000003,3.25877366,24.36,1014.816
1789494330,3.70621575,3.2621126600000006,24.35,1014.801
1789494340,3.70441303,3.2598866600000003,24.38,1014.818
1789494350,3.70080759,3.2576606600000004,24.35,1014.842
1789494360,3.6972021500000003,3.2543216600000004,24.36,1014.827
1789494370,3.69539943,3.25209566,24.38,1014.842
1789494380,3.68818855,3.2465306600000003,24.35,1014.824
1789494390,3.68818855,3.2465306600000003,24.34,1014.821
1789494400,3.68999127,3.2476436600000005,24.35,1014.871
1789494410,3.68999127,3.2476436600000005,24.35,1014.872
1789494420,3.68999127,3.24875666,24.38,1014.896
1789494430,3.68999127,3.24875666,24.35,1014.871
1789494440,3.68458311,3.2420786600000002,24.35,1014.874
1789494450,3.68278039,3.2431916600000004,24.35,1014.892
1789494460,3.6863858300000003,3.2465306600000003,24.34,1014.88
1789494470,3.68999127,3.2476436600000005,24.34,1014.874
1789494480,3.68999127,3.24875666,24.35,1014.873
1789494490,3.68818855,3.2465306600000003,24.34,1014.882
1789494500,3.68818855,3.2465306600000003,24.34,1014.864
1789494510,3.6863858300000003,3.24541766,24.34,1014.898
1789494520,3.68818855,3.2476436600000005,24.35,1014.902
1789494530,3.6917939900000003,3.24875666,24.35,1014.952
1789494540,3.6917939900000003,3.2509826600000005,24.34,1014.92
1789494550,3.69539943,3.2532086600000003,24.35,1014.942
1789494560,3.6972021500000003,3.2543216600000004,24.34,1014.995
1789494570,3.69900487,3.25543466,24.32,1014.938
1789494580,3.7026103100000003,3.25877366,24.35,1014.931
1789494590,3.69539943,3.25209566,24.32,1014.899
1789494600,3.69900487,3.25543466,24.34,1014.937
1789494610,3.69900487,3.2565476600000003,24.34,1014.962
1789494620,3.6972021500000003,3.25543466,24.32,1014.951
1789494630,3.6972021500000003,3.2532086600000003,24.32,1014.953
1789494640,3.69359671,3.2509826600000005,24.32,1015.005
1789494650,3.69359671,3.25209566,24.34,1014.956
1789494660,3.69359671,3.25209566,24.36,1014.966
1789494670,3.68818855,3.2476436600000005,24.35,1014.965
1789494680,3.68818855,3.2465306600000003,24.32,1014.992
1789494690,3.68818855,3.2476436600000005,24.34,1014.954
1789494700,3.68818855,3.2476436600000005,24.32,1014.952
1789494710,3.68818855,3.2476436600000005,24.32,1015.014
1789494720,3.6863858300000003,3.24541766,24.32,1014.981
1789494730,3.6809776700000003,3.2398526600000004,24.34,1014.935
1789494740,3.68458311,3.2443046600000005,24.32,1014.952
1789494750,3.6863858300000003,3.2465306600000003,24.32,1014.965
1789494760,3.68818855,3.2465306600000003,24.3,1014.949
1789494770,3.69539943,3.2532086600000003,24.31,1014.97
1789494780,3.7026103100000003,3.2598866600000003,24.3,1014.99
1789494790,3.7026103100000003,3.2598866600000003,24.3,1014.943
1789494800,3.7026103100000003,3.25877366,24.32,1014.984
1789494810,3.70441303,3.2621126600000006,24.31,1014.952
1789494820,3.70080759,3.25877366,24.32,1015.003
1789494830,3.70080759,3.25877366,24.31,1014.974
1789494840,3.70080759,3.2576606600000004,24.32,1014.995
1789494850,3.7080184700000003,3.2654516600000005,24.31,1014.989
1789494860,3.7026103100000003,3.25877366,24.31,1014.982
1789494870,3.70080759,3.25877366,24.31,1014.983
1789494880,3.69900487,3.2565476600000003,24.31,1014.96
1789494890,3.70080759,3.25877366,24.3,1014.98
1789494900,3.70080759,3.25877366,24.3,1014.974
1789494910,3.6972021500000003,3.2543216600000004,24.3,1014.983
1789494920,3.69539943,3.25209566,24.3,1015.023
1789494930,3.6972021500000003,3.2543216600000004,24.31,1014.966
1789494940,3.70080759,3.25877366,24.3,1014.973
1789494950,3.7026103100000003,3.25877366,24.31,1014.978
1789494960,3.7080184700000003,3.2632256600000002,24.3,1014.964
1789494970,3.7026103100000003,3.2598866600000003,24.3,1014.978
1789494980,3.7026103100000003,3.2598866600000003,24.27,1014.992
1789494990,3.7080184700000003,3.2643386600000004,24.3,1014.985
1789495000,3.70982119,3.2654516600000005,24.28,1014.979
1789495010,3.70441303,3.2621126600000006,24.3,1015.007
1789495020,3.70621575,3.2632256600000002,24.27,1014.972
1789495030,3.71703207,3.27324266,24.27,1014.972
1789495040,3.71703207,3.2710166600000004,24.3,1014.974
1789495050,3.7188347900000003,3.2721296600000005,24.28,1014.981
1789495060,3.7134266300000003,3.2687906600000005,24.25,1014.975
1789495070,3.71703207,3.2721296600000005,24.28,1015.01
1789495080,3.7134266300000003,3.2687906600000005,24.28,1015.0
1789495090,3.71162391,3.2676776600000004,24.28,1015.033
1789495100,3.70982119,3.2665646600000002,24.3,1015.038
1789495110,3.70982119,3.2654516600000005,24.3,1015.045
1789495120,3.7134266300000003,3.2687906600000005,24.31,1015.033
1789495130,3.7080184700000003,3.2643386600000004,24.3,1015.011
1789495140,3.71162391,3.2665646600000002,24.3,1014.98
1789495150,3.71162391,3.2665646600000002,24.3,1014.981
1789495160,3.71703207,3.2710166600000004,24.28,1014.968
1789495170,3.7188347900000003,3.27324266,24.27,1014.957
1789495180,3.7188347900000003,3.2721296600000005,24.3,1014.972
1789495190,3.72063751,3.27658166,24.28,1015.031
1789495200,3.7242429500000003,3.2776946600000003,24.28,1015.027
1789495210,3.72784839,3.2810336600000003,24.3,1014.998
1789495220,3.7242429500000003,3.2776946600000003,24.3,1015.008
1789495230,3.7242429500000003,3.2788076600000005,24.31,1015.021
1789495240,3.72784839,3.2810336600000003,24.3,1015.056
1789495250,3.72784839,3.2821466600000004,24.31,1015.072
1789495260,3.72244023,3.2776946600000003,24.3,1015.044
1789495270,3.7188347900000003,3.27324266,24.3,1015.035
1789495280,3.71703207,3.2721296600000005,24.28,1015.034
1789495290,3.72063751,3.2743556600000003,24.28,1015.033
1789495300,3.7188347900000003,3.2743556600000003,24.3,1015.062
1789495310,3.72063751,3.2754686600000005,24.28,1015.036
1789495320,3.72244023,3.2754686600000005,24.31,1015.045
1789495330,3.7242429500000003,3.2776946600000003,24.27,1015.065
1789495340,3.73145383,3.2843726600000003,24.28,1015.079
1789495350,3.72784839,3.2821466600000004,24.3,1015.049
1789495360,3.73325655,3.28659866,24.31,1015.039
1789495370,3.72784839,3.27992066,24.28,1015.053
1789495380,3.7296511100000003,3.2821466600000004,24.28,1015.056
1789495390,3.7242429500000003,3.2788076600000005,24.31,1015.04
1789495400,3.7242429500000003,3.2788076600000005,24.3,1015.064
1789495410,3.72784839,3.27992066,24.3,1015.058
1789495420,3.73325655,3.28659866,24.31,1015.051
1789495430,3.7404674300000003,3.2921636600000004,24.3,1015.041
1789495440,3.7458755900000003,3.2966156600000005,24.3,1015.06
1789495450,3.74767831,3.29772866,24.3,1015.071
1789495460,3.74948103,3.2999546600000005,24.28,1015.078
1789495470,3.74767831,3.2988416600000003,24.31,1015.099
1789495480,3.74767831,3.2988416600000003,24.28,1015.071
1789495490,3.74948103,3.2999546600000005,24.31,1015.093
1789495500,3.7530864700000004,3.3032936600000005,24.28,1015.091
1789495510,3.7621000700000002,3.3121976600000003,24.27,1015.067
1789495520,3.7729163900000002,3.32221466,24.27,1015.07
1789495530,3.78192999,3.32889266,24.27,1015.061
1789495540,3.77652183,3.3233276600000003,24.25,1015.078
1789495550,3.76570551,3.3155366600000002,24.24,1015.082
1789495560,3.75488919,3.3055196600000003,24.24,1015.08
1789495570,3.7621000700000002,3.3121976600000003,24.27,1015.066
1789495580,3.76570551,3.3166496600000004,24.25,1015.089
1789495590,3.7675082300000002,3.3177626600000005,24.25,1015.101
1789495600,3.7675082300000002,3.3166496600000004,24.24,1015.093
1789495610,3.7729163900000002,3.3211016600000005,24.24,1015.045
1789495620,3.76570551,3.3155366600000002,24.24,1015.052
1789495630,3.77111367,3.3188756600000002,24.24,1015.047
1789495640,3.77652183,3.3244406600000005,24.25,1015.044
1789495650,3.77111367,3.3199886600000004,24.25,1015.039
1789495660,3.7747191100000004,3.3233276600000003,24.25,1015.059
1789495670,3.7801272700000004,3.32889266,24.24,1015.056
1789495680,3.78373271,3.3300056600000003,24.21,1015.063
1789495690,3.78373271,3.33223166,24.25,1015.089
1789495700,3.78914087,3.3366836600000003,24.27,1015.072
1789495710,3.7855354300000004,3.3344576600000004,24.27,1015.083
1789495720,3.79815447,3.3444746600000004,24.25,1015.085
1789495730,3.79815447,3.3444746600000004,24.25,1015.079
1789495740,3.8017599100000004,3.3478136600000004,24.25,1015.097
1789495750,3.79995719,3.3444746600000004,24.25,1015.111
1789495760,3.7909435900000004,3.3377966600000004,24.27,1015.086
1789495770,3.7909435900000004,3.3366836600000003,24.25,1015.084
1789495780,3.79454903,3.3411356600000004,24.28,1015.09
1789495790,3.7963517500000004,3.3422486600000005,24.25,1015.093
1789495800,3.7963517500000004,3.3422486600000005,24.24,1015.099
1789495810,3.79815447,3.3422486600000005,24.25,1015.1
1789495820,3.8017599100000004,3.3444746600000004,24.25,1015.11
1789495830,3.8017599100000004,3.34670066,24.24,1015.116
1789495840,3.8017599100000004,3.34670066,24.24,1015.126
1789495850,3.80897079,3.3522656600000005,24.25,1015.12
1789495860,3.80536535,3.35003966,24.25,1015.138
1789495870,3.80897079,3.35337866,24.24,1015.145
1789495880,3.8017599100000004,3.34670066,24.24,1015.124
1789495890,3.79454903,3.3422486600000005,24.25,1015.137
1789495900,3.79274631,3.3389096600000006,24.24,1015.14
1789495910,3.7963517500000004,3.3411356600000004,24.23,1015.135
1789495920,3.79995719,3.3455876600000005,24.24,1015.134
1789495930,3.79274631,3.3400226600000003,24.23,1015.142
1789495940,3.79995719,3.3455876600000005,24.24,1015.153
1789495950,3.80897079,3.35337866,24.21,1015.158
1789495960,3.8179843900000003,3.3611696600000003,24.23,1015.158
1789495970,3.81618167,3.36005666,24.21,1015.165
1789495980,3.8179843900000003,3.3611696600000003,24.21,1015.176
1789495990,3.81618167,3.36005666,24.2,1015.181
1789496000,3.8071680700000003,3.35003966,24.21,1015.167
1789496010,3.79454903,3.3411356600000004,24.21,1015.183
1789496020,3.79815447,3.3433616600000002,24.23,1015.166
1789496030,3.7963517500000004,3.3422486600000005,24.23,1015.181
1789496040,3.79454903,3.3400226600000003,24.21,1015.178
1789496050,3.78733815,3.33557066,24.21,1015.178
1789496060,3.7909435900000004,3.3389096600000006,24.21,1015.192
1789496070,3.80536535,3.3511526600000003,24.23,1015.196
1789496080,3.8179843900000003,3.3611696600000003,24.21,1015.188
1789496090,3.82158983,3.3656216600000004,24.23,1015.195
1789496100,3.82699799,3.3700736600000005,24.21,1015.193
1789496110,3.83060343,3.3711866600000002,24.2,1015.198
1789496120,3.8288007100000003,3.3711866600000002,24.2,1015.214
1789496130,3.83060343,3.37452566,24.23,1015.226
1789496140,3.83060343,3.3734126600000005,24.23,1015.227
1789496150,3.82519527,3.3678476600000002,24.23,1015.246
1789496160,3.82158983,3.3645086600000003,24.2,1015.228
1789496170,3.8288007100000003,3.3711866600000002,24.24,1015.212
1789496180,3.8342088700000003,3.3756386600000003,24.23,1015.206
1789496190,3.83781431,3.3789776600000003,24.21,1015.224
1789496200,3.8450251900000003,3.3856556600000003,24.23,1015.225
1789496210,3.8504333500000003,3.3889946600000003,24.24,1015.216
1789496220,3.85223607,3.3901076600000004,24.25,1015.227
1789496230,3.85223607,3.3901076600000004,24.23,1015.231
1789496240,3.8504333500000003,3.3889946600000003,24.24,1015.221
1789496250,3.85403879,3.3923336600000003,24.24,1015.229
1789496260,3.85403879,3.3923336600000003,24.21,1015.241
1789496270,3.8504333500000003,3.3912206600000006,24.24,1015.243
1789496280,3.84682791,3.3856556600000003,24.21,1015.26
1789496290,3.84682791,3.3867686600000004,24.23,1015.27
1789496300,3.83781431,3.37786466,24.21,1015.269
1789496310,3.83781431,3.37786466,24.24,1015.265
1789496320,3.83601159,3.3756386600000003,24.21,1015.247
1789496330,3.83781431,3.37786466,24.2,1015.252
1789496340,3.8342088700000003,3.3734126600000005,24.21,1015.25
1789496350,3.84141975,3.38120366,24.2,1015.253
1789496360,3.84141975,3.38120366,24.21,1015.256
1789496370,3.84682791,3.3856556600000003,24.21,1015.268
1789496380,3.85223607,3.3912206600000006,24.2,1015.262
1789496390,3.85223607,3.3901076600000004,24.2,1015.256
1789496400,3.84682791,3.3867686600000004,24.17,1015.269
1789496410,3.8504333500000003,3.3889946600000003,24.2,1015.276
1789496420,3.84682791,3.3856556600000003,24.18,1015.278
1789496430,3.84863063,3.3867686600000004,24.2,1015.271
1789496440,3.8450251900000003,3.38454266,24.18,1015.267
1789496450,3.84682791,3.3867686600000004,24.2,1015.269
1789496460,3.84682791,3.3856556600000003,24.21,1015.267
1789496470,3.84682791,3.3856556600000003,24.18,1015.277
1789496480,3.8450251900000003,3.38454266,24.2,1015.284
1789496490,3.84863063,3.3867686600000004,24.18,1015.284
1789496500,3.84863063,3.38788166,24.2,1015.257
1789496510,3.8504333500000003,3.3889946600000003,24.18,1015.263
1789496520,3.85223607,3.3912206600000006,24.18,1015.265
1789496530,3.85403879,3.3934466600000004,24.17,1015.268
1789496540,3.85403879,3.3912206600000006,24.17,1015.273
1789496550,3.85403879,3.3923336600000003,24.18,1015.296
1789496560,3.85223607,3.3912206600000006,24.18,1015.297
1789496570,3.8558415100000003,3.3934466600000004,24.18,1015.316
1789496580,3.85223607,3.3901076600000004,24.18,1015.33
1789496590,3.85223607,3.3901076600000004,24.17,1015.321
1789496600,3.85223607,3.3912206600000006,24.17,1015.279
1789496610,3.85223607,3.3912206600000006,24.18,1015.314
1789496620,3.85223607,3.3912206600000006,24.2,1015.299
1789496630,3.85403879,3.3923336600000003,24.18,1015.288
1789496640,3.85223607,3.3912206600000006,24.18,1015.273
1789496650,3.85223607,3.3923336600000003,24.18,1015.268
1789496660,3.85403879,3.3923336600000003,24.17,1015.288
1789496670,3.85403879,3.3934466600000004,24.2,1015.296
1789496680,3.8558415100000003,3.3945596600000005,24.18,1015.301
1789496690,3.85403879,3.3923336600000003,24.17,1015.323
1789496700,3.85403879,3.3934466600000004,24.2,1015.324
1789496710,3.85403879,3.3934466600000004,24.18,1015.308
1789496720,3.8558415100000003,3.3945596600000005,24.21,1015.298
1789496730,3.85403879,3.3945596600000005,24.23,1015.302
1789496740,3.85403879,3.3934466600000004,24.2,1015.325
1789496750,3.85223607,3.3923336600000003,24.2,1015.324
1789496760,3.85223607,3.3923336600000003,24.18,1015.321
1789496770,3.85403879,3.3923336600000003,24.21,1015.318
1789496780,3.85223607,3.3912206600000006,24.18,1015.312
1789496790,3.85403879,3.3934466600000004,24.18,1015.317
1789496800,3.85223607,3.3923336600000003,24.18,1015.33
1789496810,3.85223607,3.3901076600000004,24.2,1015.344
1789496820,3.85223607,3.3912206600000006,24.18,1015.362
1789496830,3.8504333500000003,3.3901076600000004,24.2,1015.382
1789496840,3.8504333500000003,3.3901076600000004,24.18,1015.373
1789496850,3.85223607,3.3912206600000006,24.17,1015.328
1789496860,3.85223607,3.3923336600000003,24.18,1015.344
1789496870,3.85403879,3.3934466600000004,24.17,1015.343
1789496880,3.85403879,3.3923336600000003,24.18,1015.337
1789496890,3.8558415100000003,3.3945596600000005,24.2,1015.367
1789496900,3.85403879,3.3945596600000005,24.18,1015.362
1789496910,3.8504333500000003,3.3901076600000004,24.2,1015.381
1789496920,3.84863063,3.3901076600000004,24.18,1015.366
1789496930,3.84863063,3.3901076600000004,24.18,1015.345
1789496940,3.85223607,3.3923336600000003,24.18,1015.324
1789496950,3.85223607,3.3923336600000003,24.15,1015.325
1789496960,3.85223607,3.3923336600000003,24.17,1015.342
1789496970,3.85223607,3.3934466600000004,24.15,1015.358
1789496980,3.85223607,3.3901076600000004,24.17,1015.38
1789496990,3.8504333500000003,3.3901076600000004,24.15,1015.374
1789497000,3.85223607,3.3912206600000006,24.17,1015.355
1789497010,3.8504333500000003,3.3923336600000003,24.14,1015.342
1789497020,3.85403879,3.3934466600000004,24.18,1015.338
1789497030,3.85403879,3.3934466600000004,24.15,1015.334
1789497040,3.8504333500000003,3.3912206600000006,24.14,1015.35
1789497050,3.85223607,3.3923336600000003,24.15,1015.368
1789497060,3.85223607,3.3923336600000003,24.17,1015.365
1789497070,3.85223607,3.3923336600000003,24.14,1015.402
1789497080,3.8504333500000003,3.3901076600000004,24.17,1015.391
1789497090,3.85223607,3.3923336600000003,24.17,1015.386
1789497100,3.8504333500000003,3.3912206600000006,24.17,1015.368
1789497110,3.8504333500000003,3.3912206600000006,24.17,1015.389
1789497120,3.8504333500000003,3.3901076600000004,24.18,1015.396
1789497130,3.8504333500000003,3.3912206600000006,24.18,1015.414
1789497140,3.85223607,3.3912206600000006,24.2,1015.412
1789497150,3.85403879,3.3934466600000004,24.15,1015.428
1789497160,3.85223607,3.3912206600000006,24.21,1015.422
1789497170,3.85223607,3.3912206600000006,24.17,1015.393
1789497180,3.85403879,3.3923336600000003,24.15,1015.391
1789497190,3.85223607,3.3934466600000004,24.2,1015.432
1789497200,3.85223607,3.3923336600000003,24.18,1015.452
1789497210,3.85403879,3.3934466600000004,24.17,1015.427
1789497220,3.85223607,3.3923336600000003,24.17,1015.412
1789497230,3.85223607,3.3912206600000006,24.17,1015.442
1789497240,3.85403879,3.3934466600000004,24.17,1015.448
1789497250,3.85223607,3.3923336600000003,24.2,1015.465
1789497260,3.8504333500000003,3.3912206600000006,24.2,1015.489
1789497270,3.8504333500000003,3.3901076600000004,24.17,1015.501
1789497280,3.8504333500000003,3.3889946600000003,24.2,1015.481
1789497290,3.8504333500000003,3.3901076600000004,24.18,1015.48
1789497300,3.85223607,3.3901076600000004,24.18,1015.478
1789497310,3.8504333500000003,3.3912206600000006,24.2,1015.479
1789497320,3.85223607,3.3923336600000003,24.2,1015.487
1789497330,3.84863063,3.3889946600000003,24.18,1015.503
1789497340,3.8504333500000003,3.3901076600000004,24.18,1015.518
1789497350,3.85223607,3.3912206600000006,24.17,1015.528
1789497360,3.8504333500000003,3.3901076600000004,24.15,1015.532
1789497370,3.8504333500000003,3.3889946600000003,24.17,1015.519
1789497380,3.84863063,3.3889946600000003,24.17,1015.527
1789497390,3.85223607,3.3912206600000006,24.15,1015.578
1789497400,3.8504333500000003,3.3923336600000003,24.17,1015.586
1789497410,3.8504333500000003,3.3901076600000004,24.15,1015.596
1789497420,3.8504333500000003,3.3901076600000004,24.15,1015.564
1789497430,3.8504333500000003,3.3901076600000004,24.17,1015.56
1789497440,3.8504333500000003,3.3912206600000006,24.15,1015.577
1789497450,3.8504333500000003,3.3901076600000004,24.17,1015.579
1789497460,3.84863063,3.3889946600000003,24.14,1015.588
1789497470,3.84682791,3.38788166,24.14,1015.6
1789497480,3.84682791,3.38788166,24.15,1015.598
1789497490,3.84863063,3.3889946600000003,24.15,1015.614
1789497500,3.84863063,3.3889946600000003,24.13,1015.609
1789497510,3.84682791,3.3889946600000003,24.15,1015.614
1789497520,3.84863063,3.3901076600000004,24.14,1015.614
1789497530,3.84863063,3.3901076600000004,24.13,1015.636
1789497540,3.85223607,3.3934466600000004,24.15,1015.63
1789497550,3.85223607,3.3934466600000004,24.13,1015.603
1789497560,3.85223607,3.3934466600000004,24.14,1015.588
1789497570,3.85223607,3.3923336600000003,24.14,1015.588
1789497580,3.84863063,3.3901076600000004,24.14,1015.588
1789497590,3.84863063,3.3889946600000003,24.13,1015.583
1789497600,3.8504333500000003,3.3912206600000006,24.15,1015.599
1789497610,3.84863063,3.3889946600000003,24.14,1015.594
1789497620,3.84863063,3.3901076600000004,24.14,1015.591
1789497630,3.84863063,3.3901076600000004,24.14,1015.602
1789497640,3.85223607,3.3923336600000003,24.14,1015.606
1789497650,3.84682791,3.38788166,24.14,1015.6
1789497660,3.8450251900000003,3.3867686600000004,24.17,1015.604
1789497670,3.8450251900000003,3.3867686600000004,24.14,1015.61
1789497680,3.84322247,3.3867686600000004,24.15,1015.628
1789497690,3.84863063,3.3912206600000006,24.14,1015.632
1789497700,3.8504333500000003,3.3901076600000004,24.13,1015.628
1789497710,3.8504333500000003,3.3912206600000006,24.14,1015.6
1789497720,3.8504333500000003,3.3901076600000004,24.14,1015.631
1789497730,3.84682791,3.38788166,24.14,1015.627
1789497740,3.84682791,3.38788166,24.14,1015.625
1789497750,3.84682791,3.38788166,24.13,1015.627
1789497760,3.84863063,3.3889946600000003,24.15,1015.645
1789497770,3.8504333500000003,3.3901076600000004,24.15,1015.626
1789497780,3.8504333500000003,3.3901076600000004,24.14,1015.626
1789497790,3.84863063,3.38788166,24.17,1015.636
1789497800,3.84863063,3.3889946600000003,24.15,1015.657
1789497810,3.8504333500000003,3.3912206600000006,24.15,1015.639
1789497820,3.84863063,3.38788166,24.15,1015.649
1789497830,3.84682791,3.38788166,24.15,1015.659
1789497840,3.8450251900000003,3.3867686600000004,24.15,1015.695
1789497850,3.84141975,3.3834296600000004,24.15,1015.694
1789497860,3.84322247,3.3834296600000004,24.15,1015.681
1789497870,3.84322247,3.38454266,24.14,1015.714
1789497880,3.84322247,3.38454266,24.17,1015.697
1789497890,3.84141975,3.3834296600000004,24.15,1015.721
1789497900,3.84322247,3.3856556600000003,24.15,1015.712
1789497910,3.84322247,3.38454266,24.17,1015.677
1789497920,3.8396170300000003,3.3823166600000003,24.13,1015.683
1789497930,3.83781431,3.3800906600000005,24.14,1015.716
1789497940,3.83781431,3.3800906600000005,24.14,1015.708
1789497950,3.8396170300000003,3.3800906600000005,24.17,1015.71
1789497960,3.84141975,3.3823166600000003,24.15,1015.727
1789497970,3.84322247,3.3834296600000004,24.14,1015.711
1789497980,3.84322247,3.38454266,24.15,1015.703
1789497990,3.84322247,3.38454266,24.15,1015.696
1789498000,3.84141975,3.3834296600000004,24.15,1015.7
1789498010,3.8450251900000003,3.3867686600000004,24.15,1015.7
1789498020,3.84322247,3.3834296600000004,24.14,1015.718
1789498030,3.8450251900000003,3.3856556600000003,24.14,1015.73
1789498040,3.83781431,3.38120366,24.15,1015.718
1789498050,3.83781431,3.3789776600000003,24.14,1015.729
1789498060,3.84141975,3.3823166600000003,24.13,1015.743
1789498070,3.83781431,3.38120366,24.14,1015.715
1789498080,3.83781431,3.3800906600000005,24.14,1015.706
1789498090,3.83781431,3.38120366,24.14,1015.746
1789498100,3.83781431,3.38120366,24.13,1015.747
1789498110,3.84141975,3.3823166600000003,24.11,1015.714
1789498120,3.84141975,3.3823166600000003,24.14,1015.725
1789498130,3.83781431,3.38120366,24.13,1015.748
1789498140,3.83781431,3.3789776600000003,24.13,1015.739
1789498150,3.83601159,3.3800906600000005,24.1,1015.727
1789498160,3.83781431,3.38120366,24.11,1015.718
1789498170,3.8396170300000003,3.3823166600000003,24.1,1015.728
1789498180,3.84141975,3.3834296600000004,24.13,1015.752
1789498190,3.84141975,3.3834296600000004,24.1,1015.746
1789498200,3.84322247,3.38454266,24.13,1015.767
1789498210,3.84141975,3.38454266,24.11,1015.8
1789498220,3.84141975,3.3834296600000004,24.11,1015.796
1789498230,3.83601159,3.3800906600000005,24.1,1015.764
1789498240,3.83601159,3.3800906600000005,24.14,1015.782
1789498250,3.8396170300000003,3.38120366,24.1,1015.751
1789498260,3.8396170300000003,3.38120366,24.11,1015.772
1789498270,3.8396170300000003,3.3823166600000003,24.11,1015.77
1789498280,3.84141975,3.3834296600000004,24.11,1015.806
1789498290,3.84322247,3.3867686600000004,24.13,1015.814
1789498300,3.84141975,3.3834296600000004,24.14,1015.773
1789498310,3.83781431,3.38120366,24.13,1015.745
1789498320,3.8342088700000003,3.37786466,24.14,1015.76
1789498330,3.83601159,3.3789776600000003,24.13,1015.794
1789498340,3.83601159,3.3789776600000003,24.13,1015.795
1789498350,3.83601159,3.3789776600000003,24.13,1015.797
1789498360,3.83240615,3.3756386600000003,24.15,1015.809
1789498370,3.82699799,3.3711866600000002,24.13,1015.826
1789498380,3.83060343,3.37452566,24.11,1015.814
1789498390,3.8288007100000003,3.3734126600000005,24.13,1015.796
1789498400,3.8288007100000003,3.3722996600000004,24.13,1015.805
1789498410,3.82519527,3.3678476600000002,24.14,1015.81
1789498420,3.82699799,3.3700736600000005,24.13,1015.83
1789498430,3.83240615,3.3756386600000003,24.11,1015.824
1789498440,3.83601159,3.3789776600000003,24.11,1015.834
1789498450,3.83601159,3.3789776600000003,24.13,1015.785
1789498460,3.8342088700000003,3.37786466,24.1,1015.779
1789498470,3.83060343,3.37452566,24.11,1015.785
1789498480,3.83060343,3.3734126600000005,24.08,1015.802
1789498490,3.83240615,3.3756386600000003,24.1,1015.803
1789498500,3.8288007100000003,3.3722996600000004,24.08,1015.817
1789498510,3.82158983,3.3656216600000004,24.1,1015.81
1789498520,3.81618167,3.3611696600000003,24.08,1015.804
1789498530,3.81618167,3.3611696600000003,24.1,1015.802
1789498540,3.81618167,3.3622826600000004,24.1,1015.805
1789498550,3.8179843900000003,3.36339566,24.1,1015.815
1789498560,3.82158983,3.3656216600000004,24.13,1015.789
1789498570,3.8179843900000003,3.3622826600000004,24.1,1015.808
1789498580,3.81978711,3.3645086600000003,24.08,1015.807
1789498590,3.82158983,3.3656216600000004,24.11,1015.797
1789498600,3.8179843900000003,3.3622826600000004,24.11,1015.789
1789498610,3.81618167,3.3611696600000003,24.11,1015.829
1789498620,3.8125762300000003,3.3578306600000003,24.11,1015.819
1789498630,3.81437895,3.3589436600000004,24.08,1015.806
1789498640,3.8233925500000003,3.3678476600000002,24.11,1015.816
1789498650,3.81978711,3.3645086600000003,24.13,1015.82
1789498660,3.8179843900000003,3.3622826600000004,24.08,1015.827
1789498670,3.8179843900000003,3.36339566,24.1,1015.87
1789498680,3.81978711,3.3645086600000003,24.1,1015.878
1789498690,3.8179843900000003,3.36339566,24.11,1015.856
1789498700,3.8071680700000003,3.35337866,24.08,1015.852
1789498710,3.80897079,3.3556046600000005,24.11,1015.852
1789498720,3.8071680700000003,3.3544916600000003,24.1,1015.832
1789498730,3.8071680700000003,3.3544916600000003,24.08,1015.823
1789498740,3.80536535,3.3522656600000005,24.08,1015.816
1789498750,3.80356263,3.3511526600000003,24.11,1015.837
1789498760,3.80897079,3.3556046600000005,24.08,1015.838
1789498770,3.81618167,3.3622826600000004,24.06,1015.87
1789498780,3.8179843900000003,3.3611696600000003,24.07,1015.865
1789498790,3.81437895,3.36005666,24.08,1015.87
1789498800,3.80897079,3.3556046600000005,24.07,1015.86
1789498810,3.81618167,3.3622826600000004,24.1,1015.843
1789498820,3.8179843900000003,3.3622826600000004,24.08,1015.854
1789498830,3.80897079,3.3556046600000005,24.08,1015.894
1789498840,3.80897079,3.3556046600000005,24.11,1015.907
1789498850,3.80356263,3.3511526600000003,24.11,1015.881
1789498860,3.79995719,3.3478136600000004,24.11,1015.891
1789498870,3.80356263,3.3511526600000003,24.08,1015.892
1789498880,3.80536535,3.3522656600000005,24.08,1015.898
1789498890,3.8125762300000003,3.3578306600000003,24.07,1015.865
1789498900,3.8071680700000003,3.35337866,24.07,1015.876
1789498910,3.8071680700000003,3.3522656600000005,24.08,1015.862
1789498920,3.79815447,3.3455876600000005,24.07,1015.874
1789498930,3.79815447,3.3455876600000005,24.07,1015.873
1789498940,3.7963517500000004,3.3433616600000002,24.1,1015.876
1789498950,3.80536535,3.3522656600000005,24.07,1015.889
1789498960,3.8179843900000003,3.3622826600000004,24.08,1015.887
1789498970,3.8179843900000003,3.36339566,24.08,1015.894
1789498980,3.81077351,3.3578306600000003,24.08,1015.911
1789498990,3.80536535,3.3522656600000005,24.1,1015.933
1789499000,3.8017599100000004,3.3489266600000005,24.11,1015.93
1789499010,3.79454903,3.3433616600000002,24.11,1015.919
1789499020,3.79454903,3.3422486600000005,24.11,1015.955
1789499030,3.78914087,3.3377966600000004,24.08,1015.954
1789499040,3.78914087,3.3389096600000006,24.1,1015.918
1789499050,3.78914087,3.3389096600000006,24.08,1015.901
1789499060,3.78914087,3.3377966600000004,24.07,1015.906
1789499070,3.78192999,3.3311186600000005,24.08,1015.893
1789499080,3.78192999,3.3311186600000005,24.1,1015.898
1789499090,3.7801272700000004,3.3300056600000003,24.11,1015.917
1789499100,3.7747191100000004,3.32555366,24.07,1015.936
1789499110,3.77652183,3.3277796600000005,24.08,1015.969
1789499120,3.7855354300000004,3.33557066,24.08,1015.947
1789499130,3.7963517500000004,3.3433616600000002,24.1,1015.929
1789499140,3.7909435900000004,3.3389096600000006,24.1,1015.94
1789499150,3.7855354300000004,3.33557066,24.1,1015.931
1789499160,3.79274631,3.3400226600000003,24.08,1015.919
1789499170,3.78733815,3.3377966600000004,24.07,1015.903
1789499180,3.78192999,3.33223166,24.08,1015.917
1789499190,3.78192999,3.3300056600000003,24.1,1015.917
1789499200,3.7801272700000004,3.3300056600000003,24.08,1015.93
1789499210,3.78192999,3.3311186600000005,24.08,1015.944
1789499220,3.78192999,3.33223166,24.08,1015.919
1789499230,3.78192999,3.33223166,24.1,1015.932
1789499240,3.7801272700000004,3.32889266,24.07,1015.921
1789499250,3.7801272700000004,3.32889266,24.08,1015.926
1789499260,3.7783245500000002,3.3277796600000005,24.07,1015.944
1789499270,3.77652183,3.3266666600000003,24.07,1015.949
1789499280,3.7675082300000002,3.3177626600000005,24.08,1015.951
1789499290,3.7639027900000004,3.3144236600000005,24.1,1015.96
1789499300,3.7621000700000002,3.3144236600000005,24.1,1015.95
1789499310,3.7639027900000004,3.3144236600000005,24.1,1015.939
1789499320,3.7621000700000002,3.3121976600000003,24.1,1015.952
1789499330,3.7566919100000002,3.3099716600000004,24.11,1015.937
1789499340,3.7675082300000002,3.3177626600000005,24.11,1015.934
1789499350,3.7639027900000004,3.3155366600000002,24.08,1015.94
1789499360,3.7693109500000004,3.3188756600000002,24.11,1015.92
1789499370,3.7693109500000004,3.3199886600000004,24.11,1015.941
1789499380,3.77652183,3.3266666600000003,24.1,1015.927
1789499390,3.7855354300000004,3.3344576600000004,24.08,1015.919
1789499400,3.77111367,3.3211016600000005,24.08,1015.927
1789499410,3.7747191100000004,3.3244406600000005,24.08,1015.942
1789499420,3.77652183,3.3266666600000003,24.13,1015.939
1789499430,3.77111367,3.3233276600000003,24.1,1015.954
1789499440,3.7675082300000002,3.3188756600000002,24.11,1015.976
1789499450,3.7693109500000004,3.3199886600000004,24.1,1015.983
1789499460,3.7675082300000002,3.3188756600000002,24.1,1015.98
1789499470,3.7675082300000002,3.3199886600000004,24.11,1015.976
1789499480,3.7693109500000004,3.3199886600000004,24.08,1015.992
1789499490,3.7621000700000002,3.3144236600000005,24.1,1015.993
1789499500,3.76570551,3.3166496600000004,24.08,1015.999
1789499510,3.76570551,3.3177626600000005,24.1,1015.962
1789499520,3.7621000700000002,3.3144236600000005,24.08,1015.935
1789499530,3.76029735,3.3121976600000003,24.08,1015.965
1789499540,3.7675082300000002,3.3188756600000002,24.08,1015.952
1789499550,3.7675082300000002,3.3188756600000002,24.08,1015.987
1789499560,3.77111367,3.32221466,24.1,1016.006
1789499570,3.7675082300000002,3.3188756600000002,24.1,1016.0
1789499580,3.7675082300000002,3.3177626600000005,24.1,1016.005
1789499590,3.7621000700000002,3.3144236600000005,24.14,1016.007
1789499600,3.7621000700000002,3.3133106600000004,24.07,1016.013
1789499610,3.76570551,3.3177626600000005,24.1,1015.999
1789499620,3.7584946300000004,3.31108466,24.1,1016.006
1789499630,3.75488919,3.3066326600000004,24.1,1016.015
1789499640,3.7566919100000002,3.30774566,24.1,1016.009
1789499650,3.7530864700000004,3.3066326600000004,24.1,1016.053
1789499660,3.74948103,3.3021806600000003,24.1,1016.065
1789499670,3.7530864700000004,3.3066326600000004,24.1,1016.037
1789499680,3.7512837500000002,3.30440666,24.11,1016.012
1789499690,3.74948103,3.3032936600000005,24.08,1016.006
1789499700,3.74767831,3.30106766,24.08,1016.021
1789499710,3.7458755900000003,3.2988416600000003,24.08,1016.016
1789499720,3.74227015,3.2966156600000005,24.08,1016.037
1789499730,3.74227015,3.2955026600000004,24.1,1016.027
1789499740,3.73866471,3.2910506600000002,24.08,1016.039
1789499750,3.73866471,3.2921636600000004,24.11,1016.056
1789499760,3.7404674300000003,3.2932766600000005,24.11,1016.053
1789499770,3.74227015,3.29438966,24.1,1016.053
1789499780,3.7404674300000003,3.29438966,24.1,1016.057
1789499790,3.7404674300000003,3.29438966,24.1,1016.057
1789499800,3.73686199,3.2899376600000005,24.1,1016.069
1789499810,3.73686199,3.2899376600000005,24.1,1016.055
1789499820,3.7296511100000003,3.2843726600000003,24.1,1016.069
1789499830,3.72784839,3.2843726600000003,24.08,1016.079
1789499840,3.73145383,3.2877116600000003,24.06,1016.073
1789499850,3.73145383,3.2854856600000004,24.07,1016.094
1789499860,3.72784839,3.28325966,24.1,1016.082
1789499870,3.73866471,3.2932766600000005,24.1,1016.081
1789499880,3.7404674300000003,3.29438966,24.08,1016.074
1789499890,3.74407287,3.29772866,24.1,1016.073
1789499900,3.73866471,3.2921636600000004,24.1,1016.081
1789499910,3.7350592700000003,3.2888246600000004,24.07,1016.07
1789499920,3.7296511100000003,3.2843726600000003,24.1,1016.091
1789499930,3.72784839,3.28325966,24.08,1016.087
1789499940,3.72784839,3.2810336600000003,24.1,1016.097
1789499950,3.72063751,3.27658166,24.08,1016.096
1789499960,3.72244023,3.2776946600000003,24.1,1016.11
1789499970,3.71703207,3.2721296600000005,24.06,1016.112
1789499980,3.71522935,3.2710166600000004,24.1,1016.122
1789499990,3.7188347900000003,3.2743556600000003,24.06,1016.122
1789500000,3.72063751,3.2754686600000005,24.08,1016.124
1789500010,3.72063751,3.27658166,24.08,1016.114
1789500020,3.71703207,3.2743556600000003,24.07,1016.111
1789500030,3.72063751,3.2754686600000005,24.08,1016.093
1789500040,3.72244023,3.2776946600000003,24.06,1016.071
1789500050,3.72244023,3.2776946600000003,24.06,1016.096
1789500060,3.7242429500000003,3.27992066,24.07,1016.099
1789500070,3.7242429500000003,3.2810336600000003,24.06,1016.1
1789500080,3.72784839,3.28325966,24.04,1016.13
1789500090,3.7242429500000003,3.27992066,24.06,1016.108
1789500100,3.7242429500000003,3.27992066,24.03,1016.115
1789500110,3.7242429500000003,3.2810336600000003,24.08,1016.112
1789500120,3.7242429500000003,3.27992066,24.06,1016.098
1789500130,3.7242429500000003,3.27992066,24.06,1016.098
1789500140,3.72244023,3.2788076600000005,24.08,1016.128
1789500150,3.72244023,3.2776946600000003,24.07,1016.11
1789500160,3.7188347900000003,3.2754686600000005,24.04,1016.115
1789500170,3.72063751,3.27658166,24.06,1016.091
1789500180,3.72063751,3.2754686600000005,24.04,1016.065
1789500190,3.72063751,3.2776946600000003,24.07,1016.097
1789500200,3.7188347900000003,3.2743556600000003,24.03,1016.115
1789500210,3.71522935,3.2710166600000004,24.06,1016.123
1789500220,3.71162391,3.2676776600000004,24.1,1016.112
1789500230,3.71703207,3.2721296600000005,24.06,1016.075
1789500240,3.71522935,3.2721296600000005,24.06,1016.104
1789500250,3.7134266300000003,3.26990366,24.04,1016.109
1789500260,3.71703207,3.2721296600000005,24.06,1016.074
1789500270,3.7134266300000003,3.26990366,24.04,1016.116
1789500280,3.7134266300000003,3.26990366,24.07,1016.13
1789500290,3.71162391,3.2676776600000004,24.04,1016.16
1789500300,3.7134266300000003,3.26990366,24.04,1016.137
1789500310,3.7134266300000003,3.26990366,24.04,1016.105
1789500320,3.70982119,3.2665646600000002,24.03,1016.122
1789500330,3.71162391,3.2676776600000004,24.04,1016.122
1789500340,3.71162391,3.2665646600000002,24.03,1016.116
1789500350,3.70621575,3.2632256600000002,24.04,1016.087
1789500360,3.7080184700000003,3.2654516600000005,24.04,1016.088
1789500370,3.70982119,3.2665646600000002,24.01,1016.079
1789500380,3.7080184700000003,3.2654516600000005,24.03,1016.083
1789500390,3.7080184700000003,3.2632256600000002,24.06,1016.115
1789500400,3.70982119,3.2665646600000002,24.01,1016.124
1789500410,3.7134266300000003,3.2687906600000005,24.04,1016.103
1789500420,3.71162391,3.2676776600000004,24.04,1016.081
1789500430,3.70982119,3.2654516600000005,24.03,1016.068
1789500440,3.7134266300000003,3.2676776600000004,24.04,1016.067
1789500450,3.71162391,3.2665646600000002,24.03,1016.079
1789500460,3.7080184700000003,3.2643386600000004,23.99,1016.075
1789500470,3.70982119,3.2654516600000005,24.01,1016.1
1789500480,3.71162391,3.2676776600000004,24.03,1016.129
1789500490,3.70982119,3.2654516600000005,24.01,1016.094
1789500500,3.71162391,3.2676776600000004,24.03,1016.126
1789500510,3.70621575,3.2632256600000002,24.01,1016.102
1789500520,3.70441303,3.2609996600000004,24.0,1016.101
1789500530,3.70621575,3.2609996600000004,24.0,1016.085
1789500540,3.7080184700000003,3.2632256600000002,24.03,1016.077
1789500550,3.70982119,3.2654516600000005,24.01,1016.109
1789500560,3.7134266300000003,3.2676776600000004,24.0,1016.098
1789500570,3.71522935,3.2710166600000004,24.0,1016.066
1789500580,3.71522935,3.2710166600000004,24.01,1016.106
1789500590,3.71522935,3.26990366,24.03,1016.119
1789500600,3.71162391,3.2676776600000004,24.03,1016.146
1789500610,3.71162391,3.2665646600000002,24.03,1016.133
1789500620,3.7080184700000003,3.2643386600000004,24.03,1016.104
1789500630,3.7080184700000003,3.2643386600000004,24.03,1016.133
1789500640,3.7080184700000003,3.2643386600000004,24.04,1016.142
1789500650,3.71162391,3.2676776600000004,24.04,1016.134
1789500660,3.71162391,3.2687906600000005,24.03,1016.143
1789500670,3.70982119,3.2665646600000002,24.03,1016.131
1789500680,3.70982119,3.2654516600000005,24.03,1016.136
1789500690,3.7080184700000003,3.2632256600000002,24.04,1016.133
1789500700,3.70982119,3.2654516600000005,24.04,1016.146
1789500710,3.70982119,3.2654516600000005,24.04,1016.157
1789500720,3.71522935,3.2710166600000004,24.04,1016.157
1789500730,3.71703207,3.2721296600000005,24.03,1016.141
1789500740,3.71522935,3.26990366,24.04,1016.155
1789500750,3.71522935,3.2687906600000005,24.06,1016.173
1789500760,3.7134266300000003,3.2665646600000002,24.04,1016.151
1789500770,3.71162391,3.2665646600000002,24.04,1016.159
1789500780,3.7134266300000003,3.2687906600000005,24.06,1016.164
1789500790,3.71703207,3.2721296600000005,24.06,1016.166
1789500800,3.7188347900000003,3.27324266,24.04,1016.173
1789500810,3.72063751,3.2743556600000003,24.04,1016.181
1789500820,3.72063751,3.2754686600000005,24.01,1016.173
1789500830,3.72063751,3.2743556600000003,24.03,1016.164
1789500840,3.72244023,3.2754686600000005,24.04,1016.147
1789500850,3.72063751,3.2743556600000003,24.03,1016.16
1789500860,3.71703207,3.2710166600000004,24.01,1016.16
1789500870,3.72063751,3.2743556600000003,24.01,1016.168
1789500880,3.7188347900000003,3.27324266,24.0,1016.197
1789500890,3.71703207,3.2710166600000004,24.01,1016.197
1789500900,3.7134266300000003,3.2687906600000005,24.01,1016.192
1789500910,3.71522935,3.26990366,24.01,1016.205
1789500920,3.7134266300000003,3.2687906600000005,24.01,1016.203
1789500930,3.7134266300000003,3.2676776600000004,24.01,1016.159
1789500940,3.71703207,3.2721296600000005,24.0,1016.161
1789500950,3.71703207,3.2721296600000005,24.01,1016.172
1789500960,3.72063751,3.2754686600000005,24.0,1016.166
1789500970,3.7188347900000003,3.27324266,23.99,1016.161
1789500980,3.7188347900000003,3.27324266,23.99,1016.17
1789500990,3.72244023,3.27658166,23.97,1016.188
1789501000,3.72604567,3.27992066,24.0,1016.164
1789501010,3.7242429500000003,3.2776946600000003,24.0,1016.159
1789501020,3.72063751,3.2743556600000003,23.99,1016.226
1789501030,3.7188347900000003,3.27324266,23.99,1016.219
1789501040,3.7188347900000003,3.27324266,23.99,1016.22
1789501050,3.7242429500000003,3.2776946600000003,23.97,1016.241
1789501060,3.72244023,3.27658166,24.0,1016.211
1789501070,3.7242429500000003,3.2788076600000005,24.0,1016.219
1789501080,3.7242429500000003,3.27992066,23.97,1016.21
1789501090,3.72604567,3.27992066,23.99,1016.241
1789501100,3.7296511100000003,3.2821466600000004,23.97,1016.213
1789501110,3.7296511100000003,3.2843726600000003,23.97,1016.218
1789501120,3.73325655,3.28659866,23.97,1016.193
1789501130,3.7350592700000003,3.2899376600000005,23.99,1016.193
1789501140,3.7350592700000003,3.2888246600000004,23.97,1016.197
1789501150,3.7296511100000003,3.2843726600000003,23.97,1016.202
1789501160,3.7296511100000003,3.2854856600000004,23.99,1016.196
1789501170,3.7296511100000003,3.2854856600000004,23.99,1016.191
1789501180,3.73145383,3.28659866,23.97,1016.196
1789501190,3.73145383,3.28659866,23.99,1016.21
1789501200,3.7350592700000003,3.2888246600000004,23.99,1016.208
1789501210,3.73325655,3.2877116600000003,23.99,1016.211
1789501220,3.7350592700000003,3.2888246600000004,23.97,1016.239
1789501230,3.7350592700000003,3.2888246600000004,24.01,1016.221
1789501240,3.73686199,3.2910506600000002,23.99,1016.244
1789501250,3.73866471,3.2921636600000004,24.0,1016.233
1789501260,3.7350592700000003,3.2877116600000003,24.0,1016.217
1789501270,3.7350592700000003,3.2877116600000003,24.0,1016.219
1789501280,3.72784839,3.2810336600000003,24.01,1016.218
1789501290,3.7296511100000003,3.28325966,23.99,1016.232
1789501300,3.73145383,3.2854856600000004,24.01,1016.221
1789501310,3.72604567,3.2788076600000005,24.0,1016.215
1789501320,3.72784839,3.2810336600000003,23.99,1016.223
1789501330,3.7242429500000003,3.2788076600000005,24.01,1016.251
1789501340,3.72244023,3.2776946600000003,23.99,1016.242
1789501350,3.72244023,3.27658166,23.99,1016.216
1789501360,3.72244023,3.27658166,23.97,1016.216
1789501370,3.72063751,3.2754686600000005,23.99,1016.25
1789501380,3.72063751,3.2754686600000005,23.97,1016.24
1789501390,3.7242429500000003,3.2776946600000003,23.99,1016.234
1789501400,3.72604567,3.2788076600000005,23.97,1016.228
1789501410,3.73145383,3.28325966,23.99,1016.242
1789501420,3.7350592700000003,3.28659866,23.99,1016.265
1789501430,3.73686199,3.2888246600000004,23.97,1016.256
1789501440,3.7404674300000003,3.2932766600000005,23.97,1016.253
1789501450,3.73866471,3.2910506600000002,24.01,1016.24
1789501460,3.73686199,3.2899376600000005,23.99,1016.244
1789501470,3.73686199,3.2899376600000005,23.96,1016.226
1789501480,3.7350592700000003,3.2877116600000003,24.0,1016.227
1789501490,3.7404674300000003,3.2921636600000004,23.99,1016.248
1789501500,3.7404674300000003,3.2921636600000004,24.0,1016.268
1789501510,3.7350592700000003,3.2877116600000003,23.99,1016.255
1789501520,3.73325655,3.28659866,23.97,1016.248
1789501530,3.7350592700000003,3.2877116600000003,23.99,1016.267
1789501540,3.7404674300000003,3.2921636600000004,24.0,1016.243
1789501550,3.74227015,3.2955026600000004,24.0,1016.23
1789501560,3.74227015,3.29438966,23.99,1016.235
1789501570,3.74227015,3.2932766600000005,24.0,1016.246
1789501580,3.73866471,3.2921636600000004,23.99,1016.244
1789501590,3.74407287,3.2955026600000004,23.99,1016.256
1789501600,3.7458755900000003,3.2988416600000003,23.99,1016.235
1789501610,3.7458755900000003,3.29772866,23.97,1016.244
1789501620,3.74227015,3.29438966,23.97,1016.274
1789501630,3.73866471,3.2910506600000002,24.0,1016.255
1789501640,3.73866471,3.2910506600000002,23.99,1016.233
1789501650,3.73686199,3.2888246600000004,23.99,1016.266
1789501660,3.74227015,3.29438966,23.99,1016.268
1789501670,3.74407287,3.2966156600000005,23.99,1016.266
1789501680,3.7404674300000003,3.29438966,23.99,1016.263
1789501690,3.74227015,3.29438966,23.99,1016.259
1789501700,3.74407287,3.2966156600000005,23.96,1016.258
1789501710,3.7458755900000003,3.2999546600000005,23.96,1016.288
1789501720,3.7458755900000003,3.2988416600000003,23.99,1016.252
1789501730,3.7458755900000003,3.2988416600000003,23.97,1016.276
1789501740,3.74767831,3.30106766,23.97,1016.236
1789501750,3.74948103,3.3021806600000003,24.0,1016.281
1789501760,3.7458755900000003,3.2988416600000003,23.97,1016.264
1789501770,3.74948103,3.2999546600000005,23.97,1016.253
1789501780,3.7530864700000004,3.30440666,23.99,1016.258
1789501790,3.75488919,3.3055196600000003,23.97,1016.231
1789501800,3.75488919,3.3055196600000003,23.99,1016.271
1789501810,3.7512837500000002,3.3032936600000005,23.99,1016.296
1789501820,3.7566919100000002,3.30774566,23.99,1016.277
1789501830,3.76029735,3.3121976600000003,23.99,1016.281
1789501840,3.7584946300000004,3.3099716600000004,23.99,1016.252
1789501850,3.7584946300000004,3.31108466,23.99,1016.281
1789501860,3.76029735,3.3121976600000003,23.99,1016.283
1789501870,3.7584946300000004,3.3099716600000004,23.97,1016.276
1789501880,3.7584946300000004,3.3088586600000003,23.99,1016.28
1789501890,3.7584946300000004,3.31108466,23.97,1016.247
1789501900,3.7584946300000004,3.31108466,23.96,1016.299
1789501910,3.7621000700000002,3.3121976600000003,23.97,1016.291
1789501920,3.76029735,3.3121976600000003,24.0,1016.25
1789501930,3.7621000700000002,3.3144236600000005,24.0,1016.251
1789501940,3.7621000700000002,3.3121976600000003,23.99,1016.277
1789501950,3.7566919100000002,3.3088586600000003,23.97,1016.298
1789501960,3.76029735,3.31108466,23.96,1016.273
1789501970,3.7584946300000004,3.3088586600000003,24.0,1016.273
1789501980,3.7566919100000002,3.30774566,23.99,1016.284
1789501990,3.7584946300000004,3.3099716600000004,23.97,1016.298
1789502000,3.76029735,3.31108466,23.97,1016.288
1789502010,3.7621000700000002,3.3121976600000003,23.96,1016.297
1789502020,3.76570551,3.3166496600000004,23.97,1016.286
1789502030,3.7639027900000004,3.3155366600000002,23.97,1016.298
1789502040,3.7639027900000004,3.3144236600000005,23.96,1016.311
1789502050,3.7639027900000004,3.3144236600000005,23.99,1016.33
1789502060,3.7675082300000002,3.3177626600000005,23.96,1016.311
1789502070,3.7693109500000004,3.3188756600000002,23.97,1016.324
1789502080,3.7693109500000004,3.3188756600000002,23.96,1016.314
1789502090,3.76570551,3.3166496600000004,23.96,1016.311
1789502100,3.76570551,3.3155366600000002,23.99,1016.317
1789502110,3.76570551,3.3155366600000002,23.97,1016.323
1789502120,3.7675082300000002,3.3177626600000005,23.97,1016.319
1789502130,3.7693109500000004,3.3188756600000002,23.97,1016.336
1789502140,3.7639027900000004,3.3144236600000005,23.96,1016.326
1789502150,3.7639027900000004,3.3155366600000002,23.96,1016.315
1789502160,3.76570551,3.3155366600000002,23.96,1016.308
1789502170,3.76570551,3.3155366600000002,23.96,1016.331
1789502180,3.7675082300000002,3.3177626600000005,23.96,1016.334
1789502190,3.77111367,3.3199886600000004,23.99,1016.329
1789502200,3.7693109500000004,3.3199886600000004,23.96,1016.33
1789502210,3.77111367,3.3199886600000004,23.94,1016.328
1789502220,3.7675082300000002,3.3177626600000005,23.96,1016.335
1789502230,3.77111367,3.3199886600000004,23.99,1016.327
1789502240,3.77111367,3.3199886600000004,23.94,1016.323
1789502250,3.7693109500000004,3.3188756600000002,23.96,1016.351
1789502260,3.7729163900000002,3.32221466,23.96,1016.354
1789502270,3.77111367,3.3199886600000004,23.97,1016.36
1789502280,3.7693109500000004,3.3188756600000002,23.96,1016.35
1789502290,3.77111367,3.3199886600000004,23.94,1016.329
1789502300,3.7693109500000004,3.3177626600000005,23.97,1016.338
1789502310,3.7693109500000004,3.3177626600000005,23.96,1016.346
1789502320,3.7729163900000002,3.32221466,23.97,1016.35
1789502330,3.77652183,3.3244406600000005,23.99,1016.366
1789502340,3.77111367,3.3199886600000004,23.94,1016.367
1789502350,3.77111367,3.3199886600000004,23.97,1016.376
1789502360,3.7693109500000004,3.3177626600000005,23.97,1016.355
1789502370,3.7693109500000004,3.3166496600000004,23.97,1016.369
1789502380,3.7693109500000004,3.3188756600000002,23.97,1016.376
1789502390,3.7729163900000002,3.32221466,23.94,1016.352
1789502400,3.7747191100000004,3.32221466,23.96,1016.353
1789502410,3.7729163900000002,3.3211016600000005,23.96,1016.361
1789502420,3.77111367,3.3199886600000004,23.99,1016.37
1789502430,3.7729163900000002,3.3211016600000005,23.96,1016.382
1789502440,3.77111367,3.3199886600000004,23.94,1016.398
1789502450,3.77111367,3.3211016600000005,23.96,1016.368
1789502460,3.77111367,3.3199886600000004,23.96,1016.37
1789502470,3.77111367,3.3199886600000004,23.97,1016.385
1789502480,3.7729163900000002,3.32221466,23.99,1016.393
1789502490,3.7729163900000002,3.3211016600000005,23.97,1016.387
1789502500,3.77652183,3.3244406600000005,23.97,1016.406
1789502510,3.7747191100000004,3.3233276600000003,23.94,1016.399
1789502520,3.7747191100000004,3.32221466,23.94,1016.371
1789502530,3.77652183,3.3233276600000003,23.94,1016.374
1789502540,3.77652183,3.32555366,23.96,1016.401
1789502550,3.7801272700000004,3.3266666600000003,23.94,1016.416
1789502560,3.7747191100000004,3.3233276600000003,23.96,1016.415
1789502570,3.7747191100000004,3.3233276600000003,23.94,1016.422
1789502580,3.77652183,3.3244406600000005,23.94,1016.415
1789502590,3.77652183,3.32555366,23.94,1016.418
1789502600,3.7747191100000004,3.3233276600000003,23.96,1016.409
1789502610,3.77652183,3.3266666600000003,23.93,1016.427
1789502620,3.78192999,3.3300056600000003,23.93,1016.437
1789502630,3.7801272700000004,3.3277796600000005,23.93,1016.432
1789502640,3.7801272700000004,3.3266666600000003,23.93,1016.436
1789502650,3.78192999,3.3277796600000005,23.94,1016.432
1789502660,3.7855354300000004,3.3333446600000003,23.93,1016.447
1789502670,3.78373271,3.33223166,23.93,1016.436
1789502680,3.7855354300000004,3.3333446600000003,23.94,1016.434
1789502690,3.78192999,3.3311186600000005,23.94,1016.451
1789502700,3.77652183,3.3266666600000003,23.92,1016.461
1789502710,3.77652183,3.3244406600000005,23.92,1016.464
1789502720,3.7729163900000002,3.32221466,23.92,1016.473
1789502730,3.7747191100000004,3.3233276600000003,23.93,1016.46
1789502740,3.7729163900000002,3.32221466,23.93,1016.461
1789502750,3.7729163900000002,3.32221466,23.92,1016.46
1789502760,3.7747191100000004,3.3233276600000003,23.94,1016.468
1789502770,3.7801272700000004,3.32889266,23.94,1016.451
1789502780,3.77652183,3.3244406600000005,23.93,1016.458
1789502790,3.7747191100000004,3.3233276600000003,23.94,1016.455
1789502800,3.7783245500000002,3.3266666600000003,23.97,1016.452
1789502810,3.7783245500000002,3.3266666600000003,23.96,1016.454
1789502820,3.7801272700000004,3.32889266,23.94,1016.471
1789502830,3.7801272700000004,3.32889266,23.94,1016.473
1789502840,3.7801272700000004,3.3277796600000005,23.97,1016.465
1789502850,3.7783245500000002,3.3277796600000005,23.97,1016.459
1789502860,3.7801272700000004,3.3277796600000005,23.96,1016.49
1789502870,3.7783245500000002,3.3266666600000003,23.94,1016.508
1789502880,3.7783245500000002,3.3266666600000003,23.96,1016.496
1789502890,3.77652183,3.32555366,23.96,1016.488
1789502900,3.7693109500000004,3.3199886600000004,23.96,1016.492
1789502910,3.77652183,3.32555366,23.93,1016.492
1789502920,3.7783245500000002,3.3277796600000005,23.94,1016.496
1789502930,3.7783245500000002,3.3266666600000003,23.94,1016.487
1789502940,3.7801272700000004,3.32889266,23.96,1016.491
1789502950,3.7783245500000002,3.32555366,23.97,1016.5
1789502960,3.7747191100000004,3.3244406600000005,23.94,1016.516
1789502970,3.7783245500000002,3.3266666600000003,23.96,1016.5
1789502980,3.7801272700000004,3.32889266,23.96,1016.503
1789502990,3.78373271,3.3311186600000005,23.94,1016.508
1789503000,3.78914087,3.33557066,23.96,1016.496
1789503010,3.78192999,3.3300056600000003,23.94,1016.509
1789503020,3.78373271,3.33223166,23.94,1016.528
1789503030,3.78733815,3.3344576600000004,23.96,1016.545
1789503040,3.78192999,3.3300056600000003,23.96,1016.521
1789503050,3.78373271,3.3311186600000005,23.93,1016.508
1789503060,3.78733815,3.3333446600000003,23.94,1016.53
1789503070,3.78373271,3.3311186600000005,23.93,1016.526
1789503080,3.78733815,3.3344576600000004,23.93,1016.546
1789503090,3.78733815,3.33557066,23.94,1016.558
1789503100,3.78914087,3.33557066,23.94,1016.556
1789503110,3.7801272700000004,3.32889266,23.92,1016.559
1789503120,3.7783245500000002,3.3277796600000005,23.92,1016.549
1789503130,3.7801272700000004,3.32889266,23.9,1016.54
1789503140,3.7783245500000002,3.3266666600000003,23.92,1016.59
1789503150,3.78192999,3.3311186600000005,23.92,1016.583
1789503160,3.78192999,3.3300056600000003,23.88,1016.583
1789503170,3.78373271,3.33223166,23.9,1016.588
1789503180,3.78192999,3.3300056600000003,23.93,1016.597
1789503190,3.7801272700000004,3.3277796600000005,23.93,1016.598
1789503200,3.78373271,3.33223166,23.93,1016.589
1789503210,3.78373271,3.3300056600000003,23.9,1016.603
1789503220,3.7855354300000004,3.3333446600000003,23.93,1016.615
1789503230,3.78373271,3.3311186600000005,23.94,1016.617
1789503240,3.7801272700000004,3.32889266,23.92,1016.627
1789503250,3.7801272700000004,3.3277796600000005,23.94,1016.597
1789503260,3.77652183,3.32555366,23.94,1016.595
1789503270,3.7783245500000002,3.3266666600000003,23.92,1016.604
1789503280,3.7801272700000004,3.32889266,23.92,1016.613
1789503290,3.78192999,3.3300056600000003,23.94,1016.62
1789503300,3.78373271,3.3311186600000005,23.93,1016.628
1789503310,3.78373271,3.3311186600000005,23.9,1016.643
1789503320,3.7801272700000004,3.32889266,23.92,1016.616
1789503330,3.78373271,3.33223166,23.9,1016.622
1789503340,3.78192999,3.3300056600000003,23.94,1016.626
1789503350,3.7801272700000004,3.32889266,23.93,1016.642
1789503360,3.7801272700000004,3.32889266,23.9,1016.629
1789503370,3.7801272700000004,3.32889266,23.93,1016.638
1789503380,3.78192999,3.32889266,23.92,1016.642
1789503390,3.7783245500000002,3.3266666600000003,23.92,1016.662
1789503400,3.7783245500000002,3.3266666600000003,23.92,1016.645
1789503410,3.7783245500000002,3.3266666600000003,23.92,1016.617
1789503420,3.77652183,3.32555366,23.9,1016.608
1789503430,3.7747191100000004,3.3233276600000003,23.9,1016.633
1789503440,3.7747191100000004,3.3244406600000005,23.87,1016.628
1789503450,3.77111367,3.3211016600000005,23.92,1016.639
1789503460,3.7801272700000004,3.32889266,23.9,1016.63
1789503470,3.7801272700000004,3.32889266,23.92,1016.607
1789503480,3.7801272700000004,3.3277796600000005,23.92,1016.611
1789503490,3.7801272700000004,3.32889266,23.9,1016.621
1789503500,3.78373271,3.3311186600000005,23.88,1016.62
1789503510,3.7855354300000004,3.33223166,23.92,1016.614
1789503520,3.78192999,3.3311186600000005,23.9,1016.623
1789503530,3.78373271,3.3311186600000005,23.94,1016.652
1789503540,3.7801272700000004,3.3266666600000003,23.92,1016.635
1789503550,3.78192999,3.3300056600000003,23.93,1016.622
1789503560,3.7801272700000004,3.3266666600000003,23.93,1016.621
1789503570,3.78373271,3.3311186600000005,23.93,1016.635
1789503580,3.78373271,3.33223166,23.93,1016.64
1789503590,3.78733815,3.3333446600000003,23.93,1016.657
1789503600,3.78373271,3.3333446600000003,23.9,1016.654
1789503610,3.78192999,3.3300056600000003,23.92,1016.616
1789503620,3.7801272700000004,3.32889266,23.92,1016.617
1789503630,3.78914087,3.3366836600000003,23.92,1016.628
1789503640,3.78733815,3.3344576600000004,23.92,1016.623
1789503650,3.78373271,3.33223166,23.92,1016.631
1789503660,3.7855354300000004,3.3333446600000003,23.92,1016.633
1789503670,3.7909435900000004,3.3377966600000004,23.92,1016.639
1789503680,3.78733815,3.3333446600000003,23.93,1016.641
1789503690,3.78373271,3.33223166,23.92,1016.638
1789503700,3.7855354300000004,3.33223166,23.9,1016.647
1789503710,3.7801272700000004,3.3300056600000003,23.88,1016.655
1789503720,3.7855354300000004,3.33223166,23.9,1016.648
1789503730,3.7801272700000004,3.3277796600000005,23.88,1016.64
1789503740,3.78373271,3.3311186600000005,23.9,1016.624
1789503750,3.78373271,3.33223166,23.87,1016.637
1789503760,3.78192999,3.3300056600000003,23.88,1016.644
1789503770,3.78192999,3.3300056600000003,23.93,1016.634
1789503780,3.7855354300000004,3.3344576600000004,23.92,1016.636
1789503790,3.7909435900000004,3.3377966600000004,23.9,1016.66
1789503800,3.7855354300000004,3.3333446600000003,23.93,1016.652
1789503810,3.78373271,3.3311186600000005,23.92,1016.663
1789503820,3.78373271,3.3311186600000005,23.93,1016.651
1789503830,3.78373271,3.3311186600000005,23.93,1016.647
1789503840,3.7855354300000004,3.3333446600000003,23.93,1016.642
1789503850,3.78733815,3.3333446600000003,23.92,1016.655
1789503860,3.78373271,3.3311186600000005,23.92,1016.675
1789503870,3.79274631,3.3377966600000004,23.93,1016.674
1789503880,3.79274631,3.3377966600000004,23.92,1016.676
1789503890,3.79454903,3.3411356600000004,23.9,1016.673
1789503900,3.7909435900000004,3.3377966600000004,23.88,1016.668
1789503910,3.79274631,3.3389096600000006,23.87,1016.685
1789503920,3.79274631,3.3400226600000003,23.9,1016.682
1789503930,3.78914087,3.3366836600000003,23.88,1016.675
1789503940,3.7909435900000004,3.3366836600000003,23.88,1016.685
1789503950,3.7909435900000004,3.3366836600000003,23.87,1016.697
1789503960,3.78733815,3.3333446600000003,23.88,1016.701
1789503970,3.7909435900000004,3.3366836600000003,23.87,1016.7
1789503980,3.78914087,3.33223166,23.9,1016.709
1789503990,3.79274631,3.33557066,23.9,1016.706
1789504000,3.78733815,3.3244406600000005,23.88,1016.717
1789504010,3.78914087,3.2888246600000004,23.88,1016.747
1789504020,3.79274631,3.2810336600000003,23.88,1016.747
1789504030,3.79274631,3.2754686600000005,23.9,1016.752
1789504040,3.78914087,3.27324266,23.88,1016.756
1789504050,3.7909435900000004,3.2621126600000006,23.87,1016.77
1789504060,3.79274631,3.2999546600000005,23.9,1016.743
1789504070,3.79274631,3.3021806600000003,23.88,1016.746
1789504080,3.79274631,3.2921636600000004,23.9,1016.751
1789504090,3.7909435900000004,3.2921636600000004,23.9,1016.743
1789504100,3.7909435900000004,3.3144236600000005,23.92,1016.733
1789504110,3.79274631,3.29772866,23.92,1016.745
1789504120,3.78914087,3.2955026600000004,23.93,1016.748
1789504130,3.7963517500000004,3.3066326600000004,23.88,1016.74
1789504140,3.79454903,3.2910506600000002,23.92,1016.751
1789504150,3.78914087,3.2788076600000005,23.92,1016.761
1789504160,3.7855354300000004,3.2721296600000005,23.93,1016.763
1789504170,3.78914087,3.3055196600000003,23.92,1016.743
1789504180,3.78914087,3.3088586600000003,23.88,1016.741
1789504190,3.7909435900000004,3.30106766,23.92,1016.746
1789504200,3.7855354300000004,3.2687906600000005,23.9,1016.762
1789504210,3.78733815,3.2654516600000005,23.9,1016.767
1789504220,3.7855354300000004,3.2710166600000004,23.92,1016.765
1789504230,3.78914087,3.30106766,23.92,1016.755
1789504240,3.79274631,3.3366836600000003,23.9,1016.722
1789504250,3.79995719,3.3377966600000004,23.88,1016.735
1789504260,3.8017599100000004,3.3400226600000003,23.87,1016.726
1789504270,3.79815447,3.3199886600000004,23.88,1016.734
1789504280,3.79454903,3.3166496600000004,23.9,1016.746
1789504290,3.7963517500000004,3.33223166,23.88,1016.734
1789504300,3.8017599100000004,3.32555366,23.9,1016.735
1789504310,3.79454903,3.3121976600000003,23.9,1016.74
1789504320,3.79454903,3.2443046600000005,23.88,1016.785
1789504330,3.79454903,3.2621126600000006,23.9,1016.777
1789504340,3.79274631,3.2932766600000005,23.87,1016.76
1789504350,3.79454903,3.29438966,23.9,1016.75
1789504360,3.7909435900000004,3.2598866600000003,23.9,1016.777
1789504370,3.7909435900000004,3.2788076600000005,23.88,1016.76
1789504380,3.79815447,3.2565476600000003,23.9,1016.783
1789504390,3.7909435900000004,3.2320616600000003,23.92,1016.795
1789504400,3.79454903,3.3088586600000003,23.93,1016.745
1789504410,3.79454903,3.2788076600000005,23.9,1016.767
1789504420,3.79274631,3.2231576600000005,23.9,1016.804
1789504430,3.7963517500000004,3.2120276600000004,23.9,1016.811
1789504440,3.79815447,3.22760966,23.9,1016.802
1789504450,3.79815447,3.21759266,23.92,1016.812
1789504460,3.7963517500000004,3.20312366,23.9,1016.823
1789504470,3.79274631,3.20980166,23.88,1016.812
1789504480,3.79274631,3.22760966,23.88,1016.806
1789504490,3.79274631,3.2164796600000005,23.88,1016.813
1789504500,3.79815447,3.2376266600000005,23.88,1016.796
1789504510,3.79454903,3.25209566,23.9,1016.786
1789504520,3.79815447,3.2376266600000005,23.88,1016.795
1789504530,3.8017599100000004,3.2409656600000005,23.86,1016.798
1789504540,3.7963517500000004,3.2287226600000003,23.88,1016.804
1789504550,3.8017599100000004,3.2576606600000004,23.87,1016.788
1789504560,3.8017599100000004,3.2509826600000005,23.9,1016.794
1789504570,3.79815447,3.2354006600000003,23.88,1016.808
1789504580,3.79995719,3.2287226600000003,23.87,1016.809
1789504590,3.8017599100000004,3.2398526600000004,23.88,1016.803
1789504600,3.79815447,3.2042366600000003,23.87,1016.829
1789504610,3.79995719,3.2198186600000005,23.88,1016.818
1789504620,3.79995719,3.2008976600000003,23.9,1016.833
1789504630,3.80356263,3.2086886600000004,23.9,1016.827
1789504640,3.80356263,3.20646266,23.87,1016.827
1789504650,3.79815447,3.19310666,23.87,1016.837
1789504660,3.79995719,3.1897676600000002,23.87,1016.843
1789504670,3.79995719,3.19310666,23.87,1016.84
1789504680,3.79815447,3.1942196600000003,23.86,1016.837
1789504690,3.79995719,3.2153666600000004,23.87,1016.825
1789504700,3.80356263,3.22427066,23.87,1016.818
1789504710,3.80536535,3.2198186600000005,23.88,1016.82
1789504720,3.80536535,3.19644566,23.88,1016.846
1789504730,3.8071680700000003,3.20980166,23.88,1016.841
1789504740,3.8071680700000003,3.2164796600000005,23.86,1016.826
1789504750,3.80536535,3.2153666600000004,23.88,1016.833
1789504760,3.8017599100000004,3.2153666600000004,23.87,1016.827
1789504770,3.79995719,3.2120276600000004,23.9,1016.829
1789504780,3.79815447,3.1986716600000005,23.88,1016.839
1789504790,3.7963517500000004,3.1730726600000003,23.88,1016.856
1789504800,3.79815447,3.16862066,23.88,1016.854
1789504810,3.80536535,3.18197666,23.88,1016.853
1789504820,3.8071680700000003,3.19310666,23.86,1016.848
1789504830,3.80897079,3.1764116600000003,23.87,1016.862
1789504840,3.80356263,3.12632666,23.86,1016.892
1789504850,3.80536535,3.14413466,23.88,1016.885
1789504860,3.80536535,3.14747366,23.87,1016.881
1789504870,3.80897079,3.1619426600000002,23.86,1016.871
1789504880,3.8071680700000003,3.1619426600000002,23.87,1016.874
1789504890,3.80536535,3.1663946600000004,23.86,1016.869
1789504900,3.8071680700000003,3.17529866,23.88,1016.859
1789504910,3.8071680700000003,3.1897676600000002,23.86,1016.851
1789504920,3.81077351,3.17863766,23.88,1016.855
1789504930,3.80897079,3.1641686600000005,23.87,1016.868
1789504940,3.8071680700000003,3.1352306600000004,23.86,1016.892
1789504950,3.81077351,3.1842026600000004,23.87,1016.86
1789504960,3.81077351,3.2131406600000005,23.88,1016.833
1789504970,3.81077351,3.1919936600000005,23.87,1016.855
1789504980,3.80536535,3.1485866600000003,23.87,1016.872
1789504990,3.8071680700000003,3.1663946600000004,23.86,1016.877
1789505000,3.80897079,3.19644566,23.86,1016.85
1789505010,3.8071680700000003,3.1897676600000002,23.87,1016.852
1789505020,3.80356263,3.1986716600000005,23.88,1016.842
1789505030,3.8071680700000003,3.23428766,23.86,1016.816
1789505040,3.81077351,3.2231576600000005,23.86,1016.828
1789505050,3.8071680700000003,3.2153666600000004,23.87,1016.832
1789505060,3.80356263,3.1597166600000004,23.86,1016.871
1789505070,3.80536535,3.1619426600000002,23.86,1016.874
1789505080,3.80536535,3.15415166,23.87,1016.873
1789505090,3.8125762300000003,3.1864286600000002,23.86,1016.859
1789505100,3.80897079,3.14079566,23.84,1016.885
1789505110,3.81618167,3.14747366,23.86,1016.888
1789505120,3.81618167,3.1942196600000003,23.86,1016.852
1789505130,3.81618167,3.1875416600000004,23.84,1016.864
1789505140,3.81618167,3.1919936600000005,23.86,1016.857
1789505150,3.81437895,3.17529866,23.86,1016.864
1789505160,3.81618167,3.2420786600000002,23.87,1016.823
1789505170,3.8179843900000003,3.2287226600000003,23.88,1016.827
1789505180,3.81978711,3.1842026600000004,23.88,1016.856
1789505190,3.8125762300000003,3.1886546600000005,23.87,1016.853
1789505200,3.81077351,3.2042366600000003,23.87,1016.835
1789505210,3.81437895,3.20312366,23.87,1016.838
1789505220,3.81437895,3.19978466,23.86,1016.839
1789505230,3.81618167,3.1641686600000005,23.86,1016.872
1789505240,3.81618167,3.1730726600000003,23.86,1016.867
1789505250,3.8179843900000003,3.1708466600000005,23.86,1016.87
1789505260,3.8179843900000003,3.16862066,23.87,1016.874
1789505270,3.81437895,3.1919936600000005,23.87,1016.851
1789505280,3.8179843900000003,3.16862066,23.86,1016.864
1789505290,3.81618167,3.17195966,23.86,1016.859
1789505300,3.81618167,3.20646266,23.86,1016.845
1789505310,3.81618167,3.1986716600000005,23.86,1016.846
1789505320,3.81978711,3.2131406600000005,23.84,1016.834
1789505330,3.8233925500000003,3.2253836600000003,23.86,1016.829
1789505340,3.8233925500000003,3.2164796600000005,23.86,1016.833
1789505350,3.82158983,3.19978466,23.87,1016.846
1789505360,3.81978711,3.2142536600000002,23.87,1016.833
1789505370,3.81978711,3.2131406600000005,23.87,1016.833
1789505380,3.81978711,3.1830896600000003,23.86,1016.85
1789505390,3.81437895,3.15749066,23.87,1016.867
1789505400,3.8179843900000003,3.2020106600000005,23.84,1016.842
1789505410,3.8179843900000003,3.22427066,23.84,1016.824
1789505420,3.8179843900000003,3.2142536600000002,23.86,1016.832
1789505430,3.82158983,3.2220446600000003,23.87,1016.826
1789505440,3.81978711,3.2131406600000005,23.86,1016.835
1789505450,3.82519527,3.2220446600000003,23.86,1016.83
1789505460,3.82699799,3.2231576600000005,23.86,1016.832
1789505470,3.8233925500000003,3.2220446600000003,23.84,1016.834
1789505480,3.8179843900000003,3.2142536600000002,23.86,1016.828
1789505490,3.81978711,3.2354006600000003,23.86,1016.813
1789505500,3.82158983,3.2320616600000003,23.84,1016.816
1789505510,3.82699799,3.2443046600000005,23.88,1016.807
1789505520,3.82699799,3.2387396600000002,23.84,1016.814
1789505530,3.82699799,3.2354006600000003,23.84,1016.822
1789505540,3.8288007100000003,3.2387396600000002,23.87,1016.821
1789505550,3.8342088700000003,3.2465306600000003,23.86,1016.817
1789505560,3.83060343,3.2187056600000004,23.84,1016.83
1789505570,3.82519527,3.2086886600000004,23.83,1016.84
1789505580,3.82519527,3.2320616600000003,23.87,1016.821
1789505590,3.82699799,3.2543216600000004,23.84,1016.802
1789505600,3.83240615,3.2498696600000003,23.86,1016.808
1789505610,3.8288007100000003,3.21759266,23.83,1016.83
1789505620,3.8288007100000003,3.25543466,23.87,1016.805
1789505630,3.8288007100000003,3.2187056600000004,23.88,1016.828
1789505640,3.8288007100000003,3.1853156600000005,23.86,1016.849
1789505650,3.8288007100000003,3.2008976600000003,23.84,1016.845
1789505660,3.8288007100000003,3.19978466,23.84,1016.844
1789505670,3.83240615,3.2320616600000003,23.84,1016.825
1789505680,3.8342088700000003,3.22427066,23.87,1016.831
1789505690,3.83060343,3.1975586600000003,23.86,1016.847
1789505700,3.82699799,3.1808636600000004,23.87,1016.858
1789505710,3.83060343,3.1897676600000002,23.86,1016.852
1789505720,3.83060343,3.1797506600000003,23.87,1016.857
1789505730,3.83240615,3.20312366,23.88,1016.843
1789505740,3.83060343,3.20646266,23.87,1016.84
1789505750,3.8288007100000003,3.19310666,23.86,1016.85
1789505760,3.83060343,3.1942196600000003,23.87,1016.849
1789505770,3.82699799,3.1942196600000003,23.87,1016.847
1789505780,3.8288007100000003,3.2086886600000004,23.86,1016.837
1789505790,3.8288007100000003,3.20646266,23.87,1016.837
1789505800,3.83060343,3.2164796600000005,23.84,1016.828
1789505810,3.82519527,3.1953326600000005,23.84,1016.844
1789505820,3.82699799,3.1597166600000004,23.84,1016.872
1789505830,3.82699799,3.1363436600000005,23.86,1016.889
1789505840,3.83060343,3.16528166,23.86,1016.871
1789505850,3.82699799,3.1808636600000004,23.84,1016.863
1789505860,3.82699799,3.18197666,23.87,1016.852
1789505870,3.82519527,3.1363436600000005,23.87,1016.889
1789505880,3.83240615,3.1775246600000004,23.87,1016.861
1789505890,3.8288007100000003,3.1496996600000005,23.87,1016.88
1789505900,3.83060343,3.15749066,23.87,1016.877
1789505910,3.83240615,3.16862066,23.88,1016.87
1789505920,3.83060343,3.1140836600000004,23.87,1016.905
1789505930,3.83060343,3.1151966600000005,23.86,1016.904
1789505940,3.83060343,3.1730726600000003,23.84,1016.869
1789505950,3.8342088700000003,3.1741856600000005,23.84,1016.867
1789505960,3.8342088700000003,3.15749066,23.87,1016.879
1789505970,3.83601159,3.1842026600000004,23.84,1016.859
1789505980,3.8396170300000003,3.16528166,23.86,1016.874
1789505990,3.8396170300000003,3.15749066,23.86,1016.88
1789506000,3.84322247,3.2053496600000004,23.84,1016.854
1789506010,3.84322247,3.1886546600000005,23.86,1016.855
1789506020,3.84322247,3.18197666,23.87,1016.862
1789506030,3.84141975,3.20646266,23.86,1016.852
1789506040,3.84322247,3.22427066,23.84,1016.835
1789506050,3.8450251900000003,3.2164796600000005,23.84,1016.843
1789506060,3.8450251900000003,3.19644566,23.84,1016.857
1789506070,3.8450251900000003,3.1808636600000004,23.84,1016.87
1789506080,3.8450251900000003,3.18197666,23.84,1016.871
1789506090,3.84682791,3.17529866,23.83,1016.868
1789506100,3.84141975,3.1608296600000005,23.84,1016.88
1789506110,3.84322247,3.17195966,23.84,1016.867
1789506120,3.84322247,3.18197666,23.84,1016.868
1789506130,3.8450251900000003,3.19644566,23.84,1016.86
1789506140,3.8450251900000003,3.19978466,23.83,1016.857
1789506150,3.8450251900000003,3.1953326600000005,23.84,1016.861
1789506160,3.8450251900000003,3.1842026600000004,23.84,1016.867
1789506170,3.8396170300000003,3.16528166,23.83,1016.878
1789506180,3.84322247,3.1597166600000004,23.86,1016.879
1789506190,3.84322247,3.1797506600000003,23.84,1016.865
1789506200,3.8450251900000003,3.1942196600000003,23.83,1016.858
1789506210,3.84863063,3.2120276600000004,23.84,1016.842
1789506220,3.84682791,3.19978466,23.87,1016.85
1789506230,3.84682791,3.20312366,23.84,1016.847
1789506240,3.84322247,3.17863766,23.87,1016.868
1789506250,3.84322247,3.2008976600000003,23.84,1016.854
1789506260,3.84141975,3.1864286600000002,23.84,1016.855
1789506270,3.8396170300000003,3.1530386600000004,23.86,1016.882
1789506280,3.84141975,3.15081266,23.84,1016.882
1789506290,3.8396170300000003,3.1619426600000002,23.83,1016.875
1789506300,3.8396170300000003,3.13300466,23.84,1016.897
1789506310,3.8396170300000003,3.1218746600000005,23.86,1016.903
1789506320,3.8396170300000003,3.13300466,23.84,1016.897
1789506330,3.8396170300000003,3.1151966600000005,23.83,1016.907
1789506340,3.8396170300000003,3.09850166,23.86,1016.915
1789506350,3.83601159,3.0907106600000005,23.84,1016.92
1789506360,3.8396170300000003,3.0795806600000004,23.86,1016.926
1789506370,3.8396170300000003,3.1074056600000004,23.86,1016.911
1789506380,3.84141975,3.10517966,23.84,1016.913
1789506390,3.8396170300000003,3.0851456600000002,23.86,1016.924
1789506400,3.8396170300000003,3.08069366,23.83,1016.933
1789506410,3.8396170300000003,3.0851456600000002,23.84,1016.925
1789506420,3.8396170300000003,3.0829196600000004,23.84,1016.933
1789506430,3.83781431,3.0829196600000004,23.87,1016.929
1789506440,3.8396170300000003,3.0973886600000005,23.83,1016.917
1789506450,3.8396170300000003,3.08848466,23.84,1016.915
1789506460,3.83601159,3.0506426600000003,23.86,1016.948
1789506470,3.83601159,3.07401566,23.83,1016.933
1789506480,3.83781431,3.0662246600000005,23.84,1016.939
1789506490,3.83781431,3.05286866,23.83,1016.946
1789506500,3.83781431,3.06733766,23.84,1016.93
1789506510,3.83601159,3.0584336600000004,23.83,1016.942
1789506520,3.83781431,3.0717896600000003,23.84,1016.926
1789506530,3.8396170300000003,3.0862586600000004,23.84,1016.92
1789506540,3.8396170300000003,3.0717896600000003,23.83,1016.936
1789506550,3.83781431,3.0695636600000005,23.81,1016.927
1789506560,3.83781431,3.0628856600000005,23.83,1016.939
1789506570,3.8396170300000003,3.0751286600000003,23.83,1016.932
1789506580,3.83781431,3.0473036600000003,23.84,1016.953
1789506590,3.8396170300000003,3.0695636600000005,23.81,1016.936
1789506600,3.84141975,3.08069366,23.84,1016.928
1789506610,3.84141975,3.0573206600000002,23.84,1016.948
1789506620,3.84141975,3.0550946600000004,23.84,1016.944
1789506630,3.8396170300000003,3.0684506600000003,23.84,1016.943
1789506640,3.84141975,3.0840326600000005,23.81,1016.927
1789506650,3.84141975,3.0973886600000005,23.83,1016.918
1789506660,3.8396170300000003,3.10517966,23.83,1016.909
1789506670,3.84141975,3.1151966600000005,23.83,1016.906
1789506680,3.8396170300000003,3.09850166,23.83,1016.912
1789506690,3.8396170300000003,3.0729026600000005,23.83,1016.925
1789506700,3.8396170300000003,3.0695636600000005,23.84,1016.935
1789506710,3.8396170300000003,3.0628856600000005,23.86,1016.941
1789506720,3.8396170300000003,3.04285166,23.83,1016.962
1789506730,3.83781431,3.0517556600000004,23.83,1016.948
1789506740,3.84141975,3.0684506600000003,23.81,1016.931
1789506750,3.8396170300000003,3.0695636600000005,23.81,1016.93
1789506760,3.8396170300000003,3.0762416600000004,23.83,1016.928
1789506770,3.84141975,3.08069366,23.81,1016.927
1789506780,3.84141975,3.0784676600000003,23.81,1016.931
1789506790,3.84141975,3.0684506600000003,23.81,1016.934
1789506800,3.84141975,3.0684506600000003,23.83,1016.941
1789506810,3.8396170300000003,3.0539816600000003,23.81,1016.95
1789506820,3.84141975,3.0818066600000003,23.81,1016.928
1789506830,3.84322247,3.1085186600000005,23.81,1016.902
1789506840,3.84322247,3.11964866,23.84,1016.897
1789506850,3.84322247,3.1307786600000003,23.84,1016.887
1789506860,3.84141975,3.1007276600000004,23.81,1016.913
1789506870,3.84322247,3.1029536600000003,23.83,1016.907
1789506880,3.8450251900000003,3.1129706600000002,23.79,1016.903
1789506890,3.8450251900000003,3.1241006600000003,23.8,1016.891
1789506900,3.84322247,3.1274396600000003,23.83,1016.888
1789506910,3.84322247,3.1029536600000003,23.81,1016.902
1789506920,3.84322247,3.10517966,23.81,1016.902
1789506930,3.84322247,3.12966566,23.8,1016.886
1789506940,3.84322247,3.0929366600000003,23.83,1016.912
1789506950,3.84322247,3.0873716600000005,23.81,1016.913
1789506960,3.84141975,3.0751286600000003,23.81,1016.923
1789506970,3.84141975,3.0862586600000004,23.8,1016.922
1789506980,3.84141975,3.0840326600000005,23.79,1016.922
1789506990,3.83781431,3.04952966,23.81,1016.938
1789507000,3.84141975,3.0717896600000003,23.81,1016.926
1789507010,3.84322247,3.1285526600000004,23.8,1016.892
1789507020,3.84322247,3.1363436600000005,23.79,1016.886
1789507030,3.84141975,3.11630966,23.79,1016.9
1789507040,3.84141975,3.1007276600000004,23.8,1016.905
1789507050,3.8396170300000003,3.0929366600000003,23.8,1016.914
1789507060,3.83781431,3.0628856600000005,23.81,1016.929
1789507070,3.83781431,3.0717896600000003,23.8,1016.93
1789507080,3.83781431,3.0595466600000005,23.81,1016.933
1789507090,3.8396170300000003,3.0517556600000004,23.8,1016.938
1789507100,3.83781431,3.0484166600000004,23.8,1016.94
1789507110,3.83781431,3.0517556600000004,23.8,1016.938
1789507120,3.83781431,3.0573206600000002,23.81,1016.935
1789507130,3.83781431,3.0439646600000003,23.83,1016.941
1789507140,3.83781431,3.0383996600000005,23.83,1016.948
1789507150,3.83781431,3.0372866600000004,23.81,1016.954
1789507160,3.83781431,3.0573206600000002,23.8,1016.94
1789507170,3.83781431,3.04952966,23.81,1016.941
1789507180,3.83781431,3.0606596600000002,23.8,1016.933
1789507190,3.8396170300000003,3.0684506600000003,23.8,1016.927
1789507200,3.84141975,3.0729026600000005,23.8,1016.92
1789507210,3.83781431,3.07067666,23.81,1016.925
1789507220,3.8396170300000003,3.0662246600000005,23.8,1016.928
1789507230,3.83781431,3.0628856600000005,23.77,1016.929
1789507240,3.83601159,3.0628856600000005,23.79,1016.929
1789507250,3.8396170300000003,3.0717896600000003,23.8,1016.928
1789507260,3.8396170300000003,3.07735466,23.8,1016.917
1789507270,3.83781431,3.0628856600000005,23.83,1016.925
1789507280,3.8396170300000003,3.0595466600000005,23.8,1016.933
1789507290,3.83781431,3.0662246600000005,23.79,1016.925
1789507300,3.83601159,3.0818066600000003,23.8,1016.916
1789507310,3.8396170300000003,3.0751286600000003,23.81,1016.919
1789507320,3.8342088700000003,3.0517556600000004,23.8,1016.934
1789507330,3.8342088700000003,3.0517556600000004,23.83,1016.93
1789507340,3.83601159,3.0573206600000002,23.8,1016.93
1789507350,3.83601159,3.0517556600000004,23.81,1016.937
1789507360,3.83781431,3.0606596600000002,23.83,1016.929
1789507370,3.83781431,3.0584336600000004,23.8,1016.923
1789507380,3.83781431,3.0617726600000004,23.81,1016.931
1789507390,3.8396170300000003,3.0851456600000002,23.81,1016.911
1789507400,3.8396170300000003,3.0539816600000003,23.81,1016.935
1789507410,3.83781431,3.0662246600000005,23.81,1016.929
1789507420,3.83781431,3.07735466,23.81,1016.917
1789507430,3.83781431,3.06733766,23.81,1016.916
1789507440,3.8342088700000003,3.06733766,23.84,1016.922
1789507450,3.8342088700000003,3.0873716600000005,23.81,1016.917
1789507460,3.8342088700000003,3.0973886600000005,23.83,1016.899
1789507470,3.8342088700000003,3.09516266,23.81,1016.897
1789507480,3.83240615,3.0729026600000005,23.8,1016.911
1789507490,3.8342088700000003,3.0784676600000003,23.81,1016.91
1789507500,3.8342088700000003,3.08069366,23.81,1016.91
1789507510,3.8342088700000003,3.0895976600000004,23.83,1016.907
1789507520,3.83240615,3.05620766,23.8,1016.93
1789507530,3.83240615,3.04952966,23.81,1016.929
1789507540,3.83240615,3.0406256600000003,23.81,1016.946
1789507550,3.8342088700000003,3.03617366,23.83,1016.947
1789507560,3.8342088700000003,3.02838266,23.8,1016.954
1789507570,3.83240615,3.0506426600000003,23.81,1016.943
1789507580,3.83240615,3.03951266,23.8,1016.945
1789507590,3.83240615,3.05620766,23.81,1016.932
1789507600,3.83240615,3.0506426600000003,23.81,1016.935
1789507610,3.83240615,3.0205916600000005,23.79,1016.957
1789507620,3.83060343,3.02838266,23.8,1016.948
1789507630,3.83060343,3.0695636600000005,23.81,1016.923
1789507640,3.83240615,3.0840326600000005,23.79,1016.906
1789507650,3.83060343,3.0751286600000003,23.81,1016.909
1789507660,3.83240615,3.0729026600000005,23.8,1016.911
1789507670,3.83240615,3.07401566,23.8,1016.914
1789507680,3.83240615,3.0606596600000002,23.81,1016.919
1789507690,3.83240615,3.0651116600000003,23.8,1016.927
1789507700,3.83240615,3.0406256600000003,23.8,1016.945
1789507710,3.83060343,3.0161396600000003,23.8,1016.964
1789507720,3.83240615,3.0473036600000003,23.8,1016.947
1789507730,3.83240615,3.0317216600000005,23.8,1016.947
1789507740,3.83240615,3.03951266,23.8,1016.943
1789507750,3.8288007100000003,3.0239306600000004,23.8,1016.948
1789507760,3.83060343,3.02838266,23.81,1016.951
1789507770,3.8288007100000003,3.02170466,23.8,1016.95
1789507780,3.83240615,3.01836566,23.79,1016.958
1789507790,3.8288007100000003,2.99721866,23.8,1016.97
1789507800,3.8288007100000003,3.00055766,23.81,1016.974
1789507810,3.82699799,3.0083486600000002,23.8,1016.963
1789507820,3.8288007100000003,3.0239306600000004,23.8,1016.949
1789507830,3.83060343,3.0539816600000003,23.8,1016.927
1789507840,3.8288007100000003,3.0628856600000005,23.81,1016.917
1789507850,3.83060343,3.0317216600000005,23.8,1016.937
1789507860,3.82699799,3.0417386600000005,23.79,1016.934
1789507870,3.8288007100000003,3.0194786600000003,23.8,1016.949
1789507880,3.8288007100000003,3.0172526600000005,23.81,1016.953
1789507890,3.83060343,3.03617366,23.8,1016.939
1789507900,3.83060343,3.05620766,23.8,1016.914
1789507910,3.8288007100000003,3.0350606600000005,23.8,1016.937
1789507920,3.83060343,3.0406256600000003,23.79,1016.932
1789507930,3.82699799,3.0539816600000003,23.79,1016.927
1789507940,3.82699799,3.0506426600000003,23.8,1016.925
1789507950,3.82519527,3.0417386600000005,23.8,1016.93
1789507960,3.82519527,3.0128006600000004,23.83,1016.959
1789507970,3.82699799,3.0439646600000003,23.79,1016.939
1789507980,3.8288007100000003,3.07401566,23.81,1016.906
1789507990,3.82519527,3.0484166600000004,23.8,1016.919
1789508000,3.8233925500000003,3.04619066,23.8,1016.926
1789508010,3.82699799,3.0484166600000004,23.77,1016.926
1789508020,3.82699799,3.04619066,23.79,1016.921
1789508030,3.8233925500000003,3.01502666,23.79,1016.943
1789508040,3.81978711,3.0128006600000004,23.79,1016.948
1789508050,3.81978711,3.0417386600000005,23.77,1016.931
1789508060,3.82158983,3.0317216600000005,23.8,1016.935
1789508070,3.8233925500000003,3.01836566,23.81,1016.945
1789508080,3.82158983,3.0139136600000005,23.81,1016.951
1789508090,3.8233925500000003,3.0272696600000004,23.8,1016.934
1789508100,3.82699799,3.02838266,23.81,1016.937
1789508110,3.82519527,3.0317216600000005,23.79,1016.929
1789508120,3.8288007100000003,3.03617366,23.81,1016.937
1789508130,3.82699799,3.0339476600000004,23.8,1016.937
1789508140,3.8288007100000003,3.0228176600000003,23.79,1016.947
1789508150,3.8288007100000003,3.0328346600000002,23.79,1016.938
1789508160,3.82699799,3.0473036600000003,23.8,1016.923
1789508170,3.82519527,3.0383996600000005,23.76,1016.929
1789508180,3.82699799,3.05620766,23.76,1016.92
1789508190,3.82699799,3.04952966,23.74,1016.922
1789508200,3.82699799,3.0606596600000002,23.76,1016.909
1789508210,3.8233925500000003,3.0506426600000003,23.74,1016.919
1789508220,3.82699799,3.0383996600000005,23.76,1016.928
1789508230,3.82519527,3.0729026600000005,23.77,1016.902
1789508240,3.8233925500000003,3.0829196600000004,23.77,1016.894
1789508250,3.82519527,3.07735466,23.76,1016.9
1789508260,3.8233925500000003,3.0651116600000003,23.74,1016.912
1789508270,3.82699799,3.0717896600000003,23.76,1016.903
1789508280,3.82699799,3.0851456600000002,23.77,1016.894
1789508290,3.8288007100000003,3.0829196600000004,23.77,1016.892
1789508300,3.83060343,3.0829196600000004,23.74,1016.899
1789508310,3.8288007100000003,3.0829196600000004,23.77,1016.892
1789508320,3.8288007100000003,3.0795806600000004,23.79,1016.896
1789508330,3.8288007100000003,3.0684506600000003,23.79,1016.905
1789508340,3.82699799,3.0873716600000005,23.77,1016.891
1789508350,3.8233925500000003,3.0829196600000004,23.8,1016.891
1789508360,3.81978711,3.06733766,23.77,1016.896
1789508370,3.81978711,3.03951266,23.73,1016.925
1789508380,3.82158983,3.03951266,23.77,1016.929
1789508390,3.81978711,3.0550946600000004,23.79,1016.913
1789508400,3.8179843900000003,3.0851456600000002,23.79,1016.884
1789508410,3.82158983,3.08848466,23.77,1016.884
1789508420,3.82158983,3.0684506600000003,23.76,1016.9
1789508430,3.8233925500000003,3.0573206600000002,23.8,1016.916
1789508440,3.82158983,3.04619066,23.79,1016.915
1789508450,3.82158983,3.0417386600000005,23.76,1016.922
1789508460,3.81978711,3.0406256600000003,23.79,1016.923
1789508470,3.8233925500000003,3.1174226600000003,23.77,1016.867
1789508480,3.8233925500000003,3.1241006600000003,23.79,1016.856
1789508490,3.81978711,3.1085186600000005,23.81,1016.862
1789508500,3.8179843900000003,3.07067666,23.8,1016.889
1789508510,3.81618167,3.0729026600000005,23.77,1016.895
1789508520,3.8179843900000003,3.08069366,23.79,1016.883
1789508530,3.81978711,3.0628856600000005,23.79,1016.898
1789508540,3.81978711,3.06733766,23.79,1016.899
1789508550,3.8179843900000003,3.0584336600000004,23.79,1016.905
1789508560,3.82158983,3.0617726600000004,23.79,1016.896
1789508570,3.82519527,3.0473036600000003,23.79,1016.915
1789508580,3.82519527,3.0584336600000004,23.79,1016.91
1789508590,3.82158983,3.03951266,23.8,1016.919
1789508600,3.81978711,3.0473036600000003,23.77,1016.916
1789508610,3.81978711,3.0417386600000005,23.76,1016.917
1789508620,3.81978711,3.0506426600000003,23.76,1016.911
1789508630,3.81978711,3.0784676600000003,23.77,1016.891
1789508640,3.81978711,3.09182366,23.76,1016.88
1789508650,3.8233925500000003,3.1007276600000004,23.77,1016.865
1789508660,3.8233925500000003,3.0818066600000003,23.77,1016.884
1789508670,3.81978711,3.0651116600000003,23.76,1016.89
1789508680,3.8179843900000003,3.0573206600000002,23.77,1016.904
1789508690,3.8179843900000003,3.0851456600000002,23.74,1016.879
1789508700,3.81978711,3.0851456600000002,23.79,1016.881
1789508710,3.81978711,3.0729026600000005,23.77,1016.889
1789508720,3.8179843900000003,3.0751286600000003,23.77,1016.886
1789508730,3.81618167,3.0873716600000005,23.76,1016.881
1789508740,3.81618167,3.09516266,23.76,1016.877
1789508750,3.81978711,3.09516266,23.77,1016.879
1789508760,3.8179843900000003,3.0851456600000002,23.79,1016.88
1789508770,3.81618167,3.07067666,23.76,1016.895
1789508780,3.81437895,3.09182366,23.77,1016.882
1789508790,3.81978711,3.08069366,23.76,1016.883
1789508800,3.8179843900000003,3.0717896600000003,23.76,1016.893
1789508810,3.81618167,3.08069366,23.77,1016.889
1789508820,3.81978711,3.11630966,23.77,1016.864
1789508830,3.81978711,3.1062926600000003,23.74,1016.87
1789508840,3.81978711,3.0840326600000005,23.77,1016.884
1789508850,3.8179843900000003,3.0717896600000003,23.77,1016.897
1789508860,3.82158983,3.08069366,23.77,1016.892
1789508870,3.82158983,3.0818066600000003,23.79,1016.888
1789508880,3.82158983,3.09516266,23.77,1016.884
1789508890,3.81978711,3.0962756600000003,23.79,1016.873
1789508900,3.8179843900000003,3.0940496600000005,23.79,1016.878
1789508910,3.81077351,3.0662246600000005,23.8,1016.892
1789508920,3.81077351,3.06399866,23.79,1016.899
1789508930,3.80897079,3.0795806600000004,23.77,1016.883
1789508940,3.81077351,3.0595466600000005,23.79,1016.896
1789508950,3.81437895,3.05620766,23.77,1016.903
1789508960,3.81978711,3.0907106600000005,23.77,1016.887
1789508970,3.8233925500000003,3.1107446600000004,23.79,1016.878
1789508980,3.8233925500000003,3.11630966,23.74,1016.87
1789508990,3.82519527,3.1062926600000003,23.76,1016.873
1789509000,3.82519527,3.07735466,23.77,1016.897
1789509010,3.8233925500000003,3.0818066600000003,23.77,1016.894
1789509020,3.8288007100000003,3.0818066600000003,23.79,1016.892
1789509030,3.82699799,3.0929366600000003,23.77,1016.896
1789509040,3.82699799,3.1252136600000004,23.8,1016.865
1789509050,3.82699799,3.1675076600000005,23.77,1016.834
1789509060,3.81978711,3.1185356600000005,23.79,1016.865
1789509070,3.82158983,3.0996146600000003,23.8,1016.885
1789509080,3.82158983,3.14413466,23.77,1016.856
1789509090,3.82519527,3.17529866,23.76,1016.829
1789509100,3.82519527,3.14079566,23.76,1016.851
1789509110,3.8233925500000003,3.1029536600000003,23.77,1016.87
1789509120,3.82158983,3.09516266,23.77,1016.88
1789509130,3.81978711,3.08848466,23.76,1016.878
1789509140,3.81978711,3.0818066600000003,23.76,1016.883
1789509150,3.81618167,3.0662246600000005,23.76,1016.9
1789509160,3.81437895,3.07067666,23.77,1016.891
1789509170,3.81437895,3.07401566,23.79,1016.893
1789509180,3.81618167,3.0550946600000004,23.74,1016.907
1789509190,3.8125762300000003,3.0406256600000003,23.74,1016.918
1789509200,3.8179843900000003,3.0417386600000005,23.77,1016.92
1789509210,3.82158983,3.04952966,23.79,1016.912
1789509220,3.8233925500000003,3.0372866600000004,23.73,1016.926
1789509230,3.82519527,3.08069366,23.74,1016.893
1789509240,3.8233925500000003,3.0350606600000005,23.73,1016.928
1789509250,3.8179843900000003,3.0473036600000003,23.74,1016.911
1789509260,3.8179843900000003,3.05620766,23.74,1016.907
1789509270,3.81437895,3.04619066,23.74,1016.919
1789509280,3.81618167,3.05620766,23.76,1016.911
1789509290,3.81618167,3.05286866,23.76,1016.906
1789509300,3.8179843900000003,3.0762416600000004,23.74,1016.889
1789509310,3.8179843900000003,3.0795806600000004,23.76,1016.892
1789509320,3.8179843900000003,3.08069366,23.77,1016.884
1789509330,3.81618167,3.0940496600000005,23.76,1016.879
1789509340,3.82158983,3.1040666600000004,23.77,1016.876
1789509350,3.82158983,3.1062926600000003,23.76,1016.868
1789509360,3.82519527,3.10184066,23.77,1016.872
1789509370,3.82519527,3.1118576600000005,23.77,1016.871
1789509380,3.82519527,3.1129706600000002,23.77,1016.875
1789509390,3.82699799,3.1029536600000003,23.77,1016.884
1789509400,3.82699799,3.11964866,23.77,1016.868
1789509410,3.82699799,3.1285526600000004,23.74,1016.865
1789509420,3.82519527,3.12298766,23.77,1016.864
1789509430,3.82519527,3.1040666600000004,23.77,1016.871
1789509440,3.82699799,3.1185356600000005,23.77,1016.865
1789509450,3.82519527,3.1307786600000003,23.79,1016.86
1789509460,3.82519527,3.1463606600000005,23.77,1016.849
1789509470,3.82519527,3.1396826600000005,23.79,1016.852
1789509480,3.82519527,3.1285526600000004,23.77,1016.86
1789509490,3.82519527,3.1207616600000003,23.77,1016.86
1789509500,3.8233925500000003,3.09516266,23.76,1016.876
1789509510,3.82699799,3.0895976600000004,23.77,1016.885
1789509520,3.82519527,3.0929366600000003,23.79,1016.887
1789509530,3.82519527,3.0973886600000005,23.77,1016.881
1789509540,3.82699799,3.1029536600000003,23.76,1016.877
1789509550,3.82519527,3.0962756600000003,23.76,1016.879
1789509560,3.82519527,3.0895976600000004,23.79,1016.883
1789509570,3.8233925500000003,3.0895976600000004,23.77,1016.884
1789509580,3.8233925500000003,3.0895976600000004,23.76,1016.887
1789509590,3.81978711,3.06733766,23.74,1016.895
1789509600,3.8179843900000003,3.0584336600000004,23.73,1016.908
1789509610,3.82158983,3.0506426600000003,23.76,1016.915
1789509620,3.8233925500000003,3.0717896600000003,23.76,1016.9
1789509630,3.8233925500000003,3.07735466,23.74,1016.897
1789509640,3.8179843900000003,3.0617726600000004,23.76,1016.901
1789509650,3.81618167,3.0517556600000004,23.73,1016.908
1789509660,3.81978711,3.07735466,23.74,1016.89
1789509670,3.81618167,3.0717896600000003,23.74,1016.894
1789509680,3.81978711,3.0795806600000004,23.76,1016.891
1789509690,3.81978711,3.0717896600000003,23.74,1016.892
1789509700,3.82519527,3.0506426600000003,23.74,1016.912
1789509710,3.82519527,3.0417386600000005,23.74,1016.926
1789509720,3.8233925500000003,3.02504366,23.73,1016.939
1789509730,3.8233925500000003,3.05286866,23.74,1016.913
1789509740,3.82158983,3.0450776600000005,23.76,1016.915
1789509750,3.82158983,3.0406256600000003,23.76,1016.919
1789509760,3.81618167,3.02838266,23.73,1016.927
1789509770,3.81437895,3.05286866,23.72,1016.904
1789509780,3.81437895,3.04952966,23.76,1016.908
1789509790,3.8179843900000003,3.0662246600000005,23.72,1016.9
1789509800,3.82158983,3.0573206600000002,23.74,1016.911
1789509810,3.82158983,3.05620766,23.74,1016.905
1789509820,3.81978711,3.0439646600000003,23.76,1016.92
1789509830,3.8233925500000003,3.0584336600000004,23.74,1016.914
1789509840,3.8233925500000003,3.0306086600000004,23.74,1016.931
1789509850,3.81618167,3.0061226600000004,23.76,1016.945
1789509860,3.81437895,3.0272696600000004,23.76,1016.933
1789509870,3.81618167,3.0239306600000004,23.73,1016.934
1789509880,3.81437895,3.04285166,23.79,1016.921
1789509890,3.8179843900000003,3.0695636600000005,23.79,1016.894
1789509900,3.82158983,3.10517966,23.77,1016.875
1789509910,3.82158983,3.0940496600000005,23.79,1016.874
1789509920,3.82158983,3.08069366,23.77,1016.885
1789509930,3.8179843900000003,3.06399866,23.77,1016.895
1789509940,3.81978711,3.0606596600000002,23.76,1016.899
1789509950,3.82158983,3.07067666,23.79,1016.889
1789509960,3.82158983,3.0651116600000003,23.76,1016.892
1789509970,3.81978711,3.0829196600000004,23.76,1016.877
1789509980,3.8233925500000003,3.12298766,23.76,1016.858
1789509990,3.8233925500000003,3.1274396600000003,23.76,1016.853
1789510000,3.82699799,3.1396826600000005,23.77,1016.845
1789510010,3.82699799,3.12632666,23.79,1016.859
1789510020,3.83060343,3.1341176600000002,23.77,1016.851
1789510030,3.83060343,3.1218746600000005,23.76,1016.861
1789510040,3.82699799,3.1062926600000003,23.74,1016.866
1789510050,3.82519527,3.1118576600000005,23.76,1016.865
1789510060,3.82699799,3.1419086600000004,23.76,1016.845
1789510070,3.82519527,3.1485866600000003,23.76,1016.841
1789510080,3.82519527,3.1630556600000004,23.76,1016.826
1789510090,3.82519527,3.1630556600000004,23.77,1016.824
1789510100,3.82158983,3.16862066,23.76,1016.824
1789510110,3.81978711,3.1608296600000005,23.77,1016.825
1789510120,3.8179843900000003,3.14747366,23.74,1016.833
1789510130,3.82158983,3.1519256600000003,23.79,1016.83
1789510140,3.8233925500000003,3.1463606600000005,23.77,1016.84
1789510150,3.82699799,3.1519256600000003,23.79,1016.834
1789510160,3.8288007100000003,3.1552646600000003,23.77,1016.83
1789510170,3.82519527,3.15749066,23.77,1016.829
1789510180,3.8233925500000003,3.1608296600000005,23.77,1016.828
1789510190,3.82699799,3.18197666,23.79,1016.814
1789510200,3.82699799,3.1853156600000005,23.76,1016.809
1789510210,3.82699799,3.17195966,23.79,1016.818
1789510220,3.8288007100000003,3.1619426600000002,23.76,1016.827
1789510230,3.8288007100000003,3.1363436600000005,23.77,1016.845
1789510240,3.83060343,3.1252136600000004,23.74,1016.851
1789510250,3.83060343,3.1485866600000003,23.74,1016.838
1789510260,3.83240615,3.1908806600000004,23.74,1016.81
1789510270,3.8288007100000003,3.2008976600000003,23.76,1016.803
1789510280,3.83060343,3.20980166,23.73,1016.796
1789510290,3.8288007100000003,3.1986716600000005,23.73,1016.804
1789510300,3.8288007100000003,3.1864286600000002,23.73,1016.806
1789510310,3.82699799,3.1597166600000004,23.76,1016.827
1789510320,3.8288007100000003,3.1519256600000003,23.74,1016.838
1789510330,3.8288007100000003,3.12966566,23.74,1016.842
1789510340,3.83060343,3.1341176600000002,23.74,1016.846
1789510350,3.8288007100000003,3.1062926600000003,23.74,1016.868
1789510360,3.83060343,3.1185356600000005,23.76,1016.856
1789510370,3.8288007100000003,3.1307786600000003,23.74,1016.845
1789510380,3.82519527,3.1062926600000003,23.73,1016.857
1789510390,3.82519527,3.0895976600000004,23.73,1016.875
1789510400,3.82699799,3.0851456600000002,23.76,1016.873
1789510410,3.82699799,3.09516266,23.76,1016.864
1789510420,3.82699799,3.07401566,23.77,1016.88
1789510430,3.8288007100000003,3.06399866,23.77,1016.896
1789510440,3.83060343,3.06733766,23.76,1016.89
1789510450,3.83240615,3.1118576600000005,23.77,1016.865
1789510460,3.8342088700000003,3.1007276600000004,23.74,1016.866
1789510470,3.8342088700000003,3.0751286600000003,23.77,1016.887
1789510480,3.83240615,3.0762416600000004,23.76,1016.882
1789510490,3.83240615,3.0762416600000004,23.76,1016.885
1789510500,3.83240615,3.06399866,23.76,1016.894
1789510510,3.8288007100000003,3.04285166,23.74,1016.896
1789510520,3.83240615,3.06399866,23.74,1016.888
1789510530,3.83240615,3.0784676600000003,23.76,1016.875
1789510540,3.83060343,3.0517556600000004,23.74,1016.901
1789510550,3.83060343,3.03951266,23.76,1016.911
1789510560,3.8288007100000003,3.03951266,23.74,1016.911
1789510570,3.82699799,3.0294956600000003,23.74,1016.911
1789510580,3.8288007100000003,3.0350606600000005,23.73,1016.909
1789510590,3.8288007100000003,3.02504366,23.74,1016.913
1789510600,3.83060343,3.0205916600000005,23.76,1016.924
1789510610,3.8288007100000003,2.9949926600000003,23.74,1016.935
1789510620,3.8288007100000003,2.9782976600000004,23.77,1016.955
1789510630,3.82699799,2.9805236600000002,23.74,1016.956
1789510640,3.8288007100000003,2.9604896600000004,23.76,1016.979
1789510650,3.83060343,2.96939366,23.76,1016.976
1789510660,3.8288007100000003,2.99387966,23.74,1016.94
1789510670,3.83060343,3.0072356600000005,23.76,1016.93
1789510680,3.83060343,3.01502666,23.73,1016.925
1789510690,3.8342088700000003,3.0228176600000003,23.74,1016.916
1789510700,3.83601159,3.0228176600000003,23.73,1016.93
1789510710,3.8342088700000003,3.0473036600000003,23.74,1016.899
1789510720,3.83240615,3.0328346600000002,23.76,1016.91
1789510730,3.83240615,3.0484166600000004,23.74,1016.903
1789510740,3.83240615,3.0261566600000003,23.73,1016.913
1789510750,3.83240615,3.0105746600000005,23.76,1016.93
1789510760,3.83060343,2.9927666600000005,23.77,1016.942
1789510770,3.8342088700000003,3.0139136600000005,23.74,1016.927
1789510780,3.83060343,2.9983316600000003,23.76,1016.941
1789510790,3.83240615,3.0172526600000005,23.77,1016.925
1789510800,3.83060343,3.0194786600000003,23.76,1016.912
1789510810,3.8288007100000003,3.0272696600000004,23.74,1016.906
1789510820,3.8288007100000003,3.0339476600000004,23.76,1016.903
1789510830,3.82699799,2.9894276600000005,23.76,1016.938
1789510840,3.8288007100000003,2.99721866,23.74,1016.935
1789510850,3.83060343,3.01502666,23.72,1016.92
1789510860,3.83060343,2.99721866,23.72,1016.932
1789510870,3.83060343,3.0306086600000004,23.73,1016.916
1789510880,3.83060343,3.0139136600000005,23.72,1016.922
1789510890,3.83060343,3.00055766,23.72,1016.927
1789510900,3.8288007100000003,3.0050096600000002,23.73,1016.928
1789510910,3.8288007100000003,2.9860886600000005,23.72,1016.943
1789510920,3.82699799,2.9749586600000004,23.74,1016.954
1789510930,3.8288007100000003,3.0072356600000005,23.73,1016.921
1789510940,3.8288007100000003,3.0128006600000004,23.73,1016.914
1789510950,3.83060343,2.9738456600000003,23.73,1016.962
1789510960,3.8288007100000003,2.95158566,23.74,1016.991
1789510970,3.82699799,2.98386266,23.73,1016.947
1789510980,3.83240615,2.9883146600000003,23.74,1016.945
1789510990,3.83060343,2.9860886600000005,23.76,1016.946
1789511000,3.83060343,2.97273266,23.76,1016.966
1789511010,3.83240615,2.9526986600000003,23.76,1016.985
1789511020,3.83240615,2.9582636600000005,23.79,1016.981
1789511030,3.83240615,2.9560376600000002,23.76,1016.976
1789511040,3.83060343,2.9493596600000003,23.74,1016.982
1789511050,3.8288007100000003,2.9682806600000005,23.76,1016.958
1789511060,3.83060343,2.9860886600000005,23.73,1016.94
1789511070,3.8288007100000003,2.98720166,23.76,1016.941
1789511080,3.8288007100000003,2.99387966,23.73,1016.933
1789511090,3.8288007100000003,2.99054066,23.76,1016.934
1789511100,3.82699799,2.97273266,23.76,1016.954
1789511110,3.83060343,2.97273266,23.74,1016.951
1789511120,3.83060343,2.9616026600000005,23.73,1016.97
1789511130,3.83060343,2.9493596600000003,23.74,1016.978
1789511140,3.83240615,2.9749586600000004,23.72,1016.948
1789511150,3.83240615,2.9849756600000004,23.74,1016.941
1789511160,3.83240615,2.9716196600000004,23.74,1016.951
1789511170,3.83240615,2.96271566,23.76,1016.967
1789511180,3.83060343,2.97941066,23.74,1016.946
1789511190,3.83060343,2.9571506600000004,23.77,1016.966
1789511200,3.83240615,2.9549246600000005,23.74,1016.968
1789511210,3.8342088700000003,2.9360036600000003,23.76,1016.99
1789511220,3.83240615,2.9360036600000003,23.76,1016.991
1789511230,3.83060343,2.9404556600000005,23.74,1016.999
1789511240,3.83240615,2.9404556600000005,23.74,1016.988
1789511250,3.83060343,2.9571506600000004,23.76,1016.968
1789511260,3.83240615,2.95937666,23.76,1016.962
1789511270,3.83240615,2.9571506600000004,23.76,1016.961
1789511280,3.83240615,2.9460206600000003,23.74,1016.974
1789511290,3.83060343,2.9371166600000005,23.74,1016.985
1789511300,3.8288007100000003,2.94156866,23.74,1016.981
1789511310,3.83060343,2.9604896600000004,23.73,1016.962
1789511320,3.83240615,2.9749586600000004,23.74,1016.949
1789511330,3.83060343,2.9493596600000003,23.73,1016.966
1789511340,3.83060343,2.9371166600000005,23.76,1016.981
1789511350,3.8288007100000003,2.9649416600000005,23.73,1016.952
1789511360,3.8288007100000003,2.93822966,23.73,1016.979
1789511370,3.8288007100000003,2.9393426600000003,23.74,1016.981
1789511380,3.83060343,2.9571506600000004,23.72,1016.957
1789511390,3.83060343,2.9226476600000004,23.73,1017.0
1789511400,3.8288007100000003,2.9360036600000003,23.73,1016.995
1789511410,3.8288007100000003,2.9215346600000003,23.73,1017.007
1789511420,3.83060343,2.9226476600000004,23.73,1017.0
1789511430,3.8288007100000003,2.9181956600000003,23.73,1017.007
1789511440,3.8288007100000003,2.9181956600000003,23.73,1017.011
1789511450,3.83060343,2.9003876600000003,23.73,1017.028
1789511460,3.83060343,2.9460206600000003,23.76,1016.969
1789511470,3.8288007100000003,2.9404556600000005,23.74,1016.974
1789511480,3.82699799,2.9282126600000002,23.72,1016.991
1789511490,3.82699799,2.9304386600000005,23.73,1016.983
1789511500,3.82699799,2.9226476600000004,23.73,1016.997
1789511510,3.82519527,2.9337776600000005,23.74,1016.978
1789511520,3.82699799,2.9248736600000003,23.76,1016.998
1789511530,3.82699799,2.92709966,23.74,1016.988
1789511540,3.82699799,2.9304386600000005,23.74,1016.981
1789511550,3.83060343,2.9371166600000005,23.72,1016.984
1789511560,3.83060343,2.9215346600000003,23.76,1016.996
1789511570,3.83060343,2.9159696600000005,23.72,1017.006
1789511580,3.83240615,2.9360036600000003,23.74,1016.979
1789511590,3.83240615,2.9226476600000004,23.74,1016.997
1789511600,3.83240615,2.9426816600000003,23.73,1016.97
1789511610,3.83060343,2.94490766,23.74,1016.967
1789511620,3.83060343,2.9293256600000004,23.73,1016.981
1789511630,3.83060343,2.9293256600000004,23.73,1016.988
1789511640,3.83060343,2.93489066,23.74,1016.979
1789511650,3.83060343,2.94824666,23.74,1016.957
1789511660,3.83060343,2.96271566,23.76,1016.943
1789511670,3.83060343,2.9682806600000005,23.74,1016.937
1789511680,3.8288007100000003,2.97941066,23.74,1016.929
1789511690,3.82699799,2.96605466,23.76,1016.932
1789511700,3.82699799,2.9638286600000003,23.74,1016.938
1789511710,3.82519527,2.9549246600000005,23.79,1016.942
1789511720,3.8288007100000003,2.9526986600000003,23.74,1016.952
1789511730,3.8288007100000003,2.9337776600000005,23.77,1016.976
1789511740,3.8288007100000003,2.9293256600000004,23.74,1016.978
1789511750,3.82158983,2.9404556600000005,23.74,1016.961
1789511760,3.8233925500000003,2.9304386600000005,23.76,1016.965
1789511770,3.8179843900000003,2.9360036600000003,23.73,1016.959
1789511780,3.81978711,2.9371166600000005,23.76,1016.958
1789511790,3.8179843900000003,2.9282126600000002,23.74,1016.967
1789511800,3.81978711,2.9315516600000002,23.74,1016.966
1789511810,3.82158983,2.9293256600000004,23.74,1016.968
1789511820,3.82519527,2.9371166600000005,23.76,1016.968
1789511830,3.82519527,2.9504726600000004,23.77,1016.949
1789511840,3.82519527,2.9604896600000004,23.74,1016.935
1789511850,3.82699799,2.9560376600000002,23.74,1016.935
1789511860,3.82519527,2.9393426600000003,23.74,1016.957
1789511870,3.8233925500000003,2.9226476600000004,23.73,1016.979
1789511880,3.82158983,2.91040466,23.74,1016.99
1789511890,3.82519527,2.91040466,23.76,1016.991
1789511900,3.82699799,2.9226476600000004,23.74,1016.98
1789511910,3.82519527,2.94824666,23.76,1016.948
1789511920,3.82699799,2.94156866,23.73,1016.945
1789511930,3.8288007100000003,2.9282126600000002,23.76,1016.973
1789511940,3.82699799,2.9115176600000003,23.76,1016.995
1789511950,3.82699799,2.89927466,23.76,1017.006
1789511960,3.8233925500000003,2.89593566,23.74,1017.012
1789511970,3.81978711,2.91374366,23.76,1016.99
1789511980,3.82158983,2.94490766,23.74,1016.948
1789511990,3.81978711,2.9326646600000004,23.74,1016.959
1789512000,3.81618167,2.91374366,23.74,1016.975
1789512010,3.81978711,2.9181956600000003,23.76,1016.973
1789512020,3.8179843900000003,2.92042166,23.76,1016.965
1789512030,3.8179843900000003,2.90706566,23.76,1016.982
1789512040,3.82158983,2.9015006600000004,23.74,1017.001
1789512050,3.8233925500000003,2.90261366,23.74,1016.996
1789512060,3.82519527,2.91040466,23.74,1016.997
1789512070,3.82519527,2.8948226600000004,23.77,1017.006
1789512080,3.82158983,2.9081786600000004,23.76,1016.984
1789512090,3.8179843900000003,2.9092916600000005,23.76,1016.983
1789512100,3.8179843900000003,2.9426816600000003,23.76,1016.942
1789512110,3.8179843900000003,2.96271566,23.73,1016.921
1789512120,3.81437895,2.9326646600000004,23.76,1016.946
1789512130,3.81077351,2.9259866600000004,23.76,1016.961
1789512140,3.8125762300000003,2.9315516600000002,23.77,1016.95
1789512150,3.80536535,2.9048396600000004,23.74,1016.967
1789512160,3.79995719,2.8803536600000004,23.73,1016.996
1789512170,3.79815447,2.86143266,23.73,1017.027
1789512180,3.80356263,2.8781276600000005,23.72,1017.007
1789512190,3.80536535,2.8781276600000005,23.72,1017.01
1789512200,3.8071680700000003,2.88257966,23.73,1017.011
1789512210,3.8071680700000003,2.89593566,23.73,1016.984
1789512220,3.8071680700000003,2.9126306600000005,23.74,1016.961
1789512230,3.80897079,2.9015006600000004,23.73,1016.975
1789512240,3.81077351,2.9226476600000004,23.73,1016.958
1789512250,3.8125762300000003,2.9326646600000004,23.76,1016.939
1789512260,3.8125762300000003,2.94156866,23.74,1016.94
1789512270,3.81077351,2.93489066,23.74,1016.94
1789512280,3.8125762300000003,2.93489066,23.74,1016.943
1789512290,3.8179843900000003,2.9426816600000003,23.74,1016.932
1789512300,3.81978711,2.9393426600000003,23.76,1016.931
1789512310,3.8233925500000003,2.9059526600000005,23.76,1016.99
1789512320,3.82699799,2.90706566,23.76,1016.985
1789512330,3.82519527,2.94156866,23.76,1016.948
1789512340,3.82519527,2.9360036600000003,23.76,1016.95
1789512350,3.82519527,2.94156866,23.73,1016.943
1789512360,3.82519527,2.9215346600000003,23.76,1016.97
1789512370,3.8233925500000003,2.8948226600000004,23.73,1016.992
1789512380,3.81978711,2.8781276600000005,23.73,1017.011
1789512390,3.81978711,2.9037266600000002,23.73,1016.985
1789512400,3.81978711,2.9115176600000003,23.73,1016.958
1789512410,3.81618167,2.89593566,23.72,1016.991
1789512420,3.81618167,2.9092916600000005,23.7,1016.968
1789512430,3.81618167,2.9437946600000005,23.72,1016.924
1789512440,3.81437895,2.9360036600000003,23.73,1016.929
1789512450,3.8125762300000003,2.9259866600000004,23.73,1016.949
1789512460,3.80897079,2.90261366,23.74,1016.963
1789512470,3.80897079,2.8881446600000005,23.72,1016.984
1789512480,3.80897079,2.8836926600000004,23.73,1016.994
1789512490,3.80897079,2.8914836600000005,23.73,1016.986
1789512500,3.8071680700000003,2.9015006600000004,23.73,1016.971
1789512510,3.80897079,2.8814666600000005,23.72,1016.991
1789512520,3.80897079,2.8870316600000003,23.72,1016.988
1789512530,3.80536535,2.8914836600000005,23.72,1016.975
1789512540,3.80536535,2.8736756600000004,23.74,1017.001
1789512550,3.8071680700000003,2.88925766,23.73,1016.987
1789512560,3.81077351,2.8814666600000005,23.73,1016.997
1789512570,3.8071680700000003,2.86811066,23.72,1017.012
1789512580,3.80536535,2.86811066,23.73,1017.006
1789512590,3.8017599100000004,2.8480766600000003,23.72,1017.029
1789512600,3.8071680700000003,2.8458506600000004,23.72,1017.039
1789512610,3.80356263,2.8413986600000003,23.72,1017.051
1789512620,3.80536535,2.84362466,23.73,1017.037
1789512630,3.8071680700000003,2.85809366,23.7,1017.029
1789512640,3.8071680700000003,2.85475466,23.76,1017.029
1789512650,3.80356263,2.8514156600000002,23.74,1017.027
1789512660,3.8017599100000004,2.84696366,23.73,1017.035
1789512670,3.8017599100000004,2.8514156600000002,23.74,1017.023
1789512680,3.8017599100000004,2.8669976600000004,23.74,1017.003
1789512690,3.79995719,2.8569806600000005,23.73,1017.017
1789512700,3.8017599100000004,2.8569806600000005,23.72,1017.024
1789512710,3.8071680700000003,2.86811066,23.72,1017.005
1789512720,3.80897079,2.87144966,23.72,1017.001
1789512730,3.81077351,2.8536416600000005,23.76,1017.027
1789512740,3.80536535,2.8347206600000003,23.74,1017.046
1789512750,3.80536535,2.8491896600000004,23.73,1017.03
1789512760,3.80536535,2.8569806600000005,23.74,1017.021
1789512770,3.8071680700000003,2.8269296600000002,23.73,1017.064
1789512780,3.7693109500000004,0.6888566600000001,23.72,1017.062
1789512790,3.7675082300000002,0.6877436600000001,23.72,1017.136
1789512800,3.7693109500000004,0.6910826600000001,23.73,1017.109
1789512810,3.77652183,0.6955346600000001,23.74,1017.082
1789512820,3.77652183,0.7010996600000001,23.74,1017.025
1789512830,3.77652183,0.7044386600000001,23.73,1017.017
1789512840,3.77111367,0.7077776600000001,23.74,1017.014
1789512850,3.7675082300000002,0.7133426600000001,23.74,1017.024
1789512860,3.7621000700000002,0.71000366,23.73,1017.007
1789512870,3.76029735,0.7166816600000001,23.72,1017.02
1789512880,3.76570551,0.7322636600000001,23.74,1017.092
1789512890,3.7693109500000004,0.7333766600000001,23.73,1017.096
1789512900,3.7675082300000002,0.7278116600000001,23.74,1017.056
1789512910,3.7621000700000002,0.7300376600000001,23.72,1017.052
1789512920,3.76570551,0.7278116600000001,23.72,1017.039
1789512930,3.7621000700000002,0.7289246600000001,23.73,1017.041
1789512940,3.7639027900000004,0.74228066,23.72,1017.105
1789512950,3.7693109500000004,0.7445066600000001,23.73,1017.095
1789512960,3.7675082300000002,0.7411676600000001,23.72,1017.081
1789512970,3.76570551,0.73448966,23.73,1017.047
1789512980,3.76029735,0.72669866,23.72,1017.011
1789512990,3.7584946300000004,0.7278116600000001,23.73,1017.023
1789513000,3.75488919,0.7333766600000001,23.72,1017.052
1789513010,3.7566919100000002,0.73448966,23.7,1017.056
1789513020,3.7584946300000004,0.73448966,23.72,1017.031
1789513030,3.75488919,0.73448966,23.73,1017.044
1789513040,3.7566919100000002,0.7333766600000001,23.73,1017.046
1789513050,3.7639027900000004,0.7378286600000001,23.7,1017.049
1789513060,3.76029735,0.7356026600000001,23.7,1017.042
1789513070,3.75488919,0.7356026600000001,23.74,1017.041
1789513080,3.7566919100000002,0.7333766600000001,23.72,1017.031
1789513090,3.7566919100000002,0.74228066,23.73,1017.086
1789513100,3.7584946300000004,0.74673266,23.72,1017.098
1789513110,3.76029735,0.7389416600000001,23.74,1017.059
1789513120,3.7566919100000002,0.7367156600000001,23.73,1017.059
1789513130,3.7566919100000002,0.7367156600000001,23.73,1017.041
1789513140,3.7584946300000004,0.7389416600000001,23.72,1017.059
1789513150,3.7566919100000002,0.74228066,23.7,1017.067
1789513160,3.7584946300000004,0.7378286600000001,23.69,1017.053
1789513170,3.7584946300000004,0.7400546600000001,23.7,1017.058
1789513180,3.7639027900000004,0.7378286600000001,23.7,1017.045
1789513190,3.7566919100000002,0.7311506600000001,23.7,1017.028
1789513200,3.7566919100000002,0.7356026600000001,23.7,1017.053
1789513210,3.7530864700000004,0.7356026600000001,23.7,1017.047
1789513220,3.7530864700000004,0.7322636600000001,23.73,1017.032
1789513230,3.75488919,0.7400546600000001,23.72,1017.073
1789513240,3.75488919,0.7411676600000001,23.7,1017.073
1789513250,3.75488919,0.7400546600000001,23.73,1017.076
1789513260,3.76029735,0.7489586600000001,23.73,1017.111
1789513270,3.7621000700000002,0.7433936600000001,23.72,1017.085
1789513280,3.7584946300000004,0.74673266,23.73,1017.108
1789513290,3.7566919100000002,0.7500716600000001,23.7,1017.13
1789513300,3.7566919100000002,0.7500716600000001,23.73,1017.133
1789513310,3.7566919100000002,0.74228066,23.72,1017.093
1789513320,3.76029735,0.7433936600000001,23.73,1017.102
1789513330,3.7530864700000004,0.7400546600000001,23.7,1017.085
1789513340,3.7512837500000002,0.7389416600000001,23.7,1017.08
1789513350,3.7566919100000002,0.74228066,23.7,1017.085
1789513360,3.74948103,0.74228066,23.72,1017.102
1789513370,3.7512837500000002,0.7445066600000001,23.72,1017.111
1789513380,3.7530864700000004,0.7433936600000001,23.72,1017.102
1789513390,3.7566919100000002,0.7445066600000001,23.72,1017.102
1789513400,3.7621000700000002,0.7534106600000001,23.73,1017.148
1789513410,3.76570551,0.7511846600000001,23.73,1017.131
1789513420,3.7639027900000004,0.7500716600000001,23.7,1017.125
1789513430,3.7584946300000004,0.7578626600000001,23.73,1017.165
1789513440,3.7566919100000002,0.75452366,23.72,1017.155
1789513450,3.7584946300000004,0.7556366600000001,23.72,1017.159
1789513460,3.7584946300000004,0.74228066,23.7,1017.099
1789513470,3.7566919100000002,0.7356026600000001,23.67,1017.055
1789513480,3.75488919,0.74673266,23.7,1017.123
1789513490,3.7566919100000002,0.7478456600000001,23.7,1017.125
1789513500,3.75488919,0.7489586600000001,23.69,1017.132
1789513510,3.74767831,0.7534106600000001,23.69,1017.173
1789513520,3.74227015,0.7556366600000001,23.69,1017.183
1789513530,3.74767831,0.7578626600000001,23.69,1017.2
1789513540,3.74948103,0.7567496600000001,23.72,1017.182
1789513550,3.7458755900000003,0.7489586600000001,23.7,1017.157
1789513560,3.74227015,0.7500716600000001,23.69,1017.147
1789513570,3.74767831,0.7478456600000001,23.7,1017.142
1789513580,3.74948103,0.75452366,23.7,1017.163
1789513590,3.74948103,0.7612016600000001,23.72,1017.208
1789513600,3.74948103,0.7634276600000001,23.69,1017.219
1789513610,3.74948103,0.7600886600000001,23.7,1017.203
1789513620,3.7458755900000003,0.7500716600000001,23.69,1017.163
1789513630,3.7404674300000003,0.7433936600000001,23.69,1017.128
1789513640,3.7350592700000003,0.7556366600000001,23.69,1017.188
1789513650,3.7350592700000003,0.7489586600000001,23.69,1017.163
1789513660,3.7404674300000003,0.74673266,23.73,1017.137
1789513670,3.74227015,0.7400546600000001,23.7,1017.109
1789513680,3.74227015,0.7433936600000001,23.7,1017.12
1789513690,3.7458755900000003,0.7445066600000001,23.69,1017.125
1789513700,3.7512837500000002,0.75452366,23.72,1017.165
1789513710,3.7458755900000003,0.7623146600000001,23.69,1017.218
1789513720,3.74948103,0.7578626600000001,23.7,1017.183
1789513730,3.74948103,0.7489586600000001,23.7,1017.15
1789513740,3.74948103,0.7522976600000001,23.69,1017.163
1789513750,3.74948103,0.7511846600000001,23.72,1017.161
1789513760,3.74767831,0.75452366,23.73,1017.174
1789513770,3.74227015,0.7534106600000001,23.7,1017.175
1789513780,3.74407287,0.7522976600000001,23.72,1017.171
1789513790,3.7458755900000003,0.7478456600000001,23.69,1017.135
1789513800,3.74227015,0.7445066600000001,23.69,1017.119
1789513810,3.7404674300000003,0.7489586600000001,23.7,1017.128
1789513820,3.7404674300000003,0.7500716600000001,23.7,1017.143
1789513830,3.7404674300000003,0.75452366,23.7,1017.175
1789513840,3.73686199,0.7522976600000001,23.67,1017.172
1789513850,3.73866471,0.7500716600000001,23.7,1017.144
1789513860,3.74227015,0.7556366600000001,23.69,1017.173
1789513870,3.7404674300000003,0.75897566,23.7,1017.191
1789513880,3.73866471,0.7500716600000001,23.67,1017.16
1789513890,3.73866471,0.7456196600000001,23.69,1017.13
1789513900,3.73866471,0.7456196600000001,23.69,1017.127
1789513910,3.7350592700000003,0.74673266,23.7,1017.151
1789513920,3.73686199,0.7456196600000001,23.69,1017.128
1789513930,3.73686199,0.7445066600000001,23.67,1017.125
1789513940,3.7404674300000003,0.7489586600000001,23.7,1017.141
1789513950,3.7404674300000003,0.7478456600000001,23.69,1017.133
1789513960,3.74227015,0.7433936600000001,23.69,1017.11
1789513970,3.74407287,0.7456196600000001,23.7,1017.114
1789513980,3.7404674300000003,0.74228066,23.69,1017.105
1789513990,3.7350592700000003,0.74228066,23.7,1017.111
1789514000,3.7296511100000003,0.7411676600000001,23.67,1017.114
1789514010,3.72604567,0.7411676600000001,23.72,1017.12
1789514020,3.7296511100000003,0.7433936600000001,23.69,1017.132
1789514030,3.7296511100000003,0.7400546600000001,23.69,1017.103
1789514040,3.7296511100000003,0.7378286600000001,23.69,1017.089
1789514050,3.7350592700000003,0.7400546600000001,23.7,1017.104
1789514060,3.73686199,0.74228066,23.72,1017.104
1789514070,3.73686199,0.7445066600000001,23.7,1017.11
1789514080,3.73686199,0.7411676600000001,23.69,1017.093
1789514090,3.7404674300000003,0.7400546600000001,23.7,1017.089
1789514100,3.73866471,0.7400546600000001,23.7,1017.089
1789514110,3.7404674300000003,0.7411676600000001,23.72,1017.092
1789514120,3.73325655,0.7411676600000001,23.69,1017.107
1789514130,3.73325655,0.74228066,23.7,1017.115
1789514140,3.73325655,0.74228066,23.72,1017.112
1789514150,3.73325655,0.7400546600000001,23.72,1017.098
1789514160,3.73145383,0.7400546600000001,23.72,1017.101
1789514170,3.73686199,0.7433936600000001,23.7,1017.105
1789514180,3.73686199,0.7445066600000001,23.72,1017.11
1789514190,3.73686199,0.74228066,23.69,1017.109
1789514200,3.73686199,0.7400546600000001,23.72,1017.09
1789514210,3.73686199,0.7378286600000001,23.7,1017.081
1789514220,3.7350592700000003,0.7389416600000001,23.7,1017.089
1789514230,3.73686199,0.74228066,23.69,1017.106
1789514240,3.73866471,0.7445066600000001,23.7,1017.113
1789514250,3.73325655,0.7456196600000001,23.7,1017.122
1789514260,3.73325655,0.7522976600000001,23.72,1017.165
1789514270,3.73325655,0.7522976600000001,23.67,1017.167
1789514280,3.73325655,0.7500716600000001,23.72,1017.148
1789514290,3.7296511100000003,0.7556366600000001,23.72,1017.179
1789514300,3.7242429500000003,0.7567496600000001,23.69,1017.18
1789514310,3.7242429500000003,0.7534106600000001,23.69,1017.172
1789514320,3.72784839,0.7522976600000001,23.72,1017.169
1789514330,3.7296511100000003,0.7522976600000001,23.72,1017.166
1789514340,3.7296511100000003,0.7511846600000001,23.7,1017.159
1789514350,3.72604567,0.7478456600000001,23.7,1017.144
1789514360,3.7296511100000003,0.74673266,23.7,1017.14
1789514370,3.73145383,0.7489586600000001,23.72,1017.143
1789514380,3.7350592700000003,0.7500716600000001,23.7,1017.147
1789514390,3.73325655,0.7478456600000001,23.7,1017.145
1789514400,3.73325655,0.74673266,23.72,1017.133
1789514410,3.7350592700000003,0.74673266,23.7,1017.131
1789514420,3.7350592700000003,0.7456196600000001,23.72,1017.135
1789514430,3.7350592700000003,0.7433936600000001,23.69,1017.112
1789514440,3.7404674300000003,0.7456196600000001,23.72,1017.122
1789514450,3.7350592700000003,0.7433936600000001,23.69,1017.112
1789514460,3.7350592700000003,0.7411676600000001,23.67,1017.103
1789514470,3.73866471,0.7411676600000001,23.72,1017.096
1789514480,3.7350592700000003,0.74228066,23.69,1017.096
1789514490,3.7350592700000003,0.7411676600000001,23.7,1017.096
1789514500,3.73145383,0.7389416600000001,23.7,1017.085
1789514510,3.73325655,0.7378286600000001,23.69,1017.082
1789514520,3.7350592700000003,0.7356026600000001,23.72,1017.074
1789514530,3.73325655,0.7356026600000001,23.7,1017.069
1789514540,3.7296511100000003,0.7333766600000001,23.7,1017.054
1789514550,3.73145383,0.7333766600000001,23.7,1017.06
1789514560,3.7350592700000003,0.73448966,23.69,1017.055
1789514570,3.73325655,0.7356026600000001,23.72,1017.06
1789514580,3.7296511100000003,0.7356026600000001,23.7,1017.061
1789514590,3.7296511100000003,0.7367156600000001,23.69,1017.071
1789514600,3.72784839,0.7367156600000001,23.72,1017.074
1789514610,3.7296511100000003,0.7378286600000001,23.7,1017.077
1789514620,3.7296511100000003,0.7378286600000001,23.69,1017.07
1789514630,3.72784839,0.73448966,23.69,1017.065
1789514640,3.73325655,0.7378286600000001,23.7,1017.068
1789514650,3.73325655,0.74228066,23.7,1017.092
1789514660,3.73686199,0.74228066,23.69,1017.094
1789514670,3.7350592700000003,0.7411676600000001,23.69,1017.083
1789514680,3.73325655,0.7400546600000001,23.7,1017.088
1789514690,3.73325655,0.7400546600000001,23.69,1017.087
1789514700,3.7350592700000003,0.73448966,23.7,1017.065
1789514710,3.73325655,0.7367156600000001,23.72,1017.07
1789514720,3.73325655,0.7378286600000001,23.69,1017.084
1789514730,3.7350592700000003,0.7378286600000001,23.69,1017.076
1789514740,3.73325655,0.7389416600000001,23.69,1017.081
1789514750,3.73145383,0.7389416600000001,23.69,1017.085
1789514760,3.7296511100000003,0.7433936600000001,23.66,1017.108
1789514770,3.72604567,0.7433936600000001,23.69,1017.103
1789514780,3.72604567,0.7411676600000001,23.7,1017.099
1789514790,3.72604567,0.7378286600000001,23.69,1017.082
1789514800,3.72784839,0.7378286600000001,23.72,1017.068
1789514810,3.73145383,0.7411676600000001,23.7,1017.09
1789514820,3.73145383,0.7400546600000001,23.7,1017.08
1789514830,3.73145383,0.74228066,23.7,1017.086
1789514840,3.7296511100000003,0.7433936600000001,23.72,1017.099
1789514850,3.73145383,0.7489586600000001,23.7,1017.116
1789514860,3.73145383,0.7445066600000001,23.69,1017.102
1789514870,3.73145383,0.7433936600000001,23.67,1017.088
1789514880,3.72784839,0.7400546600000001,23.69,1017.084
1789514890,3.7242429500000003,0.7400546600000001,23.67,1017.08
1789514900,3.7242429500000003,0.7378286600000001,23.72,1017.077
1789514910,3.72784839,0.74228066,23.7,1017.087
1789514920,3.72604567,0.7433936600000001,23.72,1017.103
1789514930,3.72604567,0.7478456600000001,23.7,1017.115
1789514940,3.72784839,0.7500716600000001,23.69,1017.125
1789514950,3.7296511100000003,0.7489586600000001,23.69,1017.129
1789514960,3.7296511100000003,0.7511846600000001,23.7,1017.131
1789514970,3.7296511100000003,0.7556366600000001,23.72,1017.14
1789514980,3.72784839,0.7522976600000001,23.72,1017.141
1789514990,3.7296511100000003,0.7478456600000001,23.7,1017.108
1789515000,3.7296511100000003,0.74673266,23.7,1017.104
1789515010,3.72604567,0.7456196600000001,23.72,1017.108
1789515020,3.72784839,0.7456196600000001,23.69,1017.111
1789515030,3.73145383,0.7478456600000001,23.69,1017.118
1789515040,3.73325655,0.7478456600000001,23.7,1017.106
1789515050,3.73325655,0.74673266,23.69,1017.108
1789515060,3.73325655,0.7456196600000001,23.7,1017.098
1789515070,3.73145383,0.7445066600000001,23.7,1017.088
1789515080,3.7296511100000003,0.7456196600000001,23.72,1017.097
1789515090,3.7296511100000003,0.7456196600000001,23.7,1017.107
1789515100,3.73145383,0.7500716600000001,23.72,1017.116
1789515110,3.7296511100000003,0.7489586600000001,23.72,1017.114
1789515120,3.72784839,0.7478456600000001,23.72,1017.105
1789515130,3.7296511100000003,0.74673266,23.7,1017.104
1789515140,3.7296511100000003,0.7489586600000001,23.7,1017.109
1789515150,3.7296511100000003,0.7500716600000001,23.7,1017.116
1789515160,3.7296511100000003,0.7534106600000001,23.69,1017.128
1789515170,3.73145383,0.7522976600000001,23.67,1017.12
1789515180,3.73145383,0.7489586600000001,23.69,1017.109
1789515190,3.73145383,0.7478456600000001,23.69,1017.106
1789515200,3.73325655,0.7500716600000001,23.69,1017.113
1789515210,3.73325655,0.7456196600000001,23.69,1017.095
1789515220,3.73325655,0.74673266,23.69,1017.103
1789515230,3.7350592700000003,0.74673266,23.67,1017.098
1789515240,3.73325655,0.7478456600000001,23.69,1017.093
1789515250,3.7350592700000003,0.7489586600000001,23.67,1017.098
1789515260,3.73686199,0.7433936600000001,23.7,1017.077
1789515270,3.73686199,0.7445066600000001,23.66,1017.065
1789515280,3.7350592700000003,0.7489586600000001,23.67,1017.098
1789515290,3.73325655,0.7500716600000001,23.67,1017.113
1789515300,3.73145383,0.7456196600000001,23.69,1017.094
1789515310,3.72784839,0.7389416600000001,23.67,1017.054
1789515320,3.73145383,0.74228066,23.67,1017.063
1789515330,3.73145383,0.7367156600000001,23.69,1017.055
1789515340,3.73145383,0.7389416600000001,23.7,1017.045
1789515350,3.73325655,0.7400546600000001,23.67,1017.053
1789515360,3.73325655,0.7356026600000001,23.67,1017.029
1789515370,3.73325655,0.7389416600000001,23.69,1017.047
1789515380,3.73325655,0.7411676600000001,23.67,1017.057
1789515390,3.73145383,0.7456196600000001,23.69,1017.077
1789515400,3.73325655,0.7456196600000001,23.67,1017.08
1789515410,3.73325655,0.74673266,23.69,1017.088
1789515420,3.73686199,0.7511846600000001,23.66,1017.106
1789515430,3.7350592700000003,0.7522976600000001,23.66,1017.11
1789515440,3.73325655,0.7500716600000001,23.66,1017.108
1789515450,3.7350592700000003,0.7511846600000001,23.67,1017.111
1789515460,3.73325655,0.7489586600000001,23.64,1017.092
1789515470,3.7350592700000003,0.75452366,23.67,1017.126
1789515480,3.7350592700000003,0.7534106600000001,23.66,1017.118
1789515490,3.73145383,0.75452366,23.66,1017.13
1789515500,3.73145383,0.7522976600000001,23.67,1017.118
1789515510,3.73325655,0.7500716600000001,23.66,1017.104
1789515520,3.73686199,0.7500716600000001,23.63,1017.103
1789515530,3.73686199,0.7489586600000001,23.64,1017.092
1789515540,3.73325655,0.74673266,23.66,1017.083
1789515550,3.73325655,0.74673266,23.66,1017.08
1789515560,3.73686199,0.7511846600000001,23.66,1017.102
1789515570,3.73686199,0.7522976600000001,23.66,1017.106
1789515580,3.73866471,0.7534106600000001,23.64,1017.103
1789515590,3.73866471,0.7534106600000001,23.67,1017.114
1789515600,3.73866471,0.7567496600000001,23.64,1017.124
1789515610,3.73686199,0.7578626600000001,23.66,1017.129
1789515620,3.7350592700000003,0.75897566,23.69,1017.144
1789515630,3.73686199,0.7623146600000001,23.67,1017.161
1789515640,3.7350592700000003,0.7634276600000001,23.66,1017.166
1789515650,3.73686199,0.75897566,23.66,1017.143
1789515660,3.73325655,0.75897566,23.66,1017.149
1789515670,3.73145383,0.7556366600000001,23.66,1017.139
1789515680,3.7296511100000003,0.7578626600000001,23.67,1017.144
1789515690,3.73145383,0.75897566,23.67,1017.15
1789515700,3.73325655,0.7578626600000001,23.66,1017.153
1789515710,3.73686199,0.7578626600000001,23.66,1017.146
1789515720,3.73686199,0.75452366,23.66,1017.12
1789515730,3.73686199,0.7500716600000001,23.66,1017.1
1789515740,3.73686199,0.7478456600000001,23.67,1017.09
1789515750,3.7350592700000003,0.7445066600000001,23.67,1017.059
1789515760,3.7350592700000003,0.7478456600000001,23.69,1017.08
1789515770,3.73686199,0.7500716600000001,23.66,1017.09
1789515780,3.73686199,0.75452366,23.66,1017.123
1789515790,3.73686199,0.7567496600000001,23.67,1017.122
1789515800,3.73866471,0.7600886600000001,23.66,1017.149
1789515810,3.74227015,0.7567496600000001,23.64,1017.126
1789515820,3.74407287,0.7612016600000001,23.67,1017.148
1789515830,3.74407287,0.7612016600000001,23.64,1017.154
1789515840,3.7404674300000003,0.7645406600000001,23.66,1017.174
1789515850,3.74227015,0.7634276600000001,23.66,1017.164
1789515860,3.74227015,0.7600886600000001,23.66,1017.143
1789515870,3.73866471,0.7478456600000001,23.66,1017.081
1789515880,3.7404674300000003,0.7489586600000001,23.67,1017.083
1789515890,3.7404674300000003,0.7567496600000001,23.69,1017.119
1789515900,3.74227015,0.7556366600000001,23.67,1017.122
1789515910,3.7404674300000003,0.75452366,23.69,1017.109
1789515920,3.7404674300000003,0.7534106600000001,23.67,1017.113
1789515930,3.73866471,0.7567496600000001,23.64,1017.12
1789515940,3.73866471,0.7556366600000001,23.64,1017.123
1789515950,3.73686199,0.7578626600000001,23.66,1017.125
1789515960,3.7350592700000003,0.7600886600000001,23.64,1017.134
1789515970,3.73686199,0.7578626600000001,23.67,1017.14
1789515980,3.73686199,0.7567496600000001,23.67,1017.125
1789515990,3.73866471,0.7600886600000001,23.66,1017.134
1789516000,3.7404674300000003,0.7567496600000001,23.66,1017.124
1789516010,3.74227015,0.7567496600000001,23.66,1017.121
1789516020,3.7404674300000003,0.7567496600000001,23.64,1017.124
1789516030,3.74227015,0.7623146600000001,23.64,1017.135
1789516040,3.7458755900000003,0.75897566,23.66,1017.128
1789516050,3.7458755900000003,0.7578626600000001,23.64,1017.118
1789516060,3.74407287,0.7578626600000001,23.64,1017.119
1789516070,3.74407287,0.7600886600000001,23.66,1017.134
1789516080,3.7458755900000003,0.7623146600000001,23.66,1017.133
1789516090,3.74407287,0.7600886600000001,23.67,1017.123
1789516100,3.74407287,0.7612016600000001,23.64,1017.128
1789516110,3.74407287,0.7600886600000001,23.64,1017.13
1789516120,3.74767831,0.7612016600000001,23.66,1017.13
1789516130,3.7458755900000003,0.7578626600000001,23.64,1017.126
1789516140,3.74227015,0.75897566,23.62,1017.126
1789516150,3.7404674300000003,0.75897566,23.64,1017.125
1789516160,3.7404674300000003,0.7578626600000001,23.63,1017.124
1789516170,3.7404674300000003,0.7600886600000001,23.62,1017.132
1789516180,3.74227015,0.7623146600000001,23.63,1017.142
1789516190,3.74227015,0.7612016600000001,23.62,1017.146
1789516200,3.74407287,0.7600886600000001,23.63,1017.139
1789516210,3.7458755900000003,0.7600886600000001,23.63,1017.132
1789516220,3.7458755900000003,0.75897566,23.62,1017.132
1789516230,3.74407287,0.75897566,23.64,1017.124
1789516240,3.74227015,0.75897566,23.66,1017.13
1789516250,3.74767831,0.7600886600000001,23.64,1017.128
1789516260,3.74767831,0.7578626600000001,23.63,1017.121
1789516270,3.74948103,0.75452366,23.63,1017.106
1789516280,3.7512837500000002,0.75452366,23.62,1017.109
1789516290,3.7512837500000002,0.7556366600000001,23.62,1017.103
1789516300,3.74948103,0.7556366600000001,23.63,1017.104
1789516310,3.7512837500000002,0.7578626600000001,23.62,1017.118
1789516320,3.74948103,0.7567496600000001,23.63,1017.103
1789516330,3.7530864700000004,0.7556366600000001,23.62,1017.091
1789516340,3.75488919,0.75452366,23.63,1017.088
1789516350,3.75488919,0.75452366,23.64,1017.092
1789516360,3.7530864700000004,0.7534106600000001,23.66,1017.092
1789516370,3.76029735,0.7567496600000001,23.64,1017.09
1789516380,3.75488919,0.75452366,23.66,1017.083
1789516390,3.7584946300000004,0.7556366600000001,23.63,1017.088
1789516400,3.7566919100000002,0.7567496600000001,23.63,1017.097
1789516410,3.7512837500000002,0.7556366600000001,23.64,1017.091
1789516420,3.7530864700000004,0.75452366,23.63,1017.087
1789516430,3.7530864700000004,0.75452366,23.63,1017.091
1789516440,3.75488919,0.7578626600000001,23.63,1017.101
1789516450,3.75488919,0.7578626600000001,23.63,1017.103
1789516460,3.75488919,0.7567496600000001,23.63,1017.095
1789516470,3.7530864700000004,0.7567496600000001,23.62,1017.096
1789516480,3.7512837500000002,0.7578626600000001,23.63,1017.096
1789516490,3.7458755900000003,0.7578626600000001,23.66,1017.102
1789516500,3.74767831,0.7612016600000001,23.64,1017.12
1789516510,3.74948103,0.75897566,23.66,1017.113
1789516520,3.74948103,0.7556366600000001,23.66,1017.096
1789516530,3.7512837500000002,0.7534106600000001,23.64,1017.078
1789516540,3.7530864700000004,0.7522976600000001,23.64,1017.074
1789516550,3.75488919,0.7567496600000001,23.64,1017.097
1789516560,3.7566919100000002,0.75897566,23.64,1017.085
1789516570,3.7584946300000004,0.7556366600000001,23.66,1017.087
1789516580,3.7530864700000004,0.7567496600000001,23.63,1017.094
1789516590,3.74948103,0.75897566,23.63,1017.101
1789516600,3.7512837500000002,0.7578626600000001,23.64,1017.101
1789516610,3.7530864700000004,0.7556366600000001,23.63,1017.085
1789516620,3.7530864700000004,0.7556366600000001,23.63,1017.084
1789516630,3.7584946300000004,0.75897566,23.64,1017.092
1789516640,3.7584946300000004,0.7612016600000001,23.63,1017.099
1789516650,3.7621000700000002,0.7578626600000001,23.64,1017.081
1789516660,3.76029735,0.75452366,23.64,1017.066
1789516670,3.7621000700000002,0.7556366600000001,23.63,1017.066
1789516680,3.76029735,0.7556366600000001,23.62,1017.074
1789516690,3.7639027900000004,0.7567496600000001,23.64,1017.075
1789516700,3.7639027900000004,0.75897566,23.64,1017.073
1789516710,3.7639027900000004,0.7578626600000001,23.63,1017.078
1789516720,3.76029735,0.7578626600000001,23.67,1017.077
1789516730,3.7639027900000004,0.7600886600000001,23.63,1017.091
1789516740,3.7621000700000002,0.7600886600000001,23.64,1017.09
1789516750,3.7621000700000002,0.7600886600000001,23.64,1017.087
1789516760,3.7621000700000002,0.7634276600000001,23.62,1017.103
1789516770,3.7584946300000004,0.7623146600000001,23.6,1017.101
1789516780,3.7566919100000002,0.7612016600000001,23.6,1017.098
1789516790,3.7584946300000004,0.7612016600000001,23.62,1017.093
1789516800,3.7566919100000002,0.7612016600000001,23.62,1017.086
1789516810,3.75488919,0.7600886600000001,23.62,1017.095
1789516820,3.7621000700000002,0.7623146600000001,23.66,1017.097
1789516830,3.76029735,0.7612016600000001,23.62,1017.087
1789516840,3.7566919100000002,0.75897566,23.62,1017.089
1789516850,3.7566919100000002,0.7612016600000001,23.63,1017.092
1789516860,3.7584946300000004,0.7623146600000001,23.62,1017.102
1789516870,3.7621000700000002,0.7645406600000001,23.62,1017.11
1789516880,3.76029735,0.7634276600000001,23.62,1017.103
1789516890,3.76029735,0.7656536600000001,23.64,1017.116
1789516900,3.7566919100000002,0.76676666,23.59,1017.117
1789516910,3.7621000700000002,0.7678796600000001,23.62,1017.115
1789516920,3.7639027900000004,0.7701056600000001,23.63,1017.129
1789516930,3.7566919100000002,0.7689926600000001,23.62,1017.129
1789516940,3.75488919,0.7689926600000001,23.62,1017.131
1789516950,3.7584946300000004,0.7712186600000001,23.62,1017.153
1789516960,3.7566919100000002,0.7723316600000001,23.63,1017.154
1789516970,3.75488919,0.7745576600000001,23.62,1017.16
1789516980,3.7584946300000004,0.7723316600000001,23.62,1017.146
1789516990,3.7584946300000004,0.7745576600000001,23.64,1017.152
1789517000,3.7584946300000004,0.7723316600000001,23.63,1017.148
1789517010,3.7621000700000002,0.7723316600000001,23.63,1017.133
1789517020,3.7675082300000002,0.7689926600000001,23.64,1017.128
1789517030,3.7693109500000004,0.7723316600000001,23.63,1017.129
1789517040,3.77111367,0.7734446600000001,23.64,1017.13
1789517050,3.77111367,0.7723316600000001,23.66,1017.13
1789517060,3.77111367,0.7701056600000001,23.64,1017.12
1789517070,3.7693109500000004,0.7712186600000001,23.64,1017.123
1789517080,3.76570551,0.7712186600000001,23.64,1017.126
1789517090,3.77111367,0.7734446600000001,23.63,1017.137
1789517100,3.77111367,0.7756706600000001,23.64,1017.152
1789517110,3.7729163900000002,0.7801226600000001,23.62,1017.168
1789517120,3.7729163900000002,0.7778966600000001,23.63,1017.152
1789517130,3.7729163900000002,0.7745576600000001,23.63,1017.127
1789517140,3.7729163900000002,0.7712186600000001,23.64,1017.121
1789517150,3.77652183,0.7801226600000001,23.62,1017.151
1789517160,3.77652183,0.7823486600000001,23.63,1017.165
1789517170,3.7747191100000004,0.7845746600000001,23.63,1017.177
1789517180,3.7729163900000002,0.7834616600000001,23.62,1017.183
1789517190,3.7747191100000004,0.7834616600000001,23.6,1017.17
1789517200,3.77652183,0.7823486600000001,23.64,1017.175
1789517210,3.77652183,0.7801226600000001,23.63,1017.167
1789517220,3.7747191100000004,0.7812356600000001,23.62,1017.167
1789517230,3.7747191100000004,0.7801226600000001,23.63,1017.16
1789517240,3.77652183,0.7812356600000001,23.62,1017.163
1789517250,3.7783245500000002,0.7812356600000001,23.62,1017.16
1789517260,3.7729163900000002,0.7823486600000001,23.63,1017.177
1789517270,3.7729163900000002,0.7823486600000001,23.64,1017.167
1789517280,3.7747191100000004,0.7834616600000001,23.63,1017.174
1789517290,3.7783245500000002,0.7845746600000001,23.63,1017.176
1789517300,3.77652183,0.7856876600000001,23.62,1017.183
1789517310,3.7729163900000002,0.7879136600000001,23.63,1017.19
1789517320,3.7729163900000002,0.7856876600000001,23.63,1017.185
1789517330,3.7729163900000002,0.7856876600000001,23.63,1017.174
1789517340,3.7801272700000004,0.7879136600000001,23.59,1017.177
1789517350,3.78192999,0.7856876600000001,23.6,1017.181
1789517360,3.7801272700000004,0.7879136600000001,23.63,1017.179
1789517370,3.7801272700000004,0.7879136600000001,23.6,1017.183
1789517380,3.7783245500000002,0.78680066,23.62,1017.188
1789517390,3.78192999,0.7901396600000001,23.62,1017.188
1789517400,3.7801272700000004,0.7901396600000001,23.63,1017.185
1789517410,3.7801272700000004,0.7923656600000001,23.63,1017.191
1789517420,3.78373271,0.7890266600000001,23.63,1017.177
1789517430,3.78733815,0.78680066,23.63,1017.171
1789517440,3.78733815,0.7879136600000001,23.66,1017.174
1789517450,3.7855354300000004,0.7901396600000001,23.64,1017.178
1789517460,3.78373271,0.79125266,23.64,1017.188
1789517470,3.78192999,0.7923656600000001,23.63,1017.199
1789517480,3.78373271,0.79125266,23.64,1017.196
1789517490,3.7783245500000002,0.7890266600000001,23.64,1017.19
1789517500,3.7747191100000004,0.7901396600000001,23.64,1017.189
1789517510,3.7747191100000004,0.79125266,23.66,1017.198
1789517520,3.77652183,0.79125266,23.63,1017.192
1789517530,3.77652183,0.78680066,23.64,1017.176
1789517540,3.7783245500000002,0.78680066,23.63,1017.168
1789517550,3.78192999,0.78680066,23.63,1017.158
1789517560,3.77652183,0.7856876600000001,23.66,1017.164
1789517570,3.7729163900000002,0.7834616600000001,23.64,1017.161
1789517580,3.7729163900000002,0.7845746600000001,23.66,1017.166
1789517590,3.77652183,0.7879136600000001,23.66,1017.178
1789517600,3.7747191100000004,0.78680066,23.64,1017.185
1789517610,3.77111367,0.7890266600000001,23.63,1017.187
1789517620,3.7675082300000002,0.7890266600000001,23.64,1017.189
1789517630,3.77111367,0.7923656600000001,23.66,1017.204
1789517640,3.7729163900000002,0.7923656600000001,23.63,1017.208
1789517650,3.7729163900000002,0.7901396600000001,23.64,1017.189
1789517660,3.7693109500000004,0.7856876600000001,23.62,1017.173
1789517670,3.7693109500000004,0.7845746600000001,23.64,1017.161
1789517680,3.7729163900000002,0.7856876600000001,23.66,1017.165
1789517690,3.7729163900000002,0.7879136600000001,23.64,1017.176
1789517700,3.7783245500000002,0.7890266600000001,23.63,1017.181
1789517710,3.7783245500000002,0.7879136600000001,23.62,1017.169
1789517720,3.7801272700000004,0.7834616600000001,23.64,1017.144
1789517730,3.7855354300000004,0.7890266600000001,23.63,1017.169
1789517740,3.78733815,0.7923656600000001,23.66,1017.177
1789517750,3.78733815,0.79125266,23.64,1017.165
1789517760,3.78733815,0.78680066,23.63,1017.154
1789517770,3.78733815,0.7856876600000001,23.66,1017.148
1789517780,3.7855354300000004,0.78680066,23.64,1017.151
1789517790,3.78914087,0.7879136600000001,23.64,1017.144
1789517800,3.7855354300000004,0.78680066,23.64,1017.15
1789517810,3.78914087,0.78680066,23.63,1017.147
1789517820,3.7855354300000004,0.78680066,23.63,1017.146
1789517830,3.78373271,0.7856876600000001,23.64,1017.145
1789517840,3.78733815,0.7901396600000001,23.66,1017.164
1789517850,3.78733815,0.7890266600000001,23.62,1017.155
1789517860,3.7855354300000004,0.7879136600000001,23.63,1017.147
1789517870,3.78733815,0.78680066,23.63,1017.153
1789517880,3.78733815,0.7834616600000001,23.63,1017.136
1789517890,3.78373271,0.7845746600000001,23.62,1017.127
1789517900,3.7855354300000004,0.7834616600000001,23.63,1017.138
1789517910,3.78914087,0.7856876600000001,23.63,1017.143
1789517920,3.79274631,0.7901396600000001,23.63,1017.162
1789517930,3.7963517500000004,0.7879136600000001,23.63,1017.147
1789517940,3.79815447,0.7901396600000001,23.66,1017.143
1789517950,3.7963517500000004,0.7879136600000001,23.63,1017.131
1789517960,3.7963517500000004,0.78680066,23.63,1017.127
1789517970,3.79274631,0.78680066,23.63,1017.134
1789517980,3.7909435900000004,0.7879136600000001,23.63,1017.141
1789517990,3.7855354300000004,0.78680066,23.62,1017.134
1789518000,3.7855354300000004,0.7845746600000001,23.64,1017.138
1789518010,3.78914087,0.7845746600000001,23.6,1017.135
1789518020,3.78914087,0.7856876600000001,23.62,1017.138
1789518030,3.79454903,0.79125266,23.64,1017.147
1789518040,3.7963517500000004,0.7923656600000001,23.6,1017.161
1789518050,3.7909435900000004,0.79125266,23.62,1017.154
1789518060,3.78914087,0.7923656600000001,23.63,1017.161
1789518070,3.7909435900000004,0.7934786600000001,23.62,1017.162
1789518080,3.7909435900000004,0.7934786600000001,23.62,1017.162
1789518090,3.79274631,0.7945916600000001,23.6,1017.176
1789518100,3.78914087,0.7923656600000001,23.63,1017.174
1789518110,3.78733815,0.7923656600000001,23.62,1017.172
1789518120,3.7855354300000004,0.79125266,23.62,1017.174
1789518130,3.78733815,0.7945916600000001,23.62,1017.174
1789518140,3.7855354300000004,0.7923656600000001,23.63,1017.173
1789518150,3.78733815,0.79125266,23.63,1017.167
1789518160,3.78914087,0.7934786600000001,23.63,1017.162
1789518170,3.78733815,0.7934786600000001,23.62,1017.161
1789518180,3.78914087,0.7934786600000001,23.62,1017.168
1789518190,3.79274631,0.7957046600000001,23.62,1017.17
1789518200,3.79274631,0.7968176600000001,23.62,1017.169
1789518210,3.7963517500000004,0.7957046600000001,23.62,1017.174
1789518220,3.79454903,0.7979306600000001,23.6,1017.176
1789518230,3.78914087,0.7957046600000001,23.6,1017.181
1789518240,3.78914087,0.7979306600000001,23.62,1017.178
1789518250,3.78914087,0.79904366,23.62,1017.181
1789518260,3.79454903,0.8012696600000001,23.63,1017.189
1789518270,3.79454903,0.8057216600000001,23.62,1017.201
1789518280,3.79815447,0.8057216600000001,23.6,1017.203
1789518290,3.79274631,0.8001566600000001,23.6,1017.185
1789518300,3.79454903,0.8001566600000001,23.62,1017.168
1789518310,3.79274631,0.8012696600000001,23.6,1017.179
1789518320,3.79274631,0.8012696600000001,23.57,1017.182
1789518330,3.7963517500000004,0.8046086600000001,23.6,1017.185
1789518340,3.8017599100000004,0.8057216600000001,23.6,1017.195
1789518350,3.80356263,0.8057216600000001,23.6,1017.189
1789518360,3.8017599100000004,0.8068346600000001,23.62,1017.197
1789518370,3.79995719,0.8068346600000001,23.62,1017.191
1789518380,3.79454903,0.8068346600000001,23.6,1017.204
1789518390,3.7963517500000004,0.8090606600000001,23.59,1017.199
1789518400,3.7963517500000004,0.81128666,23.59,1017.208
1789518410,3.79274631,0.8123996600000001,23.59,1017.226
1789518420,3.79274631,0.8157386600000001,23.6,1017.252
1789518430,3.79815447,0.81907766,23.62,1017.257
1789518440,3.79995719,0.8179646600000001,23.62,1017.257
1789518450,3.79995719,0.8179646600000001,23.56,1017.246
1789518460,3.79815447,0.8135126600000001,23.57,1017.231
1789518470,3.79995719,0.81128666,23.59,1017.21
1789518480,3.8017599100000004,0.8046086600000001,23.6,1017.18
1789518490,3.80356263,0.8068346600000001,23.6,1017.187
1789518500,3.80536535,0.8123996600000001,23.57,1017.201
1789518510,3.80536535,0.8157386600000001,23.59,1017.225
1789518520,3.8071680700000003,0.8168516600000001,23.57,1017.233
1789518530,3.80356263,0.8157386600000001,23.57,1017.234
1789518540,3.8017599100000004,0.81907766,23.56,1017.25
1789518550,3.8017599100000004,0.8213036600000001,23.6,1017.255
1789518560,3.8071680700000003,0.8213036600000001,23.57,1017.252
1789518570,3.80536535,0.8268686600000001,23.6,1017.278
1789518580,3.80536535,0.8279816600000001,23.57,1017.287
1789518590,3.80356263,0.8290946600000001,23.59,1017.279
1789518600,3.80356263,0.8257556600000001,23.57,1017.275
1789518610,3.79815447,0.8246426600000001,23.57,1017.272
1789518620,3.79995719,0.82352966,23.6,1017.265
1789518630,3.79995719,0.8268686600000001,23.59,1017.277
1789518640,3.79995719,0.8224166600000001,23.59,1017.263
1789518650,3.79815447,0.8213036600000001,23.59,1017.267
1789518660,3.79995719,0.8201906600000001,23.59,1017.262
1789518670,3.80536535,0.8213036600000001,23.59,1017.26
1789518680,3.80536535,0.8224166600000001,23.6,1017.26
1789518690,3.8071680700000003,0.8302076600000001,23.6,1017.286
1789518700,3.8071680700000003,0.83132066,23.62,1017.287
1789518710,3.8071680700000003,0.83132066,23.62,1017.29
1789518720,3.80897079,0.8335466600000001,23.62,1017.306
1789518730,3.8071680700000003,0.8368856600000001,23.6,1017.318
1789518740,3.8017599100000004,0.8391116600000001,23.62,1017.323
1789518750,3.79815447,0.8368856600000001,23.62,1017.324
1789518760,3.79815447,0.8346596600000001,23.59,1017.317
1789518770,3.79815447,0.8357726600000001,23.62,1017.326
1789518780,3.79815447,0.8357726600000001,23.6,1017.321
1789518790,3.7963517500000004,0.8324336600000001,23.59,1017.309
1789518800,3.7963517500000004,0.8346596600000001,23.59,1017.323
1789518810,3.8017599100000004,0.8279816600000001,23.59,1017.292
1789518820,3.79995719,0.8279816600000001,23.59,1017.281
1789518830,3.80356263,0.8279816600000001,23.59,1017.28
1789518840,3.8071680700000003,0.8302076600000001,23.59,1017.285
1789518850,3.80897079,0.8302076600000001,23.62,1017.287
1789518860,3.8071680700000003,0.8324336600000001,23.6,1017.288
1789518870,3.80897079,0.83132066,23.6,1017.281
1789518880,3.80897079,0.8290946600000001,23.59,1017.28
1789518890,3.81077351,0.8302076600000001,23.57,1017.279
1789518900,3.80536535,0.8279816600000001,23.6,1017.281
1789518910,3.8071680700000003,0.8302076600000001,23.6,1017.28
1789518920,3.80897079,0.8302076600000001,23.6,1017.28
1789518930,3.81077351,0.8290946600000001,23.6,1017.275
1789518940,3.8071680700000003,0.8257556600000001,23.6,1017.26
1789518950,3.80536535,0.8246426600000001,23.59,1017.26
1789518960,3.80356263,0.8246426600000001,23.59,1017.264
1789518970,3.80536535,0.8246426600000001,23.59,1017.26
1789518980,3.80536535,0.8179646600000001,23.59,1017.234
1789518990,3.80536535,0.81907766,23.6,1017.242
1789519000,3.80536535,0.8201906600000001,23.59,1017.24
1789519010,3.80356263,0.8213036600000001,23.57,1017.245
1789519020,3.80536535,0.8213036600000001,23.57,1017.246
1789519030,3.80897079,0.8213036600000001,23.59,1017.248
1789519040,3.80536535,0.8201906600000001,23.59,1017.246
1789519050,3.80897079,0.8213036600000001,23.59,1017.251
1789519060,3.80897079,0.8224166600000001,23.59,1017.253
1789519070,3.81077351,0.8246426600000001,23.59,1017.252
1789519080,3.81077351,0.8246426600000001,23.6,1017.247
1789519090,3.81077351,0.8224166600000001,23.57,1017.244
1789519100,3.8125762300000003,0.8257556600000001,23.6,1017.252
1789519110,3.8125762300000003,0.8257556600000001,23.57,1017.26
1789519120,3.8125762300000003,0.8290946600000001,23.6,1017.271
1789519130,3.81437895,0.8290946600000001,23.57,1017.271
1789519140,3.8125762300000003,0.8302076600000001,23.6,1017.27
1789519150,3.81437895,0.8279816600000001,23.57,1017.261
1789519160,3.81618167,0.8290946600000001,23.6,1017.264
1789519170,3.8179843900000003,0.83132066,23.59,1017.264
1789519180,3.81618167,0.83132066,23.59,1017.267
1789519190,3.81437895,0.8324336600000001,23.59,1017.271
1789519200,3.8125762300000003,0.83132066,23.57,1017.267
1789519210,3.81437895,0.8335466600000001,23.59,1017.275
1789519220,3.8125762300000003,0.8335466600000001,23.56,1017.287
1789519230,3.81437895,0.8357726600000001,23.6,1017.296
1789519240,3.8125762300000003,0.8346596600000001,23.59,1017.284
1789519250,3.80897079,0.83132066,23.6,1017.277
1789519260,3.8071680700000003,0.83132066,23.59,1017.263
1789519270,3.80897079,0.83132066,23.59,1017.265
1789519280,3.80897079,0.8302076600000001,23.56,1017.264
1789519290,3.80897079,0.83132066,23.57,1017.274
1789519300,3.8071680700000003,0.8335466600000001,23.56,1017.281
1789519310,3.8071680700000003,0.8368856600000001,23.59,1017.301
1789519320,3.8071680700000003,0.8391116600000001,23.57,1017.312
1789519330,3.80897079,0.8391116600000001,23.59,1017.309
1789519340,3.81077351,0.8413376600000001,23.57,1017.307
1789519350,3.8125762300000003,0.8391116600000001,23.57,1017.312
1789519360,3.81437895,0.84356366,23.56,1017.323
1789519370,3.81618167,0.84356366,23.6,1017.321
1789519380,3.8179843900000003,0.8446766600000001,23.62,1017.317
1789519390,3.81437895,0.8402246600000001,23.59,1017.298
1789519400,3.81077351,0.8391116600000001,23.6,1017.31
1789519410,3.81077351,0.8413376600000001,23.59,1017.311
1789519420,3.81437895,0.8446766600000001,23.6,1017.329
1789519430,3.81618167,0.8446766600000001,23.59,1017.323
1789519440,3.8179843900000003,0.8491286600000001,23.62,1017.326
1789519450,3.81618167,0.84356366,23.59,1017.321
1789519460,3.8179843900000003,0.8402246600000001,23.59,1017.307
1789519470,3.81618167,0.8424506600000001,23.59,1017.306
1789519480,3.81978711,0.84356366,23.6,1017.316
1789519490,3.81978711,0.8457896600000001,23.6,1017.316
1789519500,3.8179843900000003,0.84356366,23.59,1017.312
1789519510,3.81618167,0.8457896600000001,23.59,1017.314
1789519520,3.8179843900000003,0.8446766600000001,23.57,1017.313
1789519530,3.81618167,0.8424506600000001,23.59,1017.308
1789519540,3.8179843900000003,0.84356366,23.59,1017.31
1789519550,3.8179843900000003,0.84356366,23.57,1017.313
1789519560,3.81618167,0.84356366,23.59,1017.316
1789519570,3.81437895,0.8469026600000001,23.57,1017.327
1789519580,3.81437895,0.8457896600000001,23.59,1017.325
1789519590,3.8125762300000003,0.8469026600000001,23.6,1017.331
1789519600,3.81618167,0.8469026600000001,23.59,1017.324
1789519610,3.8179843900000003,0.8446766600000001,23.56,1017.307
1789519620,3.81978711,0.8424506600000001,23.59,1017.298
1789519630,3.81618167,0.8402246600000001,23.57,1017.291
1789519640,3.81618167,0.8424506600000001,23.57,1017.294
1789519650,3.8179843900000003,0.8413376600000001,23.57,1017.296
1789519660,3.81978711,0.8413376600000001,23.56,1017.283
1789519670,3.81978711,0.8391116600000001,23.57,1017.291
1789519680,3.81978711,0.84356366,23.55,1017.293
1789519690,3.8179843900000003,0.8424506600000001,23.56,1017.3
1789519700,3.8179843900000003,0.84356366,23.59,1017.3
1789519710,3.8179843900000003,0.84356366,23.57,1017.303
1789519720,3.81978711,0.84356366,23.59,1017.295
1789519730,3.8179843900000003,0.8424506600000001,23.59,1017.295
1789519740,3.81978711,0.8424506600000001,23.59,1017.288
1789519750,3.82158983,0.84356366,23.57,1017.289
1789519760,3.8233925500000003,0.8424506600000001,23.56,1017.292
1789519770,3.82158983,0.8446766600000001,23.6,1017.303
1789519780,3.82158983,0.84356366,23.6,1017.291
1789519790,3.81978711,0.8424506600000001,23.6,1017.287
1789519800,3.81978711,0.8446766600000001,23.62,1017.292
1789519810,3.81978711,0.8446766600000001,23.62,1017.298
1789519820,3.82158983,0.8446766600000001,23.59,1017.3
1789519830,3.81978711,0.8457896600000001,23.59,1017.304
1789519840,3.81978711,0.8424506600000001,23.59,1017.294
1789519850,3.82158983,0.8446766600000001,23.59,1017.289
1789519860,3.81978711,0.8424506600000001,23.6,1017.29
1789519870,3.81978711,0.8446766600000001,23.59,1017.295
1789519880,3.81978711,0.8413376600000001,23.59,1017.286
1789519890,3.8179843900000003,0.8424506600000001,23.59,1017.285
1789519900,3.8179843900000003,0.8424506600000001,23.55,1017.289
1789519910,3.8179843900000003,0.84356366,23.59,1017.292
1789519920,3.8179843900000003,0.8424506600000001,23.57,1017.289
1789519930,3.81978711,0.84356366,23.56,1017.286
1789519940,3.81978711,0.84356366,23.56,1017.29
1789519950,3.81978711,0.8424506600000001,23.56,1017.281
1789519960,3.81978711,0.8413376600000001,23.57,1017.283
1789519970,3.81978711,0.84356366,23.56,1017.293
1789519980,3.81978711,0.8469026600000001,23.56,1017.302
1789519990,3.82158983,0.8491286600000001,23.59,1017.306
1789520000,3.82158983,0.8491286600000001,23.59,1017.311
1789520010,3.81978711,0.8446766600000001,23.59,1017.299
1789520020,3.8179843900000003,0.8402246600000001,23.59,1017.277
1789520030,3.81978711,0.8391116600000001,23.6,1017.273
1789520040,3.82158983,0.8391116600000001,23.56,1017.27
1789520050,3.8233925500000003,0.8402246600000001,23.57,1017.26
1789520060,3.82519527,0.8424506600000001,23.6,1017.271
1789520070,3.82519527,0.8424506600000001,23.57,1017.27
1789520080,3.82158983,0.8424506600000001,23.56,1017.276
1789520090,3.81978711,0.8402246600000001,23.59,1017.278
1789520100,3.81978711,0.8424506600000001,23.59,1017.278
1789520110,3.82158983,0.84356366,23.59,1017.277
1789520120,3.82158983,0.8457896600000001,23.56,1017.285
1789520130,3.81978711,0.8469026600000001,23.59,1017.292
1789520140,3.82158983,0.8446766600000001,23.57,1017.292
1789520150,3.8233925500000003,0.8446766600000001,23.59,1017.285
1789520160,3.82158983,0.8424506600000001,23.59,1017.278
1789520170,3.8179843900000003,0.8413376600000001,23.59,1017.267
1789520180,3.8179843900000003,0.8402246600000001,23.57,1017.274
1789520190,3.8179843900000003,0.8424506600000001,23.57,1017.281
1789520200,3.81437895,0.8424506600000001,23.6,1017.279
1789520210,3.81437895,0.8413376600000001,23.6,1017.275
1789520220,3.81618167,0.8424506600000001,23.57,1017.278
1789520230,3.81618167,0.8424506600000001,23.56,1017.277
1789520240,3.8179843900000003,0.8446766600000001,23.59,1017.281
1789520250,3.8179843900000003,0.8469026600000001,23.57,1017.291
1789520260,3.8179843900000003,0.8480156600000001,23.57,1017.301
1789520270,3.81978711,0.8491286600000001,23.56,1017.306
1789520280,3.81978711,0.8524676600000001,23.56,1017.316
1789520290,3.81978711,0.8502416600000001,23.57,1017.316
1789520300,3.81618167,0.85135466,23.57,1017.32
1789520310,3.81618167,0.8491286600000001,23.57,1017.313
1789520320,3.81618167,0.8480156600000001,23.57,1017.303
1789520330,3.8179843900000003,0.8457896600000001,23.56,1017.294
1789520340,3.8179843900000003,0.8480156600000001,23.57,1017.291
1789520350,3.81978711,0.8480156600000001,23.56,1017.3
1789520360,3.81978711,0.8491286600000001,23.55,1017.306
1789520370,3.81978711,0.8524676600000001,23.56,1017.317
1789520380,3.81978711,0.8546936600000001,23.56,1017.318
1789520390,3.81978711,0.8535806600000001,23.56,1017.314
1789520400,3.82158983,0.8535806600000001,23.55,1017.312
1789520410,3.82519527,0.8535806600000001,23.56,1017.313
1789520420,3.82158983,0.85580666,23.57,1017.323
1789520430,3.8233925500000003,0.8569196600000001,23.56,1017.326
1789520440,3.82158983,0.8524676600000001,23.56,1017.314
1789520450,3.81978711,0.8524676600000001,23.56,1017.298
1789520460,3.82158983,0.8546936600000001,23.56,1017.312
1789520470,3.82158983,0.85580666,23.55,1017.316
1789520480,3.8233925500000003,0.8546936600000001,23.56,1017.312
1789520490,3.8233925500000003,0.8535806600000001,23.57,1017.311
1789520500,3.8233925500000003,0.8524676600000001,23.56,1017.303
1789520510,3.8233925500000003,0.8546936600000001,23.56,1017.311
1789520520,3.82519527,0.8591456600000001,23.56,1017.318
1789520530,3.8233925500000003,0.8569196600000001,23.59,1017.311
1789520540,3.82519527,0.85580666,23.56,1017.306
1789520550,3.82519527,0.8569196600000001,23.56,1017.312
1789520560,3.8233925500000003,0.8535806600000001,23.55,1017.305
1789520570,3.82158983,0.8535806600000001,23.56,1017.309
1789520580,3.82158983,0.8546936600000001,23.55,1017.312
1789520590,3.8233925500000003,0.8546936600000001,23.55,1017.307
1789520600,3.8233925500000003,0.8535806600000001,23.57,1017.306
1789520610,3.82519527,0.8546936600000001,23.56,1017.303
1789520620,3.82699799,0.85580666,23.53,1017.308
1789520630,3.82519527,0.8580326600000001,23.53,1017.314
1789520640,3.82699799,0.8580326600000001,23.55,1017.32
1789520650,3.82519527,0.8613716600000001,23.55,1017.323
1789520660,3.8233925500000003,0.8624846600000001,23.55,1017.334
1789520670,3.82519527,0.86359766,23.55,1017.335
1789520680,3.82699799,0.8658236600000001,23.55,1017.34
1789520690,3.82519527,0.8680496600000001,23.55,1017.347
1789520700,3.82519527,0.8691626600000001,23.53,1017.357
1789520710,3.82519527,0.8691626600000001,23.56,1017.36
1789520720,3.82519527,0.8691626600000001,23.56,1017.358
1789520730,3.82699799,0.8624846600000001,23.55,1017.326
1789520740,3.82699799,0.8591456600000001,23.55,1017.317
1789520750,3.82699799,0.8591456600000001,23.56,1017.316
1789520760,3.82699799,0.8624846600000001,23.55,1017.324
1789520770,3.82699799,0.8613716600000001,23.55,1017.324
1789520780,3.82699799,0.86359766,23.53,1017.323
1789520790,3.8288007100000003,0.8647106600000001,23.55,1017.334
1789520800,3.82699799,0.8658236600000001,23.55,1017.34
1789520810,3.82519527,0.8658236600000001,23.53,1017.344
1789520820,3.82519527,0.8647106600000001,23.55,1017.339
1789520830,3.82519527,0.8624846600000001,23.55,1017.332
1789520840,3.82519527,0.8613716600000001,23.53,1017.322
1789520850,3.82519527,0.8580326600000001,23.56,1017.31
1789520860,3.82519527,0.85580666,23.55,1017.299
1789520870,3.82519527,0.8569196600000001,23.55,1017.3
1789520880,3.82519527,0.8591456600000001,23.53,1017.303
1789520890,3.82519527,0.8602586600000001,23.52,1017.307
1789520900,3.82519527,0.8580326600000001,23.53,1017.304
1789520910,3.82519527,0.8580326600000001,23.53,1017.301
1789520920,3.82519527,0.8580326600000001,23.55,1017.299
1789520930,3.82519527,0.8591456600000001,23.56,1017.294
1789520940,3.82699799,0.8602586600000001,23.53,1017.296
1789520950,3.82519527,0.8591456600000001,23.55,1017.299
1789520960,3.82519527,0.8591456600000001,23.52,1017.308
1789520970,3.82699799,0.8602586600000001,23.5,1017.314
1789520980,3.82699799,0.8624846600000001,23.52,1017.323
1789520990,3.8288007100000003,0.8680496600000001,23.52,1017.337
1789521000,3.82699799,0.8691626600000001,23.52,1017.349
1789521010,3.82699799,0.8725016600000001,23.53,1017.358
1789521020,3.8288007100000003,0.8736146600000001,23.52,1017.363
1789521030,3.82699799,0.8736146600000001,23.53,1017.366
1789521040,3.82519527,0.8713886600000001,23.53,1017.354
1789521050,3.82519527,0.8725016600000001,23.53,1017.369
1789521060,3.82519527,0.8747276600000001,23.53,1017.36
1789521070,3.82519527,0.8780666600000001,23.55,1017.376
1789521080,3.82519527,0.87584066,23.52,1017.363
1789521090,3.82699799,0.87584066,23.55,1017.366
1789521100,3.8288007100000003,0.8713886600000001,23.56,1017.347
1789521110,3.8288007100000003,0.8669366600000001,23.56,1017.331
1789521120,3.8288007100000003,0.8647106600000001,23.53,1017.318
1789521130,3.8288007100000003,0.86359766,23.52,1017.312
1789521140,3.82699799,0.8647106600000001,23.55,1017.312
1789521150,3.8288007100000003,0.8658236600000001,23.53,1017.316
1789521160,3.8288007100000003,0.8691626600000001,23.53,1017.335
1789521170,3.8288007100000003,0.8736146600000001,23.53,1017.356
1789521180,3.8288007100000003,0.87584066,23.55,1017.364
1789521190,3.83060343,0.8747276600000001,23.55,1017.364
1789521200,3.83060343,0.8769536600000001,23.55,1017.366
1789521210,3.83060343,0.8725016600000001,23.55,1017.35
1789521220,3.83060343,0.8669366600000001,23.55,1017.326
1789521230,3.83060343,0.8658236600000001,23.53,1017.311
1789521240,3.83060343,0.8702756600000001,23.55,1017.335
1789521250,3.83060343,0.87584066,23.53,1017.35
1789521260,3.8288007100000003,0.8769536600000001,23.55,1017.362
1789521270,3.8288007100000003,0.8791796600000001,23.55,1017.37
1789521280,3.8288007100000003,0.8791796600000001,23.56,1017.372
1789521290,3.8288007100000003,0.8769536600000001,23.55,1017.363
1789521300,3.82699799,0.8736146600000001,23.52,1017.354
1789521310,3.8288007100000003,0.8713886600000001,23.55,1017.332
1789521320,3.8288007100000003,0.8713886600000001,23.53,1017.34
1789521330,3.8288007100000003,0.8725016600000001,23.53,1017.348
1789521340,3.82699799,0.8736146600000001,23.53,1017.342
1789521350,3.8288007100000003,0.8691626600000001,23.53,1017.326
1789521360,3.82699799,0.8680496600000001,23.53,1017.318
1789521370,3.82699799,0.8691626600000001,23.55,1017.319
1789521380,3.82699799,0.8691626600000001,23.53,1017.331
1789521390,3.82519527,0.8713886600000001,23.53,1017.343
1789521400,3.82699799,0.8713886600000001,23.55,1017.336
1789521410,3.82699799,0.8691626600000001,23.53,1017.328
1789521420,3.82699799,0.8669366600000001,23.53,1017.313
1789521430,3.82519527,0.86359766,23.55,1017.306
1789521440,3.82699799,0.86359766,23.53,1017.313
1789521450,3.82699799,0.8647106600000001,23.53,1017.318
1789521460,3.82519527,0.8669366600000001,23.52,1017.326
1789521470,3.82519527,0.8713886600000001,23.55,1017.336
1789521480,3.82699799,0.8725016600000001,23.53,1017.344
1789521490,3.82519527,0.8736146600000001,23.56,1017.345
1789521500,3.82519527,0.8702756600000001,23.53,1017.337
1789521510,3.82519527,0.8702756600000001,23.56,1017.343
1789521520,3.8288007100000003,0.8725016600000001,23.53,1017.34
1789521530,3.8288007100000003,0.8713886600000001,23.53,1017.337
1789521540,3.82699799,0.8713886600000001,23.53,1017.335
1789521550,3.8288007100000003,0.8680496600000001,23.55,1017.322
1789521560,3.82699799,0.8713886600000001,23.55,1017.336
1789521570,3.82699799,0.8747276600000001,23.55,1017.341
1789521580,3.8288007100000003,0.8713886600000001,23.55,1017.337
1789521590,3.8288007100000003,0.8713886600000001,23.55,1017.342
1789521600,3.8288007100000003,0.8713886600000001,23.55,1017.341
1789521610,3.83060343,0.8702756600000001,23.53,1017.34
1789521620,3.8288007100000003,0.8725016600000001,23.55,1017.336
1789521630,3.8288007100000003,0.8713886600000001,23.53,1017.335
1789521640,3.8288007100000003,0.8713886600000001,23.52,1017.332
1789521650,3.83060343,0.8736146600000001,23.56,1017.339
1789521660,3.83060343,0.8736146600000001,23.55,1017.343
1789521670,3.82699799,0.8725016600000001,23.55,1017.337
1789521680,3.82699799,0.8713886600000001,23.53,1017.327
1789521690,3.82699799,0.8702756600000001,23.55,1017.336
1789521700,3.83060343,0.8736146600000001,23.53,1017.335
1789521710,3.8288007100000003,0.8725016600000001,23.53,1017.345
1789521720,3.82699799,0.8736146600000001,23.55,1017.352
1789521730,3.82699799,0.8780666600000001,23.55,1017.363
1789521740,3.82699799,0.8780666600000001,23.53,1017.366
1789521750,3.8288007100000003,0.8791796600000001,23.53,1017.365
1789521760,3.8288007100000003,0.8769536600000001,23.56,1017.354
1789521770,3.8288007100000003,0.8780666600000001,23.55,1017.352
1789521780,3.83060343,0.8791796600000001,23.53,1017.355
1789521790,3.8288007100000003,0.8791796600000001,23.56,1017.358
1789521800,3.82699799,0.8791796600000001,23.55,1017.363
1789521810,3.8288007100000003,0.8802926600000001,23.56,1017.367
1789521820,3.8288007100000003,0.8847446600000001,23.55,1017.38
1789521830,3.8288007100000003,0.8847446600000001,23.56,1017.383
1789521840,3.8288007100000003,0.8847446600000001,23.53,1017.379
1789521850,3.8288007100000003,0.8858576600000001,23.53,1017.382
1789521860,3.8288007100000003,0.8836316600000002,23.56,1017.381
1789521870,3.8288007100000003,0.8847446600000001,23.52,1017.38
1789521880,3.83060343,0.8869706600000001,23.55,1017.392
1789521890,3.8288007100000003,0.8847446600000001,23.53,1017.381
1789521900,3.82699799,0.8847446600000001,23.56,1017.382
1789521910,3.82699799,0.8836316600000002,23.56,1017.382
1789521920,3.82519527,0.8814056600000001,23.53,1017.378
1789521930,3.82519527,0.8802926600000001,23.55,1017.373
1789521940,3.82699799,0.8847446600000001,23.5,1017.383
1789521950,3.82699799,0.8869706600000001,23.56,1017.397
1789521960,3.82699799,0.88808366,23.55,1017.4
1789521970,3.8288007100000003,0.8891966600000001,23.55,1017.403
1789521980,3.8288007100000003,0.8891966600000001,23.53,1017.403
1789521990,3.82699799,0.8914226600000001,23.55,1017.411
1789522000,3.8288007100000003,0.8925356600000001,23.55,1017.408
1789522010,3.8288007100000003,0.89587466,23.53,1017.419
1789522020,3.8288007100000003,0.89587466,23.53,1017.413
1789522030,3.8288007100000003,0.8891966600000001,23.55,1017.396
1789522040,3.8288007100000003,0.8847446600000001,23.55,1017.375
1789522050,3.8288007100000003,0.8891966600000001,23.55,1017.382
1789522060,3.8288007100000003,0.8936486600000001,23.55,1017.408
1789522070,3.8288007100000003,0.8969876600000001,23.56,1017.424
1789522080,3.8288007100000003,0.9003266600000001,23.56,1017.431
1789522090,3.8288007100000003,0.8992136600000001,23.56,1017.433
1789522100,3.82699799,0.9003266600000001,23.56,1017.432
1789522110,3.82699799,0.8981006600000001,23.55,1017.422
1789522120,3.83060343,0.8969876600000001,23.56,1017.419
1789522130,3.8288007100000003,0.8969876600000001,23.53,1017.42
1789522140,3.83060343,0.8969876600000001,23.56,1017.43
1789522150,3.8288007100000003,0.8981006600000001,23.55,1017.428
1789522160,3.8288007100000003,0.8969876600000001,23.55,1017.42
1789522170,3.8288007100000003,0.8947616600000001,23.59,1017.42
1789522180,3.82699799,0.8947616600000001,23.55,1017.423
1789522190,3.82699799,0.8969876600000001,23.55,1017.428
1789522200,3.82519527,0.8981006600000001,23.53,1017.43
1789522210,3.82519527,0.8992136600000001,23.55,1017.433
1789522220,3.82699799,0.9003266600000001,23.53,1017.438
1789522230,3.82699799,0.9025526600000001,23.55,1017.447
1789522240,3.82699799,0.9058916600000001,23.57,1017.456
1789522250,3.8288007100000003,0.9058916600000001,23.55,1017.454
1789522260,3.8288007100000003,0.9036656600000001,23.55,1017.451
1789522270,3.8288007100000003,0.9014396600000001,23.55,1017.445
1789522280,3.82699799,0.8992136600000001,23.56,1017.437
1789522290,3.82699799,0.9003266600000001,23.56,1017.428
1789522300,3.8288007100000003,0.9003266600000001,23.55,1017.421
1789522310,3.82699799,0.8981006600000001,23.55,1017.415
1789522320,3.82699799,0.8981006600000001,23.52,1017.423
1789522330,3.82699799,0.9003266600000001,23.53,1017.43
1789522340,3.82699799,0.9003266600000001,23.55,1017.433
1789522350,3.82519527,0.9014396600000001,23.52,1017.433
1789522360,3.82519527,0.9025526600000001,23.53,1017.437
1789522370,3.8288007100000003,0.9047786600000001,23.5,1017.443
1789522380,3.82699799,0.9058916600000001,23.5,1017.457
1789522390,3.82699799,0.9092306600000001,23.52,1017.457
1789522400,3.82699799,0.9070046600000001,23.53,1017.459
1789522410,3.8288007100000003,0.9103436600000001,23.56,1017.457
1789522420,3.82699799,0.90811766,23.53,1017.461
1789522430,3.82519527,0.9092306600000001,23.5,1017.467
1789522440,3.82158983,0.9092306600000001,23.52,1017.459
1789522450,3.82519527,0.9125696600000001,23.52,1017.469
1789522460,3.8233925500000003,0.9114566600000001,23.55,1017.475
1789522470,3.82158983,0.9136826600000001,23.53,1017.475
1789522480,3.82158983,0.9159086600000002,23.53,1017.485
1789522490,3.8233925500000003,0.9159086600000002,23.52,1017.486
1789522500,3.82699799,0.9147956600000001,23.5,1017.485
1789522510,3.82699799,0.9159086600000002,23.55,1017.483
1789522520,3.82699799,0.9170216600000001,23.53,1017.492
1789522530,3.82519527,0.9181346600000001,23.52,1017.492
1789522540,3.82519527,0.9192476600000001,23.52,1017.495
1789522550,3.82699799,0.92036066,23.53,1017.493
1789522560,3.82699799,0.9192476600000001,23.55,1017.499
1789522570,3.82699799,0.9181346600000001,23.5,1017.501
1789522580,3.82699799,0.9170216600000001,23.55,1017.491
1789522590,3.8288007100000003,0.9181346600000001,23.53,1017.488
1789522600,3.8288007100000003,0.9170216600000001,23.52,1017.482
1789522610,3.83060343,0.9170216600000001,23.53,1017.484
1789522620,3.8288007100000003,0.9170216600000001,23.53,1017.48
1789522630,3.82699799,0.9159086600000002,23.55,1017.482
1789522640,3.8233925500000003,0.9136826600000001,23.5,1017.475
1789522650,3.82519527,0.9147956600000001,23.52,1017.479
1789522660,3.82519527,0.9114566600000001,23.52,1017.464
1789522670,3.82158983,0.9103436600000001,23.52,1017.464
1789522680,3.82158983,0.9103436600000001,23.53,1017.466
1789522690,3.8233925500000003,0.9125696600000001,23.55,1017.466
1789522700,3.82519527,0.9147956600000001,23.55,1017.471
1789522710,3.82519527,0.9170216600000001,23.52,1017.475
1789522720,3.82699799,0.9147956600000001,23.55,1017.473
1789522730,3.82699799,0.9136826600000001,23.56,1017.469
1789522740,3.82699799,0.9125696600000001,23.53,1017.464
1789522750,3.8288007100000003,0.9092306600000001,23.53,1017.452
1789522760,3.82699799,0.90811766,23.52,1017.459
1789522770,3.82519527,0.9092306600000001,23.52,1017.445
1789522780,3.8233925500000003,0.9125696600000001,23.5,1017.459
1789522790,3.82699799,0.9170216600000001,23.55,1017.465
1789522800,3.8233925500000003,0.9125696600000001,23.53,1017.461
1789522810,3.8233925500000003,0.9147956600000001,23.52,1017.473
1789522820,3.82519527,0.9147956600000001,23.52,1017.485
1789522830,3.8233925500000003,0.9159086600000002,23.52,1017.483
1789522840,3.8233925500000003,0.9214736600000001,23.53,1017.491
1789522850,3.82158983,0.9214736600000001,23.52,1017.498
1789522860,3.82158983,0.9159086600000002,23.53,1017.488
1789522870,3.82158983,0.9159086600000002,23.53,1017.476
1789522880,3.82158983,0.9170216600000001,23.53,1017.48
1789522890,3.82158983,0.9192476600000001,23.53,1017.484
1789522900,3.82158983,0.9225866600000001,23.53,1017.494
1789522910,3.8233925500000003,0.9214736600000001,23.52,1017.503
1789522920,3.8233925500000003,0.9259256600000001,23.52,1017.509
1789522930,3.8233925500000003,0.9303776600000001,23.55,1017.521
1789522940,3.82158983,0.9326036600000001,23.52,1017.539
1789522950,3.82519527,0.9314906600000001,23.5,1017.53
1789522960,3.82699799,0.92815166,23.52,1017.519
1789522970,3.8288007100000003,0.9303776600000001,23.52,1017.518
1789522980,3.82519527,0.9314906600000001,23.52,1017.534
1789522990,3.82699799,0.9381686600000001,23.53,1017.546
1789523000,3.82519527,0.9437336600000001,23.52,1017.57
1789523010,3.82519527,0.9437336600000001,23.53,1017.57
1789523020,3.82158983,0.9437336600000001,23.5,1017.573
1789523030,3.82158983,0.9426206600000001,23.52,1017.574
1789523040,3.8233925500000003,0.9415076600000001,23.48,1017.565
1789523050,3.82519527,0.9381686600000001,23.52,1017.553
1789523060,3.8233925500000003,0.9392816600000001,23.52,1017.549
1789523070,3.81978711,0.9381686600000001,23.5,1017.555
1789523080,3.8179843900000003,0.9381686600000001,23.52,1017.558
1789523090,3.81618167,0.9348296600000001,23.53,1017.553
1789523100,3.8179843900000003,0.9326036600000001,23.52,1017.541
1789523110,3.81618167,0.9326036600000001,23.53,1017.546
1789523120,3.8179843900000003,0.9326036600000001,23.53,1017.545
1789523130,3.81618167,0.9326036600000001,23.5,1017.543
1789523140,3.81618167,0.9303776600000001,23.56,1017.542
1789523150,3.8179843900000003,0.9337166600000001,23.55,1017.541
1789523160,3.81978711,0.9359426600000001,23.55,1017.546
1789523170,3.8233925500000003,0.9392816600000001,23.52,1017.556
1789523180,3.82519527,0.9415076600000001,23.52,1017.559
1789523190,3.82699799,0.9415076600000001,23.52,1017.558
1789523200,3.82519527,0.9415076600000001,23.5,1017.562
1789523210,3.82699799,0.9415076600000001,23.52,1017.564
1789523220,3.82519527,0.9448466600000001,23.49,1017.57
1789523230,3.82699799,0.9459596600000001,23.52,1017.572
1789523240,3.82519527,0.9437336600000001,23.53,1017.564
1789523250,3.8288007100000003,0.9415076600000001,23.52,1017.548
1789523260,3.82519527,0.9370556600000001,23.5,1017.543
1789523270,3.82519527,0.9348296600000001,23.52,1017.535
1789523280,3.82158983,0.9314906600000001,23.49,1017.53
1789523290,3.81618167,0.9326036600000001,23.52,1017.529
1789523300,3.81618167,0.9326036600000001,23.52,1017.535
1789523310,3.8179843900000003,0.9370556600000001,23.52,1017.536
1789523320,3.82158983,0.9348296600000001,23.49,1017.533
1789523330,3.8179843900000003,0.9326036600000001,23.52,1017.527
1789523340,3.8179843900000003,0.9314906600000001,23.49,1017.525
1789523350,3.81978711,0.9292646600000001,23.5,1017.513
1789523360,3.81618167,0.9303776600000001,23.49,1017.517
1789523370,3.81437895,0.9270386600000001,23.49,1017.515
1789523380,3.81618167,0.9292646600000001,23.52,1017.513
1789523390,3.81618167,0.92815166,23.52,1017.513
1789523400,3.8179843900000003,0.9259256600000001,23.52,1017.51
1789523410,3.81618167,0.9259256600000001,23.53,1017.51
1789523420,3.8125762300000003,0.9259256600000001,23.52,1017.514
1789523430,3.81077351,0.9259256600000001,23.52,1017.505
1789523440,3.8125762300000003,0.9236996600000001,23.53,1017.499
1789523450,3.81618167,0.9236996600000001,23.55,1017.497
1789523460,3.81618167,0.9259256600000001,23.55,1017.505
1789523470,3.81618167,0.9259256600000001,23.53,1017.507
1789523480,3.81618167,0.9303776600000001,23.53,1017.513
1789523490,3.81618167,0.9270386600000001,23.52,1017.508
1789523500,3.8179843900000003,0.92815166,23.5,1017.508
1789523510,3.81978711,0.9259256600000001,23.53,1017.509
1789523520,3.81077351,0.9270386600000001,23.52,1017.507
1789523530,3.80536535,0.9270386600000001,23.49,1017.512
1789523540,3.80536535,0.9259256600000001,23.55,1017.515
1789523550,3.80897079,0.9270386600000001,23.52,1017.509
1789523560,3.81077351,0.9303776600000001,23.5,1017.506
1789523570,3.8125762300000003,0.9292646600000001,23.5,1017.515
1789523580,3.82158983,0.9292646600000001,23.52,1017.505
1789523590,3.82158983,0.92815166,23.5,1017.504
1789523600,3.82158983,0.9303776600000001,23.52,1017.512
1789523610,3.8233925500000003,0.9337166600000001,23.5,1017.511
1789523620,3.82158983,0.9326036600000001,23.52,1017.521
1789523630,3.8233925500000003,0.9326036600000001,23.55,1017.52
1789523640,3.8179843900000003,0.9326036600000001,23.53,1017.521
1789523650,3.8179843900000003,0.9337166600000001,23.53,1017.521
1789523660,3.8179843900000003,0.9348296600000001,23.53,1017.533
1789523670,3.81618167,0.9381686600000001,23.5,1017.547
1789523680,3.81077351,0.9359426600000001,23.52,1017.543
1789523690,3.8125762300000003,0.9348296600000001,23.5,1017.531
1789523700,3.8125762300000003,0.9381686600000001,23.52,1017.54
1789523710,3.81437895,0.9392816600000001,23.5,1017.548
1789523720,3.81077351,0.9392816600000001,23.55,1017.552
1789523730,3.80897079,0.9337166600000001,23.49,1017.528
1789523740,3.8071680700000003,0.9370556600000001,23.5,1017.548
1789523750,3.80897079,0.9415076600000001,23.46,1017.562
1789523760,3.80897079,0.9437336600000001,23.53,1017.563
1789523770,3.8071680700000003,0.9426206600000001,23.48,1017.56
1789523780,3.81437895,0.94039466,23.5,1017.559
1789523790,3.81437895,0.9415076600000001,23.5,1017.558
1789523800,3.81437895,0.9448466600000001,23.49,1017.562
1789523810,3.81437895,0.9459596600000001,23.48,1017.568
1789523820,3.81437895,0.9437336600000001,23.5,1017.561
1789523830,3.81437895,0.9448466600000001,23.49,1017.564
1789523840,3.8125762300000003,0.9459596600000001,23.49,1017.564
1789523850,3.8125762300000003,0.9448466600000001,23.49,1017.567
1789523860,3.8125762300000003,0.9437336600000001,23.49,1017.56
1789523870,3.81077351,0.9426206600000001,23.49,1017.558
1789523880,3.8125762300000003,0.9426206600000001,23.49,1017.549
1789523890,3.80897079,0.9415076600000001,23.49,1017.551
1789523900,3.80897079,0.94039466,23.5,1017.551
1789523910,3.8125762300000003,0.9392816600000001,23.5,1017.544
1789523920,3.8125762300000003,0.9426206600000001,23.49,1017.547
1789523930,3.80897079,0.9448466600000001,23.49,1017.554
1789523940,3.8071680700000003,0.9426206600000001,23.46,1017.556
1789523950,3.8125762300000003,0.9415076600000001,23.46,1017.553
1789523960,3.8125762300000003,0.9448466600000001,23.45,1017.554
1789523970,3.80897079,0.9415076600000001,23.49,1017.553
1789523980,3.80897079,0.94039466,23.48,1017.549
1789523990,3.81077351,0.9437336600000001,23.49,1017.55
1789524000,3.81437895,0.9459596600000001,23.48,1017.561
1789524010,3.8179843900000003,0.9459596600000001,23.46,1017.565
1789524020,3.8179843900000003,0.9481856600000002,23.48,1017.57
1789524030,3.8179843900000003,0.9481856600000002,23.48,1017.568
1789524040,3.8179843900000003,0.9492986600000001,23.49,1017.568
1789524050,3.82158983,0.9537506600000001,23.48,1017.584
1789524060,3.81978711,0.95263766,23.48,1017.579
1789524070,3.82158983,0.9481856600000002,23.49,1017.564
1789524080,3.82158983,0.9470726600000001,23.5,1017.56
1789524090,3.8179843900000003,0.9504116600000001,23.49,1017.568
1789524100,3.81618167,0.9504116600000001,23.5,1017.572
1789524110,3.8179843900000003,0.9515246600000001,23.52,1017.581
1789524120,3.8179843900000003,0.9504116600000001,23.49,1017.576
1789524130,3.81437895,0.9504116600000001,23.5,1017.585
1789524140,3.8125762300000003,0.9515246600000001,23.49,1017.587
1789524150,3.81618167,0.95263766,23.5,1017.584
1789524160,3.81437895,0.9515246600000001,23.5,1017.581
1789524170,3.8179843900000003,0.95263766,23.49,1017.572
1789524180,3.8233925500000003,0.9548636600000001,23.49,1017.574
1789524190,3.82699799,0.9559766600000001,23.49,1017.586
1789524200,3.8233925500000003,0.9537506600000001,23.5,1017.586
1789524210,3.82158983,0.9548636600000001,23.48,1017.579
1789524220,3.81978711,0.95263766,23.48,1017.577
1789524230,3.8179843900000003,0.95263766,23.49,1017.575
1789524240,3.81618167,0.95263766,23.48,1017.573
1789524250,3.81618167,0.9537506600000001,23.5,1017.578
1789524260,3.8179843900000003,0.9537506600000001,23.49,1017.581
1789524270,3.81437895,0.9548636600000001,23.5,1017.585
1789524280,3.8125762300000003,0.9548636600000001,23.5,1017.593
1789524290,3.81077351,0.9582026600000001,23.5,1017.598
1789524300,3.80536535,0.9582026600000001,23.5,1017.598
1789524310,3.80356263,0.9582026600000001,23.52,1017.598
1789524320,3.80536535,0.9582026600000001,23.5,1017.605
1789524330,3.80536535,0.9570896600000001,23.53,1017.595
1789524340,3.81077351,0.9570896600000001,23.5,1017.588
1789524350,3.81077351,0.9570896600000001,23.52,1017.595
1789524360,3.80536535,0.9593156600000001,23.5,1017.595
1789524370,3.79995719,0.9582026600000001,23.49,1017.608
1789524380,3.79815447,0.9604286600000002,23.52,1017.608
1789524390,3.7963517500000004,0.9582026600000001,23.5,1017.608
1789524400,3.79815447,0.9615416600000001,23.52,1017.609
1789524410,3.79995719,0.9626546600000001,23.52,1017.624
1789524420,3.8017599100000004,0.9615416600000001,23.53,1017.613
1789524430,3.8017599100000004,0.9593156600000001,23.5,1017.61
1789524440,3.8017599100000004,0.9604286600000002,23.5,1017.618
1789524450,3.79815447,0.9615416600000001,23.53,1017.622
1789524460,3.8017599100000004,0.9604286600000002,23.49,1017.616
1789524470,3.80536535,0.9626546600000001,23.5,1017.627
1789524480,3.80536535,0.9637676600000001,23.5,1017.623
1789524490,3.8071680700000003,0.9637676600000001,23.5,1017.622
1789524500,3.80536535,0.9637676600000001,23.5,1017.626
1789524510,3.80897079,0.9637676600000001,23.5,1017.624
1789524520,3.8071680700000003,0.9615416600000001,23.5,1017.621
1789524530,3.80897079,0.9604286600000002,23.49,1017.612
1789524540,3.80897079,0.9637676600000001,23.49,1017.62
1789524550,3.8071680700000003,0.9626546600000001,23.49,1017.623
1789524560,3.80536535,0.9615416600000001,23.5,1017.609
1789524570,3.80536535,0.9626546600000001,23.49,1017.615
1789524580,3.80356263,0.9637676600000001,23.5,1017.62
1789524590,3.80356263,0.9615416600000001,23.5,1017.622
1789524600,3.80536535,0.9648806600000001,23.5,1017.622
1789524610,3.80356263,0.9637676600000001,23.5,1017.623
1789524620,3.80356263,0.9648806600000001,23.48,1017.631
1789524630,3.79995719,0.9715586600000001,23.49,1017.647
1789524640,3.80356263,0.9693326600000001,23.48,1017.649
1789524650,3.80356263,0.9671066600000001,23.5,1017.652
1789524660,3.80356263,0.9671066600000001,23.49,1017.639
1789524670,3.80897079,0.9671066600000001,23.48,1017.634
1789524680,3.8071680700000003,0.9671066600000001,23.49,1017.633
1789524690,3.80897079,0.9682196600000001,23.48,1017.625
1789524700,3.80897079,0.9682196600000001,23.49,1017.641
1789524710,3.8017599100000004,0.9693326600000001,23.49,1017.649
1789524720,3.8017599100000004,0.9715586600000001,23.5,1017.65
1789524730,3.80536535,0.9715586600000001,23.52,1017.648
1789524740,3.79995719,0.97267166,23.5,1017.656
1789524750,3.7963517500000004,0.97267166,23.49,1017.664
1789524760,3.79815447,0.9704456600000001,23.5,1017.655
1789524770,3.79815447,0.9737846600000001,23.49,1017.663
1789524780,3.80536535,0.9760106600000001,23.49,1017.66
1789524790,3.79995719,0.9704456600000001,23.52,1017.647
1789524800,3.79815447,0.9671066600000001,23.49,1017.643
1789524810,3.7963517500000004,0.9693326600000001,23.52,1017.637
1789524820,3.79995719,0.9704456600000001,23.5,1017.65
1789524830,3.7963517500000004,0.9682196600000001,23.5,1017.64
1789524840,3.7909435900000004,0.9659936600000001,23.5,1017.644
1789524850,3.78914087,0.9637676600000001,23.48,1017.643
1789524860,3.7909435900000004,0.9637676600000001,23.5,1017.634
1789524870,3.7855354300000004,0.9637676600000001,23.5,1017.636
1789524880,3.7855354300000004,0.9604286600000002,23.5,1017.632
1789524890,3.7855354300000004,0.9604286600000002,23.5,1017.625
1789524900,3.7801272700000004,0.9582026600000001,23.5,1017.628
1789524910,3.78373271,0.9593156600000001,23.5,1017.626
1789524920,3.78733815,0.9604286600000002,23.52,1017.632
1789524930,3.78914087,0.9671066600000001,23.5,1017.643
1789524940,3.79454903,0.9704456600000001,23.49,1017.645
1789524950,3.79274631,0.9704456600000001,23.5,1017.643
1789524960,3.79454903,0.9704456600000001,23.49,1017.647
1789524970,3.7963517500000004,0.97267166,23.49,1017.656
1789524980,3.79815447,0.97267166,23.49,1017.664
1789524990,3.7909435900000004,0.9704456600000001,23.5,1017.664
1789525000,3.78914087,0.9682196600000001,23.49,1017.657
1789525010,3.78914087,0.9693326600000001,23.48,1017.647
1789525020,3.7909435900000004,0.9704456600000001,23.49,1017.651
1789525030,3.79274631,0.9704456600000001,23.49,1017.662
1789525040,3.79274631,0.9737846600000001,23.48,1017.664
1789525050,3.7909435900000004,0.9748976600000001,23.52,1017.668
1789525060,3.78914087,0.9737846600000001,23.49,1017.663
1789525070,3.79454903,0.9760106600000001,23.48,1017.671
1789525080,3.78914087,0.9737846600000001,23.48,1017.668
1789525090,3.78733815,0.9826886600000001,23.49,1017.689
1789525100,3.78733815,0.9804626600000002,23.49,1017.692
1789525110,3.78373271,0.9737846600000001,23.48,1017.672
1789525120,3.78373271,0.97267166,23.49,1017.663
1789525130,3.78914087,0.9771236600000001,23.48,1017.674
1789525140,3.7909435900000004,0.9826886600000001,23.49,1017.687
1789525150,3.79274631,0.9826886600000001,23.48,1017.687
1789525160,3.79995719,0.9838016600000001,23.49,1017.697
1789525170,3.79815447,0.9860276600000001,23.5,1017.696
1789525180,3.79815447,0.9771236600000001,23.49,1017.664
1789525190,3.79815447,0.9771236600000001,23.5,1017.66
1789525200,3.79815447,0.9782366600000001,23.52,1017.664
1789525210,3.79815447,0.9771236600000001,23.52,1017.657
1789525220,3.79815447,0.9782366600000001,23.5,1017.668
1789525230,3.79454903,0.9793496600000001,23.5,1017.67
1789525240,3.7909435900000004,0.9782366600000001,23.49,1017.675
1789525250,3.79274631,0.9826886600000001,23.49,1017.678
1789525260,3.78914087,0.9815756600000001,23.49,1017.686
1789525270,3.78733815,0.9782366600000001,23.49,1017.676
1789525280,3.7855354300000004,0.9793496600000001,23.49,1017.676
1789525290,3.78733815,0.9748976600000001,23.49,1017.658
1789525300,3.78914087,0.9771236600000001,23.52,1017.658
1789525310,3.7909435900000004,0.9804626600000002,23.48,1017.664
1789525320,3.79274631,0.9793496600000001,23.49,1017.66
1789525330,3.7909435900000004,0.9782366600000001,23.49,1017.663
1789525340,3.78733815,0.9793496600000001,23.49,1017.671
1789525350,3.79274631,0.9793496600000001,23.49,1017.673
1789525360,3.79454903,0.9793496600000001,23.5,1017.674
1789525370,3.7909435900000004,0.9782366600000001,23.5,1017.668
1789525380,3.78733815,0.9771236600000001,23.48,1017.668
1789525390,3.7855354300000004,0.9782366600000001,23.49,1017.672
1789525400,3.78373271,0.9804626600000002,23.48,1017.679
1789525410,3.78373271,0.9760106600000001,23.49,1017.666
1789525420,3.7801272700000004,0.9737846600000001,23.49,1017.656
1789525430,3.78192999,0.9748976600000001,23.5,1017.67
1789525440,3.7783245500000002,0.9771236600000001,23.49,1017.682
1789525450,3.7801272700000004,0.9826886600000001,23.48,1017.69
1789525460,3.7801272700000004,0.9826886600000001,23.49,1017.698
1789525470,3.78373271,0.9815756600000001,23.48,1017.684
1789525480,3.7855354300000004,0.9804626600000002,23.5,1017.67
1789525490,3.7855354300000004,0.9804626600000002,23.49,1017.677
1789525500,3.78373271,0.9815756600000001,23.49,1017.678
1789525510,3.78192999,0.9793496600000001,23.5,1017.678
1789525520,3.78733815,0.9804626600000002,23.5,1017.674
1789525530,3.78914087,0.9793496600000001,23.5,1017.669
1789525540,3.79274631,0.9804626600000002,23.48,1017.665
1789525550,3.7909435900000004,0.9782366600000001,23.49,1017.664
1789525560,3.79454903,0.9793496600000001,23.49,1017.659
1789525570,3.7909435900000004,0.9771236600000001,23.5,1017.655
1789525580,3.79454903,0.9782366600000001,23.49,1017.653
1789525590,3.7963517500000004,0.9782366600000001,23.49,1017.657
1789525600,3.79995719,0.9782366600000001,23.49,1017.654
1789525610,3.79815447,0.9815756600000001,23.49,1017.655
1789525620,3.7963517500000004,0.9815756600000001,23.49,1017.663
1789525630,3.7963517500000004,0.9793496600000001,23.48,1017.654
1789525640,3.79274631,0.9804626600000002,23.49,1017.655
1789525650,3.79274631,0.9838016600000001,23.49,1017.662
1789525660,3.79274631,0.9860276600000001,23.49,1017.667
1789525670,3.7909435900000004,0.9748976600000001,23.48,1017.648
1789525680,3.78733815,0.97267166,23.5,1017.641
1789525690,3.78733815,0.9715586600000001,23.49,1017.635
1789525700,3.78914087,0.9715586600000001,23.49,1017.63
1789525710,3.7909435900000004,0.9715586600000001,23.48,1017.623
1789525720,3.7855354300000004,0.9682196600000001,23.5,1017.631
1789525730,3.78192999,0.9659936600000001,23.46,1017.625
1789525740,3.78373271,0.9671066600000001,23.5,1017.623
1789525750,3.7801272700000004,0.9671066600000001,23.52,1017.627
1789525760,3.7783245500000002,0.9715586600000001,23.5,1017.634
1789525770,3.7747191100000004,0.9682196600000001,23.49,1017.631
1789525780,3.7747191100000004,0.9671066600000001,23.52,1017.631
1789525790,3.77111367,0.9648806600000001,23.49,1017.625
1789525800,3.7693109500000004,0.9626546600000001,23.5,1017.616
1789525810,3.77652183,0.9615416600000001,23.5,1017.609
1789525820,3.78192999,0.9671066600000001,23.5,1017.625
1789525830,3.7855354300000004,0.97267166,23.49,1017.64
1789525840,3.78373271,0.9737846600000001,23.5,1017.641
1789525850,3.78373271,0.9704456600000001,23.5,1017.637
1789525860,3.78373271,0.9671066600000001,23.49,1017.625
1789525870,3.7855354300000004,0.9648806600000001,23.49,1017.615
1789525880,3.78914087,0.9648806600000001,23.49,1017.606
1789525890,3.7855354300000004,0.9648806600000001,23.48,1017.622
1789525900,3.78192999,0.9659936600000001,23.49,1017.625
1789525910,3.7801272700000004,0.9637676600000001,23.5,1017.619
1789525920,3.78192999,0.9682196600000001,23.49,1017.625
1789525930,3.7783245500000002,0.9704456600000001,23.48,1017.632
1789525940,3.78192999,0.9682196600000001,23.49,1017.627
1789525950,3.78373271,0.9659936600000001,23.48,1017.618
1789525960,3.7801272700000004,0.9682196600000001,23.48,1017.621
1789525970,3.7801272700000004,0.9671066600000001,23.49,1017.616
1789525980,3.77652183,0.9682196600000001,23.49,1017.63
1789525990,3.77652183,0.9704456600000001,23.49,1017.64
1789526000,3.7729163900000002,0.97267166,23.49,1017.643
1789526010,3.77652183,0.9715586600000001,23.46,1017.643
1789526020,3.7747191100000004,0.9704456600000001,23.46,1017.638
1789526030,3.77652183,0.9748976600000001,23.49,1017.648
1789526040,3.7747191100000004,0.9715586600000001,23.48,1017.641
1789526050,3.77652183,0.9682196600000001,23.49,1017.637
1789526060,3.7801272700000004,0.9693326600000001,23.48,1017.633
1789526070,3.7783245500000002,0.9704456600000001,23.46,1017.63
1789526080,3.77652183,0.97267166,23.49,1017.64
1789526090,3.7783245500000002,0.9782366600000001,23.48,1017.653
1789526100,3.7783245500000002,0.9793496600000001,23.48,1017.654
1789526110,3.7801272700000004,0.9782366600000001,23.48,1017.65
1789526120,3.7801272700000004,0.9715586600000001,23.46,1017.629
1789526130,3.78373271,0.9748976600000001,23.46,1017.637
1789526140,3.7801272700000004,0.97267166,23.48,1017.634
1789526150,3.77652183,0.9693326600000001,23.48,1017.62
1789526160,3.7729163900000002,0.9671066600000001,23.49,1017.614
1789526170,3.7729163900000002,0.9648806600000001,23.48,1017.612
1789526180,3.7693109500000004,0.9659936600000001,23.48,1017.62
1789526190,3.77111367,0.9704456600000001,23.48,1017.627
1789526200,3.77652183,0.9715586600000001,23.46,1017.629
1789526210,3.77652183,0.9715586600000001,23.48,1017.621
1789526220,3.7747191100000004,0.9715586600000001,23.45,1017.629
1789526230,3.7747191100000004,0.9693326600000001,23.46,1017.628
1789526240,3.7783245500000002,0.97267166,23.48,1017.633
1789526250,3.78192999,0.9704456600000001,23.46,1017.624
1789526260,3.7783245500000002,0.9682196600000001,23.45,1017.616
1789526270,3.78192999,0.9682196600000001,23.48,1017.615
1789526280,3.78373271,0.9659936600000001,23.48,1017.609
1789526290,3.7801272700000004,0.9648806600000001,23.48,1017.607
1789526300,3.7801272700000004,0.9682196600000001,23.45,1017.613
1789526310,3.78192999,0.9682196600000001,23.48,1017.617
1789526320,3.78192999,0.9693326600000001,23.49,1017.619
1789526330,3.7801272700000004,0.9748976600000001,23.46,1017.629
1789526340,3.7801272700000004,0.9693326600000001,23.46,1017.627
1789526350,3.7729163900000002,0.9648806600000001,23.45,1017.615
1789526360,3.77111367,0.9659936600000001,23.45,1017.615
1789526370,3.7729163900000002,0.9626546600000001,23.45,1017.602
1789526380,3.7747191100000004,0.9626546600000001,23.43,1017.596
1789526390,3.7747191100000004,0.9615416600000001,23.45,1017.59
1789526400,3.77652183,0.9648806600000001,23.43,1017.596
1789526410,3.7729163900000002,0.9704456600000001,23.46,1017.624
1789526420,3.7729163900000002,0.9671066600000001,23.45,1017.603
1789526430,3.7729163900000002,0.9671066600000001,23.45,1017.613
1789526440,3.77652183,0.9671066600000001,23.48,1017.607
1789526450,3.7729163900000002,0.9693326600000001,23.46,1017.609
1789526460,3.77111367,0.9693326600000001,23.45,1017.615
1789526470,3.7693109500000004,0.9682196600000001,23.48,1017.622
1789526480,3.77111367,0.9715586600000001,23.46,1017.631
1789526490,3.77111367,0.97267166,23.46,1017.638
1789526500,3.7747191100000004,0.9682196600000001,23.43,1017.611
1789526510,3.7693109500000004,0.9671066600000001,23.46,1017.602
1789526520,3.7693109500000004,0.9671066600000001,23.46,1017.605
1789526530,3.7729163900000002,0.9704456600000001,23.45,1017.614
1789526540,3.77111367,0.9659936600000001,23.46,1017.611
1789526550,3.7729163900000002,0.9659936600000001,23.46,1017.604
1789526560,3.77111367,0.9659936600000001,23.46,1017.604
1789526570,3.77111367,0.9659936600000001,23.45,1017.605
1789526580,3.7729163900000002,0.9659936600000001,23.46,1017.601
1789526590,3.7729163900000002,0.9682196600000001,23.45,1017.606
1789526600,3.7729163900000002,0.9682196600000001,23.48,1017.606
1789526610,3.7729163900000002,0.9604286600000002,23.46,1017.59
1789526620,3.77652183,0.9637676600000001,23.48,1017.591
1789526630,3.77652183,0.9648806600000001,23.45,1017.601
1789526640,3.7729163900000002,0.9626546600000001,23.48,1017.589
1789526650,3.7729163900000002,0.9604286600000002,23.48,1017.582
1789526660,3.7693109500000004,0.9604286600000002,23.48,1017.583
1789526670,3.7729163900000002,0.9604286600000002,23.48,1017.586
1789526680,3.77111367,0.9604286600000002,23.45,1017.586
1789526690,3.77111367,0.9593156600000001,23.48,1017.587
1789526700,3.7729163900000002,0.9615416600000001,23.48,1017.599
1789526710,3.7729163900000002,0.9604286600000002,23.46,1017.592
1789526720,3.77111367,0.9593156600000001,23.46,1017.586
1789526730,3.77111367,0.9604286600000002,23.46,1017.588
1789526740,3.77111367,0.9604286600000002,23.46,1017.584
1789526750,3.77111367,0.9582026600000001,23.46,1017.592
1789526760,3.7693109500000004,0.9582026600000001,23.46,1017.579
1789526770,3.7693109500000004,0.9582026600000001,23.45,1017.579
1789526780,3.77111367,0.9604286600000002,23.46,1017.587
1789526790,3.7729163900000002,0.9626546600000001,23.48,1017.591
1789526800,3.7747191100000004,0.9648806600000001,23.48,1017.594
1789526810,3.7729163900000002,0.9682196600000001,23.48,1017.605
1789526820,3.77111367,0.9637676600000001,23.45,1017.592
1789526830,3.7747191100000004,0.9648806600000001,23.46,1017.595
1789526840,3.7729163900000002,0.9626546600000001,23.48,1017.585
1789526850,3.77111367,0.9582026600000001,23.48,1017.573
1789526860,3.77111367,0.9570896600000001,23.46,1017.579
1789526870,3.7693109500000004,0.9615416600000001,23.48,1017.586
1789526880,3.7693109500000004,0.9593156600000001,23.46,1017.579
1789526890,3.7675082300000002,0.9593156600000001,23.48,1017.576
1789526900,3.76570551,0.9570896600000001,23.48,1017.574
1789526910,3.7675082300000002,0.9559766600000001,23.48,1017.572
1789526920,3.7675082300000002,0.9570896600000001,23.48,1017.574
1789526930,3.77111367,0.9559766600000001,23.48,1017.579
1789526940,3.7693109500000004,0.9593156600000001,23.46,1017.579
1789526950,3.77111367,0.9615416600000001,23.48,1017.587
1789526960,3.7747191100000004,0.9604286600000002,23.48,1017.574
1789526970,3.77652183,0.9582026600000001,23.45,1017.567
1789526980,3.77652183,0.9604286600000002,23.48,1017.567
1789526990,3.7747191100000004,0.9604286600000002,23.45,1017.574
1789527000,3.7747191100000004,0.9604286600000002,23.46,1017.566
1789527010,3.7747191100000004,0.9593156600000001,23.46,1017.568
1789527020,3.7729163900000002,0.9593156600000001,23.45,1017.571
1789527030,3.77652183,0.9582026600000001,23.45,1017.566
1789527040,3.77652183,0.9604286600000002,23.45,1017.572
1789527050,3.7747191100000004,0.9626546600000001,23.45,1017.583
1789527060,3.7729163900000002,0.9637676600000001,23.48,1017.589
1789527070,3.7747191100000004,0.9626546600000001,23.46,1017.587
1789527080,3.7747191100000004,0.9626546600000001,23.45,1017.582
1789527090,3.7747191100000004,0.9582026600000001,23.43,1017.576
1789527100,3.77652183,0.9615416600000001,23.46,1017.584
1789527110,3.7747191100000004,0.9615416600000001,23.49,1017.581
1789527120,3.77111367,0.9637676600000001,23.46,1017.584
1789527130,3.7729163900000002,0.9659936600000001,23.46,1017.589
1789527140,3.7729163900000002,0.9626546600000001,23.46,1017.578
1789527150,3.7729163900000002,0.9626546600000001,23.45,1017.581
1789527160,3.77111367,0.9671066600000001,23.48,1017.596
1789527170,3.7729163900000002,0.9659936600000001,23.46,1017.586
1789527180,3.7693109500000004,0.9615416600000001,23.46,1017.58
1789527190,3.7729163900000002,0.9615416600000001,23.46,1017.574
1789527200,3.7693109500000004,0.9637676600000001,23.45,1017.578
1789527210,3.7675082300000002,0.9626546600000001,23.45,1017.584
1789527220,3.77111367,0.9615416600000001,23.48,1017.588
1789527230,3.7675082300000002,0.9648806600000001,23.45,1017.583
1789527240,3.7675082300000002,0.9626546600000001,23.45,1017.586
1789527250,3.7693109500000004,0.9648806600000001,23.45,1017.59
1789527260,3.77111367,0.9682196600000001,23.48,1017.598
1789527270,3.77652183,0.9704456600000001,23.46,1017.603
1789527280,3.7747191100000004,0.9693326600000001,23.48,1017.603
1789527290,3.77652183,0.9704456600000001,23.45,1017.607
1789527300,3.7747191100000004,0.97267166,23.46,1017.613
1789527310,3.7729163900000002,0.97267166,23.45,1017.613
1789527320,3.77111367,0.9715586600000001,23.43,1017.61
1789527330,3.77111367,0.97267166,23.46,1017.606
1789527340,3.77111367,0.9737846600000001,23.42,1017.615
1789527350,3.77111367,0.9760106600000001,23.43,1017.624
1789527360,3.77111367,0.9782366600000001,23.45,1017.632
1789527370,3.7729163900000002,0.9804626600000002,23.45,1017.632
1789527380,3.7729163900000002,0.9804626600000002,23.46,1017.627
1789527390,3.77652183,0.9760106600000001,23.48,1017.621
1789527400,3.77652183,0.9782366600000001,23.48,1017.614
1789527410,3.77652183,0.9793496600000001,23.45,1017.621
1789527420,3.7729163900000002,0.9760106600000001,23.45,1017.619
1789527430,3.7729163900000002,0.9771236600000001,23.46,1017.627
1789527440,3.77111367,0.9782366600000001,23.48,1017.622
1789527450,3.77111367,0.9760106600000001,23.46,1017.629
1789527460,3.7729163900000002,0.9782366600000001,23.46,1017.637
1789527470,3.77111367,0.9793496600000001,23.48,1017.637
1789527480,3.77111367,0.9815756600000001,23.48,1017.645
1789527490,3.7729163900000002,0.9871406600000001,23.48,1017.655
1789527500,3.7747191100000004,0.9860276600000001,23.48,1017.655
1789527510,3.7729163900000002,0.9838016600000001,23.49,1017.645
1789527520,3.77111367,0.9826886600000001,23.48,1017.649
1789527530,3.7729163900000002,0.9826886600000001,23.48,1017.639
1789527540,3.7693109500000004,0.9815756600000001,23.48,1017.645
1789527550,3.77111367,0.9804626600000002,23.48,1017.641
1789527560,3.77111367,0.9771236600000001,23.49,1017.638
1789527570,3.77111367,0.9793496600000001,23.46,1017.629
1789527580,3.77111367,0.9793496600000001,23.45,1017.635
1789527590,3.77111367,0.9804626600000002,23.48,1017.643
1789527600,3.7693109500000004,0.9815756600000001,23.45,1017.641
1789527610,3.7693109500000004,0.9826886600000001,23.46,1017.648
1789527620,3.7693109500000004,0.9804626600000002,23.48,1017.643
1789527630,3.77111367,0.9804626600000002,23.46,1017.643
1789527640,3.7729163900000002,0.9826886600000001,23.48,1017.643
1789527650,3.7747191100000004,0.9815756600000001,23.46,1017.645
1789527660,3.7747191100000004,0.9815756600000001,23.46,1017.64
1789527670,3.7747191100000004,0.9804626600000002,23.45,1017.628
1789527680,3.77111367,0.9793496600000001,23.45,1017.625
1789527690,3.7729163900000002,0.9793496600000001,23.46,1017.631
1789527700,3.77111367,0.9771236600000001,23.46,1017.627
1789527710,3.77111367,0.9782366600000001,23.48,1017.636
1789527720,3.77111367,0.9793496600000001,23.46,1017.637
1789527730,3.7729163900000002,0.9804626600000002,23.45,1017.63
1789527740,3.77111367,0.9804626600000002,23.45,1017.627
1789527750,3.7729163900000002,0.9804626600000002,23.45,1017.63
1789527760,3.7729163900000002,0.9826886600000001,23.43,1017.63
1789527770,3.7729163900000002,0.9815756600000001,23.43,1017.636
1789527780,3.7693109500000004,0.9804626600000002,23.45,1017.63
1789527790,3.77111367,0.9804626600000002,23.43,1017.631
1789527800,3.77111367,0.9826886600000001,23.45,1017.628
1789527810,3.77111367,0.9826886600000001,23.43,1017.641
1789527820,3.77111367,0.9826886600000001,23.45,1017.638
1789527830,3.77111367,0.9860276600000001,23.43,1017.638
1789527840,3.77111367,0.9860276600000001,23.43,1017.64
1789527850,3.77111367,0.9871406600000001,23.46,1017.637
1789527860,3.7693109500000004,0.9882536600000001,23.43,1017.646
1789527870,3.7693109500000004,0.9938186600000001,23.43,1017.658
1789527880,3.7675082300000002,0.9949316600000001,23.46,1017.679
1789527890,3.7693109500000004,0.9971576600000002,23.45,1017.685
1789527900,3.7693109500000004,0.9938186600000001,23.45,1017.674
1789527910,3.77111367,0.9927056600000002,23.45,1017.661
1789527920,3.77111367,0.9860276600000001,23.45,1017.647
1789527930,3.7729163900000002,0.9871406600000001,23.43,1017.644
1789527940,3.7729163900000002,0.9949316600000001,23.45,1017.663
1789527950,3.7729163900000002,0.9949316600000001,23.45,1017.669
1789527960,3.7693109500000004,0.9871406600000001,23.43,1017.651
1789527970,3.7693109500000004,0.98491466,23.48,1017.641
1789527980,3.7693109500000004,0.9838016600000001,23.43,1017.634
1789527990,3.7693109500000004,0.9871406600000001,23.43,1017.641
1789528000,3.7729163900000002,0.9893666600000001,23.43,1017.649
1789528010,3.7729163900000002,0.9871406600000001,23.43,1017.64
1789528020,3.7729163900000002,0.9882536600000001,23.46,1017.641
1789528030,3.7747191100000004,0.9938186600000001,23.45,1017.658
1789528040,3.7729163900000002,0.9938186600000001,23.46,1017.668
1789528050,3.77111367,0.9893666600000001,23.46,1017.655
1789528060,3.7675082300000002,0.9826886600000001,23.46,1017.63
1789528070,3.7693109500000004,0.9793496600000001,23.46,1017.624
1789528080,3.77111367,0.9815756600000001,23.48,1017.625
1789528090,3.77111367,0.9882536600000001,23.48,1017.633
1789528100,3.7729163900000002,0.9871406600000001,23.43,1017.638
1789528110,3.77111367,0.9882536600000001,23.46,1017.64
1789528120,3.77111367,0.98491466,23.45,1017.632
1789528130,3.77111367,0.9838016600000001,23.45,1017.633
1789528140,3.7693109500000004,0.98491466,23.45,1017.624
1789528150,3.7693109500000004,0.98491466,23.45,1017.637
1789528160,3.77111367,0.9860276600000001,23.43,1017.641
1789528170,3.7729163900000002,0.9882536600000001,23.43,1017.641
1789528180,3.7747191100000004,0.9893666600000001,23.45,1017.645
1789528190,3.7747191100000004,0.9893666600000001,23.45,1017.642
1789528200,3.7747191100000004,0.9927056600000002,23.46,1017.648
1789528210,3.7747191100000004,0.9927056600000002,23.46,1017.652
1789528220,3.7729163900000002,0.9971576600000002,23.46,1017.665
1789528230,3.7729163900000002,0.9960446600000001,23.46,1017.668
1789528240,3.7729163900000002,0.9971576600000002,23.45,1017.673
1789528250,3.77652183,0.9904796600000001,23.45,1017.644
1789528260,3.77652183,0.9893666600000001,23.43,1017.638
1789528270,3.77652183,0.9893666600000001,23.45,1017.632
1789528280,3.7783245500000002,0.9904796600000001,23.46,1017.641
1789528290,3.7783245500000002,0.9915926600000001,23.48,1017.641
1789528300,3.77652183,0.9904796600000001,23.49,1017.64
1789528310,3.7747191100000004,0.9893666600000001,23.46,1017.641
1789528320,3.7747191100000004,0.9893666600000001,23.48,1017.639
1789528330,3.7747191100000004,0.9915926600000001,23.46,1017.641
1789528340,3.7783245500000002,0.9927056600000002,23.49,1017.655
1789528350,3.7783245500000002,0.9949316600000001,23.48,1017.66
1789528360,3.7801272700000004,0.9960446600000001,23.48,1017.66
1789528370,3.77652183,0.9949316600000001,23.46,1017.661
1789528380,3.7747191100000004,0.9982706600000001,23.48,1017.659
1789528390,3.7747191100000004,0.9971576600000002,23.48,1017.67
1789528400,3.7747191100000004,1.00160966,23.49,1017.669
1789528410,3.77652183,1.00049666,23.46,1017.663
1789528420,3.77652183,0.9971576600000002,23.46,1017.656
1789528430,3.7747191100000004,0.9960446600000001,23.49,1017.654
1789528440,3.7783245500000002,0.9960446600000001,23.49,1017.657
1789528450,3.7747191100000004,0.9971576600000002,23.46,1017.663
1789528460,3.7747191100000004,0.9971576600000002,23.48,1017.663
1789528470,3.77652183,1.00049666,23.49,1017.669
1789528480,3.7747191100000004,1.00160966,23.45,1017.679
1789528490,3.77652183,1.00494866,23.46,1017.682
1789528500,3.77652183,1.00383566,23.46,1017.687
1789528510,3.7747191100000004,1.00717466,23.48,1017.684
1789528520,3.7747191100000004,1.00494866,23.45,1017.684
1789528530,3.7747191100000004,1.00272266,23.45,1017.68
1789528540,3.77652183,1.00049666,23.45,1017.666
1789528550,3.77652183,0.99938366,23.45,1017.655
1789528560,3.7783245500000002,1.00160966,23.45,1017.669
1789528570,3.7801272700000004,1.00272266,23.46,1017.667
1789528580,3.78373271,1.00494866,23.46,1017.664
1789528590,3.78373271,1.00494866,23.46,1017.661
1789528600,3.7855354300000004,1.00606166,23.42,1017.672
1789528610,3.78192999,1.00717466,23.43,1017.67
1789528620,3.78192999,1.01051366,23.43,1017.677
1789528630,3.78373271,1.00717466,23.43,1017.677
1789528640,3.78192999,1.00606166,23.41,1017.675
1789528650,3.7783245500000002,1.00828766,23.43,1017.679
1789528660,3.77652183,1.00940066,23.43,1017.685
1789528670,3.7783245500000002,1.00940066,23.42,1017.68
1789528680,3.77652183,1.00828766,23.45,1017.678
1789528690,3.7783245500000002,1.01051366,23.45,1017.681
1789528700,3.7801272700000004,1.01273966,23.42,1017.689
1789528710,3.7783245500000002,1.01830466,23.45,1017.703
1789528720,3.78192999,1.02053066,23.43,1017.713
1789528730,3.7801272700000004,1.01719166,23.42,1017.712
1789528740,3.7801272700000004,1.01385266,23.43,1017.704
1789528750,3.7801272700000004,1.01607866,23.45,1017.703
1789528760,3.7783245500000002,1.01607866,23.41,1017.699
1789528770,3.7783245500000002,1.01719166,23.43,1017.701
1789528780,3.7783245500000002,1.01830466,23.41,1017.703
1789528790,3.7801272700000004,1.01941766,23.42,1017.709
1789528800,3.7783245500000002,1.01719166,23.41,1017.709
1789528810,3.78192999,1.02053066,23.41,1017.707
1789528820,3.7855354300000004,1.02164366,23.43,1017.71
1789528830,3.7855354300000004,1.02053066,23.45,1017.711
1789528840,3.78733815,1.02053066,23.42,1017.709
1789528850,3.78914087,1.0272086599999999,23.45,1017.718
1789528860,3.7855354300000004,1.03166066,23.42,1017.744
1789528870,3.78373271,1.03166066,23.42,1017.747
1789528880,3.78373271,1.02943466,23.41,1017.737
1789528890,3.7855354300000004,1.02275666,23.41,1017.72
1789528900,3.7801272700000004,1.02386966,23.41,1017.726
1789528910,3.78192999,1.02498266,23.43,1017.721
1789528920,3.78373271,1.0272086599999999,23.43,1017.725
1789528930,3.78192999,1.02498266,23.42,1017.722
1789528940,3.78373271,1.02275666,23.43,1017.714
1789528950,3.78373271,1.01941766,23.43,1017.704
1789528960,3.78733815,1.02164366,23.42,1017.708
1789528970,3.78733815,1.02164366,23.43,1017.715
1789528980,3.7909435900000004,1.02386966,23.45,1017.712
1789528990,3.78733815,1.02609566,23.46,1017.714
1789529000,3.78733815,1.02386966,23.45,1017.711
1789529010,3.7855354300000004,1.02386966,23.45,1017.712
1789529020,3.78733815,1.02609566,23.43,1017.711
1789529030,3.7855354300000004,1.02386966,23.43,1017.714
1789529040,3.78914087,1.02164366,23.43,1017.709
1789529050,3.78914087,1.02053066,23.45,1017.702
1789529060,3.7909435900000004,1.02053066,23.43,1017.699
1789529070,3.78914087,1.02164366,23.43,1017.699
1789529080,3.78373271,1.01830466,23.42,1017.706
1789529090,3.7855354300000004,1.01830466,23.43,1017.706
1789529100,3.78192999,1.01941766,23.43,1017.709
1789529110,3.78373271,1.01496566,23.45,1017.703
1789529120,3.78373271,1.01607866,23.45,1017.698
1789529130,3.78373271,1.01385266,23.43,1017.698
1789529140,3.7855354300000004,1.01496566,23.43,1017.702
1789529150,3.78192999,1.01496566,23.43,1017.698
1789529160,3.78192999,1.01719166,23.43,1017.691
1789529170,3.78733815,1.01607866,23.45,1017.697
1789529180,3.7909435900000004,1.02053066,23.46,1017.703
1789529190,3.79454903,1.01719166,23.43,1017.692
1789529200,3.79274631,1.01496566,23.45,1017.684
1789529210,3.7909435900000004,1.01607866,23.46,1017.687
1789529220,3.78733815,1.01941766,23.43,1017.696
1789529230,3.7909435900000004,1.01941766,23.42,1017.699
1789529240,3.7909435900000004,1.01719166,23.43,1017.69
1789529250,3.78733815,1.01496566,23.45,1017.689
1789529260,3.78733815,1.01830466,23.42,1017.698
1789529270,3.78733815,1.01941766,23.46,1017.698
1789529280,3.78914087,1.01941766,23.46,1017.706
1789529290,3.79274631,1.02164366,23.45,1017.702
1789529300,3.79454903,1.02164366,23.43,1017.703
1789529310,3.79815447,1.02053066,23.45,1017.7
1789529320,3.79815447,1.01830466,23.45,1017.696
1789529330,3.79454903,1.01607866,23.43,1017.686
1789529340,3.78733815,1.01719166,23.41,1017.69
1789529350,3.78914087,1.01496566,23.43,1017.693
1789529360,3.7909435900000004,1.01830466,23.41,1017.692
1789529370,3.79274631,1.01830466,23.43,1017.688
1789529380,3.7963517500000004,1.01941766,23.43,1017.694
1789529390,3.79454903,1.02053066,23.46,1017.694
1789529400,3.7963517500000004,1.02164366,23.43,1017.694
1789529410,3.7963517500000004,1.02053066,23.43,1017.695
1789529420,3.8017599100000004,1.02053066,23.43,1017.69
1789529430,3.79995719,1.01607866,23.45,1017.681
1789529440,3.79815447,1.01496566,23.45,1017.685
1789529450,3.79995719,1.01719166,23.43,1017.686
1789529460,3.80356263,1.01719166,23.42,1017.675
1789529470,3.80536535,1.01941766,23.42,1017.683
1789529480,3.8017599100000004,1.02053066,23.43,1017.694
1789529490,3.79995719,1.02053066,23.43,1017.69
1789529500,3.80356263,1.02053066,23.43,1017.688
1789529510,3.80356263,1.01941766,23.45,1017.681
1789529520,3.80536535,1.02053066,23.42,1017.688
1789529530,3.8071680700000003,1.02386966,23.42,1017.691
1789529540,3.81437895,1.02275666,23.45,1017.685
1789529550,3.8071680700000003,1.02053066,23.43,1017.68
1789529560,3.80356263,1.02053066,23.45,1017.691
1789529570,3.79995719,1.01941766,23.42,1017.687
1789529580,3.7963517500000004,1.01830466,23.43,1017.687
1789529590,3.79815447,1.02164366,23.41,1017.69
1789529600,3.79815447,1.01719166,23.43,1017.684
1789529610,3.79815447,1.01607866,23.39,1017.684
1789529620,3.79815447,1.01719166,23.43,1017.68
1789529630,3.79815447,1.01719166,23.41,1017.686
1789529640,3.79815447,1.01830466,23.41,1017.688
1789529650,3.79454903,1.01607866,23.43,1017.684
1789529660,3.7963517500000004,1.01607866,23.42,1017.692
1789529670,3.79274631,1.01830466,23.42,1017.696
1789529680,3.7963517500000004,1.02053066,23.42,1017.695
1789529690,3.79815447,1.02275666,23.41,1017.694
1789529700,3.80356263,1.02386966,23.41,1017.704
1789529710,3.8071680700000003,1.0272086599999999,23.43,1017.709
1789529720,3.80897079,1.02609566,23.43,1017.699
1789529730,3.8071680700000003,1.02609566,23.43,1017.698
1789529740,3.80536535,1.02832166,23.42,1017.709
1789529750,3.8017599100000004,1.02609566,23.43,1017.709
1789529760,3.80536535,1.02832166,23.43,1017.704
1789529770,3.8017599100000004,1.02832166,23.41,1017.714
1789529780,3.80536535,1.03054766,23.43,1017.72
1789529790,3.8071680700000003,1.03277366,23.42,1017.722
1789529800,3.80356263,1.03277366,23.41,1017.726
1789529810,3.80536535,1.03166066,23.41,1017.718
1789529820,3.80536535,1.02943466,23.42,1017.717
1789529830,3.8071680700000003,1.02943466,23.42,1017.716
1789529840,3.81077351,1.03388666,23.43,1017.723
1789529850,3.8071680700000003,1.03388666,23.42,1017.721
1789529860,3.8125762300000003,1.03388666,23.43,1017.722
1789529870,3.80897079,1.03499966,23.43,1017.719
1789529880,3.8071680700000003,1.03388666,23.42,1017.715
1789529890,3.8071680700000003,1.03166066,23.42,1017.71
1789529900,3.80897079,1.03054766,23.45,1017.701
1789529910,3.81077351,1.03054766,23.42,1017.703
1789529920,3.8071680700000003,1.02943466,23.39,1017.707
1789529930,3.8071680700000003,1.02943466,23.41,1017.707
1789529940,3.8071680700000003,1.02943466,23.41,1017.703
1789529950,3.80897079,1.02832166,23.42,1017.7
1789529960,3.80897079,1.02943466,23.43,1017.7
1789529970,3.8125762300000003,1.0272086599999999,23.43,1017.697
1789529980,3.80897079,1.02943466,23.42,1017.699
1789529990,3.81437895,1.03277366,23.42,1017.704
1789530000,3.8125762300000003,1.03277366,23.42,1017.7
1789530010,3.81437895,1.02832166,23.41,1017.697
1789530020,3.81437895,1.03054766,23.43,1017.696
1789530030,3.80897079,1.02609566,23.41,1017.691
1789530040,3.80356263,1.02498266,23.43,1017.689
1789530050,3.81618167,1.02943466,23.45,1017.7
1789530060,3.81077351,1.02386966,23.42,1017.681
1789530070,3.8125762300000003,1.02498266,23.43,1017.689
1789530080,3.80897079,1.02832166,23.42,1017.696
1789530090,3.81077351,1.02832166,23.42,1017.703
1789530100,3.80897079,1.03054766,23.42,1017.703
1789530110,3.8071680700000003,1.03166066,23.43,1017.705
1789530120,3.80897079,1.03388666,23.42,1017.717
1789530130,3.8071680700000003,1.03054766,23.42,1017.717
1789530140,3.80536535,1.03054766,23.42,1017.716
1789530150,3.8071680700000003,1.02943466,23.43,1017.711
1789530160,3.8071680700000003,1.03054766,23.43,1017.709
1789530170,3.8125762300000003,1.03388666,23.43,1017.713
1789530180,3.8125762300000003,1.03611266,23.43,1017.718
1789530190,3.81437895,1.03611266,23.43,1017.728
1789530200,3.81618167,1.04056466,23.42,1017.727
1789530210,3.81437895,1.0394516599999999,23.46,1017.722
1789530220,3.81437895,1.0394516599999999,23.43,1017.729
1789530230,3.81077351,1.04167766,23.41,1017.732
1789530240,3.81077351,1.0394516599999999,23.45,1017.736
1789530250,3.8071680700000003,1.04167766,23.42,1017.749
1789530260,3.80356263,1.03611266,23.45,1017.738
1789530270,3.80356263,1.03833866,23.46,1017.734
1789530280,3.80356263,1.03722566,23.48,1017.74
1789530290,3.80536535,1.03833866,23.46,1017.74
1789530300,3.8125762300000003,1.04501666,23.45,1017.74
1789530310,3.81077351,1.04390366,23.42,1017.744
1789530320,3.81077351,1.04390366,23.43,1017.738
1789530330,3.81437895,1.04167766,23.43,1017.734
1789530340,3.8179843900000003,1.04501666,23.46,1017.738
1789530350,3.8179843900000003,1.04501666,23.41,1017.745
1789530360,3.81618167,1.05058166,23.42,1017.758
1789530370,3.82158983,1.05058166,23.41,1017.756
1789530380,3.81978711,1.04390366,23.46,1017.744
1789530390,3.8179843900000003,1.04279066,23.42,1017.744
1789530400,3.81618167,1.04724266,23.43,1017.749
1789530410,3.81618167,1.04946866,23.43,1017.756
1789530420,3.81437895,1.04835566,23.42,1017.766
1789530430,3.81618167,1.04835566,23.43,1017.755
1789530440,3.8179843900000003,1.04724266,23.43,1017.755
1789530450,3.81618167,1.04279066,23.45,1017.737
1789530460,3.8233925500000003,1.04279066,23.46,1017.729
1789530470,3.81978711,1.04279066,23.45,1017.734
1789530480,3.8179843900000003,1.04390366,23.43,1017.736
1789530490,3.81437895,1.04390366,23.45,1017.734
1789530500,3.81618167,1.04724266,23.42,1017.739
1789530510,3.81437895,1.04835566,23.43,1017.749
1789530520,3.82158983,1.05058166,23.45,1017.757
1789530530,3.82158983,1.05392066,23.45,1017.762
1789530540,3.82158983,1.05503366,23.43,1017.766
1789530550,3.8179843900000003,1.05503366,23.43,1017.778
1789530560,3.8179843900000003,1.05503366,23.45,1017.788
1789530570,3.82158983,1.05503366,23.45,1017.777
1789530580,3.81978711,1.05948566,23.46,1017.778
1789530590,3.81978711,1.05837266,23.45,1017.783
1789530600,3.82158983,1.05948566,23.46,1017.778
1789530610,3.81978711,1.06171166,23.45,1017.786
1789530620,3.82158983,1.06282466,23.42,1017.801
1789530630,3.81978711,1.06616366,23.45,1017.81
1789530640,3.8179843900000003,1.06727666,23.43,1017.821
1789530650,3.81437895,1.06950266,23.45,1017.822
1789530660,3.8179843900000003,1.06950266,23.43,1017.816
1789530670,3.8179843900000003,1.06727666,23.45,1017.815
1789530680,3.81978711,1.07061566,23.42,1017.812
1789530690,3.8233925500000003,1.06505066,23.41,1017.802
1789530700,3.82158983,1.06393766,23.41,1017.804
1789530710,3.82158983,1.06393766,23.42,1017.791
1789530720,3.8179843900000003,1.06505066,23.42,1017.791
1789530730,3.8179843900000003,1.06950266,23.41,1017.813
1789530740,3.82158983,1.06505066,23.42,1017.804
1789530750,3.82699799,1.06171166,23.42,1017.786
1789530760,3.82519527,1.06282466,23.43,1017.78
1789530770,3.8288007100000003,1.06616366,23.42,1017.786
1789530780,3.83060343,1.06616366,23.42,1017.795
1789530790,3.82699799,1.06505066,23.43,1017.784
1789530800,3.8233925500000003,1.06505066,23.45,1017.788
1789530810,3.82519527,1.06282466,23.45,1017.781
1789530820,3.82699799,1.06505066,23.45,1017.786
1789530830,3.83240615,1.06616366,23.45,1017.791
1789530840,3.83060343,1.06838966,23.43,1017.8
1789530850,3.83060343,1.06393766,23.43,1017.794
1789530860,3.83601159,1.06616366,23.43,1017.786
1789530870,3.83601159,1.06838966,23.42,1017.794
1789530880,3.83601159,1.07061566,23.42,1017.794
1789530890,3.83601159,1.06838966,23.43,1017.798
1789530900,3.83781431,1.06838966,23.42,1017.79
1789530910,3.84141975,1.07061566,23.39,1017.798
1789530920,3.8396170300000003,1.06616366,23.38,1017.784
1789530930,3.83601159,1.06616366,23.41,1017.791
1789530940,3.83781431,1.06838966,23.43,1017.79
1789530950,3.83781431,1.06838966,23.42,1017.784
1789530960,3.83601159,1.06727666,23.41,1017.787
1789530970,3.83601159,1.06950266,23.41,1017.792
1789530980,3.83601159,1.07061566,23.42,1017.797
1789530990,3.83781431,1.07172866,23.42,1017.803
1789531000,3.83601159,1.06838966,23.39,1017.794
1789531010,3.83601159,1.06950266,23.41,1017.79
1789531020,3.83240615,1.07618066,23.39,1017.812
1789531030,3.83601159,1.08508466,23.41,1017.84
1789531040,3.8342088700000003,1.08174566,23.41,1017.837
1789531050,3.83781431,1.08397166,23.41,1017.839
1789531060,3.83781431,1.08397166,23.41,1017.835
1789531070,3.8396170300000003,1.08842366,23.41,1017.853
1789531080,3.8396170300000003,1.09398866,23.39,1017.865
1789531090,3.8342088700000003,1.09176266,23.42,1017.866
1789531100,3.83601159,1.08842366,23.41,1017.856
1789531110,3.8342088700000003,1.08619766,23.41,1017.854
1789531120,3.8342088700000003,1.08953666,23.43,1017.86
1789531130,3.83240615,1.08842366,23.41,1017.858
1789531140,3.83240615,1.08953666,23.42,1017.854
1789531150,3.83601159,1.09176266,23.41,1017.863
1789531160,3.8342088700000003,1.09398866,23.41,1017.863
1789531170,3.83060343,1.09398866,23.41,1017.862
1789531180,3.83240615,1.09287566,23.42,1017.862
1789531190,3.8342088700000003,1.09621466,23.42,1017.869
1789531200,3.83601159,1.09621466,23.41,1017.872
1789531210,3.83601159,1.09844066,23.39,1017.88
1789531220,3.83601159,1.09955366,23.38,1017.881
1789531230,3.8396170300000003,1.10066666,23.39,1017.882
1789531240,3.84322247,1.09955366,23.41,1017.879
1789531250,3.84141975,1.09510166,23.39,1017.866
1789531260,3.84322247,1.09621466,23.39,1017.858
1789531270,3.84141975,1.09844066,23.41,1017.868
1789531280,3.84141975,1.09732766,23.39,1017.872
1789531290,3.84322247,1.09955366,23.41,1017.883
1789531300,3.8396170300000003,1.1040056599999999,23.41,1017.892
1789531310,3.8396170300000003,1.10957066,23.41,1017.897
1789531320,3.83781431,1.10957066,23.41,1017.902
1789531330,3.83601159,1.10734466,23.39,1017.905
1789531340,3.8342088700000003,1.10511866,23.41,1017.9
1789531350,3.83060343,1.10623166,23.42,1017.893
1789531360,3.83060343,1.10623166,23.41,1017.895
1789531370,3.82699799,1.10511866,23.41,1017.897
1789531380,3.83240615,1.10734466,23.39,1017.903
1789531390,3.8342088700000003,1.11179666,23.39,1017.904
1789531400,3.8396170300000003,1.11290966,23.41,1017.905
1789531410,3.84141975,1.11290966,23.41,1017.902
1789531420,3.8450251900000003,1.11290966,23.41,1017.899
1789531430,3.84141975,1.11179666,23.41,1017.906
1789531440,3.8396170300000003,1.11402266,23.39,1017.904
1789531450,3.8396170300000003,1.11513566,23.42,1017.907
1789531460,3.84141975,1.11068366,23.42,1017.901
1789531470,3.84141975,1.11179666,23.41,1017.901
1789531480,3.84141975,1.10845766,23.41,1017.896
1789531490,3.84322247,1.11179666,23.41,1017.894
1789531500,3.84141975,1.11402266,23.41,1017.894
1789531510,3.84141975,1.11513566,23.41,1017.901
1789531520,3.8450251900000003,1.11847466,23.41,1017.912
1789531530,3.8450251900000003,1.11513566,23.42,1017.915
1789531540,3.84682791,1.11624866,23.41,1017.918
1789531550,3.8504333500000003,1.11736166,23.42,1017.92
1789531560,3.8504333500000003,1.12181366,23.41,1017.925
1789531570,3.84863063,1.12292666,23.41,1017.922
1789531580,3.8504333500000003,1.12181366,23.41,1017.929
1789531590,3.8504333500000003,1.12403966,23.38,1017.93
1789531600,3.8504333500000003,1.12292666,23.36,1017.933
1789531610,3.84682791,1.12403966,23.39,1017.932
1789531620,3.8504333500000003,1.12737866,23.41,1017.94
1789531630,3.84863063,1.13071766,23.39,1017.941
1789531640,3.84863063,1.13071766,23.41,1017.946
1789531650,3.8504333500000003,1.13405666,23.41,1017.951
1789531660,3.84682791,1.13405666,23.39,1017.956
1789531670,3.84322247,1.13071766,23.42,1017.95
1789531680,3.84322247,1.13294366,23.41,1017.957
1789531690,3.84322247,1.13850866,23.41,1017.964
1789531700,3.8450251900000003,1.13628266,23.38,1017.966
1789531710,3.8450251900000003,1.13962166,23.41,1017.971
1789531720,3.84682791,1.13962166,23.41,1017.972
1789531730,3.8450251900000003,1.14407366,23.41,1017.981
1789531740,3.84322247,1.14073466,23.36,1017.977
1789531750,3.84322247,1.14184766,23.38,1017.978
1789531760,3.84141975,1.14629966,23.41,1017.987
1789531770,3.84322247,1.14518666,23.41,1017.988
1789531780,3.8450251900000003,1.14852566,23.38,1017.992
1789531790,3.8450251900000003,1.15075166,23.39,1017.999
1789531800,3.84682791,1.15520366,23.39,1018.008
1789531810,3.8450251900000003,1.15186466,23.39,1018.001
1789531820,3.84322247,1.15075166,23.39,1018.003
1789531830,3.84322247,1.14963866,23.36,1018.001
1789531840,3.84141975,1.15075166,23.42,1018.006
1789531850,3.8396170300000003,1.14741266,23.38,1018.003
1789531860,3.8396170300000003,1.14629966,23.41,1018.0
1789531870,3.84322247,1.14741266,23.38,1017.997
1789531880,3.8450251900000003,1.14296066,23.43,1017.99
1789531890,3.84682791,1.14629966,23.42,1017.992
1789531900,3.8450251900000003,1.14518666,23.43,1017.989
1789531910,3.84863063,1.14518666,23.43,1017.989
1789531920,3.84863063,1.14629966,23.41,1017.99
1789531930,3.8504333500000003,1.14741266,23.41,1017.99
1789531940,3.84863063,1.14741266,23.41,1017.991
1789531950,3.84863063,1.14741266,23.43,1017.991
1789531960,3.84863063,1.14629966,23.42,1017.983
1789531970,3.84682791,1.14852566,23.43,1017.99
1789531980,3.8504333500000003,1.15075166,23.42,1018.002
1789531990,3.8504333500000003,1.15075166,23.43,1017.999
1789532000,3.84682791,1.15297766,23.45,1018.007
1789532010,3.8450251900000003,1.14963866,23.43,1018.011
1789532020,3.84141975,1.15075166,23.42,1018.013
1789532030,3.84141975,1.14741266,23.42,1018.0
1789532040,3.84141975,1.14963866,23.42,1018.004
1789532050,3.84322247,1.15186466,23.41,1018.005
1789532060,3.84322247,1.15520366,23.43,1018.003
1789532070,3.84141975,1.15631666,23.43,1018.006
1789532080,3.8450251900000003,1.15520366,23.42,1018.005
1789532090,3.84682791,1.15186466,23.42,1018.005
1789532100,3.84682791,1.15409066,23.41,1018.003
1789532110,3.8504333500000003,1.15297766,23.41,1018.007
1789532120,3.85223607,1.15409066,23.39,1018.014
1789532130,3.85223607,1.15186466,23.39,1018.011
1789532140,3.85223607,1.15742966,23.38,1018.017
1789532150,3.8504333500000003,1.16076866,23.38,1018.024
1789532160,3.85223607,1.16522066,23.39,1018.035
1789532170,3.85223607,1.16522066,23.38,1018.038
1789532180,3.85223607,1.16522066,23.38,1018.038
1789532190,3.85403879,1.16967266,23.38,1018.046
1789532200,3.85223607,1.16522066,23.38,1018.046
1789532210,3.85223607,1.16967266,23.38,1018.047
1789532220,3.8504333500000003,1.16967266,23.36,1018.055
1789532230,3.85223607,1.17412466,23.38,1018.056
1789532240,3.85403879,1.17189866,23.38,1018.05
1789532250,3.85223607,1.17968966,23.41,1018.059
1789532260,3.85403879,1.18191566,23.39,1018.071
1789532270,3.85403879,1.18191566,23.38,1018.068
1789532280,3.85403879,1.18302866,23.35,1018.078
1789532290,3.85403879,1.18302866,23.38,1018.079
1789532300,3.8504333500000003,1.18191566,23.36,1018.078
1789532310,3.85403879,1.18191566,23.38,1018.067
1789532320,3.85403879,1.18191566,23.39,1018.076
1789532330,3.8558415100000003,1.18302866,23.35,1018.083
1789532340,3.8558415100000003,1.18414166,23.38,1018.083
1789532350,3.85403879,1.18302866,23.38,1018.078
1789532360,3.85223607,1.17301166,23.36,1018.057
1789532370,3.85403879,1.17523766,23.39,1018.06
1789532380,3.85403879,1.18636766,23.38,1018.072
1789532390,3.85403879,1.18080266,23.42,1018.07
1789532400,3.85403879,1.18302866,23.39,1018.073
1789532410,3.8558415100000003,1.18191566,23.39,1018.068
1789532420,3.85403879,1.17968966,23.39,1018.064
1789532430,3.85403879,1.18302866,23.39,1018.071
1789532440,3.85403879,1.17968966,23.41,1018.061
1789532450,3.85403879,1.17412466,23.38,1018.052
1789532460,3.85223607,1.17301166,23.39,1018.046
1789532470,3.85223607,1.17635066,23.38,1018.051
1789532480,3.8504333500000003,1.17523766,23.38,1018.055
1789532490,3.85223607,1.17746366,23.39,1018.061
1789532500,3.85403879,1.18080266,23.38,1018.064
1789532510,3.85223607,1.17857666,23.38,1018.052
1789532520,3.85403879,1.17635066,23.39,1018.049
1789532530,3.85403879,1.17635066,23.39,1018.045
1789532540,3.8558415100000003,1.17857666,23.38,1018.047
1789532550,3.85403879,1.17635066,23.39,1018.046
1789532560,3.85403879,1.17968966,23.38,1018.05
1789532570,3.85223607,1.17968966,23.39,1018.062
1789532580,3.8504333500000003,1.18302866,23.36,1018.067
1789532590,3.85403879,1.17857666,23.38,1018.054
1789532600,3.85403879,1.18302866,23.36,1018.059
1789532610,3.85403879,1.18191566,23.39,1018.063
1789532620,3.8558415100000003,1.18525466,23.38,1018.077
1789532630,3.85403879,1.18191566,23.38,1018.074
1789532640,3.8558415100000003,1.18414166,23.36,1018.064
1789532650,3.8558415100000003,1.18414166,23.36,1018.07
1789532660,3.8558415100000003,1.18970666,23.39,1018.078
1789532670,3.8558415100000003,1.18970666,23.39,1018.08
1789532680,3.8558415100000003,1.18970666,23.38,1018.078
1789532690,3.8558415100000003,1.18859366,23.38,1018.083
1789532700,3.85764423,1.18970666,23.39,1018.082
1789532710,3.85764423,1.19081966,23.39,1018.081
1789532720,3.85764423,1.19193266,23.38,1018.08
1789532730,3.85764423,1.18748066,23.36,1018.083
1789532740,3.85764423,1.18859366,23.36,1018.079
1789532750,3.85764423,1.19304566,23.39,1018.085
1789532760,3.85764423,1.19193266,23.39,1018.087
1789532770,3.85764423,1.19304566,23.38,1018.088
1789532780,3.85764423,1.19304566,23.39,1018.094
1789532790,3.85764423,1.19193266,23.39,1018.089
1789532800,3.85764423,1.19527166,23.38,1018.091
1789532810,3.8558415100000003,1.19527166,23.39,1018.098
1789532820,3.8558415100000003,1.19527166,23.39,1018.095
1789532830,3.8558415100000003,1.19415866,23.36,1018.09
1789532840,3.85764423,1.19527166,23.38,1018.097
1789532850,3.85764423,1.19861066,23.38,1018.101
1789532860,3.8558415100000003,1.19749766,23.36,1018.107
1789532870,3.8558415100000003,1.19749766,23.38,1018.1
1789532880,3.85403879,1.19304566,23.38,1018.095
1789532890,3.85403879,1.19861066,23.36,1018.105
1789532900,3.85223607,1.19638466,23.39,1018.104
1789532910,3.85223607,1.19527166,23.39,1018.095
1789532920,3.8558415100000003,1.19527166,23.36,1018.099
1789532930,3.85403879,1.20194966,23.36,1018.104
1789532940,3.85403879,1.19749766,23.41,1018.104
1789532950,3.85223607,1.20083666,23.39,1018.107
1789532960,3.85403879,1.19861066,23.41,1018.107
1789532970,3.85403879,1.20083666,23.39,1018.109
1789532980,3.8558415100000003,1.20306266,23.41,1018.112
1789532990,3.8558415100000003,1.20417566,23.39,1018.114
1789533000,3.8558415100000003,1.20751466,23.39,1018.121
1789533010,3.85764423,1.20528866,23.38,1018.108
1789533020,3.85944695,1.20083666,23.36,1018.108
1789533030,3.85764423,1.20306266,23.36,1018.1
1789533040,3.8558415100000003,1.20417566,23.38,1018.107
1789533050,3.8558415100000003,1.20306266,23.38,1018.105
1789533060,3.8558415100000003,1.20751466,23.38,1018.114
1789533070,3.85764423,1.20751466,23.36,1018.112
1789533080,3.85944695,1.21085366,23.39,1018.117
1789533090,3.85764423,1.20862766,23.35,1018.122
1789533100,3.85764423,1.20974066,23.36,1018.122
1789533110,3.85944695,1.21307966,23.36,1018.128
1789533120,3.85944695,1.21530566,23.38,1018.139
1789533130,3.85764423,1.21307966,23.36,1018.141
1789533140,3.85944695,1.21419266,23.36,1018.13
1789533150,3.85944695,1.21085366,23.39,1018.124
1789533160,3.85944695,1.20974066,23.38,1018.125
1789533170,3.85944695,1.21085366,23.39,1018.127
1789533180,3.85944695,1.21307966,23.39,1018.12
1789533190,3.85764423,1.21530566,23.39,1018.13
1789533200,3.85944695,1.21641866,23.39,1018.142
1789533210,3.85944695,1.21085366,23.38,1018.136
1789533220,3.85944695,1.21641866,23.39,1018.141
1789533230,3.85944695,1.22087066,23.38,1018.156
1789533240,3.85764423,1.22309666,23.36,1018.17
1789533250,3.85764423,1.22087066,23.39,1018.162
1789533260,3.85764423,1.21753166,23.39,1018.161
1789533270,3.8558415100000003,1.22309666,23.39,1018.159
1789533280,3.85764423,1.21975766,23.38,1018.154
1789533290,3.85764423,1.21641866,23.39,1018.154
1789533300,3.85764423,1.22087066,23.41,1018.157
1789533310,3.85764423,1.21975766,23.38,1018.151
1789533320,3.85944695,1.21975766,23.39,1018.146
1789533330,3.85944695,1.21864466,23.38,1018.144
1789533340,3.85944695,1.22087066,23.38,1018.153
1789533350,3.85944695,1.22532266,23.38,1018.161
1789533360,3.85764423,1.22977466,23.39,1018.177
1789533370,3.85764423,1.2331136600000001,23.38,1018.172
1789533380,3.85764423,1.2331136600000001,23.39,1018.184
1789533390,3.85944695,1.23200066,23.38,1018.176
1789533400,3.85764423,1.22866166,23.39,1018.174
1789533410,3.85764423,1.23088766,23.38,1018.181
1789533420,3.85944695,1.23979166,23.41,1018.194
1789533430,3.85944695,1.23756566,23.38,1018.2
1789533440,3.85944695,1.23533966,23.39,1018.2
1789533450,3.85944695,1.23422666,23.39,1018.195
1789533460,3.8612496700000003,1.23645266,23.36,1018.198
1789533470,3.85944695,1.23645266,23.41,1018.21
1789533480,3.8612496700000003,1.24090466,23.36,1018.215
1789533490,3.85944695,1.23756566,23.39,1018.195
1789533500,3.8612496700000003,1.24313066,23.36,1018.213
1789533510,3.8612496700000003,1.2453566600000001,23.39,1018.227
1789533520,3.8612496700000003,1.25648666,23.38,1018.245
1789533530,3.85944695,1.25537366,23.39,1018.247
1789533540,3.85944695,1.25314766,23.38,1018.244
1789533550,3.8612496700000003,1.25871266,23.38,1018.247
1789533560,3.85944695,1.25537366,23.38,1018.242
1789533570,3.85944695,1.25537366,23.41,1018.243
1789533580,3.85944695,1.26093866,23.38,1018.246
1789533590,3.85944695,1.25537366,23.42,1018.242
1789533600,3.8612496700000003,1.25092166,23.41,1018.231
1789533610,3.8612496700000003,1.25648666,23.39,1018.244
1789533620,3.85944695,1.26093866,23.42,1018.255
1789533630,3.85944695,1.25982566,23.42,1018.259
1789533640,3.85944695,1.25982566,23.41,1018.255
1789533650,3.85944695,1.26427766,23.39,1018.264
1789533660,3.8612496700000003,1.25759966,23.36,1018.256
1789533670,3.8612496700000003,1.25314766,23.38,1018.251
1789533680,3.8612496700000003,1.25759966,23.39,1018.254
1789533690,3.85944695,1.26093866,23.38,1018.26
1789533700,3.8612496700000003,1.26205166,23.39,1018.259
1789533710,3.8612496700000003,1.26093866,23.39,1018.26
1789533720,3.85944695,1.26761666,23.39,1018.27
1789533730,3.8612496700000003,1.26539066,23.39,1018.265
1789533740,3.8612496700000003,1.26761666,23.39,1018.273
1789533750,3.8612496700000003,1.26539066,23.38,1018.274
1789533760,3.85944695,1.26984266,23.42,1018.279
1789533770,3.85944695,1.26650366,23.38,1018.271
1789533780,3.85944695,1.26539066,23.41,1018.267
1789533790,3.85944695,1.26316466,23.41,1018.275
1789533800,3.8612496700000003,1.26761666,23.38,1018.281
1789533810,3.85944695,1.27318166,23.38,1018.292
1789533820,3.85944695,1.27874666,23.39,1018.291
1789533830,3.85944695,1.28208566,23.38,1018.307
1789533840,3.8612496700000003,1.28431166,23.39,1018.312
1789533850,3.8612496700000003,1.28319866,23.39,1018.304
1789533860,3.85944695,1.27318166,23.38,1018.285
1789533870,3.8612496700000003,1.27318166,23.36,1018.274
1789533880,3.85944695,1.27763366,23.38,1018.281
1789533890,3.85944695,1.27429466,23.39,1018.274
1789533900,3.85944695,1.27540766,23.39,1018.28
1789533910,3.85944695,1.28097266,23.38,1018.288
1789533920,3.8612496700000003,1.28431166,23.36,1018.301
1789533930,3.8612496700000003,1.28431166,23.41,1018.31
1789533940,3.86305239,1.28542466,23.36,1018.306
1789533950,3.86305239,1.28319866,23.36,1018.302
1789533960,3.8612496700000003,1.28319866,23.36,1018.302
1789533970,3.8612496700000003,1.28431166,23.35,1018.3
1789533980,3.8612496700000003,1.29432866,23.35,1018.315
1789533990,3.8612496700000003,1.29098966,23.38,1018.311
1789534000,3.86305239,1.28987666,23.38,1018.313
1789534010,3.85944695,1.29432866,23.41,1018.325
1789534020,3.8612496700000003,1.30100666,23.38,1018.333
1789534030,3.8612496700000003,1.29878066,23.38,1018.326
1789534040,3.86305239,1.29098966,23.36,1018.317
1789534050,3.8612496700000003,1.29432866,23.39,1018.308
1789534060,3.8612496700000003,1.29321566,23.39,1018.307
1789534070,3.85944695,1.28987666,23.39,1018.301
1789534080,3.85944695,1.29098966,23.41,1018.308
1789534090,3.85944695,1.29321566,23.39,1018.314
1789534100,3.85944695,1.29544166,23.39,1018.316
1789534110,3.85944695,1.29432866,23.41,1018.313
1789534120,3.85944695,1.29321566,23.38,1018.312
1789534130,3.8612496700000003,1.2976676600000001,23.39,1018.317
1789534140,3.85944695,1.29544166,23.38,1018.309
1789534150,3.85764423,1.2976676600000001,23.38,1018.318
1789534160,3.85944695,1.30100666,23.41,1018.32
1789534170,3.85764423,1.30211966,23.41,1018.33
1789534180,3.85764423,1.30323266,23.38,1018.339
1789534190,3.85764423,1.30545866,23.39,1018.336
1789534200,3.85944695,1.31102366,23.42,1018.354
1789534210,3.85944695,1.31102366,23.39,1018.351
1789534220,3.85944695,1.30545866,23.38,1018.347
1789534230,3.85944695,1.3099106600000001,23.41,1018.35
1789534240,3.8612496700000003,1.31324966,23.41,1018.351
1789534250,3.85944695,1.30657166,23.41,1018.339
1789534260,3.85944695,1.30434566,23.36,1018.331
1789534270,3.85764423,1.30323266,23.39,1018.326
1789534280,3.85944695,1.30657166,23.38,1018.332
1789534290,3.85944695,1.31102366,23.39,1018.336
1789534300,3.85944695,1.3099106600000001,23.36,1018.34
1789534310,3.85944695,1.31324966,23.36,1018.34
1789534320,3.85944695,1.31547566,23.38,1018.345
1789534330,3.85944695,1.3221536600000001,23.35,1018.352
1789534340,3.8612496700000003,1.3221536600000001,23.35,1018.363
1789534350,3.85944695,1.31992766,23.35,1018.365
1789534360,3.8612496700000003,1.31992766,23.36,1018.368
1789534370,3.85944695,1.32104066,23.38,1018.368
1789534380,3.85944695,1.31881466,23.38,1018.364
1789534390,3.8612496700000003,1.31547566,23.36,1018.353
1789534400,3.85764423,1.31547566,23.36,1018.358
1789534410,3.85944695,1.32326666,23.36,1018.372
1789534420,3.85944695,1.32549266,23.39,1018.381
1789534430,3.85944695,1.32437966,23.36,1018.373
1789534440,3.85764423,1.32437966,23.39,1018.368
1789534450,3.85764423,1.31770166,23.38,1018.358
1789534460,3.85944695,1.32326666,23.38,1018.371
1789534470,3.85764423,1.33550966,23.38,1018.395
1789534480,3.8612496700000003,1.33662266,23.35,1018.415
1789534490,3.8612496700000003,1.33217066,23.36,1018.399
1789534500,3.85944695,1.33105766,23.36,1018.396
1789534510,3.8612496700000003,1.32994466,23.38,1018.398
1789534520,3.8612496700000003,1.33328366,23.38,1018.396
1789534530,3.86305239,1.33217066,23.35,1018.389
1789534540,3.8612496700000003,1.33328366,23.36,1018.4
1789534550,3.8612496700000003,1.33105766,23.36,1018.392
1789534560,3.8612496700000003,1.33550966,23.36,1018.393
1789534570,3.85944695,1.33773566,23.35,1018.417
1789534580,3.86305239,1.34218766,23.38,1018.415
1789534590,3.8612496700000003,1.33773566,23.36,1018.406
1789534600,3.8612496700000003,1.33884866,23.35,1018.409
1789534610,3.8612496700000003,1.33662266,23.35,1018.399
1789534620,3.8612496700000003,1.33328366,23.36,1018.396
1789534630,3.8612496700000003,1.34218766,23.36,1018.416
1789534640,3.8612496700000003,1.34663966,23.38,1018.422
1789534650,3.86305239,1.34663966,23.36,1018.432
1789534660,3.8612496700000003,1.34663966,23.36,1018.43
1789534670,3.8612496700000003,1.34886566,23.38,1018.423
1789534680,3.8612496700000003,1.34886566,23.35,1018.433
1789534690,3.85944695,1.35443066,23.36,1018.432
1789534700,3.8612496700000003,1.35443066,23.35,1018.444
1789534710,3.85944695,1.35220466,23.35,1018.443
1789534720,3.85944695,1.35443066,23.35,1018.438
1789534730,3.85944695,1.35331766,23.33,1018.442
1789534740,3.85944695,1.34997866,23.33,1018.44
1789534750,3.85944695,1.34663966,23.35,1018.43
1789534760,3.85944695,1.34441366,23.38,1018.424
1789534770,3.85944695,1.35220466,23.36,1018.435
1789534780,3.85944695,1.35554366,23.36,1018.442
1789534790,3.85944695,1.35665666,23.35,1018.445
1789534800,3.85944695,1.35665666,23.36,1018.445
1789534810,3.85944695,1.35554366,23.33,1018.445
1789534820,3.85944695,1.35220466,23.36,1018.445
1789534830,3.85944695,1.35331766,23.36,1018.446
1789534840,3.85764423,1.35776966,23.38,1018.449
1789534850,3.85764423,1.35665666,23.36,1018.446
1789534860,3.85944695,1.35999566,23.36,1018.451
1789534870,3.85764423,1.3622216600000001,23.35,1018.453
1789534880,3.85764423,1.36110866,23.38,1018.452
1789534890,3.85944695,1.36667366,23.41,1018.466
1789534900,3.85764423,1.36556066,23.39,1018.477
1789534910,3.85764423,1.37001266,23.39,1018.48
1789534920,3.85944695,1.36556066,23.39,1018.478
1789534930,3.85764423,1.36778666,23.39,1018.477
1789534940,3.85764423,1.37780366,23.39,1018.495
1789534950,3.85944695,1.37891666,23.36,1018.494
1789534960,3.85764423,1.37891666,23.38,1018.492
1789534970,3.8612496700000003,1.37780366,23.36,1018.5
1789534980,3.85944695,1.37557766,23.36,1018.494
1789534990,3.85944695,1.38225566,23.35,1018.512
1789535000,3.85944695,1.38002966,23.35,1018.504
1789535010,3.85944695,1.38114266,23.38,1018.506
1789535020,3.85944695,1.38225566,23.38,1018.504
1789535030,3.85944695,1.38782066,23.36,1018.523
1789535040,3.8612496700000003,1.38893366,23.36,1018.522
1789535050,3.85944695,1.38893366,23.36,1018.532
1789535060,3.85944695,1.39227266,23.36,1018.526
1789535070,3.85764423,1.39227266,23.38,1018.532
1789535080,3.85764423,1.39115966,23.36,1018.531
1789535090,3.85944695,1.39115966,23.32,1018.539
1789535100,3.85944695,1.39227266,23.36,1018.545
1789535110,3.8612496700000003,1.39561166,23.35,1018.55
1789535120,3.8612496700000003,1.39783766,23.38,1018.549
1789535130,3.85944695,1.39783766,23.33,1018.545
1789535140,3.8612496700000003,1.39338566,23.35,1018.542
1789535150,3.8612496700000003,1.39004666,23.36,1018.536
1789535160,3.85944695,1.39004666,23.36,1018.525
1789535170,3.8612496700000003,1.38782066,23.35,1018.53
1789535180,3.8612496700000003,1.39115966,23.36,1018.54
1789535190,3.85944695,1.39338566,23.38,1018.54
1789535200,3.8612496700000003,1.3867076600000001,23.36,1018.52
1789535210,3.85944695,1.38782066,23.39,1018.521
1789535220,3.85944695,1.39115966,23.38,1018.528
1789535230,3.8612496700000003,1.38782066,23.35,1018.52
1789535240,3.85764423,1.38782066,23.35,1018.521
1789535250,3.85944695,1.39561166,23.36,1018.535
1789535260,3.8612496700000003,1.39338566,23.33,1018.536
1789535270,3.8612496700000003,1.39672466,23.35,1018.539
1789535280,3.85944695,1.39227266,23.35,1018.537
1789535290,3.85944695,1.39561166,23.35,1018.544
1789535300,3.85944695,1.40006366,23.35,1018.541
1789535310,3.85944695,1.39672466,23.38,1018.535
1789535320,3.85944695,1.39004666,23.35,1018.535
1789535330,3.85944695,1.39227266,23.35,1018.527
1789535340,3.85944695,1.39227266,23.35,1018.536
1789535350,3.85764423,1.39449866,23.36,1018.534
1789535360,3.85944695,1.39561166,23.35,1018.535
1789535370,3.85944695,1.3989506600000001,23.35,1018.543
1789535380,3.85944695,1.39672466,23.33,1018.536
1789535390,3.85944695,1.39561166,23.33,1018.534
1789535400,3.8612496700000003,1.39672466,23.33,1018.545
1789535410,3.85944695,1.39672466,23.35,1018.548
1789535420,3.85944695,1.39449866,23.33,1018.539
1789535430,3.8612496700000003,1.39672466,23.36,1018.534
1789535440,3.8612496700000003,1.39449866,23.36,1018.538
1789535450,3.8612496700000003,1.39672466,23.33,1018.534
1789535460,3.85944695,1.39338566,23.36,1018.528
1789535470,3.85944695,1.39672466,23.33,1018.531
1789535480,3.8612496700000003,1.39672466,23.35,1018.53
1789535490,3.85944695,1.39672466,23.35,1018.541
1789535500,3.8612496700000003,1.39561166,23.33,1018.534
1789535510,3.85944695,1.39672466,23.33,1018.529
1789535520,3.85944695,1.39004666,23.35,1018.523
1789535530,3.8612496700000003,1.39449866,23.35,1018.526
1789535540,3.85944695,1.39783766,23.35,1018.535
1789535550,3.86305239,1.39672466,23.35,1018.54
1789535560,3.86305239,1.40006366,23.35,1018.536
1789535570,3.8612496700000003,1.40228966,23.35,1018.542
1789535580,3.86305239,1.40117666,23.33,1018.538
1789535590,3.8612496700000003,1.40451566,23.3,1018.545
1789535600,3.8612496700000003,1.40228966,23.33,1018.544
1789535610,3.85944695,1.40117666,23.33,1018.548
1789535620,3.85944695,1.40117666,23.32,1018.545
1789535630,3.8612496700000003,1.40228966,23.3,1018.54
1789535640,3.8612496700000003,1.39783766,23.3,1018.541
1789535650,3.86305239,1.39672466,23.32,1018.532
1789535660,3.8612496700000003,1.40117666,23.35,1018.534
1789535670,3.8612496700000003,1.39783766,23.32,1018.537
1789535680,3.8612496700000003,1.3989506600000001,23.35,1018.544
1789535690,3.8612496700000003,1.40340266,23.36,1018.559
1789535700,3.8612496700000003,1.41230666,23.33,1018.569
1789535710,3.8612496700000003,1.41008066,23.33,1018.567
1789535720,3.8612496700000003,1.40228966,23.33,1018.555
1789535730,3.8612496700000003,1.39672466,23.36,1018.545
1789535740,3.86305239,1.40117666,23.35,1018.549
1789535750,3.86305239,1.40896766,23.32,1018.561
1789535760,3.86305239,1.40896766,23.32,1018.571
1789535770,3.86305239,1.41119366,23.3,1018.573
1789535780,3.8612496700000003,1.41008066,23.3,1018.57
1789535790,3.8612496700000003,1.41008066,23.28,1018.571
1789535800,3.8612496700000003,1.41119366,23.3,1018.572
1789535810,3.85944695,1.41008066,23.32,1018.57
1789535820,3.85944695,1.41341966,23.3,1018.574
1789535830,3.85944695,1.41675866,23.33,1018.573
1789535840,3.85944695,1.41898466,23.33,1018.583
1789535850,3.8612496700000003,1.42343666,23.33,1018.587
1789535860,3.8612496700000003,1.42454966,23.33,1018.591
1789535870,3.85944695,1.42788866,23.32,1018.6
1789535880,3.85944695,1.42343666,23.3,1018.598
1789535890,3.85944695,1.42343666,23.33,1018.599
1789535900,3.8612496700000003,1.41898466,23.33,1018.588
1789535910,3.85944695,1.41898466,23.33,1018.582
1789535920,3.85944695,1.41787166,23.32,1018.584
1789535930,3.8612496700000003,1.41787166,23.33,1018.582
1789535940,3.8612496700000003,1.41898466,23.32,1018.588
1789535950,3.8612496700000003,1.41898466,23.33,1018.591
1789535960,3.8612496700000003,1.42343666,23.32,1018.591
1789535970,3.8612496700000003,1.42232366,23.33,1018.597
1789535980,3.8612496700000003,1.41675866,23.33,1018.584
1789535990,3.8612496700000003,1.41787166,23.33,1018.587
1789536000,3.8612496700000003,1.42009766,23.3,1018.586
1789536010,3.85944695,1.42343666,23.32,1018.594
1789536020,3.85944695,1.43011466,23.32,1018.594
1789536030,3.85764423,1.42788866,23.3,1018.595
1789536040,3.85944695,1.42900166,23.3,1018.596
1789536050,3.8612496700000003,1.42900166,23.33,1018.598
1789536060,3.86305239,1.43234066,23.32,1018.603
1789536070,3.8612496700000003,1.43456666,23.32,1018.614
1789536080,3.8612496700000003,1.43122766,23.32,1018.608
1789536090,3.85944695,1.42788866,23.3,1018.606
1789536100,3.8612496700000003,1.42788866,23.32,1018.602
1789536110,3.8612496700000003,1.43011466,23.32,1018.606
1789536120,3.85944695,1.43234066,23.32,1018.601
1789536130,3.86305239,1.43234066,23.32,1018.596
1789536140,3.86305239,1.43679266,23.32,1018.609
1789536150,3.86305239,1.43790566,23.3,1018.613
1789536160,3.86305239,1.4390186600000001,23.32,1018.616
1789536170,3.86485511,1.43790566,23.33,1018.62
1789536180,3.86485511,1.4390186600000001,23.35,1018.62
1789536190,3.86485511,1.44347066,23.33,1018.626
1789536200,3.86305239,1.44013166,23.32,1018.626
1789536210,3.86305239,1.44124466,23.32,1018.628
1789536220,3.86485511,1.44458366,23.33,1018.63
1789536230,3.86485511,1.4390186600000001,23.33,1018.619
1789536240,3.86485511,1.4390186600000001,23.32,1018.618
1789536250,3.86305239,1.43234066,23.35,1018.608
1789536260,3.86305239,1.43456666,23.35,1018.607
1789536270,3.86305239,1.43790566,23.33,1018.613
1789536280,3.86305239,1.43567966,23.35,1018.619
1789536290,3.8612496700000003,1.44124466,23.35,1018.625
1789536300,3.86305239,1.44124466,23.33,1018.629
1789536310,3.86485511,1.44792266,23.33,1018.627
1789536320,3.86305239,1.44792266,23.33,1018.633
1789536330,3.86305239,1.4512616600000001,23.33,1018.631
1789536340,3.86305239,1.44903566,23.33,1018.635
1789536350,3.86485511,1.45014866,23.35,1018.638
1789536360,3.86305239,1.44792266,23.35,1018.631
1789536370,3.86485511,1.45014866,23.35,1018.643
1789536380,3.8612496700000003,1.45460066,23.33,1018.643
1789536390,3.86305239,1.45348766,23.33,1018.639
1789536400,3.86305239,1.45014866,23.35,1018.641
1789536410,3.86305239,1.44792266,23.33,1018.635
1789536420,3.86305239,1.44903566,23.32,1018.633
1789536430,3.86305239,1.44903566,23.33,1018.634
1789536440,3.86305239,1.45014866,23.33,1018.637
1789536450,3.86305239,1.45348766,23.33,1018.636
1789536460,3.86305239,1.45460066,23.33,1018.644
1789536470,3.86485511,1.45905266,23.33,1018.657
1789536480,3.86485511,1.4635046600000001,23.33,1018.666
1789536490,3.86305239,1.46016566,23.33,1018.673
1789536500,3.86305239,1.46239166,23.33,1018.67
1789536510,3.86305239,1.46239166,23.33,1018.662
1789536520,3.86305239,1.46573066,23.33,1018.667
1789536530,3.86305239,1.46795666,23.33,1018.676
1789536540,3.86305239,1.47018266,23.33,1018.681
1789536550,3.8612496700000003,1.46906966,23.33,1018.683
1789536560,3.86305239,1.46906966,23.33,1018.688
1789536570,3.8612496700000003,1.4757476600000001,23.35,1018.693
1789536580,3.86305239,1.47129566,23.35,1018.701
1789536590,3.8612496700000003,1.46795666,23.36,1018.693
1789536600,3.8612496700000003,1.46795666,23.36,1018.685
1789536610,3.8612496700000003,1.47018266,23.36,1018.702
1789536620,3.86485511,1.47908666,23.35,1018.715
1789536630,3.86485511,1.47908666,23.33,1018.715
1789536640,3.86305239,1.48242566,23.32,1018.712
1789536650,3.8612496700000003,1.47686066,23.36,1018.716
1789536660,3.86305239,1.48465166,23.38,1018.724
1789536670,3.86305239,1.49355566,23.36,1018.732
1789536680,3.86305239,1.49021666,23.35,1018.738
1789536690,3.8612496700000003,1.4913296600000001,23.33,1018.743
1789536700,3.86305239,1.48799066,23.35,1018.746
1789536710,3.8612496700000003,1.49355566,23.35,1018.75
1789536720,3.86305239,1.49689466,23.33,1018.757
1789536730,3.8612496700000003,1.49244266,23.33,1018.754
1789536740,3.8612496700000003,1.4913296600000001,23.32,1018.747
1789536750,3.8612496700000003,1.49466866,23.33,1018.758
1789536760,3.8612496700000003,1.49912066,23.36,1018.758
1789536770,3.86305239,1.50134666,23.33,1018.768
1789536780,3.86305239,1.49466866,23.35,1018.757
1789536790,3.86485511,1.49244266,23.35,1018.748
1789536800,3.86485511,1.49466866,23.36,1018.755
1789536810,3.86305239,1.49800766,23.36,1018.761
1789536820,3.8612496700000003,1.50134666,23.35,1018.771
1789536830,3.86305239,1.50245966,23.33,1018.773
1789536840,3.86305239,1.50245966,23.36,1018.77
1789536850,3.86485511,1.50579866,23.33,1018.765
1789536860,3.8612496700000003,1.50468566,23.35,1018.776
1789536870,3.86305239,1.50245966,23.35,1018.762
1789536880,3.86305239,1.50134666,23.33,1018.774
1789536890,3.86485511,1.50468566,23.33,1018.781
1789536900,3.86305239,1.5035726600000001,23.33,1018.777
1789536910,3.86305239,1.50913766,23.32,1018.777
1789536920,3.86305239,1.50691166,23.36,1018.786
1789536930,3.86305239,1.51025066,23.35,1018.783
1789536940,3.8612496700000003,1.51136366,23.32,1018.787
1789536950,3.86485511,1.51804166,23.33,1018.79
1789536960,3.86305239,1.51247666,23.35,1018.793
1789536970,3.86305239,1.51470266,23.35,1018.79
1789536980,3.86305239,1.51915466,23.32,1018.797
1789536990,3.86485511,1.51915466,23.33,1018.805
1789537000,3.8612496700000003,1.5158156600000001,23.33,1018.804
1789537010,3.86485511,1.51915466,23.33,1018.81
1789537020,3.86485511,1.51692866,23.36,1018.812
1789537030,3.86485511,1.52138066,23.35,1018.812
1789537040,3.86485511,1.52249366,23.35,1018.815
1789537050,3.86485511,1.52583266,23.35,1018.813
1789537060,3.86305239,1.52249366,23.33,1018.814
1789537070,3.86305239,1.52694566,23.33,1018.82
1789537080,3.86305239,1.52694566,23.33,1018.822
1789537090,3.86485511,1.52583266,23.33,1018.816
1789537100,3.8666578300000003,1.52694566,23.32,1018.82
1789537110,3.8666578300000003,1.52583266,23.32,1018.823
1789537120,3.8666578300000003,1.5280586600000001,23.33,1018.819
1789537130,3.8666578300000003,1.53251066,23.33,1018.829
1789537140,3.86485511,1.53473666,23.33,1018.838
1789537150,3.86485511,1.53696266,23.35,1018.834
1789537160,3.86305239,1.5403016600000001,23.35,1018.845
1789537170,3.86305239,1.54364066,23.35,1018.843
1789537180,3.86305239,1.54364066,23.36,1018.849
1789537190,3.86485511,1.54475366,23.35,1018.855
1789537200,3.86485511,1.54920566,23.35,1018.869
1789537210,3.86485511,1.54809266,23.35,1018.875
1789537220,3.86305239,1.55031866,23.33,1018.878
1789537230,3.86485511,1.54809266,23.33,1018.879
1789537240,3.86305239,1.55031866,23.36,1018.878
1789537250,3.86485511,1.55031866,23.33,1018.884
1789537260,3.86485511,1.5558836600000001,23.36,1018.879
1789537270,3.86305239,1.55477066,23.33,1018.885
1789537280,3.86305239,1.55699666,23.36,1018.883
1789537290,3.86305239,1.54920566,23.35,1018.886
1789537300,3.86485511,1.54920566,23.33,1018.892
1789537310,3.86305239,1.55699666,23.33,1018.894
1789537320,3.86485511,1.5525446600000001,23.32,1018.887
1789537330,3.86305239,1.55477066,23.35,1018.889
1789537340,3.86485511,1.56033566,23.35,1018.897
1789537350,3.86485511,1.56590066,23.32,1018.912
1789537360,3.86305239,1.56923966,23.35,1018.923
1789537370,3.86485511,1.56923966,23.32,1018.916
1789537380,3.8666578300000003,1.57369166,23.32,1018.916
1789537390,3.8666578300000003,1.56478766,23.3,1018.927
1789537400,3.86485511,1.57035266,23.33,1018.919
1789537410,3.86485511,1.57146566,23.33,1018.923
1789537420,3.8666578300000003,1.57814366,23.3,1018.942
1789537430,3.8666578300000003,1.57480466,23.32,1018.93
1789537440,3.8666578300000003,1.57591766,23.33,1018.934
1789537450,3.8666578300000003,1.57591766,23.32,1018.936
1789537460,3.86485511,1.57480466,23.33,1018.941
1789537470,3.8666578300000003,1.57814366,23.32,1018.945
1789537480,3.8666578300000003,1.58259566,23.33,1018.952
1789537490,3.8666578300000003,1.58927366,23.32,1018.958
1789537500,3.8666578300000003,1.58927366,23.36,1018.954
1789537510,3.8666578300000003,1.58816066,23.35,1018.956
1789537520,3.8666578300000003,1.58259566,23.33,1018.961
1789537530,3.86485511,1.5926126600000001,23.36,1018.969
1789537540,3.8666578300000003,1.58816066,23.3,1018.968
1789537550,3.8666578300000003,1.59372566,23.33,1018.983
1789537560,3.86485511,1.59706466,23.32,1018.981
1789537570,3.86485511,1.60374266,23.32,1019.005
1789537580,3.86485511,1.60708166,23.32,1019.001
1789537590,3.8666578300000003,1.61042066,23.33,1019.003
1789537600,3.86485511,1.60819466,23.32,1019.003
1789537610,3.8666578300000003,1.60930766,23.3,1019.01
1789537620,3.8666578300000003,1.60930766,23.35,1019.008
1789537630,3.86485511,1.61264666,23.32,1019.018
1789537640,3.86485511,1.61487266,23.33,1019.026
1789537650,3.86485511,1.61375966,23.32,1019.02
1789537660,3.86485511,1.61487266,23.32,1019.018
1789537670,3.86305239,1.61821166,23.3,1019.023
1789537680,3.86485511,1.61821166,23.32,1019.023
1789537690,3.86305239,1.61264666,23.32,1019.02
1789537700,3.86485511,1.61487266,23.32,1019.014
1789537710,3.86485511,1.61821166,23.32,1019.027
1789537720,3.8666578300000003,1.62488966,23.35,1019.034
1789537730,3.8666578300000003,1.62155066,23.35,1019.033
1789537740,3.86485511,1.62377666,23.32,1019.038
1789537750,3.86485511,1.6170986600000001,23.33,1019.036
1789537760,3.86485511,1.62377666,23.33,1019.038
1789537770,3.86485511,1.62711566,23.35,1019.043
1789537780,3.8666578300000003,1.62155066,23.33,1019.043
1789537790,3.86485511,1.62711566,23.33,1019.046
1789537800,3.8666578300000003,1.61932466,23.33,1019.045
1789537810,3.8666578300000003,1.62822866,23.35,1019.053
1789537820,3.8666578300000003,1.62377666,23.33,1019.049
1789537830,3.8666578300000003,1.61821166,23.33,1019.032
1789537840,3.8666578300000003,1.61821166,23.33,1019.036
1789537850,3.86846055,1.62488966,23.35,1019.034
1789537860,3.8666578300000003,1.6170986600000001,23.33,1019.038
1789537870,3.86846055,1.62266366,23.32,1019.041
1789537880,3.8666578300000003,1.6293416600000001,23.29,1019.044
1789537890,3.8666578300000003,1.62822866,23.3,1019.047
1789537900,3.8666578300000003,1.62488966,23.29,1019.053
1789537910,3.8666578300000003,1.62488966,23.33,1019.052
1789537920,3.86485511,1.62822866,23.3,1019.053
1789537930,3.8666578300000003,1.6326806600000001,23.3,1019.064
1789537940,3.8666578300000003,1.63379366,23.28,1019.061
1789537950,3.86485511,1.63045466,23.29,1019.063
1789537960,3.86485511,1.63379366,23.3,1019.057
1789537970,3.86485511,1.6293416600000001,23.32,1019.063
1789537980,3.8666578300000003,1.63379366,23.3,1019.064
1789537990,3.8666578300000003,1.62822866,23.3,1019.064
1789538000,3.8666578300000003,1.62822866,23.3,1019.065
1789538010,3.86485511,1.6293416600000001,23.3,1019.065
1789538020,3.8666578300000003,1.63045466,23.3,1019.071
1789538030,3.8666578300000003,1.63490666,23.33,1019.078
1789538040,3.86485511,1.63601966,23.32,1019.082
1789538050,3.8666578300000003,1.63935866,23.35,1019.084
1789538060,3.86846055,1.6449236600000001,23.35,1019.086
1789538070,3.8666578300000003,1.64047166,23.33,1019.087
1789538080,3.8666578300000003,1.64158466,23.32,1019.087
1789538090,3.8666578300000003,1.64047166,23.3,1019.088
1789538100,3.86846055,1.63935866,23.33,1019.091
1789538110,3.86846055,1.63824566,23.33,1019.089
1789538120,3.86485511,1.63824566,23.35,1019.088
1789538130,3.86485511,1.6449236600000001,23.33,1019.093
1789538140,3.86485511,1.64158466,23.33,1019.102
1789538150,3.8666578300000003,1.65160166,23.32,1019.105
1789538160,3.8666578300000003,1.65048866,23.32,1019.108
1789538170,3.86485511,1.65160166,23.35,1019.111
1789538180,3.86485511,1.6449236600000001,23.33,1019.109
1789538190,3.8666578300000003,1.65382766,23.35,1019.11
1789538200,3.86485511,1.64826266,23.3,1019.105
1789538210,3.86305239,1.64937566,23.32,1019.108
1789538220,3.86485511,1.65271466,23.3,1019.113
1789538230,3.86305239,1.65605366,23.32,1019.116
1789538240,3.86305239,1.65827966,23.3,1019.124
1789538250,3.8612496700000003,1.66050566,23.29,1019.123
1789538260,3.86485511,1.66050566,23.3,1019.128
1789538270,3.86485511,1.66607066,23.3,1019.128
1789538280,3.86485511,1.66161866,23.29,1019.135
1789538290,3.86305239,1.66495766,23.3,1019.127
1789538300,3.86485511,1.66050566,23.29,1019.131
1789538310,3.86485511,1.65939266,23.29,1019.119
1789538320,3.8666578300000003,1.65939266,23.33,1019.119
1789538330,3.86485511,1.6571666600000001,23.29,1019.118
1789538340,3.8666578300000003,1.6571666600000001,23.3,1019.117
1789538350,3.86485511,1.65827966,23.32,1019.124
1789538360,3.86485511,1.65827966,23.29,1019.12
1789538370,3.8666578300000003,1.65494066,23.32,1019.125
1789538380,3.86485511,1.65605366,23.3,1019.123
1789538390,3.8666578300000003,1.66050566,23.29,1019.127
1789538400,3.8666578300000003,1.66050566,23.29,1019.127
1789538410,3.86846055,1.66273166,23.29,1019.133
1789538420,3.86846055,1.66273166,23.3,1019.134
1789538430,3.86846055,1.66718366,23.3,1019.133
1789538440,3.8666578300000003,1.66495766,23.32,1019.139
1789538450,3.8666578300000003,1.66384466,23.33,1019.142
1789538460,3.8666578300000003,1.66161866,23.3,1019.135
1789538470,3.86846055,1.66273166,23.32,1019.145
1789538480,3.86846055,1.66384466,23.3,1019.142
1789538490,3.86846055,1.66607066,23.3,1019.144
1789538500,3.86846055,1.67163566,23.3,1019.148
1789538510,3.86846055,1.67386166,23.3,1019.147
1789538520,3.87026327,1.67052266,23.3,1019.151
1789538530,3.8666578300000003,1.6694096600000001,23.32,1019.153
1789538540,3.8666578300000003,1.67274866,23.29,1019.152
1789538550,3.86485511,1.67163566,23.3,1019.158
1789538560,3.8666578300000003,1.67497466,23.29,1019.156
1789538570,3.86485511,1.67720066,23.3,1019.163
1789538580,3.8666578300000003,1.67831366,23.29,1019.159
1789538590,3.86485511,1.67831366,23.29,1019.164
1789538600,3.8666578300000003,1.6849916600000001,23.3,1019.175
1789538610,3.86305239,1.67831366,23.3,1019.164
1789538620,3.8612496700000003,1.67497466,23.32,1019.168
1789538630,3.85944695,1.67831366,23.29,1019.169
1789538640,3.8558415100000003,1.68053966,23.3,1019.172
1789538650,3.8558415100000003,1.68053966,23.32,1019.175
1789538660,3.85944695,1.68610466,23.32,1019.181
1789538670,3.86485511,1.68721766,23.29,1019.179
1789538680,3.86485511,1.68721766,23.3,1019.178
1789538690,3.86305239,1.68944366,23.29,1019.184
1789538700,3.86485511,1.69166966,23.3,1019.195
1789538710,3.86846055,1.6938956600000001,23.29,1019.201
1789538720,3.86846055,1.6938956600000001,23.32,1019.197
1789538730,3.86846055,1.69166966,23.33,1019.196
1789538740,3.86846055,1.69166966,23.3,1019.192
1789538750,3.87026327,1.69055666,23.33,1019.191
1789538760,3.87026327,1.68610466,23.32,1019.194
1789538770,3.86846055,1.6816526600000001,23.32,1019.194
1789538780,3.87026327,1.69166966,23.32,1019.196
1789538790,3.86846055,1.69500866,23.3,1019.207
1789538800,3.87026327,1.68610466,23.3,1019.2
1789538810,3.8666578300000003,1.69166966,23.28,1019.2
1789538820,3.8666578300000003,1.69166966,23.29,1019.198
1789538830,3.8666578300000003,1.68833066,23.29,1019.188
1789538840,3.8666578300000003,1.68833066,23.28,1019.189
1789538850,3.86485511,1.69278266,23.29,1019.19
1789538860,3.86846055,1.6938956600000001,23.32,1019.205
1789538870,3.8666578300000003,1.69500866,23.32,1019.208
1789538880,3.86485511,1.68944366,23.29,1019.198
1789538890,3.86485511,1.6938956600000001,23.29,1019.2
1789538900,3.8666578300000003,1.69500866,23.28,1019.203
1789538910,3.8666578300000003,1.69166966,23.3,1019.199
1789538920,3.86305239,1.69166966,23.3,1019.204
1789538930,3.86485511,1.69278266,23.32,1019.209
1789538940,3.86305239,1.6938956600000001,23.29,1019.21
1789538950,3.85944695,1.6972346600000001,23.28,1019.209
1789538960,3.8558415100000003,1.6938956600000001,23.3,1019.211
1789538970,3.85403879,1.68833066,23.28,1019.211
1789538980,3.85764423,1.69834766,23.3,1019.227
1789538990,3.8558415100000003,1.69612166,23.29,1019.223
1789539000,3.85944695,1.6972346600000001,23.3,1019.221
1789539010,3.85764423,1.70057366,23.3,1019.22
1789539020,3.86305239,1.70613866,23.28,1019.236
1789539030,3.85944695,1.70725166,23.28,1019.239
1789539040,3.85944695,1.70725166,23.3,1019.245
1789539050,3.8558415100000003,1.71059066,23.3,1019.251
1789539060,3.8558415100000003,1.70613866,23.29,1019.246
1789539070,3.85764423,1.71392966,23.29,1019.251
1789539080,3.85764423,1.71615566,23.3,1019.26
1789539090,3.8612496700000003,1.71949466,23.3,1019.265
1789539100,3.85944695,1.72394666,23.29,1019.277
1789539110,3.8612496700000003,1.73062466,23.3,1019.288
1789539120,3.86485511,1.72951166,23.29,1019.286
1789539130,3.86485511,1.73062466,23.3,1019.293
1789539140,3.86485511,1.7339636600000001,23.29,1019.302
1789539150,3.8666578300000003,1.74175466,23.29,1019.307
1789539160,3.8666578300000003,1.73730266,23.3,1019.31
1789539170,3.86485511,1.73841566,23.3,1019.304
1789539180,3.86485511,1.74064166,23.3,1019.307
1789539190,3.86485511,1.74064166,23.32,1019.314
1789539200,3.8612496700000003,1.74175466,23.3,1019.318
1789539210,3.85944695,1.73952866,23.29,1019.319
1789539220,3.8612496700000003,1.74286766,23.29,1019.322
1789539230,3.85764423,1.74064166,23.32,1019.325
1789539240,3.85403879,1.74509366,23.3,1019.33
1789539250,3.85403879,1.74731966,23.29,1019.331
1789539260,3.85764423,1.74843266,23.28,1019.327
1789539270,3.8558415100000003,1.74398066,23.29,1019.325
1789539280,3.8504333500000003,1.74286766,23.28,1019.334
1789539290,3.84863063,1.74064166,23.29,1019.325
1789539300,3.8504333500000003,1.74398066,23.26,1019.328
1789539310,3.8504333500000003,1.74731966,23.29,1019.336
1789539320,3.8504333500000003,1.74843266,23.29,1019.337
1789539330,3.85223607,1.74175466,23.29,1019.332
1789539340,3.85223607,1.74175466,23.29,1019.327
1789539350,3.85403879,1.73952866,23.26,1019.333
1789539360,3.8558415100000003,1.74398066,23.29,1019.329
1789539370,3.8612496700000003,1.74843266,23.28,1019.333
1789539380,3.8612496700000003,1.74509366,23.29,1019.335
1789539390,3.85944695,1.7462066600000001,23.28,1019.336
1789539400,3.86305239,1.75065866,23.25,1019.34
1789539410,3.85944695,1.7462066600000001,23.28,1019.345
1789539420,3.8558415100000003,1.74064166,23.26,1019.337
1789539430,3.85403879,1.74286766,23.26,1019.335
1789539440,3.8612496700000003,1.7462066600000001,23.26,1019.343
1789539450,3.8612496700000003,1.75177166,23.26,1019.35
1789539460,3.85944695,1.74843266,23.29,1019.34
1789539470,3.85764423,1.74731966,23.26,1019.333
1789539480,3.8558415100000003,1.74843266,23.28,1019.333
1789539490,3.8558415100000003,1.7462066600000001,23.28,1019.333
1789539500,3.85403879,1.74286766,23.29,1019.335
1789539510,3.85403879,1.74731966,23.26,1019.339
1789539520,3.8558415100000003,1.75177166,23.29,1019.342
1789539530,3.85403879,1.75288466,23.3,1019.345
1789539540,3.85944695,1.75511066,23.3,1019.35
1789539550,3.85764423,1.7584496600000001,23.3,1019.355
1789539560,3.85764423,1.75956266,23.29,1019.364
1789539570,3.85944695,1.7584496600000001,23.3,1019.356
1789539580,3.86485511,1.75622366,23.32,1019.346
1789539590,3.86305239,1.76067566,23.32,1019.357
1789539600,3.8612496700000003,1.76846666,23.3,1019.364
1789539610,3.85764423,1.76512766,23.32,1019.369
1789539620,3.85944695,1.76624066,23.28,1019.372
1789539630,3.85944695,1.76512766,23.3,1019.38
1789539640,3.85223607,1.76067566,23.3,1019.365
1789539650,3.8504333500000003,1.75733666,23.29,1019.362
1789539660,3.84682791,1.75288466,23.3,1019.359
1789539670,3.84682791,1.75622366,23.29,1019.36
1789539680,3.8450251900000003,1.75622366,23.29,1019.363
1789539690,3.84863063,1.76401466,23.29,1019.366
1789539700,3.84863063,1.7617886600000001,23.33,1019.371
1789539710,3.85223607,1.76067566,23.3,1019.375
1789539720,3.8450251900000003,1.7584496600000001,23.3,1019.367
1789539730,3.8504333500000003,1.7584496600000001,23.29,1019.366
1789539740,3.85403879,1.76401466,23.29,1019.368
1789539750,3.84863063,1.76512766,23.3,1019.376
1789539760,3.84141975,1.76735366,23.3,1019.389
1789539770,3.84141975,1.76846666,23.29,1019.395
1789539780,3.8450251900000003,1.76846666,23.32,1019.397
1789539790,3.84322247,1.76624066,23.3,1019.391
1789539800,3.83781431,1.7617886600000001,23.29,1019.393
1789539810,3.8396170300000003,1.75956266,23.28,1019.392
1789539820,3.8396170300000003,1.76624066,23.28,1019.399
1789539830,3.8396170300000003,1.76846666,23.3,1019.396
1789539840,3.8396170300000003,1.7706926600000001,23.3,1019.399
1789539850,3.84322247,1.76846666,23.3,1019.399
1789539860,3.84682791,1.77291866,23.3,1019.398
1789539870,3.8396170300000003,1.7740316600000001,23.29,1019.406
1789539880,3.84322247,1.77737066,23.29,1019.416
1789539890,3.83240615,1.7740316600000001,23.3,1019.421
1789539900,3.83240615,1.76846666,23.3,1019.413
1789539910,3.83781431,1.7740316600000001,23.3,1019.407
1789539920,3.83601159,1.77180566,23.3,1019.401
1789539930,3.8342088700000003,1.76846666,23.28,1019.397
1789539940,3.83781431,1.76957966,23.28,1019.396
1789539950,3.83601159,1.76624066,23.29,1019.392
1789539960,3.83601159,1.76957966,23.32,1019.409
1789539970,3.83601159,1.77625766,23.3,1019.414
1789539980,3.82519527,1.7740316600000001,23.29,1019.418
1789539990,3.82519527,1.76624066,23.29,1019.409
1789540000,3.8342088700000003,1.77291866,23.26,1019.415
1789540010,3.83240615,1.77514466,23.29,1019.417
1789540020,3.8288007100000003,1.7740316600000001,23.3,1019.426
1789540030,3.82699799,1.77625766,23.29,1019.428
1789540040,3.8288007100000003,1.78404866,23.32,1019.442
1789540050,3.8342088700000003,1.78850066,23.3,1019.448
1789540060,3.8450251900000003,1.79517866,23.28,1019.451
1789540070,3.84682791,1.79963066,23.29,1019.462
1789540080,3.84863063,1.80853466,23.32,1019.471
1789540090,3.84141975,1.80296966,23.32,1019.468
1789540100,3.84141975,1.79740466,23.3,1019.454
1789540110,3.84141975,1.79629166,23.29,1019.446
1789540120,3.8450251900000003,1.80074366,23.3,1019.462
1789540130,3.8450251900000003,1.80853466,23.33,1019.469
1789540140,3.84141975,1.80296966,23.28,1019.473
1789540150,3.84682791,1.80630866,23.3,1019.468
1789540160,3.84322247,1.80519566,23.26,1019.474
1789540170,3.84322247,1.80519566,23.29,1019.472
1789540180,3.8396170300000003,1.80408266,23.29,1019.475
1789540190,3.8396170300000003,1.80296966,23.29,1019.479
1789540200,3.8450251900000003,1.80185666,23.29,1019.47
1789540210,3.84863063,1.80742166,23.3,1019.468
1789540220,3.84322247,1.80408266,23.29,1019.476
1789540230,3.85223607,1.80964766,23.28,1019.478
1789540240,3.8450251900000003,1.80742166,23.3,1019.479
1789540250,3.84141975,1.80408266,23.29,1019.473
1789540260,3.83781431,1.80408266,23.29,1019.474
1789540270,3.8396170300000003,1.80853466,23.33,1019.478
1789540280,3.8504333500000003,1.80742166,23.26,1019.477
1789540290,3.84863063,1.80519566,23.3,1019.466
1789540300,3.8396170300000003,1.80408266,23.3,1019.459
1789540310,3.8396170300000003,1.79963066,23.28,1019.46
1789540320,3.83781431,1.7985176600000001,23.28,1019.461
1789540330,3.83240615,1.7985176600000001,23.28,1019.466
1789540340,3.83601159,1.7985176600000001,23.28,1019.466
1789540350,3.84682791,1.80408266,23.28,1019.467
1789540360,3.83781431,1.7985176600000001,23.28,1019.457
1789540370,3.83781431,1.80408266,23.28,1019.467
1789540380,3.83601159,1.79963066,23.29,1019.468
1789540390,3.83781431,1.79740466,23.26,1019.464
1789540400,3.8450251900000003,1.80185666,23.28,1019.459
1789540410,3.8396170300000003,1.80074366,23.29,1019.459
1789540420,3.84141975,1.7985176600000001,23.28,1019.458
1789540430,3.84682791,1.80296966,23.28,1019.463
1789540440,3.84682791,1.80296966,23.29,1019.463
1789540450,3.84141975,1.80296966,23.26,1019.458
1789540460,3.84322247,1.80296966,23.25,1019.456
1789540470,3.84322247,1.80185666,23.25,1019.451
1789540480,3.84141975,1.79740466,23.25,1019.444
1789540490,3.8450251900000003,1.79740466,23.28,1019.443
1789540500,3.84141975,1.80296966,23.28,1019.463
1789540510,3.8396170300000003,1.79963066,23.26,1019.458
1789540520,3.83781431,1.79963066,23.25,1019.46
1789540530,3.83781431,1.79406566,23.26,1019.446
1789540540,3.8396170300000003,1.79072666,23.26,1019.434
1789540550,3.83601159,1.7862746600000001,23.26,1019.437
1789540560,3.8342088700000003,1.79072666,23.25,1019.446
1789540570,3.83781431,1.79295266,23.26,1019.445
1789540580,3.83240615,1.79406566,23.26,1019.455
1789540590,3.82158983,1.78738766,23.26,1019.453
1789540600,3.82519527,1.79183966,23.26,1019.453
1789540610,3.83240615,1.79517866,23.26,1019.458
1789540620,3.81978711,1.78293566,23.28,1019.448
1789540630,3.81437895,1.7862746600000001,23.28,1019.456
1789540640,3.8179843900000003,1.78738766,23.26,1019.463
1789540650,3.82158983,1.79072666,23.28,1019.465
1789540660,3.82699799,1.79183966,23.28,1019.463
1789540670,3.83240615,1.79406566,23.26,1019.462
1789540680,3.8396170300000003,1.7985176600000001,23.25,1019.458
1789540690,3.83781431,1.79740466,23.26,1019.467
1789540700,3.8288007100000003,1.7985176600000001,23.28,1019.479
1789540710,3.8288007100000003,1.79963066,23.28,1019.477
1789540720,3.82158983,1.79406566,23.3,1019.474
1789540730,3.8233925500000003,1.79963066,23.28,1019.477
1789540740,3.81978711,1.7985176600000001,23.3,1019.484
1789540750,3.81437895,1.79629166,23.29,1019.475
1789540760,3.81437895,1.79295266,23.28,1019.479
1789540770,3.81978711,1.80296966,23.28,1019.488
1789540780,3.82158983,1.80519566,23.26,1019.49
1789540790,3.82158983,1.80408266,23.28,1019.498
1789540800,3.8125762300000003,1.79406566,23.26,1019.485
1789540810,3.80536535,1.79406566,23.28,1019.484
1789540820,3.8179843900000003,1.80296966,23.29,1019.482
1789540830,3.81978711,1.80408266,23.28,1019.483
1789540840,3.82699799,1.81187366,23.26,1019.49
1789540850,3.8342088700000003,1.81521266,23.26,1019.496
1789540860,3.8396170300000003,1.81632566,23.28,1019.493
1789540870,3.8342088700000003,1.81298666,23.28,1019.494
1789540880,3.82699799,1.81298666,23.28,1019.496
1789540890,3.83601159,1.81743866,23.28,1019.496
1789540900,3.8342088700000003,1.81632566,23.26,1019.492
1789540910,3.8396170300000003,1.8230036600000001,23.24,1019.495
1789540920,3.83601159,1.81632566,23.3,1019.499
1789540930,3.8450251900000003,1.82411666,23.26,1019.505
1789540940,3.84322247,1.82189066,23.28,1019.504
1789540950,3.84322247,1.82411666,23.29,1019.513
1789540960,3.84322247,1.82968166,23.28,1019.519
1789540970,3.8396170300000003,1.83302066,23.28,1019.523
1789540980,3.8342088700000003,1.82968166,23.28,1019.529
1789540990,3.82519527,1.8230036600000001,23.26,1019.524
1789541000,3.82158983,1.81855166,23.26,1019.53
1789541010,3.83060343,1.83079466,23.26,1019.534
1789541020,3.8179843900000003,1.82411666,23.29,1019.534
1789541030,3.80897079,1.82189066,23.28,1019.552
1789541040,3.81077351,1.82189066,23.28,1019.545
1789541050,3.79995719,1.81743866,23.25,1019.543
1789541060,3.8071680700000003,1.8263426600000001,23.24,1019.554
1789541070,3.80356263,1.82522966,23.24,1019.556
1789541080,3.81077351,1.83190766,23.25,1019.562
1789541090,3.79815447,1.8263426600000001,23.26,1019.568
1789541100,3.79274631,1.82856866,23.24,1019.572
1789541110,3.7909435900000004,1.82856866,23.25,1019.575
1789541120,3.79995719,1.83190766,23.24,1019.57
1789541130,3.80356263,1.83635966,23.26,1019.571
1789541140,3.8071680700000003,1.84192466,23.29,1019.584
1789541150,3.80536535,1.8385856600000001,23.25,1019.579
1789541160,3.8017599100000004,1.83969866,23.25,1019.585
1789541170,3.80536535,1.83969866,23.25,1019.584
1789541180,3.80536535,1.84415066,23.26,1019.588
1789541190,3.80536535,1.84526366,23.26,1019.589
1789541200,3.8125762300000003,1.84971566,23.24,1019.597
1789541210,3.81077351,1.84637666,23.28,1019.597
1789541220,3.81077351,1.8508286600000001,23.26,1019.604
1789541230,3.82158983,1.85750666,23.28,1019.601
1789541240,3.81978711,1.85416766,23.28,1019.595
1789541250,3.82158983,1.86084566,23.29,1019.608
1789541260,3.8233925500000003,1.85861966,23.28,1019.6
1789541270,3.83060343,1.86084566,23.25,1019.592
1789541280,3.82699799,1.85750666,23.28,1019.593
1789541290,3.82699799,1.85416766,23.29,1019.594
1789541300,3.8233925500000003,1.85416766,23.26,1019.603
1789541310,3.83060343,1.8630716600000001,23.28,1019.601
1789541320,3.8233925500000003,1.85861966,23.26,1019.6
1789541330,3.81978711,1.85639366,23.28,1019.599
1789541340,3.81978711,1.85639366,23.26,1019.596
1789541350,3.81618167,1.85639366,23.28,1019.603
1789541360,3.81437895,1.85528066,23.26,1019.606
1789541370,3.80356263,1.84860266,23.24,1019.605
1789541380,3.80356263,1.85305466,23.28,1019.616
1789541390,3.8125762300000003,1.86641066,23.26,1019.631
1789541400,3.81618167,1.86863666,23.25,1019.637
1789541410,3.81978711,1.87420166,23.28,1019.643
1789541420,3.80897079,1.86863666,23.28,1019.642
1789541430,3.80536535,1.86641066,23.29,1019.64
1789541440,3.79454903,1.86084566,23.29,1019.642
1789541450,3.7963517500000004,1.86529766,23.29,1019.647
1789541460,3.81077351,1.8753146600000001,23.28,1019.651
1789541470,3.8071680700000003,1.87308866,23.29,1019.654
1789541480,3.8017599100000004,1.87086266,23.28,1019.655
1789541490,3.7963517500000004,1.86752366,23.28,1019.653
1789541500,3.8017599100000004,1.87420166,23.26,1019.655
1789541510,3.8071680700000003,1.87754066,23.26,1019.658
1789541520,3.79995719,1.86863666,23.3,1019.65
1789541530,3.7909435900000004,1.86529766,23.26,1019.654
1789541540,3.79454903,1.86863666,23.26,1019.657
1789541550,3.8017599100000004,1.87754066,23.3,1019.663
1789541560,3.8125762300000003,1.88533166,23.29,1019.669
1789541570,3.80356263,1.88199266,23.28,1019.673
1789541580,3.79454903,1.87754066,23.26,1019.677
1789541590,3.7963517500000004,1.8786536600000001,23.29,1019.675
1789541600,3.78914087,1.87642766,23.26,1019.684
1789541610,3.79274631,1.88310566,23.25,1019.686
1789541620,3.79454903,1.88421866,23.26,1019.683
1789541630,3.7909435900000004,1.88087966,23.26,1019.69
1789541640,3.79274631,1.88644466,23.26,1019.697
1789541650,3.78914087,1.88644466,23.26,1019.7
1789541660,3.78733815,1.88533166,23.26,1019.706
1789541670,3.79815447,1.89312266,23.26,1019.708
1789541680,3.8017599100000004,1.89423566,23.26,1019.711
1789541690,3.79274631,1.89312266,23.26,1019.712
1789541700,3.79815447,1.89757466,23.28,1019.709
1789541710,3.7963517500000004,1.90091366,23.3,1019.714
1789541720,3.79274631,1.8908966600000001,23.26,1019.714
1789541730,3.79995719,1.89200966,23.26,1019.711
1789541740,3.79995719,1.89312266,23.26,1019.711
1789541750,3.8017599100000004,1.89757466,23.28,1019.715
1789541760,3.7963517500000004,1.89868766,23.28,1019.719
1789541770,3.7909435900000004,1.89534866,23.28,1019.721
1789541780,3.7909435900000004,1.89757466,23.25,1019.725
1789541790,3.7855354300000004,1.89423566,23.28,1019.726
1789541800,3.78733815,1.89423566,23.28,1019.724
1789541810,3.78373271,1.89312266,23.28,1019.726
1789541820,3.78192999,1.89312266,23.28,1019.73
1789541830,3.7801272700000004,1.88867066,23.26,1019.721
1789541840,3.7729163900000002,1.88533166,23.28,1019.728
1789541850,3.7639027900000004,1.88087966,23.28,1019.726
1789541860,3.7566919100000002,1.87754066,23.25,1019.721
1789541870,3.7566919100000002,1.87754066,23.26,1019.722
1789541880,3.76570551,1.88421866,23.26,1019.723
1789541890,3.7639027900000004,1.88421866,23.26,1019.718
1789541900,3.7621000700000002,1.88421866,23.28,1019.728
1789541910,3.7693109500000004,1.8875576600000001,23.26,1019.73
1789541920,3.76570551,1.88533166,23.29,1019.725
1789541930,3.77652183,1.89312266,23.29,1019.731
1789541940,3.7729163900000002,1.89312266,23.3,1019.732
1789541950,3.7729163900000002,1.88310566,23.3,1019.725
1789541960,3.76570551,1.88644466,23.26,1019.731
1789541970,3.76029735,1.87976666,23.28,1019.724
1789541980,3.7621000700000002,1.88421866,23.26,1019.727
1789541990,3.7584946300000004,1.88644466,23.26,1019.739
1789542000,3.7584946300000004,1.8908966600000001,23.28,1019.738
1789542010,3.7530864700000004,1.88421866,23.26,1019.733
1789542020,3.76029735,1.88199266,23.25,1019.728
1789542030,3.7729163900000002,1.89423566,23.26,1019.733
1789542040,3.7675082300000002,1.88978366,23.28,1019.727
1789542050,3.76029735,1.88867066,23.28,1019.73
1789542060,3.7566919100000002,1.88533166,23.25,1019.731
1789542070,3.76570551,1.88978366,23.26,1019.724
1789542080,3.7639027900000004,1.88087966,23.25,1019.705
1789542090,3.7566919100000002,1.88310566,23.25,1019.724
1789542100,3.83601159,0.5675396600000001,23.28,1019.723
1789542110,3.85944695,0.5263586600000001,23.26,1019.727
1789542120,3.87567143,1.15075166,23.25,1019.734
1789542130,3.8720659900000003,3.3889946600000003,23.24,1019.742
1789542140,3.87026327,3.38788166,23.22,1019.75
1789542150,3.87567143,3.3912206600000006,23.25,1019.747
1789542160,3.90812039,3.4212716600000004,23.22,1019.741
1789542170,3.9099231100000003,3.42349766,23.24,1019.741
1789542180,3.90812039,3.4212716600000004,23.21,1019.747
1789542190,3.9045149500000003,3.4179326600000004,23.22,1019.75
1789542200,3.9045149500000003,3.4190456600000005,23.21,1019.753
1789542210,3.9099231100000003,3.42349766,23.18,1019.731
1789542220,3.91352855,3.42683666,23.21,1019.752
1789542230,3.91352855,3.42683666,23.21,1019.742
1789542240,3.8991067900000003,3.4134806600000003,23.22,1019.746
1789542250,3.90631767,3.4201586600000002,23.22,1019.743
1789542260,3.9045149500000003,3.4190456600000005,23.19,1019.749
1789542270,3.90812039,3.4223846600000005,23.22,1019.801
1789542280,3.9117258300000004,3.4246106600000004,23.19,1019.762
1789542290,3.9171339900000004,3.4279496600000003,23.22,1019.762
1789542300,3.91893671,3.43017566,23.21,1019.779
1789542310,3.9207394300000002,3.4312886600000003,23.24,1019.778
1789542320,3.91893671,3.43017566,23.26,1019.771
1789542330,3.9207394300000002,3.4312886600000003,23.24,1019.775
1789542340,3.9171339900000004,3.4279496600000003,23.24,1019.778
1789542350,3.9099231100000003,3.4223846600000005,23.25,1019.784
1789542360,3.9099231100000003,3.4223846600000005,23.28,1019.802
1789542370,3.9171339900000004,3.4290626600000005,23.24,1019.815
1789542380,3.9225421500000004,3.4346276600000003,23.28,1019.815
1789542390,3.9207394300000002,3.4324016600000005,23.26,1019.824
1789542400,3.9171339900000004,3.4290626600000005,23.25,1019.814
1789542410,3.9171339900000004,3.4290626600000005,23.25,1019.818
1789542420,3.9207394300000002,3.4324016600000005,23.28,1019.822
1789542430,3.9171339900000004,3.4290626600000005,23.26,1019.808
1789542440,3.9171339900000004,3.43017566,23.28,1019.823
1789542450,3.9171339900000004,3.43017566,23.29,1019.823
1789542460,3.9225421500000004,3.43351466,23.28,1019.822
1789542470,3.92975303,3.44019266,23.26,1019.827
1789542480,3.9279503100000004,3.4390796600000004,23.26,1019.826
1789542490,3.9315557500000002,3.44019266,23.26,1019.821
1789542500,3.9315557500000002,3.4413056600000003,23.28,1019.817
1789542510,3.9315557500000002,3.4424186600000004,23.29,1019.817
1789542520,3.9333584700000004,3.4446446600000002,23.28,1019.826
1789542530,3.93516119,3.4457576600000004,23.26,1019.823
1789542540,3.9387666300000004,3.4468706600000005,23.29,1019.828
1789542550,3.9387666300000004,3.4479836600000002,23.28,1019.824
1789542560,3.9387666300000004,3.4468706600000005,23.29,1019.821
1789542570,3.9369639100000002,3.4468706600000005,23.28,1019.831
1789542580,3.9369639100000002,3.4468706600000005,23.28,1019.82
1789542590,3.93516119,3.4435316600000005,23.28,1019.821
1789542600,3.9369639100000002,3.4457576600000004,23.26,1019.821
1789542610,3.93516119,3.4468706600000005,23.25,1019.831
1789542620,3.93516119,3.4457576600000004,23.28,1019.832
1789542630,3.9333584700000004,3.4446446600000002,23.28,1019.821
1789542640,3.9333584700000004,3.4435316600000005,23.28,1019.824
1789542650,3.93516119,3.4446446600000002,23.26,1019.829
1789542660,3.9369639100000002,3.4457576600000004,23.28,1019.821
1789542670,3.9315557500000002,3.4424186600000004,23.28,1019.82
1789542680,3.9333584700000004,3.4424186600000004,23.29,1019.825
1789542690,3.9315557500000002,3.4413056600000003,23.29,1019.826
1789542700,3.92975303,3.44019266,23.29,1019.821
1789542710,3.92975303,3.44019266,23.29,1019.824
1789542720,3.9279503100000004,3.4390796600000004,23.33,1019.827
1789542730,3.9279503100000004,3.4390796600000004,23.3,1019.833
1789542740,3.92975303,3.44019266,23.29,1019.836
1789542750,3.9279503100000004,3.4379666600000003,23.3,1019.838
1789542760,3.92434487,3.4346276600000003,23.3,1019.837
1789542770,3.92434487,3.4346276600000003,23.32,1019.836
1789542780,3.92434487,3.43351466,23.32,1019.839
1789542790,3.92975303,3.4390796600000004,23.29,1019.848
1789542800,3.92975303,3.4390796600000004,23.3,1019.853
1789542810,3.9261475900000002,3.4379666600000003,23.29,1019.853
1789542820,3.92434487,3.4357406600000004,23.3,1019.851
1789542830,3.9207394300000002,3.4324016600000005,23.32,1019.841
1789542840,3.9171339900000004,3.42683666,23.3,1019.839
1789542850,3.90812039,3.4190456600000005,23.32,1019.841
1789542860,3.9045149500000003,3.4168196600000003,23.32,1019.844
1789542870,3.90271223,3.4134806600000003,23.3,1019.845
1789542880,3.8936986300000003,3.4068026600000003,23.32,1019.851
1789542890,3.8828823100000003,3.3967856600000004,23.32,1019.853
1789542900,3.8720659900000003,3.3867686600000004,23.32,1019.862
1789542910,3.86485511,3.38120366,23.3,1019.901
1789542920,3.87026327,3.38454266,23.29,1019.864
1789542930,3.86485511,3.3800906600000005,23.32,1019.862
1789542940,3.86305239,3.37786466,23.29,1019.848
1789542950,3.86485511,3.38120366,23.33,1019.843
1789542960,3.86846055,3.3834296600000004,23.32,1019.855
1789542970,3.87026327,3.3867686600000004,23.29,1019.858
1789542980,3.8612496700000003,3.3789776600000003,23.32,1019.858
1789542990,3.86846055,3.38454266,23.3,1019.862
1789543000,3.8666578300000003,3.3823166600000003,23.29,1019.858
1789543010,3.8666578300000003,3.3823166600000003,23.29,1019.861
1789543020,3.86485511,3.38120366,23.3,1019.86
1789543030,3.86485511,3.38120366,23.29,1019.854
1789543040,3.85764423,3.37452566,23.29,1019.857
1789543050,3.85764423,3.3734126600000005,23.28,1019.86
1789543060,3.84322247,3.36339566,23.3,1019.859
1789543070,3.82519527,3.34670066,23.26,1019.861
1789543080,3.81437895,3.3377966600000004,23.25,1019.859
1789543090,3.80536535,3.32889266,23.28,1019.858
1789543100,3.79995719,3.3244406600000005,23.25,1019.861
1789543110,3.8017599100000004,3.3266666600000003,23.26,1019.865
1789543120,3.8071680700000003,3.3311186600000005,23.29,1019.863
1789543130,3.81077351,3.3344576600000004,23.28,1019.861
1789543140,3.80536535,3.3300056600000003,23.29,1019.915
1789543150,3.80536535,3.3300056600000003,23.28,1019.865
1789543160,3.8017599100000004,3.32889266,23.28,1019.861
1789543170,3.8017599100000004,3.3277796600000005,23.28,1019.864
1789543180,3.79815447,3.32555366,23.28,1019.864
1789543190,3.80356263,3.3300056600000003,23.28,1019.864
1789543200,3.79995719,3.32555366,23.29,1019.867
1789543210,3.8017599100000004,3.32889266,23.3,1019.863
1789543220,3.8125762300000003,3.3389096600000006,23.29,1019.859
1789543230,3.81978711,3.3444746600000004,23.3,1019.862
1789543240,3.83060343,3.35337866,23.3,1019.863
1789543250,3.84682791,3.3689606600000004,23.29,1019.864
1789543260,3.85944695,3.38120366,23.29,1019.866
1789543270,3.87927687,3.3967856600000004,23.3,1019.876
1789543280,3.8882904700000003,3.40568966,23.3,1019.878
1789543290,3.89550135,3.41236766,23.29,1019.884
1789543300,3.89009319,3.4068026600000003,23.32,1019.864
1789543310,3.90271223,3.4179326600000004,23.32,1019.883
1789543320,3.90631767,3.4201586600000002,23.33,1019.902
1789543330,3.9045149500000003,3.4190456600000005,23.29,1019.901
1789543340,3.90631767,3.4212716600000004,23.32,1019.894
1789543350,3.90090951,3.4168196600000003,23.32,1019.907
1789543360,3.90812039,3.4223846600000005,23.32,1019.915
1789543370,3.8991067900000003,3.41570666,23.35,1019.937
1789543380,3.89550135,3.4112546600000004,23.32,1019.917
1789543390,3.89009319,3.4079156600000005,23.35,1019.916
1789543400,3.8882904700000003,3.40568966,23.33,1019.933
1789543410,3.8828823100000003,3.4001246600000004,23.32,1019.927
1789543420,3.8828823100000003,3.4012376600000005,23.3,1019.917
1789543430,3.8720659900000003,3.3912206600000006,23.3,1019.92
1789543440,3.86305239,3.3834296600000004,23.32,1019.923
1789543450,3.84141975,3.36339566,23.3,1019.928
1789543460,3.83781431,3.36005666,23.32,1019.933
1789543470,3.8450251900000003,3.3667346600000005,23.3,1019.92
1789543480,3.83060343,3.3544916600000003,23.32,1019.948
1789543490,3.84322247,3.36339566,23.32,1019.935
1789543500,3.8450251900000003,3.3656216600000004,23.32,1019.941
1789543510,3.85403879,3.37452566,23.3,1019.961
1789543520,3.8450251900000003,3.3689606600000004,23.29,1019.965
1789543530,3.8504333500000003,3.3734126600000005,23.32,1019.972
1789543540,3.85944695,3.38120366,23.28,1020.014
1789543550,3.85403879,3.3767516600000005,23.29,1019.957
1789543560,3.85944695,3.38120366,23.3,1019.954
1789543570,3.88468503,3.4034636600000003,23.3,1019.944
1789543580,3.89009319,3.4068026600000003,23.28,1019.944
1789543590,3.90090951,3.4168196600000003,23.3,1019.937
1789543600,3.90812039,3.42349766,23.29,1019.943
1789543610,3.91352855,3.4279496600000003,23.32,1019.943
1789543620,3.9207394300000002,3.43351466,23.35,1019.953
1789543630,3.9225421500000004,3.4357406600000004,23.32,1019.951
1789543640,3.9315557500000002,3.4435316600000005,23.35,1019.943
1789543650,3.92975303,3.4424186600000004,23.32,1019.938
1789543660,3.92975303,3.4424186600000004,23.33,1019.94
1789543670,3.9279503100000004,3.4413056600000003,23.32,1019.929
1789543680,3.9261475900000002,3.44019266,23.33,1019.93
1789543690,3.92434487,3.4379666600000003,23.36,1019.941
1789543700,3.90631767,3.4223846600000005,23.32,1019.954
1789543710,3.89550135,3.4134806600000003,23.3,1019.958
1789543720,3.90090951,3.4179326600000004,23.33,1019.963
1789543730,3.90631767,3.4223846600000005,23.33,1019.958
1789543740,3.91893671,3.43351466,23.32,1019.954
1789543750,3.9207394300000002,3.4357406600000004,23.33,1019.946
1789543760,3.9117258300000004,3.4246106600000004,23.33,1019.954
1789543770,3.9171339900000004,3.4290626600000005,23.32,1019.946
1789543780,3.9153312700000003,3.4290626600000005,23.35,1019.946
1789543790,3.9207394300000002,3.43351466,23.38,1019.94
1789543800,3.9369639100000002,3.4479836600000002,23.35,1019.943
1789543810,3.9333584700000004,3.4457576600000004,23.33,1019.943
1789543820,3.9315557500000002,3.4446446600000002,23.33,1019.933
1789543830,3.92975303,3.4435316600000005,23.32,1019.937
1789543840,3.93516119,3.4468706600000005,23.38,1019.932
1789543850,3.9387666300000004,3.4502096600000005,23.35,1019.934
1789543860,3.9369639100000002,3.4479836600000002,23.35,1019.928
1789543870,3.9369639100000002,3.4479836600000002,23.36,1019.922
1789543880,3.93516119,3.4468706600000005,23.35,1019.919
1789543890,3.93516119,3.4479836600000002,23.35,1019.973
1789543900,3.93516119,3.4468706600000005,23.33,1019.922
1789543910,3.9369639100000002,3.4479836600000002,23.38,1019.925
1789543920,3.9387666300000004,3.4502096600000005,23.36,1019.931
1789543930,3.9387666300000004,3.4490966600000004,23.36,1019.93
1789543940,3.9387666300000004,3.4502096600000005,23.36,1019.919
1789543950,3.94056935,3.4524356600000004,23.35,1019.928
1789543960,3.9369639100000002,3.4502096600000005,23.36,1019.927
1789543970,3.94056935,3.4524356600000004,23.35,1019.937
1789543980,3.94056935,3.45132266,23.33,1019.93
1789543990,3.9387666300000004,3.4502096600000005,23.33,1019.938
1789544000,3.93516119,3.4479836600000002,23.33,1019.938
1789544010,3.9333584700000004,3.4468706600000005,23.35,1019.938
1789544020,3.9333584700000004,3.4468706600000005,23.32,1019.938
1789544030,3.92975303,3.4424186600000004,23.33,1019.938
1789544040,3.9333584700000004,3.4468706600000005,23.35,1019.937
1789544050,3.9387666300000004,3.45132266,23.35,1019.94
1789544060,3.94056935,3.45132266,23.33,1019.932
1789544070,3.9369639100000002,3.4479836600000002,23.33,1019.936
1789544080,3.9369639100000002,3.4502096600000005,23.35,1019.935
1789544090,3.94056935,3.4524356600000004,23.35,1019.933
1789544100,3.9387666300000004,3.45132266,23.33,1019.936
1789544110,3.9369639100000002,3.4502096600000005,23.35,1019.95
1789544120,3.9279503100000004,3.4413056600000003,23.35,1019.953
1789544130,3.92975303,3.4435316600000005,23.35,1019.956
1789544140,3.9279503100000004,3.4413056600000003,23.33,1019.956
1789544150,3.92975303,3.4435316600000005,23.33,1019.955
1789544160,3.9315557500000002,3.4457576600000004,23.35,1019.958
1789544170,3.9333584700000004,3.4457576600000004,23.33,1019.951
1789544180,3.9333584700000004,3.4479836600000002,23.32,1019.95
1789544190,3.9315557500000002,3.4446446600000002,23.36,1019.947
1789544200,3.9261475900000002,3.4390796600000004,23.36,1019.943
1789544210,3.92434487,3.4390796600000004,23.36,1019.945
1789544220,3.92975303,3.4435316600000005,23.35,1019.938
1789544230,3.9315557500000002,3.4446446600000002,23.36,1019.935
1789544240,3.9261475900000002,3.4413056600000003,23.35,1019.95
1789544250,3.9261475900000002,3.4390796600000004,23.33,1019.961
1789544260,3.9261475900000002,3.44019266,23.35,1019.951
1789544270,3.9261475900000002,3.4390796600000004,23.35,1019.947
1789544280,3.92434487,3.4379666600000003,23.35,1019.942
1789544290,3.9279503100000004,3.4413056600000003,23.33,1019.94
1789544300,3.92434487,3.4390796600000004,23.35,1019.941
1789544310,3.9261475900000002,3.44019266,23.35,1019.934
1789544320,3.92975303,3.4424186600000004,23.35,1019.927
1789544330,3.93516119,3.4468706600000005,23.33,1019.926
1789544340,3.9369639100000002,3.4490966600000004,23.33,1019.924
1789544350,3.93516119,3.4468706600000005,23.35,1019.92
1789544360,3.9369639100000002,3.4490966600000004,23.35,1019.969
1789544370,3.94056935,3.4524356600000004,23.36,1019.927
1789544380,3.9423720700000002,3.4535486600000005,23.36,1019.925
1789544390,3.9423720700000002,3.4535486600000005,23.38,1019.922
1789544400,3.9423720700000002,3.4524356600000004,23.36,1019.92
1789544410,3.94056935,3.4502096600000005,23.38,1019.93
1789544420,3.93516119,3.4457576600000004,23.35,1019.932
1789544430,3.92434487,3.4357406600000004,23.38,1019.975
1789544440,3.9117258300000004,3.42349766,23.39,1019.925
1789544450,3.9045149500000003,3.4179326600000004,23.36,1019.933
1789544460,3.90271223,3.4168196600000003,23.36,1019.933
1789544470,3.90090951,3.4145936600000004,23.38,1019.934
1789544480,3.90631767,3.4190456600000005,23.35,1019.931
1789544490,3.9045149500000003,3.4168196600000003,23.36,1019.937
1789544500,3.90631767,3.4179326600000004,23.38,1019.948
1789544510,3.8991067900000003,3.4101416600000003,23.38,1019.948
1789544520,3.9045149500000003,3.41570666,23.38,1019.945
1789544530,3.9153312700000003,3.42683666,23.39,1019.954
1789544540,3.92434487,3.4346276600000003,23.39,1019.967
1789544550,3.9315557500000002,3.4435316600000005,23.38,1019.951
1789544560,3.9261475900000002,3.4379666600000003,23.39,1019.961
1789544570,3.92434487,3.43685366,23.39,1019.968
1789544580,3.92434487,3.43685366,23.39,1019.956
1789544590,3.92434487,3.4357406600000004,23.38,1019.96
1789544600,3.9225421500000004,3.4346276600000003,23.33,1019.97
1789544610,3.9261475900000002,3.4379666600000003,23.39,1019.967
1789544620,3.9261475900000002,3.43685366,23.41,1019.964
1789544630,3.9171339900000004,3.4279496600000003,23.38,1019.968
1789544640,3.9099231100000003,3.4223846600000005,23.33,1019.963
1789544650,3.9099231100000003,3.4223846600000005,23.36,1019.964
1789544660,3.90812039,3.4212716600000004,23.36,1019.966
1789544670,3.90271223,3.4168196600000003,23.33,1019.963
1789544680,3.89550135,3.4101416600000003,23.36,1019.971
1789544690,3.8936986300000003,3.40902866,23.38,1019.967
1789544700,3.88468503,3.4001246600000004,23.38,1019.965
1789544710,3.87927687,3.3956726600000002,23.39,1019.961
1789544720,3.87026327,3.3867686600000004,23.39,1019.961
1789544730,3.8720659900000003,3.3889946600000003,23.38,1019.963
1789544740,3.87026327,3.38788166,23.38,1019.966
1789544750,3.87026327,3.38788166,23.41,1019.964
1789544760,3.8612496700000003,3.38120366,23.39,1019.957
1789544770,3.85223607,3.3711866600000002,23.39,1019.951
1789544780,3.85403879,3.3734126600000005,23.41,1019.949
1789544790,3.8504333500000003,3.3711866600000002,23.41,1019.947
1789544800,3.85223607,3.3711866600000002,23.39,1019.942
1789544810,3.85223607,3.3700736600000005,23.42,1019.946
1789544820,3.85764423,3.3767516600000005,23.42,1019.938
1789544830,3.8612496700000003,3.3800906600000005,23.41,1019.938
1789544840,3.8612496700000003,3.3800906600000005,23.42,1019.946
1789544850,3.85944695,3.37786466,23.41,1019.94
1789544860,3.8558415100000003,3.37452566,23.41,1019.947
1789544870,3.85223607,3.3722996600000004,23.42,1019.953
1789544880,3.85403879,3.37452566,23.42,1019.957
1789544890,3.85944695,3.3800906600000005,23.41,1019.959
1789544900,3.86305239,3.38120366,23.45,1019.954
1789544910,3.86305239,3.3823166600000003,23.42,1019.948
1789544920,3.8666578300000003,3.3856556600000003,23.42,1019.945
1789544930,3.86305239,3.3823166600000003,23.43,1019.948
1789544940,3.86485511,3.3834296600000004,23.43,1019.948
1789544950,3.8612496700000003,3.38120366,23.45,1019.95
1789544960,3.86305239,3.3823166600000003,23.45,1019.948
1789544970,3.85944695,3.3789776600000003,23.43,1019.943
1789544980,3.8612496700000003,3.3789776600000003,23.46,1019.943
1789544990,3.8612496700000003,3.38120366,23.46,1019.943
1789545000,3.86846055,3.3856556600000003,23.46,1019.932
1789545010,3.86846055,3.3867686600000004,23.42,1019.933
1789545020,3.86485511,3.38454266,23.45,1019.935
1789545030,3.86846055,3.3867686600000004,23.46,1019.932
1789545040,3.86846055,3.3867686600000004,23.46,1019.933
1789545050,3.8666578300000003,3.38454266,23.48,1019.932
1789545060,3.86485511,3.3834296600000004,23.48,1019.935
1789545070,3.8612496700000003,3.3800906600000005,23.48,1019.942
1789545080,3.85944695,3.3767516600000005,23.46,1019.943
1789545090,3.8612496700000003,3.38120366,23.45,1019.954
1789545100,3.8666578300000003,3.3856556600000003,23.46,1019.956
1789545110,3.8720659900000003,3.3901076600000004,23.49,1019.961
1789545120,3.87567143,3.3945596600000005,23.48,1019.947
1789545130,3.87567143,3.3945596600000005,23.46,1019.956
1789545140,3.8720659900000003,3.3912206600000006,23.48,1019.951
1789545150,3.87567143,3.3945596600000005,23.48,1019.954
1789545160,3.8774741500000003,3.3945596600000005,23.48,1019.946
1789545170,3.87386871,3.3923336600000003,23.5,1019.956
1789545180,3.88107959,3.39901166,23.5,1019.965
1789545190,3.8828823100000003,3.4012376600000005,23.49,1019.969
1789545200,3.8882904700000003,3.40568966,23.49,1019.975
1789545210,3.88648775,3.4045766600000005,23.49,1019.976
1789545220,3.89009319,3.4079156600000005,23.49,1019.976
1789545230,3.89550135,3.41236766,23.5,1019.974
1789545240,3.90090951,3.4168196600000003,23.49,1020.033
1789545250,3.89189591,3.40902866,23.48,1019.989
1789545260,3.87026327,3.3901076600000004,23.49,1020.001
1789545270,3.8612496700000003,3.3823166600000003,23.48,1019.999
1789545280,3.85944695,3.3800906600000005,23.46,1020.048
1789545290,3.86305239,3.3834296600000004,23.43,1019.99
1789545300,3.86485511,3.3867686600000004,23.43,1019.999
1789545310,3.85944695,3.3800906600000005,23.43,1020.007
1789545320,3.85944695,3.3800906600000005,23.43,1020.013
1789545330,3.8612496700000003,3.3823166600000003,23.43,1020.021
1789545340,3.86846055,3.38788166,23.42,1020.02
1789545350,3.87026327,3.3912206600000006,23.43,1020.015
1789545360,3.8828823100000003,3.4012376600000005,23.42,1020.017
1789545370,3.88648775,3.40568966,23.41,1020.018
1789545380,3.8936986300000003,3.4112546600000004,23.46,1020.036
1789545390,3.90812039,3.42349766,23.46,1020.049
1789545400,3.91352855,3.4290626600000005,23.43,1020.057
1789545410,3.9117258300000004,3.42683666,23.48,1020.045
1789545420,3.9117258300000004,3.4279496600000003,23.45,1020.072
1789545430,3.9153312700000003,3.4290626600000005,23.48,1020.066
1789545440,3.9099231100000003,3.4246106600000004,23.46,1020.078
1789545450,3.9099231100000003,3.4246106600000004,23.49,1020.07
1789545460,3.9045149500000003,3.4201586600000002,23.45,1020.067
1789545470,3.90631767,3.4223846600000005,23.48,1020.07
1789545480,3.9045149500000003,3.4201586600000002,23.5,1020.065
1789545490,3.8882904700000003,3.40568966,23.48,1020.082
1789545500,3.8720659900000003,3.3923336600000003,23.48,1020.082
1789545510,3.85944695,3.38120366,23.46,1020.076
1789545520,3.86485511,3.3856556600000003,23.49,1020.08
1789545530,3.86485511,3.3867686600000004,23.46,1020.082
1789545540,3.87567143,3.3945596600000005,23.46,1020.081
1789545550,3.87386871,3.3934466600000004,23.45,1020.081
1789545560,3.8666578300000003,3.38788166,23.43,1020.101
1789545570,3.86305239,3.38454266,23.43,1020.105
1789545580,3.85944695,3.38120366,23.42,1020.095
1789545590,3.86485511,3.3867686600000004,23.43,1020.085
1789545600,3.8720659900000003,3.3912206600000006,23.43,1020.08
1789545610,3.8774741500000003,3.3956726600000002,23.45,1020.088
1789545620,3.87927687,3.39901166,23.48,1020.084
1789545630,3.87927687,3.3978986600000005,23.49,1020.081
1789545640,3.88107959,3.4001246600000004,23.46,1020.077
1789545650,3.87927687,3.3978986600000005,23.48,1020.083
1789545660,3.88648775,3.4045766600000005,23.49,1020.09
1789545670,3.88648775,3.4045766600000005,23.49,1020.079
1789545680,3.89189591,3.40902866,23.49,1020.081
1789545690,3.89189591,3.40902866,23.49,1020.086
1789545700,3.89730407,3.4134806600000003,23.49,1020.082
1789545710,3.90271223,3.4190456600000005,23.48,1020.077
1789545720,3.90631767,3.4212716600000004,23.5,1020.082
1789545730,3.90271223,3.4179326600000004,23.48,1020.085
1789545740,3.8991067900000003,3.41570666,23.49,1020.089
1789545750,3.89730407,3.4145936600000004,23.49,1020.093
1789545760,3.89550135,3.41236766,23.49,1020.138
1789545770,3.90090951,3.4179326600000004,23.5,1020.105
1789545780,3.89550135,3.4112546600000004,23.5,1020.097
1789545790,3.89189591,3.40902866,23.49,1020.099
