1787067620,0.826384,0.6789534,25.4
1787067630,0.821041,0.6743844,25.4
1787067640,0.80145,0.6588498,25.37
1787067650,0.806793,0.662505,25.38
1787067660,0.80145,0.657936,25.37
1787067670,0.797888,0.6542808,25.37
1787067680,0.792545,0.6497118,25.36
1787067690,0.7872020000000001,0.6451428,25.36
1787067700,0.785421,0.6433152,25.36
1787067710,0.781859,0.6414875999999999,25.36
1787067720,0.781859,0.6424014,25.36
1787067730,0.7872020000000001,0.6460566,25.36
1787067740,0.790764,0.6478842,25.36
1787067750,0.794326,0.6515394,25.37
1787067760,0.790764,0.648798,25.38
1787067770,0.799669,0.6561084,25.37
1787067780,0.78364,0.6433152,25.37
1787067790,0.771173,0.6323496,25.4
1787067800,0.771173,0.6314358,25.4
1787067810,0.771173,0.6323496,25.38
1787067820,0.776516,0.6360048,25.4
1787067830,0.780078,0.63966,25.4
1787067840,0.78364,0.6433152,25.44
1787067850,0.780078,0.6405738,25.41
1787067860,0.764049,0.6268668,25.43
1787067870,0.769392,0.630522,25.38
1787067880,0.769392,0.6314358,25.4
1787067890,0.769392,0.6314358,25.4
1787067900,0.772954,0.6332634,25.38
1787067910,0.772954,0.6332634,25.37
1787067920,0.778297,0.6378324,25.38
1787067930,0.778297,0.6378324,25.37
1787067940,0.7747350000000001,0.635091,25.38
1787067950,0.772954,0.6341772,25.37
1787067960,0.76583,0.6286944,25.37
1787067970,0.771173,0.6323496,25.4
1787067980,0.771173,0.6323496,25.41
1787067990,0.7747350000000001,0.635091,25.4
1787068000,0.778297,0.6378324,25.38
1787068010,0.778297,0.6387462,25.4
1787068020,0.781859,0.6405738,25.38
1787068030,0.778297,0.6378324,25.4
1787068040,0.7747350000000001,0.635091,25.37
1787068050,0.781859,0.6414875999999999,25.37
1787068060,0.78364,0.6424014,25.36
1787068070,0.7872020000000001,0.6460566,25.34
1787068080,0.792545,0.6506256,25.36
1787068090,0.797888,0.6542808,25.36
1787068100,0.797888,0.6551946,25.37
1787068110,0.8050120000000001,0.6606774,25.34
1787068120,0.813917,0.6679878,25.37
1787068130,0.824603,0.6780396,25.37
1787068140,0.8174790000000001,0.6707292,25.37
1787068150,0.810355,0.6643325999999999,25.37
1787068160,0.803231,0.6588498,25.38
1787068170,0.8174790000000001,0.671643,25.36
1787068180,0.813917,0.6679878,25.34
1787068190,0.826384,0.6780396,25.36
1787068200,0.822822,0.676212,25.36
1787068210,0.831727,0.6835224,25.36
1787068220,0.829946,0.6816947999999999,25.36
1787068230,0.831727,0.6844361999999999,25.36
1787068240,0.838851,0.6890052,25.37
1787068250,0.849537,0.6981432,25.36
1787068260,0.83707,0.6890052,25.37
1787068270,0.842413,0.6935742,25.38
1787068280,0.83707,0.6880914,25.37
1787068290,0.8477560000000001,0.6972294,25.37
1787068300,0.853099,0.7027122,25.36
1787068310,0.840632,0.6926604,25.37
1787068320,0.828165,0.6816947999999999,25.36
1787068330,0.828165,0.6816947999999999,25.4
1787068340,0.831727,0.6835224,25.38
1787068350,0.833508,0.68535,25.37
1787068360,0.829946,0.6826086,25.37
1787068370,0.8352890000000001,0.6862638,25.37
1787068380,0.833508,0.6862638,25.34
1787068390,0.833508,0.68535,25.37
1787068400,0.829946,0.6835224,25.37
1787068410,0.831727,0.6844361999999999,25.36
1787068420,0.856661,0.7045397999999999,25.38
1787068430,0.858442,0.7063674,25.38
1787068440,0.883376,0.7273847999999999,25.37
1787068450,0.885157,0.7292124,25.34
1787068460,0.888719,0.73104,25.37
1787068470,0.904748,0.7447469999999999,25.33
1787068480,0.892281,0.7337814,25.33
1787068490,0.897624,0.7383504,25.33
1787068500,0.9207770000000001,0.758454,25.33
1787068510,0.911872,0.7502298,25.3
1787068520,0.92612,0.7621092,25.36
1787068530,0.927901,0.7639368,25.33
1787068540,0.9207770000000001,0.7575402,25.34
1787068550,0.929682,0.7648505999999999,25.34
1787068560,0.911872,0.7502298,25.34
1787068570,0.901186,0.7410918,25.33
1787068580,0.913653,0.7520574,25.32
1787068590,0.9083100000000001,0.7474883999999999,25.32
1787068600,0.913653,0.7511436,25.33
1787068610,0.913653,0.7520574,25.3
1787068620,0.9083100000000001,0.7465746,25.3
1787068630,0.9207770000000001,0.7575402,25.32
1787068640,0.917215,0.7547988,25.32
1787068650,0.9207770000000001,0.7575402,25.3
1787068660,0.935025,0.7694196,25.32
1787068670,0.935025,0.7694196,25.29
1787068680,0.936806,0.772161,25.33
1787068690,0.949273,0.781299,25.3
1787068700,0.9688640000000001,0.7986612,25.32
1787068710,0.96174,0.7922646,25.32
1787068720,0.958178,0.7886094,25.33
1787068730,0.947492,0.7803852,25.32
1787068740,0.931463,0.7675919999999999,25.3
1787068750,0.942149,0.77673,25.32
1787068760,0.952835,0.785868,25.32
1787068770,0.927901,0.7648505999999999,25.32
1787068780,0.945711,0.7794714,25.34
1787068790,0.947492,0.7803852,25.32
1787068800,0.954616,0.7867818,25.29
1787068810,0.940368,0.7739886,25.27
1787068820,0.940368,0.7739886,25.3
1787068830,0.936806,0.7712472,25.3
1787068840,0.949273,0.7822128,25.29
1787068850,0.917215,0.7547988,25.3
1787068860,0.910091,0.749316,25.3
1787068870,0.915434,0.753885,25.29
1787068880,0.929682,0.7657644,25.27
1787068890,0.945711,0.7785576,25.29
1787068900,0.931463,0.7666782,25.29
1787068910,0.924339,0.7611954,25.27
1787068920,0.936806,0.7712472,25.27
1787068930,0.94393,0.7776438,25.27
1787068940,0.96174,0.7931784,25.29
1787068950,0.940368,0.7758162,25.32
1787068960,0.954616,0.7867818,25.32
1787068970,0.965302,0.7968336,25.29
1787068980,0.974207,0.8032302,25.3
1787068990,0.974207,0.804144,25.29
1787069000,0.983112,0.8105405999999999,25.3
1787069010,0.9813310000000001,0.8096268,25.32
1787069020,0.9813310000000001,0.808713,25.3
1787069030,0.995579,0.8215062,25.32
1787069040,1.0027030000000001,0.826989,25.3
1787069050,0.995579,0.8215062,25.29
1787069060,1.013389,0.8370408,25.29
1787069070,1.018732,0.840696,25.3
1787069080,1.016951,0.8388684,25.3
1787069090,1.020513,0.8425236,25.29
1787069100,1.031199,0.8507477999999999,25.3
1787069110,1.027637,0.8480063999999999,25.27
1787069120,1.034761,0.854403,25.3
1787069130,1.027637,0.8489202,25.3
1787069140,1.027637,0.8489202,25.29
1787069150,1.03298,0.8534892,25.29
1787069160,1.040104,0.8580582,25.3
1787069170,1.043666,0.8617134,25.3
1787069180,1.043666,0.8617134,25.3
1787069190,1.047228,0.8644548,25.3
1787069200,1.052571,0.8699376,25.32
1787069210,1.052571,0.8690238,25.3
1787069220,1.043666,0.8617134,25.29
1787069230,1.0151700000000001,0.8379546,25.29
1787069240,1.0027030000000001,0.8279027999999999,25.32
1787069250,0.975988,0.8059716,25.27
1787069260,0.947492,0.7822128,25.3
1787069270,0.94393,0.7785576,25.3
1787069280,0.924339,0.7611954,25.29
1787069290,0.910091,0.749316,25.29
1787069300,0.892281,0.7337814,25.32
1787069310,0.869128,0.7155054,25.3
1787069320,0.870909,0.717333,25.3
1787069330,0.85488,0.7027122,25.29
1787069340,0.8352890000000001,0.6871775999999999,25.3
1787069350,0.824603,0.6771258,25.3
1787069360,0.794326,0.6515394,25.29
1787069370,0.792545,0.6497118,25.32
1787069380,0.785421,0.6451428,25.29
1787069390,0.792545,0.6515394,25.27
1787069400,0.785421,0.6442289999999999,25.29
1787069410,0.781859,0.6414875999999999,25.29
1787069420,0.78364,0.6424014,25.27
1787069430,0.778297,0.6378324,25.27
1787069440,0.7747350000000001,0.6360048,25.26
1787069450,0.7747350000000001,0.635091,25.27
1787069460,0.7747350000000001,0.635091,25.24
1787069470,0.772954,0.6341772,25.27
1787069480,0.7747350000000001,0.6360048,25.24
1787069490,0.776516,0.6369186,25.26
1787069500,0.781859,0.6414875999999999,25.24
1787069510,0.785421,0.6442289999999999,25.26
1787069520,0.788983,0.6469704,25.24
1787069530,0.788983,0.6469704,25.24
1787069540,0.788983,0.6478842,25.29
1787069550,0.796107,0.653367,25.24
1787069560,0.799669,0.6561084,25.26
1787069570,0.810355,0.6652464,25.26
1787069580,0.812136,0.667074,25.24
1787069590,0.8174790000000001,0.671643,25.24
1787069600,0.829946,0.680781,25.26
1787069610,0.829946,0.6816947999999999,25.24
1787069620,0.838851,0.6890052,25.23
1787069630,0.840632,0.689919,25.24
1787069640,0.853099,0.7017983999999999,25.24
1787069650,0.856661,0.7045397999999999,25.24
1787069660,0.876252,0.7200744,25.23
1787069670,0.8780330000000001,0.7228158,25.2
1787069680,0.867347,0.712764,25.2
1787069690,0.874471,0.7191606,25.19
1787069700,0.892281,0.7337814,25.22
1787069710,0.901186,0.7410918,25.23
1787069720,0.901186,0.7410918,25.2
1787069730,0.9083100000000001,0.7474883999999999,25.2
1787069740,0.92612,0.763023,25.2
1787069750,0.952835,0.7849541999999999,25.19
1787069760,0.940368,0.7739886,25.2
1787069770,0.949273,0.781299,25.23
1787069780,0.965302,0.795006,25.19
1787069790,0.965302,0.7940922,25.2
1787069800,0.970645,0.8004888,25.17
1787069810,0.984893,0.8123682,25.19
1787069820,0.990236,0.8160234,25.2
1787069830,1.0027030000000001,0.826989,25.16
1787069840,1.004484,0.8288166,25.17
1787069850,1.022294,0.8443512,25.19
1787069860,1.029418,0.8489202,25.17
1787069870,1.031199,0.8516616,25.19
1787069880,1.045447,0.8626272,25.17
1787069890,1.056133,0.8717652,25.19
1787069900,1.061476,0.8763342,25.19
1787069910,1.066819,0.8799894,25.17
1787069920,1.072162,0.8854721999999999,25.17
1787069930,1.0757240000000001,0.8872998,25.17
1787069940,1.079286,0.8909549999999999,25.17
1787069950,1.079286,0.8918688,25.17
1787069960,1.082848,0.8936964,25.16
1787069970,1.084629,0.895524,25.17
1787069980,1.084629,0.8964378,25.16
1787069990,1.08641,0.8964378,25.17
1787070000,1.097096,0.9064896,25.17
1787070010,1.093534,0.9037482,25.16
1787070020,1.091753,0.9010068,25.16
1787070030,1.098877,0.9074034,25.16
1787070040,1.097096,0.9055757999999999,25.16
1787070050,1.097096,0.9055757999999999,25.17
1787070060,1.095315,0.904662,25.17
1787070070,1.095315,0.904662,25.16
1787070080,1.091753,0.9019206,25.17
1787070090,1.082848,0.8936964,25.16
1787070100,1.088191,0.8982654,25.16
1787070110,1.088191,0.8973516,25.15
1787070120,1.088191,0.8973516,25.16
1787070130,1.081067,0.8927826,25.13
1787070140,1.088191,0.8973516,25.12
1787070150,1.072162,0.8845584,25.12
1787070160,1.0757240000000001,0.8882135999999999,25.12
1787070170,1.0686,0.881817,25.12
1787070180,1.0757240000000001,0.8872998,25.1
1787070190,1.072162,0.8854721999999999,25.12
1787070200,1.072162,0.8845584,25.1
1787070210,1.0632570000000001,0.877248,25.12
1787070220,1.049009,0.8653685999999999,25.13
1787070230,1.052571,0.8681099999999999,25.12
1787070240,1.0507900000000001,0.8662824,25.13
1787070250,1.045447,0.8617134,25.13
1787070260,1.027637,0.8470926,25.12
1787070270,1.038323,0.8562306,25.1
1787070280,1.029418,0.8480063999999999,25.1
1787070290,1.020513,0.8416098,25.12
1787070300,1.009827,0.831558,25.12
1787070310,1.006265,0.8288166,25.13
1787070320,0.992017,0.8169372,25.12
1787070330,1.006265,0.8288166,25.1
1787070340,1.011608,0.8324718,25.1
1787070350,0.983112,0.808713,25.08
1787070360,0.977769,0.8050577999999999,25.09
1787070370,0.975988,0.8032302,25.08
1787070380,0.972426,0.799575,25.09
1787070390,0.965302,0.795006,25.08
1787070400,0.949273,0.781299,25.09
1787070410,0.947492,0.7785576,25.08
1787070420,0.945711,0.77673,25.1
1787070430,0.936806,0.7694196,25.06
1787070440,0.945711,0.77673,25.06
1787070450,0.935025,0.7675919999999999,25.06
1787070460,0.917215,0.7529712,25.03
1787070470,0.918996,0.7547988,25.06
1787070480,0.9207770000000001,0.7557126,25.05
1787070490,0.918996,0.7547988,25.05
1787070500,0.904748,0.7438332,25.06
1787070510,0.888719,0.7301262,25.03
1787070520,0.892281,0.7328676,25.03
1787070530,0.886938,0.7273847999999999,25.03
1787070540,0.87269,0.7155054,25.03
1787070550,0.870909,0.7145916,25.02
1787070560,0.867347,0.7118502,25.05
1787070570,0.869128,0.7118502,25.05
1787070580,0.8477560000000001,0.6954018,25.03
1787070590,0.851318,0.699057,25.05
1787070600,0.851318,0.6972294,25.03
1787070610,0.842413,0.6908328,25.03
1787070620,0.838851,0.6880914,25.03
1787070630,0.83707,0.68535,25.05
1787070640,0.833508,0.6826086,25.05
1787070650,0.812136,0.6652464,25.05
1787070660,0.808574,0.662505,25.05
1787070670,0.806793,0.6606774,25.05
1787070680,0.80145,0.6561084,25.03
1787070690,0.80145,0.6561084,25.02
1787070700,0.797888,0.6524532,25.03
1787070710,0.790764,0.6478842,25.03
1787070720,0.7872020000000001,0.6442289999999999,25.02
1787070730,0.790764,0.6469704,25.0
1787070740,0.792545,0.6478842,25.02
1787070750,0.790764,0.6478842,25.0
1787070760,0.788983,0.6451428,25.02
1787070770,0.785421,0.6433152,25.02
1787070780,0.7872020000000001,0.6442289999999999,25.0
1787070790,0.785421,0.6433152,25.02
1787070800,0.78364,0.6414875999999999,24.97
1787070810,0.785421,0.6433152,24.99
1787070820,0.781859,0.6405738,24.99
1787070830,0.776516,0.635091,25.0
1787070840,0.785421,0.6424014,24.97
1787070850,0.78364,0.6414875999999999,24.97
1787070860,0.781859,0.6387462,24.99
1787070870,0.788983,0.6451428,24.97
1787070880,0.785421,0.6424014,24.99
1787070890,0.796107,0.6515394,25.0
1787070900,0.796107,0.6515394,24.97
1787070910,0.794326,0.6506256,25.0
1787070920,0.796107,0.6515394,25.0
1787070930,0.799669,0.6542808,25.02
1787070940,0.797888,0.653367,25.0
1787070950,0.806793,0.6606774,25.0
1787070960,0.806793,0.6597636,24.99
1787070970,0.803231,0.657936,25.0
1787070980,0.810355,0.6634188,25.0
1787070990,0.803231,0.6570222,24.99
1787071000,0.80145,0.6551946,24.99
1787071010,0.803231,0.657936,24.99
1787071020,0.810355,0.662505,24.96
1787071030,0.81926,0.6707292,24.97
1787071040,0.813917,0.667074,24.96
1787071050,0.813917,0.6661602,24.97
1787071060,0.8174790000000001,0.6698154,24.99
1787071070,0.821041,0.671643,24.97
1787071080,0.8174790000000001,0.6689016,24.96
1787071090,0.828165,0.6789534,24.97
1787071100,0.826384,0.676212,24.97
1787071110,0.8352890000000001,0.68535,24.97
1787071120,0.838851,0.6871775999999999,24.95
1787071130,0.845975,0.694488,24.95
1787071140,0.856661,0.703626,24.92
1787071150,0.8477560000000001,0.6954018,24.96
1787071160,0.863785,0.708195,24.96
1787071170,0.85488,0.7017983999999999,24.93
1787071180,0.860223,0.7063674,24.93
1787071190,0.856661,0.7017983999999999,24.93
1787071200,0.876252,0.7191606,24.95
1787071210,0.8780330000000001,0.7200744,24.97
1787071220,0.879814,0.7228158,24.95
1787071230,0.883376,0.7246433999999999,24.95
1787071240,0.892281,0.7319538,24.95
1787071250,0.888719,0.7292124,24.95
1787071260,0.886938,0.7282986,24.93
1787071270,0.892281,0.7328676,24.95
1787071280,0.892281,0.7328676,24.96
1787071290,0.897624,0.7365228,24.95
1787071300,0.899405,0.7383504,24.93
1787071310,0.8958430000000001,0.735609,24.95
1787071320,0.894062,0.7337814,24.95
1787071330,0.906529,0.7447469999999999,24.92
1787071340,0.913653,0.7502298,24.93
1787071350,0.911872,0.7484022,24.92
1787071360,0.915434,0.7520574,24.92
1787071370,0.917215,0.7529712,24.89
1787071380,0.92612,0.7611954,24.92
1787071390,0.92612,0.7602816,24.9
1787071400,0.92612,0.7602816,24.9
1787071410,0.929682,0.763023,24.89
1787071420,0.927901,0.7611954,24.89
1787071430,0.922558,0.7575402,24.9
1787071440,0.940368,0.7712472,24.87
1787071450,0.933244,0.7666782,24.9
1787071460,0.935025,0.7685058,24.87
1787071470,0.942149,0.7739886,24.87
1787071480,0.945711,0.7776438,24.89
1787071490,0.942149,0.7739886,24.89
1787071500,0.947492,0.7776438,24.87
1787071510,0.952835,0.7822128,24.87
1787071520,0.956397,0.7849541999999999,24.9
1787071530,0.954616,0.7831266,24.89
1787071540,0.954616,0.7840404,24.87
1787071550,0.952835,0.7822128,24.89
1787071560,0.956397,0.7849541999999999,24.89
1787071570,0.958178,0.7876955999999999,24.89
1787071580,0.9635210000000001,0.7913508,24.87
1787071590,0.975988,0.8023164,24.89
1787071600,0.970645,0.7968336,24.9
1787071610,0.974207,0.8014026,24.9
1787071620,0.974207,0.8014026,24.87
1787071630,0.97955,0.8050577999999999,24.9
1787071640,0.970645,0.7977474,24.9
1787071650,0.986674,0.8114544,24.92
1787071660,0.988455,0.8123682,24.89
1787071670,0.992017,0.8151096,24.9
1787071680,0.9813310000000001,0.8059716,24.9
1787071690,0.977769,0.804144,24.9
1787071700,0.992017,0.8151096,24.9
1787071710,0.992017,0.8160234,24.9
1787071720,0.990236,0.813282,24.86
1787071730,0.995579,0.8187648,24.89
1787071740,0.9937980000000001,0.8169372,24.9
1787071750,0.995579,0.817851,24.89
1787071760,0.988455,0.813282,24.92
1787071770,1.000922,0.8233338,24.92
1787071780,1.008046,0.8288166,24.92
1787071790,1.000922,0.8233338,24.9
1787071800,1.008046,0.8288166,24.9
1787071810,1.004484,0.8251613999999999,24.93
1787071820,1.004484,0.8260752,24.93
1787071830,0.9991410000000001,0.8215062,24.9
1787071840,1.0027030000000001,0.8251613999999999,24.89
1787071850,1.004484,0.8260752,24.92
1787071860,1.011608,0.831558,24.9
1787071870,1.006265,0.8279027999999999,24.89
1787071880,1.004484,0.8260752,24.93
1787071890,1.000922,0.8233338,24.9
1787071900,1.006265,0.8279027999999999,24.9
1787071910,1.008046,0.8288166,24.89
1787071920,1.011608,0.831558,24.9
1787071930,1.009827,0.8297304,24.9
1787071940,1.0027030000000001,0.8251613999999999,24.9
1787071950,1.006265,0.826989,24.89
1787071960,1.000922,0.82242,24.89
1787071970,0.99736,0.8196786,24.9
1787071980,0.99736,0.8205924,24.9
1787071990,1.006265,0.826989,24.92
1787072000,1.000922,0.8233338,24.89
1787072010,1.004484,0.8260752,24.92
1787072020,0.99736,0.8205924,24.89
1787072030,0.9991410000000001,0.8205924,24.9
1787072040,0.990236,0.813282,24.9
1787072050,0.9991410000000001,0.8215062,24.87
1787072060,0.992017,0.8160234,24.87
1787072070,0.99736,0.8205924,24.89
1787072080,0.995579,0.817851,24.86
1787072090,0.9937980000000001,0.8160234,24.89
1787072100,0.983112,0.808713,24.89
1787072110,0.9813310000000001,0.8059716,24.89
1787072120,0.972426,0.799575,24.89
1787072130,0.988455,0.8114544,24.9
1787072140,0.9813310000000001,0.8059716,24.87
1787072150,0.984893,0.8096268,24.89
1787072160,0.97955,0.8050577999999999,24.89
1787072170,0.975988,0.8023164,24.87
1787072180,0.9688640000000001,0.7968336,24.87
1787072190,0.97955,0.804144,24.92
1787072200,0.97955,0.804144,24.87
1787072210,0.970645,0.7968336,24.89
1787072220,0.975988,0.8014026,24.9
1787072230,0.967083,0.7940922,24.92
1787072240,0.967083,0.7940922,24.89
1787072250,0.9688640000000001,0.7959198,24.89
1787072260,0.9635210000000001,0.7913508,24.87
1787072270,0.9635210000000001,0.7913508,24.87
1787072280,0.9688640000000001,0.7959198,24.87
1787072290,0.9635210000000001,0.7913508,24.89
1787072300,0.958178,0.7867818,24.87
1787072310,0.956397,0.785868,24.86
1787072320,0.945711,0.7758162,24.86
1787072330,0.96174,0.7895232,24.89
1787072340,0.9510540000000001,0.781299,24.86
1787072350,0.942149,0.7739886,24.87
1787072360,0.942149,0.7730748,24.86
1787072370,0.933244,0.7657644,24.87
1787072380,0.933244,0.7648505999999999,24.87
1787072390,0.92612,0.7602816,24.85
1787072400,0.936806,0.7694196,24.87
1787072410,0.92612,0.7593678,24.85
1787072420,0.9207770000000001,0.7566264,24.85
1787072430,0.924339,0.7575402,24.86
1787072440,0.9207770000000001,0.7557126,24.86
1787072450,0.9207770000000001,0.7557126,24.86
1787072460,0.918996,0.753885,24.86
1787072470,0.92612,0.7602816,24.85
1787072480,0.929682,0.763023,24.85
1787072490,0.911872,0.7474883999999999,24.85
1787072500,0.906529,0.7429194,24.83
1787072510,0.910091,0.7474883999999999,24.82
1787072520,0.906529,0.7438332,24.82
1787072530,0.894062,0.7337814,24.82
1787072540,0.904748,0.7429194,24.82
1787072550,0.899405,0.7383504,24.85
1787072560,0.892281,0.7319538,24.83
1787072570,0.8905000000000001,0.7301262,24.83
1787072580,0.881595,0.7228158,24.83
1787072590,0.876252,0.7191606,24.85
1787072600,0.870909,0.7136778,24.83
1787072610,0.881595,0.721902,24.83
1787072620,0.863785,0.708195,24.83
1787072630,0.869128,0.7118502,24.81
1787072640,0.853099,0.699057,24.82
1787072650,0.8655660000000001,0.7091088,24.83
1787072660,0.860223,0.7045397999999999,24.83
1787072670,0.863785,0.7072811999999999,24.83
1787072680,0.863785,0.7072811999999999,24.83
1787072690,0.860223,0.7054536,24.83
1787072700,0.851318,0.6972294,24.83
1787072710,0.858442,0.703626,24.82
1787072720,0.858442,0.703626,24.81
1787072730,0.840632,0.689919,24.79
1787072740,0.842413,0.6908328,24.81
1787072750,0.840632,0.6880914,24.79
1787072760,0.826384,0.6771258,24.82
1787072770,0.829946,0.6798672,24.79
1787072780,0.829946,0.6798672,24.78
1787072790,0.828165,0.6771258,24.82
1787072800,0.828165,0.6771258,24.81
1787072810,0.824603,0.6743844,24.82
1787072820,0.829946,0.6798672,24.83
1787072830,0.813917,0.6661602,24.82
1787072840,0.812136,0.6643325999999999,24.81
1787072850,0.812136,0.6643325999999999,24.82
1787072860,0.806793,0.6606774,24.82
1787072870,0.808574,0.6606774,24.81
1787072880,0.792545,0.6478842,24.81
1787072890,0.808574,0.6615911999999999,24.82
1787072900,0.803231,0.6570222,24.81
1787072910,0.796107,0.6506256,24.83
1787072920,0.7872020000000001,0.6433152,24.83
1787072930,0.796107,0.6506256,24.83
1787072940,0.792545,0.648798,24.83
1787072950,0.788983,0.6451428,24.82
1787072960,0.790764,0.6469704,24.82
1787072970,0.790764,0.6460566,24.83
1787072980,0.778297,0.6360048,24.85
1787072990,0.781859,0.6387462,24.83
1787073000,0.778297,0.6360048,24.85
1787073010,0.776516,0.635091,24.82
1787073020,0.772954,0.6323496,24.86
1787073030,0.7747350000000001,0.6332634,24.82
1787073040,0.781859,0.63966,24.81
1787073050,0.769392,0.6296082,24.86
1787073060,0.7747350000000001,0.6332634,24.83
1787073070,0.7747350000000001,0.6341772,24.82
1787073080,0.767611,0.6268668,24.82
1787073090,0.772954,0.6314358,24.82
1787073100,0.772954,0.6314358,24.85
1787073110,0.780078,0.6378324,24.81
1787073120,0.772954,0.6323496,24.83
1787073130,0.767611,0.6277806,24.83
1787073140,0.769392,0.6286944,24.83
1787073150,0.771173,0.630522,24.83
1787073160,0.767611,0.6277806,24.83
1787073170,0.767611,0.6268668,24.82
1787073180,0.76583,0.625953,24.82
1787073190,0.767611,0.6277806,24.85
1787073200,0.767611,0.6277806,24.81
1787073210,0.769392,0.6286944,24.83
1787073220,0.764049,0.6241253999999999,24.82
1787073230,0.767611,0.6268668,24.85
1787073240,0.76583,0.625953,24.83
1787073250,0.764049,0.6232116,24.82
1787073260,0.767611,0.6277806,24.82
1787073270,0.764049,0.6241253999999999,24.81
1787073280,0.771173,0.6296082,24.83
1787073290,0.767611,0.6277806,24.82
1787073300,0.76583,0.625953,24.82
1787073310,0.772954,0.6314358,24.79
1787073320,0.76583,0.625953,24.79
1787073330,0.769392,0.6296082,24.78
1787073340,0.767611,0.6286944,24.79
1787073350,0.776516,0.6341772,24.79
1787073360,0.769392,0.6286944,24.79
1787073370,0.772954,0.6323496,24.79
1787073380,0.7747350000000001,0.6332634,24.81
1787073390,0.776516,0.6341772,24.78
1787073400,0.771173,0.630522,24.79
1787073410,0.7747350000000001,0.6332634,24.79
1787073420,0.772954,0.6323496,24.79
1787073430,0.771173,0.630522,24.81
1787073440,0.776516,0.635091,24.81
1787073450,0.78364,0.6405738,24.78
1787073460,0.781859,0.6387462,24.79
1787073470,0.781859,0.6387462,24.82
1787073480,0.785421,0.6424014,24.79
1787073490,0.785421,0.6433152,24.79
1787073500,0.788983,0.6451428,24.78
1787073510,0.790764,0.6460566,24.81
1787073520,0.792545,0.648798,24.79
1787073530,0.790764,0.6469704,24.79
1787073540,0.790764,0.6469704,24.79
1787073550,0.797888,0.6524532,24.79
1787073560,0.7872020000000001,0.6433152,24.81
1787073570,0.794326,0.6497118,24.79
1787073580,0.792545,0.6478842,24.81
1787073590,0.794326,0.6497118,24.79
1787073600,0.790764,0.6460566,24.79
1787073610,0.792545,0.648798,24.81
1787073620,0.790764,0.6469704,24.79
1787073630,0.796107,0.6515394,24.78
1787073640,0.792545,0.6478842,24.79
1787073650,0.792545,0.6478842,24.78
1787073660,0.8050120000000001,0.6588498,24.78
1787073670,0.797888,0.6524532,24.78
1787073680,0.797888,0.6524532,24.78
1787073690,0.792545,0.648798,24.79
1787073700,0.806793,0.6597636,24.79
1787073710,0.806793,0.6597636,24.75
1787073720,0.806793,0.6597636,24.78
1787073730,0.808574,0.6615911999999999,24.79
1787073740,0.813917,0.6661602,24.78
1787073750,0.813917,0.667074,24.78
1787073760,0.812136,0.6643325999999999,24.78
1787073770,0.810355,0.6634188,24.79
1787073780,0.812136,0.6643325999999999,24.78
1787073790,0.81926,0.6707292,24.79
1787073800,0.826384,0.676212,24.79
1787073810,0.813917,0.6652464,24.81
1787073820,0.831727,0.680781,24.81
1787073830,0.828165,0.6789534,24.81
1787073840,0.833508,0.6826086,24.79
1787073850,0.828165,0.6780396,24.75
1787073860,0.833508,0.6826086,24.79
1787073870,0.8477560000000001,0.694488,24.75
1787073880,0.8477560000000001,0.6954018,24.78
1787073890,0.8352890000000001,0.6844361999999999,24.76
1787073900,0.840632,0.6880914,24.76
1787073910,0.844194,0.6917466,24.78
1787073920,0.8477560000000001,0.694488,24.76
1787073930,0.849537,0.6963156,24.76
1787073940,0.8477560000000001,0.694488,24.76
1787073950,0.840632,0.6890052,24.76
1787073960,0.849537,0.6954018,24.78
1787073970,0.844194,0.6917466,24.78
1787073980,0.844194,0.6917466,24.78
1787073990,0.8477560000000001,0.6935742,24.78
1787074000,0.853099,0.699057,24.76
1787074010,0.838851,0.6871775999999999,24.76
1787074020,0.845975,0.6935742,24.78
1787074030,0.845975,0.6926604,24.81
1787074040,0.85488,0.6999708,24.75
1787074050,0.856661,0.7017983999999999,24.78
1787074060,0.85488,0.6999708,24.76
1787074070,0.860223,0.7045397999999999,24.75
1787074080,0.8655660000000001,0.7100226,24.76
1787074090,0.856661,0.7017983999999999,24.78
1787074100,0.862004,0.7054536,24.76
1787074110,0.858442,0.7027122,24.79
1787074120,0.87269,0.7155054,24.81
1787074130,0.8780330000000001,0.7191606,24.76
1787074140,0.883376,0.7237296,24.78
1787074150,0.8655660000000001,0.7091088,24.76
1787074160,0.863785,0.708195,24.76
1787074170,0.886938,0.7282986,24.78
1787074180,0.885157,0.726471,24.78
1787074190,0.888719,0.7292124,24.75
1787074200,0.885157,0.726471,24.78
1787074210,0.894062,0.7328676,24.78
1787074220,0.897624,0.7374366,24.74
1787074230,0.899405,0.7383504,24.74
1787074240,0.899405,0.7383504,24.78
1787074250,0.904748,0.7429194,24.75
1787074260,0.901186,0.7392642,24.75
1787074270,0.910091,0.7465746,24.75
1787074280,0.906529,0.7447469999999999,24.78
1787074290,0.906529,0.7438332,24.74
1787074300,0.910091,0.7474883999999999,24.75
1787074310,0.918996,0.753885,24.75
1787074320,0.917215,0.7520574,24.75
1787074330,0.913653,0.7502298,24.75
1787074340,0.924339,0.758454,24.75
1787074350,0.915434,0.7511436,24.76
1787074360,0.922558,0.7575402,24.78
1787074370,0.915434,0.7520574,24.75
1787074380,0.927901,0.7611954,24.75
1787074390,0.927901,0.7611954,24.75
1787074400,0.924339,0.758454,24.78
1787074410,0.917215,0.7520574,24.76
1787074420,0.922558,0.7575402,24.76
1787074430,0.9207770000000001,0.7547988,24.75
1787074440,0.9207770000000001,0.7566264,24.76
1787074450,0.922558,0.7566264,24.76
1787074460,0.92612,0.7593678,24.75
1787074470,0.9207770000000001,0.7547988,24.74
1787074480,0.92612,0.7602816,24.76
1787074490,0.9207770000000001,0.7566264,24.74
1787074500,0.913653,0.749316,24.76
1787074510,0.911872,0.7474883999999999,24.75
1787074520,0.924339,0.758454,24.75
1787074530,0.929682,0.763023,24.75
1787074540,0.9207770000000001,0.7557126,24.75
1787074550,0.92612,0.7602816,24.74
1787074560,0.924339,0.7593678,24.76
1787074570,0.922558,0.7566264,24.74
1787074580,0.931463,0.7648505999999999,24.75
1787074590,0.92612,0.7611954,24.72
1787074600,0.927901,0.7621092,24.74
1787074610,0.935025,0.7675919999999999,24.74
1787074620,0.929682,0.763023,24.74
1787074630,0.92612,0.7602816,24.74
1787074640,0.9385870000000001,0.7712472,24.74
1787074650,0.935025,0.7685058,24.74
1787074660,0.935025,0.7685058,24.74
1787074670,0.9385870000000001,0.7712472,24.74
1787074680,0.927901,0.7621092,24.76
1787074690,0.933244,0.7666782,24.74
1787074700,0.933244,0.7657644,24.72
1787074710,0.931463,0.7648505999999999,24.72
1787074720,0.936806,0.7694196,24.71
1787074730,0.9385870000000001,0.7712472,24.74
1787074740,0.940368,0.7730748,24.72
1787074750,0.936806,0.7703334,24.74
1787074760,0.940368,0.772161,24.72
1787074770,0.9385870000000001,0.7712472,24.74
1787074780,0.936806,0.7694196,24.75
1787074790,0.942149,0.7739886,24.74
1787074800,0.942149,0.7739886,24.74
1787074810,0.933244,0.7666782,24.75
1787074820,0.947492,0.7785576,24.74
1787074830,0.942149,0.7739886,24.74
1787074840,0.936806,0.7694196,24.72
1787074850,0.942149,0.7730748,24.72
1787074860,0.942149,0.7730748,24.72
1787074870,0.94393,0.7758162,24.74
1787074880,0.935025,0.7675919999999999,24.74
1787074890,0.94393,0.7758162,24.74
1787074900,0.94393,0.7749024,24.74
1787074910,0.949273,0.7794714,24.72
1787074920,0.9385870000000001,0.7712472,24.72
1787074930,0.949273,0.7794714,24.74
1787074940,0.945711,0.77673,24.72
1787074950,0.949273,0.7803852,24.72
1787074960,0.949273,0.7803852,24.72
1787074970,0.949273,0.7794714,24.72
1787074980,0.949273,0.7803852,24.72
1787074990,0.947492,0.7785576,24.69
1787075000,0.947492,0.7785576,24.72
1787075010,0.947492,0.7785576,24.71
1787075020,0.9510540000000001,0.7803852,24.71
1787075030,0.945711,0.77673,24.68
1787075040,0.94393,0.7758162,24.69
1787075050,0.956397,0.785868,24.72
1787075060,0.949273,0.7794714,24.72
1787075070,0.94393,0.7749024,24.72
1787075080,0.94393,0.7749024,24.71
1787075090,0.945711,0.7776438,24.71
1787075100,0.947492,0.7785576,24.71
1787075110,0.94393,0.7749024,24.72
1787075120,0.940368,0.772161,24.71
1787075130,0.942149,0.7739886,24.71
1787075140,0.942149,0.7739886,24.72
1787075150,0.94393,0.7758162,24.71
1787075160,0.9385870000000001,0.7703334,24.71
1787075170,0.942149,0.7749024,24.69
1787075180,0.940368,0.7712472,24.72
1787075190,0.935025,0.7685058,24.69
1787075200,0.936806,0.7685058,24.71
1787075210,0.940368,0.7730748,24.71
1787075220,0.9385870000000001,0.7703334,24.71
1787075230,0.936806,0.7703334,24.68
1787075240,0.936806,0.7685058,24.69
1787075250,0.936806,0.7694196,24.68
1787075260,0.935025,0.7685058,24.68
1787075270,0.935025,0.7675919999999999,24.71
1787075280,0.933244,0.7666782,24.68
1787075290,0.931463,0.7648505999999999,24.69
1787075300,0.929682,0.763023,24.68
1787075310,0.929682,0.7639368,24.69
1787075320,0.935025,0.7685058,24.69
1787075330,0.924339,0.7593678,24.69
1787075340,0.931463,0.7648505999999999,24.69
1787075350,0.929682,0.763023,24.71
1787075360,0.917215,0.753885,24.69
1787075370,0.915434,0.7520574,24.69
1787075380,0.918996,0.7557126,24.68
1787075390,0.915434,0.7520574,24.69
1787075400,0.913653,0.749316,24.71
1787075410,0.915434,0.7511436,24.68
1787075420,0.910091,0.7474883999999999,24.68
1787075430,0.910091,0.7474883999999999,24.68
1787075440,0.906529,0.7438332,24.72
1787075450,0.906529,0.7447469999999999,24.69
1787075460,0.8958430000000001,0.735609,24.69
1787075470,0.906529,0.7438332,24.69
1787075480,0.906529,0.7438332,24.68
1787075490,0.9083100000000001,0.7465746,24.69
1787075500,0.911872,0.749316,24.68
1787075510,0.906529,0.7447469999999999,24.68
1787075520,0.911872,0.749316,24.68
1787075530,0.901186,0.740178,24.69
1787075540,0.8958430000000001,0.735609,24.68
1787075550,0.894062,0.7337814,24.68
1787075560,0.901186,0.740178,24.68
1787075570,0.8958430000000001,0.7346952,24.66
1787075580,0.894062,0.7337814,24.68
1787075590,0.888719,0.7301262,24.66
1787075600,0.8958430000000001,0.735609,24.66
1787075610,0.886938,0.7273847999999999,24.65
1787075620,0.892281,0.7319538,24.65
1787075630,0.885157,0.726471,24.66
1787075640,0.87269,0.7155054,24.66
1787075650,0.881595,0.7237296,24.66
1787075660,0.874471,0.7182468,24.68
1787075670,0.876252,0.7182468,24.68
1787075680,0.885157,0.726471,24.66
1787075690,0.879814,0.721902,24.66
1787075700,0.8780330000000001,0.7209882,24.65
1787075710,0.870909,0.7136778,24.66
1787075720,0.869128,0.712764,24.66
1787075730,0.867347,0.7118502,24.65
1787075740,0.870909,0.7155054,24.66
1787075750,0.870909,0.7145916,24.68
1787075760,0.87269,0.7155054,24.65
1787075770,0.8780330000000001,0.7209882,24.66
1787075780,0.863785,0.7091088,24.68
1787075790,0.858442,0.7045397999999999,24.65
1787075800,0.8655660000000001,0.7091088,24.65
1787075810,0.863785,0.7091088,24.66
1787075820,0.867347,0.7109364,24.66
1787075830,0.85488,0.7017983999999999,24.65
1787075840,0.858442,0.7045397999999999,24.64
1787075850,0.863785,0.708195,24.65
1787075860,0.862004,0.7072811999999999,24.66
1787075870,0.853099,0.699057,24.65
1787075880,0.83707,0.6871775999999999,24.68
1787075890,0.842413,0.6908328,24.65
1787075900,0.838851,0.6871775999999999,24.66
1787075910,0.83707,0.68535,24.65
1787075920,0.831727,0.6826086,24.65
1787075930,0.828165,0.6798672,24.64
1787075940,0.838851,0.6880914,24.66
1787075950,0.828165,0.6780396,24.64
1787075960,0.828165,0.6780396,24.65
1787075970,0.831727,0.6816947999999999,24.65
1787075980,0.83707,0.6862638,24.66
1787075990,0.826384,0.6771258,24.64
1787076000,0.829946,0.6798672,24.61
1787076010,0.833508,0.6835224,24.64
1787076020,0.81926,0.6707292,24.66
1787076030,0.821041,0.6725568,24.65
1787076040,0.81926,0.671643,24.62
1787076050,0.815698,0.6689016,24.64
1787076060,0.812136,0.6652464,24.65
1787076070,0.808574,0.662505,24.65
1787076080,0.80145,0.6561084,24.64
1787076090,0.80145,0.6561084,24.64
1787076100,0.803231,0.657936,24.64
1787076110,0.80145,0.6561084,24.65
1787076120,0.8050120000000001,0.6597636,24.68
1787076130,0.796107,0.6524532,24.64
1787076140,0.803231,0.657936,24.65
1787076150,0.799669,0.6551946,24.64
1787076160,0.80145,0.6561084,24.65
1787076170,0.788983,0.6460566,24.66
1787076180,0.785421,0.6433152,24.64
1787076190,0.7872020000000001,0.6451428,24.64
1787076200,0.780078,0.6378324,24.62
1787076210,0.781859,0.6405738,24.64
1787076220,0.781859,0.63966,24.62
1787076230,0.785421,0.6433152,24.62
1787076240,0.781859,0.63966,24.64
1787076250,0.776516,0.6360048,24.65
1787076260,0.781859,0.63966,24.65
1787076270,0.771173,0.630522,24.66
1787076280,0.772954,0.6323496,24.64
1787076290,0.776516,0.635091,24.64
1787076300,0.772954,0.6323496,24.65
1787076310,0.771173,0.6314358,24.65
1787076320,0.7622680000000001,0.6222978,24.62
1787076330,0.76583,0.6268668,24.64
1787076340,0.767611,0.6286944,24.64
1787076350,0.769392,0.6286944,24.64
1787076360,0.760487,0.6222978,24.65
1787076370,0.760487,0.6222978,24.62
1787076380,0.753363,0.6159012,24.64
1787076390,0.751582,0.6149874,24.66
1787076400,0.758706,0.6204702,24.62
1787076410,0.755144,0.6177288,24.65
1787076420,0.756925,0.6195564,24.64
1787076430,0.749801,0.6131598,24.62
1787076440,0.74802,0.6113322,24.62
1787076450,0.746239,0.6095046,24.61
1787076460,0.749801,0.612246,24.62
1787076470,0.746239,0.6104184,24.61
1787076480,0.746239,0.6095046,24.64
1787076490,0.737334,0.6021942,24.62
1787076500,0.746239,0.6095046,24.64
1787076510,0.740896,0.6058494,24.62
1787076520,0.742677,0.6067632,24.62
1787076530,0.740896,0.6058494,24.62
1787076540,0.737334,0.6021942,24.62
1787076550,0.742677,0.6067632,24.62
1787076560,0.737334,0.603108,24.65
1787076570,0.739115,0.6040217999999999,24.62
1787076580,0.735553,0.6012803999999999,24.61
1787076590,0.740896,0.6049356,24.62
1787076600,0.735553,0.6012803999999999,24.62
1787076610,0.740896,0.6049356,24.62
1787076620,0.739115,0.603108,24.62
1787076630,0.740896,0.6049356,24.61
1787076640,0.7319910000000001,0.5976252,24.64
1787076650,0.739115,0.6040217999999999,24.61
1787076660,0.7319910000000001,0.5976252,24.61
1787076670,0.7444580000000001,0.6085908,24.64
1787076680,0.739115,0.6040217999999999,24.64
1787076690,0.739115,0.6040217999999999,24.61
1787076700,0.735553,0.6003666,24.59
1787076710,0.735553,0.6012803999999999,24.62
1787076720,0.737334,0.6021942,24.61
1787076730,0.739115,0.603108,24.62
1787076740,0.739115,0.6040217999999999,24.59
1787076750,0.739115,0.6040217999999999,24.61
1787076760,0.737334,0.6021942,24.59
1787076770,0.7444580000000001,0.607677,24.62
1787076780,0.733772,0.5994528,24.59
1787076790,0.740896,0.6049356,24.62
1787076800,0.737334,0.6021942,24.59
1787076810,0.7444580000000001,0.607677,24.58
1787076820,0.735553,0.6003666,24.59
1787076830,0.728429,0.5948838,24.61
1787076840,0.7319910000000001,0.5976252,24.58
1787076850,0.735553,0.6003666,24.58
1787076860,0.733772,0.598539,24.59
1787076870,0.7319910000000001,0.5976252,24.59
1787076880,0.733772,0.5994528,24.58
1787076890,0.728429,0.59397,24.57
1787076900,0.728429,0.5948838,24.58
1787076910,0.73021,0.5967114,24.58
1787076920,0.7319910000000001,0.598539,24.55
1787076930,0.726648,0.59397,24.58
1787076940,0.73021,0.5957976,24.57
1787076950,0.726648,0.5930562,24.59
1787076960,0.726648,0.59397,24.58
1787076970,0.73021,0.5967114,24.55
1787076980,0.728429,0.5948838,24.55
1787076990,0.726648,0.5930562,24.58
1787077000,0.728429,0.5948838,24.57
1787077010,0.728429,0.59397,24.57
1787077020,0.737334,0.603108,24.57
1787077030,0.733772,0.5994528,24.57
1787077040,0.73021,0.5967114,24.55
1787077050,0.7319910000000001,0.5967114,24.55
1787077060,0.733772,0.5994528,24.55
1787077070,0.733772,0.5994528,24.55
1787077080,0.7319910000000001,0.5976252,24.57
1787077090,0.7319910000000001,0.598539,24.57
1787077100,0.7319910000000001,0.5976252,24.58
1787077110,0.73021,0.5967114,24.57
1787077120,0.733772,0.598539,24.57
1787077130,0.733772,0.5994528,24.57
1787077140,0.737334,0.6021942,24.54
1787077150,0.737334,0.6021942,24.57
1787077160,0.733772,0.5994528,24.55
1787077170,0.742677,0.6058494,24.55
1787077180,0.742677,0.6058494,24.54
1787077190,0.740896,0.6049356,24.54
1787077200,0.74802,0.6104184,24.57
1787077210,0.746239,0.6104184,24.55
1787077220,0.746239,0.6104184,24.55
1787077230,0.751582,0.6140736,24.57
1787077240,0.7444580000000001,0.6085908,24.58
1787077250,0.74802,0.6104184,24.59
1787077260,0.751582,0.6140736,24.58
1787077270,0.74802,0.6113322,24.57
1787077280,0.749801,0.6131598,24.58
1787077290,0.751582,0.6140736,24.57
1787077300,0.753363,0.6159012,24.55
1787077310,0.753363,0.6149874,24.55
1787077320,0.755144,0.616815,24.57
1787077330,0.760487,0.6222978,24.55
1787077340,0.756925,0.6186426,24.55
1787077350,0.758706,0.6204702,24.58
1787077360,0.760487,0.6213839999999999,24.58
1787077370,0.758706,0.6204702,24.54
1787077380,0.755144,0.616815,24.58
1787077390,0.756925,0.6177288,24.55
1787077400,0.758706,0.6204702,24.59
1787077410,0.758706,0.6204702,24.57
1787077420,0.756925,0.6186426,24.57
1787077430,0.760487,0.6213839999999999,24.55
1787077440,0.756925,0.6195564,24.55
1787077450,0.764049,0.6241253999999999,24.55
1787077460,0.764049,0.6241253999999999,24.57
1787077470,0.758706,0.6204702,24.57
1787077480,0.758706,0.6195564,24.57
1787077490,0.767611,0.6268668,24.55
1787077500,0.769392,0.6286944,24.55
1787077510,0.767611,0.6277806,24.55
1787077520,0.776516,0.6341772,24.54
1787077530,0.781859,0.63966,24.58
1787077540,0.781859,0.6387462,24.55
1787077550,0.771173,0.6314358,24.55
1787077560,0.776516,0.635091,24.57
1787077570,0.778297,0.6378324,24.58
1787077580,0.781859,0.63966,24.54
1787077590,0.788983,0.6460566,24.54
1787077600,0.7872020000000001,0.6442289999999999,24.55
1787077610,0.790764,0.6478842,24.55
1787077620,0.788983,0.6460566,24.57
1787077630,0.792545,0.648798,24.55
1787077640,0.799669,0.6542808,24.55
1787077650,0.806793,0.6606774,24.55
1787077660,0.80145,0.6561084,24.55
1787077670,0.803231,0.6570222,24.55
1787077680,0.80145,0.6561084,24.54
1787077690,0.80145,0.6570222,24.54
1787077700,0.8050120000000001,0.6597636,24.54
1787077710,0.8050120000000001,0.6588498,24.54
1787077720,0.808574,0.6615911999999999,24.53
1787077730,0.799669,0.6542808,24.55
1787077740,0.803231,0.6570222,24.54
1787077750,0.8050120000000001,0.6597636,24.5
1787077760,0.808574,0.6615911999999999,24.51
1787077770,0.806793,0.6606774,24.51
1787077780,0.810355,0.6643325999999999,24.51
1787077790,0.813917,0.6661602,24.54
1787077800,0.81926,0.6707292,24.53
1787077810,0.810355,0.6634188,24.53
1787077820,0.812136,0.6652464,24.53
1787077830,0.813917,0.667074,24.53
1787077840,0.826384,0.676212,24.55
1787077850,0.824603,0.6752982,24.51
1787077860,0.8174790000000001,0.6698154,24.51
1787077870,0.829946,0.6798672,24.53
1787077880,0.829946,0.6798672,24.51
1787077890,0.821041,0.6725568,24.53
1787077900,0.824603,0.6752982,24.55
1787077910,0.838851,0.6871775999999999,24.55
1787077920,0.826384,0.6771258,24.51
1787077930,0.826384,0.6771258,24.51
1787077940,0.831727,0.6816947999999999,24.51
1787077950,0.842413,0.6908328,24.5
1787077960,0.840632,0.6890052,24.53
1787077970,0.829946,0.6798672,24.54
1787077980,0.83707,0.68535,24.51
1787077990,0.8352890000000001,0.68535,24.53
1787078000,0.844194,0.6917466,24.51
1787078010,0.8477560000000001,0.694488,24.51
1787078020,0.858442,0.703626,24.51
1787078030,0.862004,0.7063674,24.5
1787078040,0.867347,0.7109364,24.5
1787078050,0.8655660000000001,0.7091088,24.51
1787078060,0.858442,0.703626,24.53
1787078070,0.874471,0.717333,24.53
1787078080,0.876252,0.7191606,24.51
1787078090,0.874471,0.7182468,24.5
1787078100,0.870909,0.7145916,24.51
1787078110,0.876252,0.7182468,24.51
1787078120,0.879814,0.7209882,24.53
1787078130,0.883376,0.7246433999999999,24.5
1787078140,0.879814,0.721902,24.53
1787078150,0.881595,0.7237296,24.51
1787078160,0.8780330000000001,0.7209882,24.53
1787078170,0.881595,0.7237296,24.51
1787078180,0.888719,0.7282986,24.51
1787078190,0.883376,0.7246433999999999,24.54
1787078200,0.885157,0.7255572,24.53
1787078210,0.885157,0.726471,24.54
1787078220,0.883376,0.7246433999999999,24.51
1787078230,0.8780330000000001,0.7200744,24.54
1787078240,0.883376,0.7246433999999999,24.54
1787078250,0.881595,0.7228158,24.51
1787078260,0.881595,0.7228158,24.51
1787078270,0.881595,0.7228158,24.53
1787078280,0.888719,0.7292124,24.53
1787078290,0.8905000000000001,0.7301262,24.53
1787078300,0.8958430000000001,0.735609,24.55
1787078310,0.899405,0.7383504,24.53
1787078320,0.901186,0.7392642,24.51
1787078330,0.8958430000000001,0.735609,24.54
1787078340,0.892281,0.7319538,24.53
1787078350,0.899405,0.7374366,24.51
1787078360,0.904748,0.7429194,24.54
1787078370,0.910091,0.7474883999999999,24.53
1787078380,0.910091,0.7465746,24.53
1787078390,0.902967,0.7410918,24.53
1787078400,0.899405,0.7374366,24.51
1787078410,0.9083100000000001,0.7456608,24.51
1787078420,0.911872,0.7484022,24.5
1787078430,0.915434,0.7511436,24.51
1787078440,0.910091,0.7465746,24.54
1787078450,0.911872,0.7484022,24.5
1787078460,0.9083100000000001,0.7456608,24.48
1787078470,0.917215,0.7529712,24.5
1787078480,0.915434,0.7520574,24.48
1787078490,0.9207770000000001,0.7557126,24.5
1787078500,0.931463,0.7648505999999999,24.5
1787078510,0.915434,0.7511436,24.48
1787078520,0.915434,0.7511436,24.5
1787078530,0.918996,0.7547988,24.5
1787078540,0.9207770000000001,0.7566264,24.47
1787078550,0.931463,0.7657644,24.5
1787078560,0.927901,0.7611954,24.48
1787078570,0.92612,0.7611954,24.47
1787078580,0.931463,0.7648505999999999,24.44
1787078590,0.929682,0.763023,24.48
1787078600,0.927901,0.763023,24.47
1787078610,0.927901,0.7621092,24.45
1787078620,0.927901,0.763023,24.48
1787078630,0.940368,0.772161,24.5
1787078640,0.94393,0.7758162,24.45
1787078650,0.945711,0.7776438,24.45
1787078660,0.945711,0.77673,24.45
1787078670,0.933244,0.7666782,24.48
1787078680,0.940368,0.772161,24.5
1787078690,0.947492,0.7785576,24.48
1787078700,0.947492,0.7785576,24.47
1787078710,0.949273,0.7803852,24.47
1787078720,0.94393,0.7758162,24.47
1787078730,0.94393,0.7749024,24.47
1787078740,0.942149,0.7730748,24.45
1787078750,0.94393,0.77673,24.47
1787078760,0.947492,0.7785576,24.47
1787078770,0.935025,0.7675919999999999,24.45
1787078780,0.940368,0.772161,24.45
1787078790,0.942149,0.7739886,24.45
1787078800,0.942149,0.7739886,24.45
1787078810,0.936806,0.7703334,24.47
1787078820,0.94393,0.7749024,24.45
1787078830,0.94393,0.7758162,24.47
1787078840,0.940368,0.7730748,24.44
1787078850,0.94393,0.77673,24.45
1787078860,0.94393,0.7758162,24.44
1787078870,0.94393,0.7758162,24.48
1787078880,0.9510540000000001,0.7822128,24.51
1787078890,0.949273,0.7794714,24.47
1787078900,0.952835,0.7831266,24.45
1787078910,0.952835,0.7831266,24.47
1787078920,0.945711,0.77673,24.47
1787078930,0.945711,0.77673,24.47
1787078940,0.949273,0.7803852,24.47
1787078950,0.954616,0.7840404,24.48
1787078960,0.949273,0.7803852,24.45
1787078970,0.956397,0.785868,24.5
1787078980,0.956397,0.7867818,24.45
1787078990,0.958178,0.7867818,24.47
1787079000,0.956397,0.785868,24.5
1787079010,0.954616,0.7849541999999999,24.48
1787079020,0.956397,0.785868,24.47
1787079030,0.956397,0.785868,24.5
1787079040,0.958178,0.7876955999999999,24.5
1787079050,0.958178,0.7867818,24.5
1787079060,0.958178,0.7876955999999999,24.5
1787079070,0.958178,0.7876955999999999,24.47
1787079080,0.959959,0.7895232,24.47
1787079090,0.9510540000000001,0.781299,24.48
1787079100,0.959959,0.7886094,24.48
1787079110,0.96174,0.7913508,24.47
1787079120,0.959959,0.7895232,24.5
1787079130,0.956397,0.7867818,24.47
1787079140,0.959959,0.7895232,24.48
1787079150,0.956397,0.7867818,24.47
1787079160,0.96174,0.790437,24.5
1787079170,0.958178,0.7876955999999999,24.5
1787079180,0.965302,0.7940922,24.47
1787079190,0.956397,0.7867818,24.47
1787079200,0.959959,0.7895232,24.48
1787079210,0.959959,0.7895232,24.45
1787079220,0.952835,0.7831266,24.48
1787079230,0.956397,0.7867818,24.47
1787079240,0.959959,0.7886094,24.51
1787079250,0.959959,0.7886094,24.47
1787079260,0.954616,0.7849541999999999,24.47
1787079270,0.952835,0.7831266,24.47
1787079280,0.956397,0.7867818,24.45
1787079290,0.952835,0.7831266,24.47
1787079300,0.952835,0.7822128,24.44
1787079310,0.958178,0.7876955999999999,24.45
1787079320,0.958178,0.7876955999999999,24.45
1787079330,0.956397,0.7867818,24.47
1787079340,0.96174,0.790437,24.45
1787079350,0.954616,0.7840404,24.44
1787079360,0.958178,0.7876955999999999,24.44
1787079370,0.956397,0.7867818,24.45
1787079380,0.954616,0.7849541999999999,24.45
1787079390,0.954616,0.7849541999999999,24.44
1787079400,0.956397,0.785868,24.44
1787079410,0.956397,0.7867818,24.44
1787079420,0.959959,0.7886094,24.44
1787079430,0.954616,0.7849541999999999,24.45
1787079440,0.947492,0.7785576,24.44
1787079450,0.942149,0.7739886,24.45
1787079460,0.94393,0.77673,24.44
1787079470,0.949273,0.7803852,24.44
1787079480,0.956397,0.785868,24.44
1787079490,0.94393,0.7749024,24.42
1787079500,0.94393,0.77673,24.41
1787079510,0.942149,0.7739886,24.44
1787079520,0.947492,0.7794714,24.45
1787079530,0.94393,0.7758162,24.45
1787079540,0.936806,0.7703334,24.47
1787079550,0.9385870000000001,0.7712472,24.44
1787079560,0.942149,0.7739886,24.44
1787079570,0.942149,0.7749024,24.44
1787079580,0.931463,0.7657644,24.45
1787079590,0.933244,0.7675919999999999,24.42
1787079600,0.9385870000000001,0.772161,24.44
1787079610,0.927901,0.763023,24.42
1787079620,0.935025,0.7685058,24.44
1787079630,0.936806,0.7703334,24.41
1787079640,0.929682,0.763023,24.45
1787079650,0.92612,0.7611954,24.44
1787079660,0.929682,0.7639368,24.44
1787079670,0.929682,0.7648505999999999,24.42
1787079680,0.935025,0.7685058,24.45
1787079690,0.917215,0.7529712,24.44
1787079700,0.929682,0.7648505999999999,24.44
1787079710,0.935025,0.7685058,24.47
1787079720,0.92612,0.7621092,24.42
1787079730,0.931463,0.7657644,24.44
1787079740,0.935025,0.7685058,24.47
1787079750,0.940368,0.7730748,24.45
1787079760,0.929682,0.7639368,24.44
1787079770,0.92612,0.7611954,24.45
1787079780,0.924339,0.758454,24.44
1787079790,0.935025,0.7685058,24.41
1787079800,0.924339,0.7602816,24.41
1787079810,0.931463,0.7657644,24.42
1787079820,0.927901,0.7621092,24.45
1787079830,0.915434,0.7520574,24.42
1787079840,0.915434,0.7511436,24.44
1787079850,0.922558,0.758454,24.45
1787079860,0.922558,0.7575402,24.45
1787079870,0.911872,0.749316,24.39
1787079880,0.922558,0.758454,24.42
1787079890,0.904748,0.7429194,24.42
1787079900,0.917215,0.7529712,24.42
1787079910,0.9083100000000001,0.7465746,24.44
1787079920,0.9083100000000001,0.7447469999999999,24.41
1787079930,0.902967,0.7410918,24.42
1787079940,0.899405,0.7383504,24.39
1787079950,0.899405,0.7383504,24.42
1787079960,0.8958430000000001,0.735609,24.42
1787079970,0.894062,0.7337814,24.39
1787079980,0.885157,0.7273847999999999,24.44
1787079990,0.8905000000000001,0.73104,24.39
1787080000,0.8905000000000001,0.73104,24.39
1787080010,0.892281,0.7328676,24.41
1787080020,0.8958430000000001,0.7346952,24.42
1787080030,0.892281,0.7319538,24.42
1787080040,0.901186,0.740178,24.44
1787080050,0.902967,0.7420056,24.39
1787080060,0.901186,0.7410918,24.42
1787080070,0.899405,0.7374366,24.41
1787080080,0.897624,0.7374366,24.41
1787080090,0.899405,0.7383504,24.39
1787080100,0.8905000000000001,0.7301262,24.41
1787080110,0.897624,0.7374366,24.38
1787080120,0.902967,0.7420056,24.42
1787080130,0.897624,0.7365228,24.36
1787080140,0.892281,0.7328676,24.39
1787080150,0.904748,0.7429194,24.39
1787080160,0.897624,0.7374366,24.38
1787080170,0.8958430000000001,0.735609,24.38
1787080180,0.899405,0.7383504,24.41
1787080190,0.892281,0.7319538,24.39
1787080200,0.888719,0.7292124,24.38
1787080210,0.885157,0.726471,24.38
1787080220,0.883376,0.7246433999999999,24.41
1787080230,0.885157,0.726471,24.38
1787080240,0.879814,0.7228158,24.38
1787080250,0.883376,0.7246433999999999,24.39
1787080260,0.883376,0.7237296,24.41
1787080270,0.881595,0.7228158,24.38
1787080280,0.881595,0.7228158,24.38
1787080290,0.883376,0.7237296,24.38
1787080300,0.876252,0.7191606,24.38
1787080310,0.874471,0.717333,24.36
1787080320,0.874471,0.717333,24.35
1787080330,0.874471,0.717333,24.36
1787080340,0.863785,0.708195,24.34
1787080350,0.870909,0.7136778,24.36
1787080360,0.87269,0.7164192,24.36
1787080370,0.863785,0.708195,24.36
1787080380,0.858442,0.7045397999999999,24.36
1787080390,0.858442,0.7027122,24.38
1787080400,0.863785,0.7091088,24.38
1787080410,0.867347,0.7118502,24.38
1787080420,0.862004,0.7063674,24.36
1787080430,0.856661,0.7027122,24.38
1787080440,0.862004,0.7063674,24.38
1787080450,0.862004,0.7063674,24.39
1787080460,0.862004,0.7072811999999999,24.35
1787080470,0.849537,0.6954018,24.38
1787080480,0.8655660000000001,0.7091088,24.36
1787080490,0.858442,0.703626,24.35
1787080500,0.858442,0.703626,24.35
1787080510,0.849537,0.6963156,24.36
1787080520,0.844194,0.6917466,24.36
1787080530,0.842413,0.6908328,24.35
1787080540,0.840632,0.6890052,24.35
1787080550,0.840632,0.6880914,24.38
1787080560,0.8352890000000001,0.6844361999999999,24.36
1787080570,0.829946,0.6789534,24.35
1787080580,0.824603,0.676212,24.35
1787080590,0.822822,0.6734706,24.35
1787080600,0.824603,0.676212,24.36
1787080610,0.806793,0.6606774,24.36
1787080620,0.812136,0.6652464,24.36
1787080630,0.810355,0.662505,24.35
1787080640,0.810355,0.6634188,24.38
1787080650,0.797888,0.653367,24.38
1787080660,0.8050120000000001,0.657936,24.38
1787080670,0.794326,0.6506256,24.35
1787080680,0.796107,0.6524532,24.38
1787080690,0.7872020000000001,0.6433152,24.38
1787080700,0.785421,0.6424014,24.35
1787080710,0.780078,0.6378324,24.35
1787080720,0.776516,0.6360048,24.35
1787080730,0.7747350000000001,0.6341772,24.35
1787080740,0.780078,0.6387462,24.38
1787080750,0.776516,0.635091,24.36
1787080760,0.78364,0.6405738,24.36
1787080770,0.771173,0.630522,24.35
1787080780,0.771173,0.630522,24.35
1787080790,0.776516,0.6341772,24.34
1787080800,0.764049,0.6250392,24.36
1787080810,0.771173,0.630522,24.35
1787080820,0.764049,0.6250392,24.35
1787080830,0.7622680000000001,0.6232116,24.35
1787080840,0.764049,0.6250392,24.36
1787080850,0.755144,0.616815,24.38
1787080860,0.758706,0.6195564,24.35
1787080870,0.751582,0.6149874,24.35
1787080880,0.756925,0.6195564,24.34
1787080890,0.749801,0.612246,24.35
1787080900,0.758706,0.6195564,24.38
1787080910,0.7444580000000001,0.6085908,24.35
1787080920,0.7444580000000001,0.607677,24.36
1787080930,0.7444580000000001,0.6085908,24.38
1787080940,0.746239,0.6095046,24.35
1787080950,0.749801,0.612246,24.36
1787080960,0.739115,0.6040217999999999,24.39
1787080970,0.735553,0.6012803999999999,24.36
1787080980,0.746239,0.6095046,24.36
1787080990,0.740896,0.6049356,24.36
1787081000,0.737334,0.603108,24.35
1787081010,0.742677,0.6058494,24.36
1787081020,0.735553,0.6003666,24.38
1787081030,0.742677,0.6067632,24.36
1787081040,0.733772,0.5994528,24.36
1787081050,0.74802,0.6113322,24.35
1787081060,0.746239,0.6095046,24.35
1787081070,0.746239,0.6095046,24.36
1787081080,0.739115,0.6040217999999999,24.38
1787081090,0.742677,0.6067632,24.38
1787081100,0.7444580000000001,0.607677,24.38
1787081110,0.7444580000000001,0.607677,24.35
1787081120,0.7319910000000001,0.598539,24.39
1787081130,0.740896,0.6040217999999999,24.39
1787081140,0.7319910000000001,0.5976252,24.35
1787081150,0.7319910000000001,0.5967114,24.35
1787081160,0.7319910000000001,0.5976252,24.36
1787081170,0.723086,0.5903148,24.36
1787081180,0.740896,0.6049356,24.35
1787081190,0.73021,0.5957976,24.36
1787081200,0.7319910000000001,0.5976252,24.35
1787081210,0.726648,0.5930562,24.35
1787081220,0.717743,0.5857458,24.35
1787081230,0.724867,0.5912286,24.32
1787081240,0.7124,0.5811767999999999,24.34
1787081250,0.717743,0.584832,24.35
1787081260,0.719524,0.5875734,24.35
1787081270,0.721305,0.5875734,24.34
1787081280,0.707057,0.5775216,24.36
1787081290,0.710619,0.5793492,24.32
1787081300,0.710619,0.5793492,24.34
1787081310,0.7017140000000001,0.5720388,24.34
1787081320,0.705276,0.575694,24.34
1787081330,0.703495,0.5738664,24.34
1787081340,0.699933,0.571125,24.34
1787081350,0.707057,0.5766078,24.34
1787081360,0.703495,0.5729526,24.35
1787081370,0.696371,0.5683836,24.35
1787081380,0.691028,0.5629008,24.32
1787081390,0.696371,0.5674698,24.32
1787081400,0.696371,0.566556,24.32
1787081410,0.696371,0.5683836,24.32
1787081420,0.689247,0.561987,24.35
1787081430,0.69459,0.566556,24.34
1787081440,0.687466,0.5610731999999999,24.34
1787081450,0.689247,0.5610731999999999,24.34
1787081460,0.687466,0.5601594,24.32
1787081470,0.689247,0.561987,24.32
1787081480,0.687466,0.5601594,24.32
1787081490,0.685685,0.5592456,24.35
1787081500,0.6839040000000001,0.557418,24.32
1787081510,0.680342,0.5537628,24.34
1787081520,0.67678,0.5519352,24.35
1787081530,0.682123,0.5565042,24.32
1787081540,0.680342,0.5537628,24.35
1787081550,0.67678,0.5519352,24.36
1787081560,0.673218,0.5491938,24.34
1787081570,0.674999,0.5491938,24.35
1787081580,0.674999,0.5501076,24.34
1787081590,0.678561,0.552849,24.32
1787081600,0.67678,0.5510214,24.32
1787081610,0.67678,0.5510214,24.38
1787081620,0.673218,0.54828,24.34
1787081630,0.673218,0.54828,24.34
1787081640,0.673218,0.5491938,24.35
1787081650,0.673218,0.5491938,24.34
1787081660,0.669656,0.5455386,24.35
1787081670,0.667875,0.5437109999999999,24.34
1787081680,0.666094,0.5427972,24.34
1787081690,0.669656,0.5446248,24.32
1787081700,0.662532,0.539142,24.32
1787081710,0.660751,0.5382282,24.31
1787081720,0.660751,0.5382282,24.32
1787081730,0.664313,0.5400558,24.32
1787081740,0.664313,0.5409695999999999,24.34
1787081750,0.6589700000000001,0.5364006,24.34
1787081760,0.6589700000000001,0.5354868,24.32
1787081770,0.657189,0.534573,24.34
1787081780,0.657189,0.5354868,24.34
1787081790,0.6589700000000001,0.5364006,24.32
1787081800,0.6589700000000001,0.5364006,24.34
1787081810,0.657189,0.5354868,24.31
1787081820,0.651846,0.530004,24.3
1787081830,0.653627,0.5318316,24.31
1787081840,0.6589700000000001,0.5364006,24.32
1787081850,0.657189,0.534573,24.3
1787081860,0.657189,0.5336592,24.31
1787081870,0.660751,0.5382282,24.31
1787081880,0.653627,0.5309178,24.31
1787081890,0.651846,0.530004,24.31
1787081900,0.655408,0.5327454,24.31
1787081910,0.653627,0.5318316,24.31
1787081920,0.655408,0.5336592,24.31
1787081930,0.6589700000000001,0.5354868,24.32
1787081940,0.653627,0.5309178,24.31
1787081950,0.651846,0.530004,24.3
1787081960,0.653627,0.5309178,24.3
1787081970,0.651846,0.530004,24.28
1787081980,0.651846,0.530004,24.31
1787081990,0.657189,0.5336592,24.31
1787082000,0.651846,0.5290902,24.3
1787082010,0.655408,0.5327454,24.3
1787082020,0.657189,0.534573,24.3
1787082030,0.655408,0.5327454,24.32
1787082040,0.653627,0.5318316,24.32
1787082050,0.651846,0.5309178,24.34
1787082060,0.648284,0.5263488,24.31
1787082070,0.650065,0.5281764,24.31
1787082080,0.655408,0.5327454,24.32
1787082090,0.653627,0.5318316,24.31
1787082100,0.648284,0.5272626,24.31
1787082110,0.653627,0.5327454,24.31
1787082120,0.653627,0.5318316,24.32
1787082130,0.646503,0.5263488,24.31
1787082140,0.653627,0.5327454,24.32
1787082150,0.655408,0.5336592,24.3
1787082160,0.653627,0.5318316,24.31
1787082170,0.651846,0.5309178,24.31
1787082180,0.653627,0.5318316,24.32
1787082190,0.653627,0.5318316,24.31
1787082200,0.655408,0.5327454,24.3
1787082210,0.653627,0.5318316,24.31
1787082220,0.651846,0.530004,24.3
1787082230,0.651846,0.5309178,24.3
1787082240,0.655408,0.5327454,24.31
1787082250,0.651846,0.5309178,24.3
1787082260,0.655408,0.5327454,24.3
1787082270,0.655408,0.5327454,24.32
1787082280,0.653627,0.5309178,24.3
1787082290,0.653627,0.5318316,24.34
1787082300,0.653627,0.5318316,24.3
1787082310,0.650065,0.5290902,24.31
1787082320,0.655408,0.5327454,24.3
1787082330,0.655408,0.5327454,24.31
1787082340,0.651846,0.5309178,24.3
1787082350,0.655408,0.5336592,24.31
1787082360,0.655408,0.5336592,24.3
1787082370,0.657189,0.534573,24.28
1787082380,0.657189,0.534573,24.28
1787082390,0.660751,0.5382282,24.3
1787082400,0.657189,0.534573,24.31
1787082410,0.657189,0.534573,24.3
1787082420,0.6589700000000001,0.5364006,24.31
1787082430,0.6589700000000001,0.5364006,24.28
1787082440,0.660751,0.5382282,24.3
1787082450,0.657189,0.534573,24.3
1787082460,0.660751,0.5382282,24.28
1787082470,0.6589700000000001,0.5364006,24.28
1787082480,0.657189,0.534573,24.32
1787082490,0.662532,0.5382282,24.31
1787082500,0.667875,0.5446248,24.3
1787082510,0.664313,0.5409695999999999,24.28
1787082520,0.664313,0.5409695999999999,24.31
1787082530,0.660751,0.5382282,24.3
1787082540,0.664313,0.5409695999999999,24.32
1787082550,0.667875,0.5437109999999999,24.32
1787082560,0.666094,0.5418834,24.31
1787082570,0.6589700000000001,0.5354868,24.28
1787082580,0.660751,0.5373144,24.31
1787082590,0.666094,0.5427972,24.3
1787082600,0.664313,0.5400558,24.31
1787082610,0.666094,0.5427972,24.3
1787082620,0.667875,0.5446248,24.25
1787082630,0.664313,0.5400558,24.3
1787082640,0.6714370000000001,0.5473662,24.3
1787082650,0.667875,0.5437109999999999,24.28
1787082660,0.674999,0.5491938,24.28
1787082670,0.669656,0.5455386,24.28
1787082680,0.6714370000000001,0.5464524,24.28
1787082690,0.673218,0.5491938,24.28
1787082700,0.674999,0.5501076,24.28
1787082710,0.6714370000000001,0.5455386,24.28
1787082720,0.673218,0.54828,24.28
1787082730,0.673218,0.54828,24.3
1787082740,0.669656,0.5446248,24.28
1787082750,0.666094,0.5418834,24.28
1787082760,0.6714370000000001,0.5473662,24.27
1787082770,0.678561,0.552849,24.3
1787082780,0.67678,0.5519352,24.28
1787082790,0.680342,0.5537628,24.3
1787082800,0.67678,0.5510214,24.28
1787082810,0.674999,0.5501076,24.28
1787082820,0.67678,0.5519352,24.28
1787082830,0.687466,0.5601594,24.27
1787082840,0.685685,0.557418,24.3
1787082850,0.682123,0.5555904,24.31
1787082860,0.6839040000000001,0.557418,24.28
1787082870,0.680342,0.5537628,24.31
1787082880,0.691028,0.5638145999999999,24.3
1787082890,0.682123,0.5555904,24.3
1787082900,0.689247,0.5610731999999999,24.31
1787082910,0.692809,0.5647284,24.28
1787082920,0.687466,0.5592456,24.28
1787082930,0.685685,0.5592456,24.28
1787082940,0.691028,0.5629008,24.27
1787082950,0.691028,0.5629008,24.3
1787082960,0.69459,0.566556,24.3
1787082970,0.696371,0.5674698,24.27
1787082980,0.7017140000000001,0.5720388,24.25
1787082990,0.698152,0.5683836,24.25
1787083000,0.698152,0.5683836,24.28
1787083010,0.699933,0.5702112,24.28
1787083020,0.699933,0.5692974,24.28
1787083030,0.696371,0.5674698,24.28
1787083040,0.698152,0.5683836,24.25
1787083050,0.707057,0.575694,24.27
1787083060,0.703495,0.5729526,24.25
1787083070,0.708838,0.5784354,24.27
1787083080,0.708838,0.5775216,24.23
1787083090,0.7124,0.5811767999999999,24.25
1787083100,0.7141810000000001,0.5820906,24.23
1787083110,0.7124,0.5811767999999999,24.25
1787083120,0.717743,0.584832,24.24
1787083130,0.715962,0.5839181999999999,24.24
1787083140,0.708838,0.5784354,24.23
1787083150,0.7124,0.580263,24.24
1787083160,0.705276,0.5738664,24.23
1787083170,0.705276,0.5747802,24.24
1787083180,0.7141810000000001,0.5830044,24.24
1787083190,0.719524,0.5875734,24.24
1787083200,0.715962,0.5839181999999999,24.24
1787083210,0.7124,0.580263,24.23
1787083220,0.707057,0.5766078,24.24
1787083230,0.707057,0.5766078,24.23
1787083240,0.7141810000000001,0.5820906,24.23
1787083250,0.715962,0.5839181999999999,24.23
1787083260,0.717743,0.5857458,24.23
1787083270,0.721305,0.5884872,24.23
1787083280,0.726648,0.5930562,24.23
1787083290,0.723086,0.5903148,24.21
1787083300,0.728429,0.59397,24.24
1787083310,0.723086,0.589401,24.24
1787083320,0.728429,0.59397,24.23
1787083330,0.724867,0.5921424,24.21
1787083340,0.73021,0.5957976,24.21
1787083350,0.739115,0.603108,24.25
1787083360,0.7319910000000001,0.5976252,24.2
1787083370,0.733772,0.598539,24.23
1787083380,0.733772,0.598539,24.24
1787083390,0.733772,0.5994528,24.25
1787083400,0.735553,0.6003666,24.24
1787083410,0.7319910000000001,0.5976252,24.24
1787083420,0.739115,0.6021942,24.23
1787083430,0.73021,0.5957976,24.25
1787083440,0.7444580000000001,0.607677,24.21
1787083450,0.733772,0.5994528,24.24
1787083460,0.740896,0.6040217999999999,24.23
1787083470,0.7444580000000001,0.6085908,24.24
1787083480,0.7319910000000001,0.5976252,24.23
1787083490,0.746239,0.6085908,24.24
1787083500,0.760487,0.6213839999999999,24.24
1787083510,0.756925,0.6186426,24.24
1787083520,0.751582,0.6140736,24.25
1787083530,0.756925,0.6177288,24.25
1787083540,0.758706,0.6204702,24.23
1787083550,0.7747350000000001,0.6323496,24.23
1787083560,0.778297,0.6369186,24.23
1787083570,0.781859,0.6387462,24.24
1787083580,0.778297,0.6360048,24.24
1787083590,0.772954,0.6314358,24.24
1787083600,0.772954,0.6323496,24.24
1787083610,0.778297,0.6360048,24.21
1787083620,0.772954,0.6314358,24.23
1787083630,0.785421,0.6424014,24.23
1787083640,0.780078,0.6369186,24.24
1787083650,0.780078,0.6378324,24.2
1787083660,0.7872020000000001,0.6442289999999999,24.23
1787083670,0.785421,0.6414875999999999,24.24
1787083680,0.785421,0.6424014,24.21
1787083690,0.78364,0.6405738,24.23
1787083700,0.778297,0.6360048,24.23
1787083710,0.78364,0.6405738,24.21
1787083720,0.780078,0.6378324,24.23
1787083730,0.772954,0.6314358,24.23
1787083740,0.776516,0.6341772,24.21
1787083750,0.7747350000000001,0.6332634,24.23
1787083760,0.790764,0.6469704,24.2
1787083770,0.7872020000000001,0.6433152,24.24
1787083780,0.790764,0.6469704,24.23
1787083790,0.794326,0.6497118,24.23
1787083800,0.803231,0.6570222,24.21
1787083810,0.792545,0.6478842,24.24
1787083820,0.799669,0.6542808,24.24
1787083830,0.799669,0.6551946,24.25
1787083840,0.8050120000000001,0.6588498,24.23
1787083850,0.822822,0.6725568,24.23
1787083860,0.812136,0.6652464,24.23
1787083870,0.815698,0.667074,24.24
1787083880,0.81926,0.6707292,24.23
1787083890,0.815698,0.6679878,24.23
1787083900,0.824603,0.6752982,24.24
1787083910,0.81926,0.6698154,24.23
1787083920,0.822822,0.6734706,24.24
1787083930,0.826384,0.6752982,24.24
1787083940,0.813917,0.6652464,24.25
1787083950,0.821041,0.671643,24.25
1787083960,0.822822,0.6743844,24.24
1787083970,0.81926,0.6707292,24.25
1787083980,0.815698,0.667074,24.25
1787083990,0.8174790000000001,0.6689016,24.24
1787084000,0.81926,0.671643,24.27
1787084010,0.822822,0.6743844,24.25
1787084020,0.81926,0.6707292,24.24
1787084030,0.815698,0.6679878,24.21
1787084040,0.824603,0.6752982,24.23
1787084050,0.826384,0.6771258,24.24
1787084060,0.824603,0.6752982,24.21
1787084070,0.8174790000000001,0.6698154,24.21
1787084080,0.829946,0.6789534,24.2
1787084090,0.821041,0.6725568,24.21
1787084100,0.828165,0.6780396,24.23
1787084110,0.824603,0.6743844,24.2
1787084120,0.821041,0.6725568,24.25
1787084130,0.831727,0.6816947999999999,24.23
1787084140,0.829946,0.6798672,24.21
1787084150,0.828165,0.6780396,24.2
1787084160,0.821041,0.6725568,24.23
1787084170,0.831727,0.680781,24.23
1787084180,0.828165,0.6780396,24.23
1787084190,0.831727,0.6816947999999999,24.24
1787084200,0.833508,0.6826086,24.23
1787084210,0.83707,0.6862638,24.23
1787084220,0.8352890000000001,0.6844361999999999,24.23
1787084230,0.833508,0.6835224,24.23
1787084240,0.842413,0.6908328,24.21
1787084250,0.853099,0.699057,24.24
1787084260,0.844194,0.6917466,24.23
1787084270,0.845975,0.6926604,24.25
1787084280,0.83707,0.68535,24.24
1787084290,0.840632,0.6890052,24.23
1787084300,0.853099,0.699057,24.24
1787084310,0.8477560000000001,0.694488,24.24
1787084320,0.844194,0.6908328,24.24
1787084330,0.8477560000000001,0.6954018,24.24
1787084340,0.845975,0.6926604,24.24
1787084350,0.8477560000000001,0.694488,24.23
1787084360,0.849537,0.6954018,24.24
1787084370,0.85488,0.7008846,24.23
1787084380,0.838851,0.6880914,24.21
1787084390,0.840632,0.6890052,24.23
1787084400,0.849537,0.6954018,24.24
1787084410,0.85488,0.6999708,24.23
1787084420,0.85488,0.6999708,24.23
1787084430,0.856661,0.7017983999999999,24.23
1787084440,0.856661,0.7027122,24.23
1787084450,0.867347,0.7118502,24.2
1787084460,0.8655660000000001,0.708195,24.21
1787084470,0.8655660000000001,0.7100226,24.21
1787084480,0.8655660000000001,0.7100226,24.2
1787084490,0.8655660000000001,0.7100226,24.2
1787084500,0.870909,0.7136778,24.23
1787084510,0.867347,0.7109364,24.21
1787084520,0.874471,0.717333,24.21
1787084530,0.862004,0.7072811999999999,24.2
1787084540,0.862004,0.7072811999999999,24.2
1787084550,0.869128,0.712764,24.18
1787084560,0.8655660000000001,0.7100226,24.23
1787084570,0.862004,0.7063674,24.21
1787084580,0.870909,0.7145916,24.23
1787084590,0.87269,0.7164192,24.2
1787084600,0.874471,0.7164192,24.21
1787084610,0.869128,0.712764,24.21
1787084620,0.867347,0.7118502,24.23
1787084630,0.869128,0.712764,24.21
1787084640,0.869128,0.712764,24.21
1787084650,0.860223,0.7054536,24.21
1787084660,0.860223,0.7045397999999999,24.21
1787084670,0.8655660000000001,0.7100226,24.2
1787084680,0.87269,0.7164192,24.2
1787084690,0.8655660000000001,0.7100226,24.2
1787084700,0.874471,0.7164192,24.23
1787084710,0.869128,0.712764,24.23
1787084720,0.870909,0.7136778,24.21
1787084730,0.8780330000000001,0.7200744,24.18
1787084740,0.881595,0.7237296,24.21
1787084750,0.885157,0.726471,24.21
1787084760,0.885157,0.7255572,24.24
1787084770,0.888719,0.7282986,24.21
1787084780,0.8905000000000001,0.73104,24.23
1787084790,0.8905000000000001,0.7301262,24.21
1787084800,0.892281,0.7319538,24.2
1787084810,0.885157,0.726471,24.21
1787084820,0.894062,0.7337814,24.2
1787084830,0.892281,0.7319538,24.23
1787084840,0.894062,0.7337814,24.2
1787084850,0.899405,0.7383504,24.21
1787084860,0.892281,0.7319538,24.21
1787084870,0.897624,0.7374366,24.21
1787084880,0.886938,0.7282986,24.21
1787084890,0.897624,0.7365228,24.18
1787084900,0.902967,0.7410918,24.21
1787084910,0.897624,0.7365228,24.2
1787084920,0.901186,0.7392642,24.18
1787084930,0.897624,0.735609,24.21
1787084940,0.8958430000000001,0.735609,24.18
1787084950,0.885157,0.726471,24.21
1787084960,0.888719,0.7292124,24.21
1787084970,0.897624,0.735609,24.2
1787084980,0.901186,0.7392642,24.21
1787084990,0.904748,0.7420056,24.18
1787085000,0.901186,0.740178,24.2
1787085010,0.901186,0.7392642,24.18
1787085020,0.899405,0.7383504,24.2
1787085030,0.8958430000000001,0.735609,24.2
1787085040,0.904748,0.7429194,24.18
1787085050,0.906529,0.7438332,24.2
1787085060,0.904748,0.7420056,24.17
1787085070,0.911872,0.7484022,24.2
1787085080,0.910091,0.7474883999999999,24.2
1787085090,0.915434,0.7511436,24.2
1787085100,0.9083100000000001,0.7465746,24.2
1787085110,0.911872,0.7484022,24.2
1787085120,0.910091,0.7474883999999999,24.17
1787085130,0.911872,0.7484022,24.2
1787085140,0.911872,0.749316,24.2
1787085150,0.910091,0.7474883999999999,24.18
1787085160,0.906529,0.7447469999999999,24.21
1787085170,0.911872,0.7484022,24.2
1787085180,0.911872,0.7484022,24.2
1787085190,0.910091,0.7474883999999999,24.21
1787085200,0.899405,0.7392642,24.21
1787085210,0.911872,0.7484022,24.2
1787085220,0.9083100000000001,0.7456608,24.21
1787085230,0.913653,0.7502298,24.2
1787085240,0.913653,0.7502298,24.2
1787085250,0.904748,0.7429194,24.21
1787085260,0.910091,0.7474883999999999,24.2
1787085270,0.911872,0.749316,24.2
1787085280,0.9083100000000001,0.7465746,24.2
1787085290,0.910091,0.7474883999999999,24.21
1787085300,0.917215,0.7529712,24.21
1787085310,0.9207770000000001,0.7557126,24.21
1787085320,0.918996,0.7547988,24.21
1787085330,0.918996,0.7547988,24.23
1787085340,0.915434,0.7520574,24.23
1787085350,0.918996,0.7547988,24.23
1787085360,0.922558,0.758454,24.24
1787085370,0.913653,0.7502298,24.24
1787085380,0.92612,0.7611954,24.23
1787085390,0.92612,0.7611954,24.23
1787085400,0.92612,0.7602816,24.23
1787085410,0.922558,0.758454,24.25
1787085420,0.924339,0.7593678,24.23
1787085430,0.924339,0.7593678,24.24
1787085440,0.924339,0.7602816,24.21
1787085450,0.927901,0.7621092,24.24
1787085460,0.92612,0.7611954,24.21
1787085470,0.92612,0.7602816,24.25
1787085480,0.922558,0.7575402,24.23
1787085490,0.933244,0.7657644,24.23
1787085500,0.924339,0.758454,24.24
1787085510,0.92612,0.7602816,24.23
1787085520,0.929682,0.7648505999999999,24.23
1787085530,0.927901,0.7621092,24.25
1787085540,0.927901,0.763023,24.2
1787085550,0.927901,0.763023,24.21
1787085560,0.92612,0.7611954,24.2
1787085570,0.9207770000000001,0.7566264,24.23
1787085580,0.9207770000000001,0.7557126,24.23
1787085590,0.927901,0.7621092,24.23
1787085600,0.92612,0.7611954,24.21
1787085610,0.927901,0.763023,24.2
1787085620,0.935025,0.7675919999999999,24.18
1787085630,0.931463,0.7657644,24.23
1787085640,0.933244,0.7666782,24.2
1787085650,0.931463,0.7648505999999999,24.21
1787085660,0.931463,0.7648505999999999,24.23
1787085670,0.933244,0.7666782,24.21
1787085680,0.927901,0.763023,24.2
1787085690,0.935025,0.7685058,24.2
1787085700,0.931463,0.7657644,24.21
1787085710,0.935025,0.7685058,24.21
1787085720,0.936806,0.7694196,24.17
1787085730,0.935025,0.7675919999999999,24.2
1787085740,0.931463,0.7657644,24.18
1787085750,0.935025,0.7675919999999999,24.21
1787085760,0.933244,0.7666782,24.2
1787085770,0.933244,0.7666782,24.21
1787085780,0.933244,0.7666782,24.2
1787085790,0.92612,0.7611954,24.2
1787085800,0.933244,0.7666782,24.17
1787085810,0.933244,0.7666782,24.18
1787085820,0.9385870000000001,0.7712472,24.2
1787085830,0.933244,0.7675919999999999,24.2
1787085840,0.931463,0.7648505999999999,24.18
1787085850,0.931463,0.7648505999999999,24.21
1787085860,0.931463,0.7657644,24.18
1787085870,0.931463,0.7657644,24.18
1787085880,0.933244,0.7666782,24.18
1787085890,0.935025,0.7685058,24.21
1787085900,0.924339,0.7602816,24.2
1787085910,0.92612,0.7611954,24.18
1787085920,0.933244,0.7675919999999999,24.2
1787085930,0.936806,0.7694196,24.18
1787085940,0.931463,0.7657644,24.21
1787085950,0.942149,0.7739886,24.18
1787085960,0.931463,0.7657644,24.17
1787085970,0.927901,0.7621092,24.18
1787085980,0.931463,0.7648505999999999,24.18
1787085990,0.92612,0.7602816,24.18
1787086000,0.935025,0.7685058,24.18
1787086010,0.92612,0.7611954,24.18
1787086020,0.931463,0.7648505999999999,24.18
1787086030,0.931463,0.7657644,24.18
1787086040,0.933244,0.7666782,24.18
1787086050,0.929682,0.7639368,24.18
1787086060,0.92612,0.7602816,24.18
1787086070,0.933244,0.7666782,24.15
1787086080,0.940368,0.7730748,24.2
1787086090,0.931463,0.7657644,24.2
1787086100,0.935025,0.7685058,24.2
1787086110,0.9385870000000001,0.772161,24.2
1787086120,0.933244,0.7675919999999999,24.21
1787086130,0.935025,0.7685058,24.17
1787086140,0.936806,0.7703334,24.2
1787086150,0.935025,0.7675919999999999,24.2
1787086160,0.92612,0.7602816,24.18
1787086170,0.935025,0.7685058,24.17
1787086180,0.922558,0.7575402,24.17
1787086190,0.924339,0.7593678,24.18
1787086200,0.92612,0.7602816,24.17
1787086210,0.933244,0.7666782,24.17
1787086220,0.931463,0.7657644,24.17
1787086230,0.931463,0.7657644,24.15
1787086240,0.931463,0.7657644,24.17
1787086250,0.92612,0.7602816,24.15
1787086260,0.92612,0.7611954,24.17
1787086270,0.927901,0.7621092,24.17
1787086280,0.927901,0.763023,24.15
1787086290,0.92612,0.7611954,24.17
1787086300,0.92612,0.7611954,24.17
1787086310,0.929682,0.7639368,24.17
1787086320,0.931463,0.7648505999999999,24.15
1787086330,0.92612,0.7621092,24.17
1787086340,0.927901,0.7621092,24.17
1787086350,0.929682,0.7648505999999999,24.17
1787086360,0.9207770000000001,0.7566264,24.17
1787086370,0.917215,0.753885,24.15
1787086380,0.929682,0.7639368,24.15
1787086390,0.9207770000000001,0.7557126,24.17
1787086400,0.9207770000000001,0.7566264,24.17
1787086410,0.922558,0.758454,24.17
1787086420,0.922558,0.758454,24.15
1787086430,0.927901,0.7621092,24.17
1787086440,0.924339,0.7593678,24.17
1787086450,0.927901,0.7621092,24.14
1787086460,0.922558,0.7575402,24.17
1787086470,0.929682,0.7639368,24.14
1787086480,0.917215,0.753885,24.15
1787086490,0.924339,0.7593678,24.15
1787086500,0.922558,0.758454,24.13
1787086510,0.918996,0.7547988,24.15
1787086520,0.918996,0.7547988,24.14
1787086530,0.922558,0.7575402,24.13
1787086540,0.922558,0.758454,24.11
1787086550,0.924339,0.7593678,24.14
1787086560,0.922558,0.758454,24.14
1787086570,0.922558,0.7575402,24.13
1787086580,0.924339,0.7593678,24.13
1787086590,0.918996,0.7547988,24.13
1787086600,0.924339,0.7593678,24.11
1787086610,0.924339,0.7602816,24.15
1787086620,0.924339,0.758454,24.14
1787086630,0.910091,0.7465746,24.13
1787086640,0.9207770000000001,0.7557126,24.14
1787086650,0.915434,0.7520574,24.14
1787086660,0.915434,0.7520574,24.13
1787086670,0.917215,0.7529712,24.13
1787086680,0.915434,0.7511436,24.1
1787086690,0.915434,0.7511436,24.13
1787086700,0.915434,0.7520574,24.1
1787086710,0.910091,0.7474883999999999,24.13
1787086720,0.915434,0.7520574,24.11
1787086730,0.915434,0.7520574,24.08
1787086740,0.915434,0.7520574,24.11
1787086750,0.9083100000000001,0.7456608,24.13
1787086760,0.915434,0.7520574,24.13
1787086770,0.911872,0.749316,24.1
1787086780,0.9083100000000001,0.7456608,24.11
1787086790,0.911872,0.749316,24.1
1787086800,0.910091,0.7474883999999999,24.11
1787086810,0.911872,0.749316,24.1
1787086820,0.9083100000000001,0.7456608,24.14
1787086830,0.906529,0.7438332,24.13
1787086840,0.911872,0.7484022,24.13
1787086850,0.910091,0.7484022,24.11
1787086860,0.910091,0.7474883999999999,24.14
1787086870,0.9083100000000001,0.7456608,24.11
1787086880,0.9083100000000001,0.7456608,24.11
1787086890,0.906529,0.7447469999999999,24.1
1787086900,0.902967,0.7410918,24.11
1787086910,0.906529,0.7447469999999999,24.1
1787086920,0.906529,0.7456608,24.13
1787086930,0.902967,0.7420056,24.11
1787086940,0.897624,0.7374366,24.11
1787086950,0.902967,0.7420056,24.11
1787086960,0.897624,0.7374366,24.1
1787086970,0.899405,0.7383504,24.08
1787086980,0.902967,0.7410918,24.1
1787086990,0.901186,0.740178,24.11
1787087000,0.8958430000000001,0.735609,24.13
1787087010,0.8958430000000001,0.7365228,24.13
1787087020,0.906529,0.7447469999999999,24.13
1787087030,0.8958430000000001,0.7365228,24.13
1787087040,0.899405,0.7392642,24.14
1787087050,0.894062,0.7337814,24.13
1787087060,0.8958430000000001,0.735609,24.14
1787087070,0.888719,0.7301262,24.14
1787087080,0.894062,0.7346952,24.11
1787087090,0.894062,0.7337814,24.15
1787087100,0.894062,0.7337814,24.13
1787087110,0.888719,0.7301262,24.14
1787087120,0.892281,0.7319538,24.15
1787087130,0.8905000000000001,0.73104,24.14
1787087140,0.883376,0.7255572,24.14
1787087150,0.883376,0.7255572,24.15
1787087160,0.883376,0.7255572,24.15
1787087170,0.888719,0.7301262,24.15
1787087180,0.885157,0.726471,24.13
1787087190,0.885157,0.726471,24.14
1787087200,0.874471,0.7182468,24.14
1787087210,0.885157,0.726471,24.13
1787087220,0.8780330000000001,0.7209882,24.14
1787087230,0.8780330000000001,0.7200744,24.13
1787087240,0.870909,0.7145916,24.15
1787087250,0.874471,0.717333,24.14
1787087260,0.876252,0.7182468,24.13
1787087270,0.879814,0.7228158,24.13
1787087280,0.876252,0.7191606,24.11
1787087290,0.881595,0.7228158,24.14
1787087300,0.881595,0.7237296,24.14
1787087310,0.881595,0.7246433999999999,24.1
1787087320,0.881595,0.7246433999999999,24.11
1787087330,0.874471,0.717333,24.13
1787087340,0.879814,0.7228158,24.11
1787087350,0.876252,0.7191606,24.11
1787087360,0.874471,0.7182468,24.14
1787087370,0.869128,0.7136778,24.11
1787087380,0.879814,0.7228158,24.14
1787087390,0.869128,0.712764,24.1
1787087400,0.863785,0.708195,24.13
1787087410,0.869128,0.712764,24.11
1787087420,0.863785,0.708195,24.11
1787087430,0.869128,0.712764,24.11
1787087440,0.8655660000000001,0.7100226,24.11
1787087450,0.863785,0.7091088,24.13
1787087460,0.862004,0.7072811999999999,24.11
1787087470,0.863785,0.7091088,24.1
1787087480,0.863785,0.7091088,24.11
1787087490,0.863785,0.708195,24.1
1787087500,0.879814,0.721902,24.13
1787087510,0.863785,0.708195,24.13
1787087520,0.863785,0.708195,24.14
1787087530,0.85488,0.7017983999999999,24.11
1787087540,0.853099,0.6999708,24.1
1787087550,0.856661,0.7017983999999999,24.1
1787087560,0.853099,0.699057,24.13
1787087570,0.862004,0.708195,24.14
1787087580,0.856661,0.7027122,24.13
1787087590,0.849537,0.6972294,24.11
1787087600,0.85488,0.7008846,24.11
1787087610,0.85488,0.7017983999999999,24.11
1787087620,0.85488,0.7008846,24.13
1787087630,0.851318,0.699057,24.13
1787087640,0.8477560000000001,0.6954018,24.13
1787087650,0.845975,0.694488,24.13
1787087660,0.8477560000000001,0.694488,24.13
1787087670,0.842413,0.6908328,24.13
1787087680,0.844194,0.6926604,24.11
1787087690,0.844194,0.6926604,24.13
1787087700,0.842413,0.6908328,24.14
1787087710,0.8477560000000001,0.6963156,24.13
1787087720,0.840632,0.6890052,24.14
1787087730,0.83707,0.6871775999999999,24.11
1787087740,0.83707,0.6862638,24.11
1787087750,0.833508,0.6835224,24.15
1787087760,0.829946,0.6798672,24.14
1787087770,0.833508,0.6835224,24.13
1787087780,0.824603,0.676212,24.14
1787087790,0.842413,0.6908328,24.14
1787087800,0.808574,0.662505,24.14
1787087810,0.822822,0.6743844,24.13
1787087820,0.826384,0.6771258,24.14
1787087830,0.822822,0.6743844,24.13
1787087840,0.822822,0.6743844,24.14
1787087850,0.815698,0.6689016,24.13
1787087860,0.822822,0.6734706,24.13
1787087870,0.822822,0.6752982,24.14
1787087880,0.810355,0.6634188,24.14
1787087890,0.824603,0.676212,24.1
1787087900,0.812136,0.6652464,24.11
1787087910,0.826384,0.6771258,24.13
1787087920,0.8174790000000001,0.6707292,24.14
1787087930,0.810355,0.6643325999999999,24.13
1787087940,0.813917,0.667074,24.13
1787087950,0.813917,0.667074,24.14
1787087960,0.813917,0.667074,24.13
1787087970,0.810355,0.6643325999999999,24.13
1787087980,0.812136,0.6661602,24.14
1787087990,0.810355,0.6643325999999999,24.1
1787088000,0.806793,0.6606774,24.1
1787088010,0.803231,0.657936,24.13
1787088020,0.813917,0.6679878,24.11
1787088030,0.808574,0.662505,24.11
1787088040,0.80145,0.6561084,24.11
1787088050,0.810355,0.6643325999999999,24.11
1787088060,0.8050120000000001,0.6597636,24.13
1787088070,0.794326,0.6506256,24.11
1787088080,0.8050120000000001,0.6606774,24.13
1787088090,0.792545,0.6497118,24.1
1787088100,0.799669,0.6551946,24.11
1787088110,0.792545,0.648798,24.13
1787088120,0.796107,0.6524532,24.08
1787088130,0.788983,0.6469704,24.1
1787088140,0.796107,0.653367,24.11
1787088150,0.794326,0.6506256,24.11
1787088160,0.792545,0.648798,24.13
1787088170,0.8050120000000001,0.6597636,24.13
1787088180,0.780078,0.63966,24.11
1787088190,0.792545,0.6497118,24.08
1787088200,0.788983,0.6460566,24.1
1787088210,0.790764,0.6469704,24.08
1787088220,0.794326,0.6506256,24.1
1787088230,0.792545,0.6497118,24.08
1787088240,0.788983,0.6460566,24.11
1787088250,0.780078,0.63966,24.1
1787088260,0.785421,0.6433152,24.11
1787088270,0.785421,0.6433152,24.1
1787088280,0.776516,0.6360048,24.11
1787088290,0.780078,0.63966,24.1
1787088300,0.7747350000000001,0.635091,24.08
1787088310,0.772954,0.6323496,24.1
1787088320,0.769392,0.6296082,24.1
1787088330,0.7747350000000001,0.635091,24.08
1787088340,0.769392,0.630522,24.11
1787088350,0.7747350000000001,0.6341772,24.1
1787088360,0.767611,0.6277806,24.13
1787088370,0.76583,0.625953,24.1
1787088380,0.764049,0.625953,24.1
1787088390,0.76583,0.6268668,24.08
1787088400,0.764049,0.6250392,24.11
1787088410,0.7622680000000001,0.6241253999999999,24.08
1787088420,0.74802,0.612246,24.08
1787088430,0.760487,0.6222978,24.1
1787088440,0.758706,0.6204702,24.07
1787088450,0.764049,0.6250392,24.08
1787088460,0.755144,0.6177288,24.11
1787088470,0.756925,0.6195564,24.11
1787088480,0.76583,0.6277806,24.1
1787088490,0.764049,0.6250392,24.11
1787088500,0.76583,0.625953,24.08
1787088510,0.756925,0.6186426,24.08
1787088520,0.753363,0.616815,24.08
1787088530,0.764049,0.625953,24.11
1787088540,0.756925,0.6186426,24.1
1787088550,0.7622680000000001,0.6241253999999999,24.1
1787088560,0.756925,0.6186426,24.11
1787088570,0.7444580000000001,0.6085908,24.11
1787088580,0.742677,0.607677,24.08
1787088590,0.753363,0.6159012,24.11
1787088600,0.740896,0.6058494,24.1
1787088610,0.7444580000000001,0.6085908,24.1
1787088620,0.735553,0.6021942,24.11
1787088630,0.742677,0.607677,24.11
1787088640,0.740896,0.6058494,24.08
1787088650,0.7319910000000001,0.598539,24.1
1787088660,0.733772,0.5994528,24.08
1787088670,0.73021,0.5967114,24.1
1787088680,0.724867,0.5930562,24.08
1787088690,0.739115,0.6049356,24.08
1787088700,0.728429,0.5948838,24.1
1787088710,0.7319910000000001,0.598539,24.1
1787088720,0.737334,0.603108,24.08
1787088730,0.733772,0.6003666,24.08
1787088740,0.728429,0.5948838,24.08
1787088750,0.710619,0.5811767999999999,24.08
1787088760,0.73021,0.5976252,24.11
1787088770,0.733772,0.5994528,24.1
1787088780,0.7319910000000001,0.598539,24.11
1787088790,0.7319910000000001,0.5994528,24.11
1787088800,0.726648,0.59397,24.1
1787088810,0.715962,0.584832,24.11
1787088820,0.723086,0.5921424,24.11
1787088830,0.723086,0.5912286,24.08
1787088840,0.726648,0.59397,24.08
1787088850,0.721305,0.589401,24.08
1787088860,0.721305,0.589401,24.08
1787088870,0.726648,0.59397,24.07
1787088880,0.717743,0.5857458,24.1
1787088890,0.7141810000000001,0.5839181999999999,24.11
1787088900,0.719524,0.5884872,24.1
1787088910,0.7124,0.5820906,24.08
1787088920,0.715962,0.584832,24.11
1787088930,0.717743,0.5866596,24.08
1787088940,0.723086,0.5903148,24.07
1787088950,0.717743,0.5875734,24.08
1787088960,0.707057,0.5775216,24.11
1787088970,0.708838,0.5793492,24.1
1787088980,0.705276,0.5766078,24.08
1787088990,0.715962,0.5857458,24.11
1787089000,0.710619,0.5811767999999999,24.07
1787089010,0.7017140000000001,0.5729526,24.08
1787089020,0.703495,0.5747802,24.08
1787089030,0.7124,0.5811767999999999,24.1
1787089040,0.705276,0.575694,24.08
1787089050,0.703495,0.5738664,24.11
1787089060,0.7017140000000001,0.5738664,24.1
1787089070,0.7017140000000001,0.5738664,24.08
1787089080,0.699933,0.571125,24.1
1787089090,0.707057,0.5775216,24.08
1787089100,0.699933,0.5720388,24.11
1787089110,0.698152,0.5702112,24.08
1787089120,0.691028,0.5638145999999999,24.11
1787089130,0.689247,0.5638145999999999,24.1
1787089140,0.692809,0.566556,24.1
1787089150,0.689247,0.5638145999999999,24.1
1787089160,0.689247,0.5629008,24.1
1787089170,0.69459,0.5674698,24.08
1787089180,0.6839040000000001,0.5583318,24.08
1787089190,0.680342,0.5555904,24.1
1787089200,0.685685,0.5601594,24.11
1787089210,0.692809,0.5656422,24.07
1787089220,0.682123,0.557418,24.1
1787089230,0.689247,0.5629008,24.1
1787089240,0.692809,0.5656422,24.1
1787089250,0.69459,0.5674698,24.11
1787089260,0.6839040000000001,0.5592456,24.08
1787089270,0.685685,0.5601594,24.1
1787089280,0.67678,0.552849,24.1
1787089290,0.682123,0.557418,24.1
1787089300,0.687466,0.5610731999999999,24.1
1787089310,0.67678,0.5519352,24.08
1787089320,0.682123,0.557418,24.11
1787089330,0.680342,0.5555904,24.14
1787089340,0.680342,0.5565042,24.11
1787089350,0.678561,0.5537628,24.08
1787089360,0.687466,0.5610731999999999,24.1
1787089370,0.678561,0.5546766,24.11
1787089380,0.67678,0.552849,24.1
1787089390,0.685685,0.5601594,24.11
1787089400,0.680342,0.5555904,24.1
1787089410,0.680342,0.5555904,24.1
1787089420,0.678561,0.5546766,24.13
1787089430,0.67678,0.5519352,24.1
1787089440,0.667875,0.5455386,24.08
1787089450,0.669656,0.5473662,24.1
1787089460,0.6714370000000001,0.5473662,24.08
1787089470,0.6714370000000001,0.54828,24.07
1787089480,0.673218,0.5501076,24.11
1787089490,0.6714370000000001,0.5491938,24.1
1787089500,0.673218,0.5491938,24.08
1787089510,0.667875,0.5446248,24.1
1787089520,0.666094,0.5446248,24.08
1787089530,0.664313,0.5418834,24.07
1787089540,0.669656,0.5473662,24.1
1787089550,0.6714370000000001,0.54828,24.08
1787089560,0.669656,0.5464524,24.1
1787089570,0.664313,0.5418834,24.11
1787089580,0.662532,0.5400558,24.1
1787089590,0.667875,0.5446248,24.07
1787089600,0.6589700000000001,0.5382282,24.08
1787089610,0.666094,0.5437109999999999,24.11
1787089620,0.653627,0.5336592,24.11
1787089630,0.6589700000000001,0.5373144,24.13
1787089640,0.662532,0.5400558,24.08
1787089650,0.666094,0.5427972,24.13
1787089660,0.6589700000000001,0.5373144,24.08
1787089670,0.662532,0.5400558,24.11
1787089680,0.657189,0.5373144,24.11
1787089690,0.662532,0.5400558,24.1
1787089700,0.660751,0.5400558,24.08
1787089710,0.660751,0.539142,24.11
1787089720,0.662532,0.5409695999999999,24.11
1787089730,0.662532,0.5409695999999999,24.08
1787089740,0.666094,0.5437109999999999,24.1
1787089750,0.664313,0.5427972,24.11
1787089760,0.657189,0.5373144,24.11
1787089770,0.657189,0.5364006,24.1
1787089780,0.660751,0.539142,24.1
1787089790,0.6589700000000001,0.5382282,24.11
1787089800,0.657189,0.5364006,24.1
1787089810,0.657189,0.5364006,24.1
1787089820,0.657189,0.5354868,24.08
1787089830,0.6589700000000001,0.5373144,24.1
1787089840,0.651846,0.5318316,24.1
1787089850,0.653627,0.5336592,24.1
1787089860,0.653627,0.5336592,24.1
1787089870,0.651846,0.5327454,24.1
1787089880,0.646503,0.5281764,24.11
1787089890,0.653627,0.5327454,24.08
1787089900,0.648284,0.5290902,24.11
1787089910,0.648284,0.5290902,24.08
1787089920,0.646503,0.5281764,24.08
1787089930,0.642941,0.5245212,24.07
1787089940,0.644722,0.5263488,24.07
1787089950,0.648284,0.5290902,24.08
1787089960,0.648284,0.5290902,24.07
1787089970,0.646503,0.5281764,24.06
1787089980,0.642941,0.5245212,24.07
1787089990,0.644722,0.5263488,24.08
1787090000,0.642941,0.5245212,24.07
1787090010,0.642941,0.5245212,24.08
1787090020,0.6411600000000001,0.5226936,24.1
1787090030,0.646503,0.5263488,24.07
1787090040,0.6411600000000001,0.5236074,24.04
1787090050,0.6411600000000001,0.5236074,24.07
1787090060,0.634036,0.5172108,24.07
1787090070,0.637598,0.5199522,24.08
1787090080,0.634036,0.5172108,24.07
1787090090,0.634036,0.5181246,24.06
1787090100,0.639379,0.5217798,24.07
1787090110,0.634036,0.5172108,24.06
1787090120,0.637598,0.5190384,24.1
1787090130,0.639379,0.5217798,24.08
1787090140,0.639379,0.5217798,24.07
1787090150,0.637598,0.5199522,24.08
1787090160,0.635817,0.5181246,24.11
1787090170,0.635817,0.5181246,24.07
1787090180,0.634036,0.516297,24.07
1787090190,0.639379,0.5208659999999999,24.08
1787090200,0.6411600000000001,0.5226936,24.08
1787090210,0.639379,0.5208659999999999,24.08
1787090220,0.632255,0.5153832,24.11
1787090230,0.630474,0.5135556,24.1
1787090240,0.634036,0.5172108,24.08
1787090250,0.634036,0.5172108,24.08
1787090260,0.632255,0.5153832,24.08
1787090270,0.637598,0.5199522,24.1
1787090280,0.6411600000000001,0.5226936,24.08
1787090290,0.634036,0.5172108,24.1
1787090300,0.635817,0.5181246,24.08
1787090310,0.630474,0.5144694,24.08
1787090320,0.630474,0.5135556,24.07
1787090330,0.6286930000000001,0.5126418,24.08
1787090340,0.630474,0.5144694,24.07
1787090350,0.6286930000000001,0.5126418,24.07
1787090360,0.634036,0.516297,24.06
1787090370,0.635817,0.5181246,24.07
1787090380,0.635817,0.5181246,24.08
1787090390,0.632255,0.5144694,24.08
1787090400,0.630474,0.5144694,24.07
1787090410,0.630474,0.5135556,24.06
1787090420,0.632255,0.5153832,24.08
1787090430,0.634036,0.516297,24.07
1787090440,0.632255,0.5153832,24.08
1787090450,0.6286930000000001,0.5126418,24.06
1787090460,0.6286930000000001,0.5126418,24.06
1787090470,0.6286930000000001,0.5126418,24.03
1787090480,0.630474,0.5135556,24.07
1787090490,0.625131,0.5099004,24.06
1787090500,0.630474,0.5135556,24.06
1787090510,0.630474,0.5135556,24.06
1787090520,0.626912,0.511728,24.06
1787090530,0.625131,0.5099004,24.06
1787090540,0.621569,0.507159,24.06
1787090550,0.62335,0.5089866,24.04
1787090560,0.62335,0.5089866,24.04
1787090570,0.625131,0.5099004,24.04
1787090580,0.626912,0.5108142,24.04
1787090590,0.6286930000000001,0.5126418,24.07
1787090600,0.626912,0.511728,24.07
1787090610,0.626912,0.511728,24.03
1787090620,0.625131,0.5099004,24.03
1787090630,0.626912,0.5108142,24.06
1787090640,0.626912,0.5108142,24.03
1787090650,0.626912,0.511728,24.04
1787090660,0.626912,0.5108142,24.04
1787090670,0.626912,0.5108142,24.03
1787090680,0.6286930000000001,0.511728,24.04
1787090690,0.625131,0.5089866,24.04
1787090700,0.619788,0.5053314,24.03
1787090710,0.621569,0.507159,24.04
1787090720,0.6286930000000001,0.511728,24.04
1787090730,0.625131,0.5089866,24.04
1787090740,0.625131,0.5099004,24.06
1787090750,0.6286930000000001,0.5126418,24.06
1787090760,0.625131,0.5099004,24.04
1787090770,0.625131,0.5099004,24.07
1787090780,0.625131,0.5108142,24.06
1787090790,0.62335,0.5080728,24.07
1787090800,0.625131,0.5089866,24.04
1787090810,0.626912,0.5108142,24.04
1787090820,0.621569,0.507159,24.04
1787090830,0.619788,0.5053314,24.06
1787090840,0.62335,0.5080728,24.04
1787090850,0.625131,0.5099004,24.07
1787090860,0.626912,0.5108142,24.06
1787090870,0.625131,0.5099004,24.06
1787090880,0.6286930000000001,0.5126418,24.06
1787090890,0.6286930000000001,0.511728,24.04
1787090900,0.630474,0.5135556,24.07
1787090910,0.62335,0.5089866,24.06
1787090920,0.630474,0.5135556,24.04
1787090930,0.6286930000000001,0.5126418,24.07
1787090940,0.635817,0.5190384,24.06
1787090950,0.632255,0.5153832,24.07
1787090960,0.62335,0.5080728,24.04
1787090970,0.626912,0.5108142,24.08
1787090980,0.6286930000000001,0.511728,24.07
1787090990,0.626912,0.511728,24.03
1787091000,0.626912,0.511728,24.06
1787091010,0.625131,0.5099004,24.06
1787091020,0.621569,0.5062452,24.07
1787091030,0.6286930000000001,0.511728,24.07
1787091040,0.626912,0.511728,24.04
1787091050,0.630474,0.5144694,24.03
1787091060,0.630474,0.5144694,24.07
1787091070,0.630474,0.5144694,24.06
1787091080,0.630474,0.5135556,24.07
1787091090,0.630474,0.5144694,24.06
1787091100,0.630474,0.5144694,24.07
1787091110,0.6286930000000001,0.5126418,24.06
1787091120,0.630474,0.5144694,24.06
1787091130,0.632255,0.5153832,24.06
1787091140,0.6286930000000001,0.5126418,24.03
1787091150,0.634036,0.5172108,24.06
1787091160,0.626912,0.5108142,24.04
1787091170,0.625131,0.5089866,24.06
1787091180,0.626912,0.5108142,24.06
1787091190,0.625131,0.5099004,24.06
1787091200,0.632255,0.5153832,24.06
1787091210,0.625131,0.5099004,24.06
1787091220,0.62335,0.5080728,24.06
1787091230,0.626912,0.5108142,24.07
1787091240,0.625131,0.5099004,24.04
1787091250,0.626912,0.5108142,24.06
1787091260,0.626912,0.5108142,24.06
1787091270,0.62335,0.5080728,24.06
1787091280,0.62335,0.5080728,24.07
1787091290,0.625131,0.5108142,24.06
1787091300,0.62335,0.5089866,24.06
1787091310,0.62335,0.5080728,24.04
1787091320,0.62335,0.5080728,24.06
1787091330,0.62335,0.5080728,24.04
1787091340,0.625131,0.5099004,24.06
1787091350,0.626912,0.511728,24.03
1787091360,0.625131,0.5099004,24.04
1787091370,0.626912,0.511728,24.03
1787091380,0.626912,0.5108142,24.04
1787091390,0.626912,0.511728,24.03
1787091400,0.626912,0.511728,24.03
1787091410,0.630474,0.5135556,24.04
1787091420,0.630474,0.5144694,24.04
1787091430,0.626912,0.511728,24.06
1787091440,0.626912,0.5108142,24.04
1787091450,0.630474,0.5135556,24.04
1787091460,0.634036,0.5172108,24.01
1787091470,0.6286930000000001,0.5135556,24.04
1787091480,0.632255,0.5153832,24.03
1787091490,0.630474,0.5144694,24.01
1787091500,0.6286930000000001,0.5126418,24.03
1787091510,0.632255,0.516297,24.01
1787091520,0.630474,0.5135556,24.03
1787091530,0.6286930000000001,0.5126418,24.01
1787091540,0.626912,0.5108142,24.01
1787091550,0.626912,0.511728,24.04
1787091560,0.626912,0.5108142,24.01
1787091570,0.626912,0.511728,24.04
1787091580,0.62335,0.5089866,24.03
1787091590,0.626912,0.511728,24.03
1787091600,0.6286930000000001,0.5135556,24.03
1787091610,0.626912,0.5108142,24.04
1787091620,0.632255,0.516297,24.01
1787091630,0.626912,0.511728,24.01
1787091640,0.6286930000000001,0.5126418,24.01
1787091650,0.630474,0.5135556,24.0
1787091660,0.626912,0.511728,24.01
1787091670,0.6286930000000001,0.5126418,24.0
1787091680,0.62335,0.5089866,24.01
1787091690,0.626912,0.511728,24.01
1787091700,0.6286930000000001,0.5126418,24.03
1787091710,0.632255,0.5153832,24.0
1787091720,0.6286930000000001,0.5135556,24.01
1787091730,0.6286930000000001,0.5126418,24.03
1787091740,0.625131,0.5108142,24.03
1787091750,0.626912,0.511728,24.01
1787091760,0.630474,0.5135556,24.03
1787091770,0.630474,0.5144694,24.03
1787091780,0.632255,0.516297,24.03
1787091790,0.630474,0.5135556,24.03
1787091800,0.635817,0.5190384,24.04
1787091810,0.635817,0.5181246,24.04
1787091820,0.6286930000000001,0.5135556,24.03
1787091830,0.637598,0.5208659999999999,24.01
1787091840,0.634036,0.5172108,24.01
1787091850,0.630474,0.5144694,24.01
1787091860,0.630474,0.5135556,24.03
1787091870,0.630474,0.5135556,24.03
1787091880,0.630474,0.5144694,24.03
1787091890,0.630474,0.5153832,24.04
1787091900,0.6286930000000001,0.5135556,24.03
1787091910,0.634036,0.5172108,24.01
1787091920,0.632255,0.5153832,24.03
1787091930,0.625131,0.5099004,24.04
1787091940,0.625131,0.5099004,24.06
1787091950,0.6286930000000001,0.5126418,24.04
1787091960,0.630474,0.5135556,24.03
1787091970,0.6286930000000001,0.5126418,24.04
1787091980,0.626912,0.511728,24.01
1787091990,0.626912,0.511728,24.04
1787092000,0.634036,0.5172108,24.03
1787092010,0.634036,0.5172108,24.04
1787092020,0.630474,0.5153832,24.03
1787092030,0.632255,0.5153832,24.04
1787092040,0.632255,0.5153832,24.03
1787092050,0.632255,0.516297,24.06
1787092060,0.630474,0.5144694,24.06
1787092070,0.639379,0.5217798,24.06
1787092080,0.632255,0.5153832,24.03
1787092090,0.632255,0.516297,24.06
1787092100,0.630474,0.5144694,24.06
1787092110,0.635817,0.5199522,24.04
1787092120,0.635817,0.5199522,24.03
1787092130,0.639379,0.5208659999999999,24.04
1787092140,0.630474,0.5135556,24.04
1787092150,0.634036,0.5181246,24.04
1787092160,0.632255,0.5153832,24.04
1787092170,0.635817,0.5199522,24.04
1787092180,0.637598,0.5208659999999999,24.04
1787092190,0.635817,0.5199522,24.03
1787092200,0.648284,0.5290902,24.06
1787092210,0.630474,0.5144694,24.04
1787092220,0.637598,0.5199522,24.06
1787092230,0.6411600000000001,0.5226936,24.04
1787092240,0.642941,0.525435,24.03
1787092250,0.632255,0.516297,24.06
1787092260,0.637598,0.5208659999999999,24.06
1787092270,0.639379,0.5226936,24.04
1787092280,0.642941,0.525435,24.01
1787092290,0.639379,0.5226936,24.01
1787092300,0.6411600000000001,0.5245212,24.01
1787092310,0.6411600000000001,0.5245212,24.03
1787092320,0.637598,0.5208659999999999,24.03
1787092330,0.639379,0.5226936,24.03
1787092340,0.644722,0.5263488,24.03
1787092350,0.635817,0.5190384,24.03
1787092360,0.637598,0.5208659999999999,24.03
1787092370,0.635817,0.5199522,24.01
1787092380,0.635817,0.5190384,24.06
1787092390,0.637598,0.5199522,24.04
1787092400,0.639379,0.5217798,24.04
1787092410,0.642941,0.525435,24.04
1787092420,0.637598,0.5208659999999999,24.06
1787092430,0.639379,0.5217798,24.03
1787092440,0.642941,0.525435,24.06
1787092450,0.6411600000000001,0.5226936,24.04
1787092460,0.6411600000000001,0.5236074,24.04
1787092470,0.639379,0.5217798,24.01
1787092480,0.637598,0.5208659999999999,24.01
1787092490,0.644722,0.5272626,24.01
1787092500,0.635817,0.5199522,24.0
1787092510,0.637598,0.5199522,24.01
1787092520,0.644722,0.5263488,24.03
1787092530,0.644722,0.5263488,24.03
1787092540,0.6411600000000001,0.5236074,24.01
1787092550,0.644722,0.5263488,24.01
1787092560,0.642941,0.5245212,24.04
1787092570,0.644722,0.5263488,24.0
1787092580,0.6411600000000001,0.5245212,24.03
1787092590,0.644722,0.5272626,24.03
1787092600,0.642941,0.5245212,24.0
1787092610,0.642941,0.525435,24.03
1787092620,0.646503,0.5272626,24.0
1787092630,0.648284,0.5290902,24.01
1787092640,0.6411600000000001,0.5245212,23.99
1787092650,0.646503,0.5281764,24.01
1787092660,0.644722,0.5263488,24.03
1787092670,0.648284,0.530004,24.03
1787092680,0.650065,0.5309178,24.03
1787092690,0.642941,0.5245212,24.01
1787092700,0.648284,0.530004,24.0
1787092710,0.651846,0.5318316,24.01
1787092720,0.650065,0.530004,24.03
1787092730,0.648284,0.5290902,24.01
1787092740,0.646503,0.5272626,24.0
1787092750,0.644722,0.5263488,24.01
1787092760,0.648284,0.5290902,24.03
1787092770,0.651846,0.5327454,24.03
1787092780,0.648284,0.5290902,24.04
1787092790,0.646503,0.5272626,24.03
1787092800,0.655408,0.5364006,24.04
1787092810,0.651846,0.5327454,24.01
1787092820,0.655408,0.5354868,24.03
1787092830,0.655408,0.5354868,24.03
1787092840,0.651846,0.5327454,24.03
1787092850,0.651846,0.5318316,24.06
1787092860,0.655408,0.5354868,24.03
1787092870,0.657189,0.5382282,24.01
1787092880,0.653627,0.5336592,24.01
1787092890,0.6589700000000001,0.5382282,24.03
1787092900,0.6589700000000001,0.539142,24.03
1787092910,0.651846,0.5327454,24.01
1787092920,0.657189,0.5373144,24.01
1787092930,0.662532,0.5409695999999999,24.03
1787092940,0.664313,0.5427972,24.01
1787092950,0.660751,0.5400558,24.01
1787092960,0.657189,0.5373144,24.03
1787092970,0.664313,0.5427972,24.01
1787092980,0.660751,0.5400558,24.04
1787092990,0.660751,0.5400558,24.01
1787093000,0.6589700000000001,0.539142,24.03
1787093010,0.651846,0.5327454,24.04
1787093020,0.655408,0.534573,24.03
1787093030,0.660751,0.5400558,24.03
1787093040,0.655408,0.5354868,24.04
1787093050,0.662532,0.5418834,24.03
1787093060,0.657189,0.5364006,24.03
1787093070,0.660751,0.5409695999999999,24.01
1787093080,0.6589700000000001,0.5382282,24.01
1787093090,0.664313,0.5427972,24.03
1787093100,0.666094,0.5446248,24.03
1787093110,0.667875,0.5473662,24.0
1787093120,0.673218,0.5510214,24.03
1787093130,0.6714370000000001,0.54828,24.01
1787093140,0.669656,0.54828,24.03
1787093150,0.666094,0.5455386,24.01
1787093160,0.667875,0.5464524,24.01
1787093170,0.664313,0.5437109999999999,24.01
1787093180,0.660751,0.5400558,24.01
1787093190,0.673218,0.5501076,24.0
1787093200,0.667875,0.5464524,24.01
1787093210,0.660751,0.5400558,24.01
1787093220,0.6839040000000001,0.5592456,23.99
1787093230,0.678561,0.5546766,24.0
1787093240,0.6714370000000001,0.5491938,23.99
1787093250,0.666094,0.5446248,24.01
1787093260,0.673218,0.5510214,24.0
1787093270,0.674999,0.5519352,24.0
1787093280,0.67678,0.5537628,24.0
1787093290,0.67678,0.5537628,24.0
1787093300,0.67678,0.5537628,24.01
1787093310,0.678561,0.5546766,24.0
1787093320,0.678561,0.5546766,24.01
1787093330,0.673218,0.5510214,24.0
1787093340,0.682123,0.557418,24.0
1787093350,0.680342,0.5555904,23.99
1787093360,0.67678,0.5537628,23.97
1787093370,0.682123,0.5583318,24.0
1787093380,0.682123,0.5583318,24.0
1787093390,0.6839040000000001,0.5592456,24.01
1787093400,0.67678,0.552849,24.0
1787093410,0.67678,0.5546766,24.0
1787093420,0.678561,0.5546766,23.97
1787093430,0.67678,0.552849,24.0
1787093440,0.682123,0.5592456,24.0
1787093450,0.678561,0.5555904,24.0
1787093460,0.678561,0.5546766,23.97
1787093470,0.673218,0.5510214,24.01
1787093480,0.669656,0.54828,24.03
1787093490,0.67678,0.5537628,23.99
1787093500,0.674999,0.552849,24.0
1787093510,0.674999,0.552849,23.99
1787093520,0.6839040000000001,0.5601594,23.99
1787093530,0.678561,0.5555904,24.01
1787093540,0.678561,0.5555904,24.0
1787093550,0.678561,0.5546766,24.01
1787093560,0.691028,0.5647284,23.99
1787093570,0.673218,0.5510214,23.99
1787093580,0.6839040000000001,0.5592456,23.99
1787093590,0.6839040000000001,0.5592456,23.97
1787093600,0.6839040000000001,0.5601594,24.0
1787093610,0.685685,0.561987,24.0
1787093620,0.691028,0.5656422,23.97
1787093630,0.691028,0.5656422,23.99
1787093640,0.685685,0.5610731999999999,23.97
1787093650,0.689247,0.5647284,23.97
1787093660,0.689247,0.5638145999999999,23.99
1787093670,0.6839040000000001,0.5601594,23.99
1787093680,0.69459,0.5692974,23.99
1787093690,0.696371,0.5702112,23.99
1787093700,0.689247,0.5638145999999999,23.99
1787093710,0.691028,0.566556,24.0
1787093720,0.696371,0.5692974,23.97
1787093730,0.696371,0.5692974,24.0
1787093740,0.7017140000000001,0.5747802,24.0
1787093750,0.692809,0.5674698,23.99
1787093760,0.703495,0.5766078,23.99
1787093770,0.703495,0.575694,24.0
1787093780,0.69459,0.5692974,24.0
1787093790,0.707057,0.5793492,23.99
1787093800,0.7124,0.5839181999999999,24.01
1787093810,0.7017140000000001,0.575694,23.99
1787093820,0.710619,0.5830044,23.99
1787093830,0.703495,0.5775216,24.01
1787093840,0.717743,0.5884872,23.99
1787093850,0.710619,0.5820906,23.99
1787093860,0.7141810000000001,0.5857458,23.97
1787093870,0.715962,0.5866596,23.99
1787093880,0.724867,0.59397,23.97
1787093890,0.715962,0.5866596,23.99
1787093900,0.710619,0.5830044,23.99
1787093910,0.7141810000000001,0.584832,23.96
1787093920,0.710619,0.5830044,23.96
1787093930,0.719524,0.589401,23.96
1787093940,0.710619,0.5820906,23.97
1787093950,0.721305,0.5903148,23.99
1787093960,0.723086,0.5921424,24.0
1787093970,0.723086,0.5921424,23.96
1787093980,0.719524,0.5884872,23.97
1787093990,0.7141810000000001,0.5857458,23.96
1787094000,0.719524,0.5903148,23.97
1787094010,0.715962,0.5866596,23.96
1787094020,0.719524,0.589401,23.99
1787094030,0.717743,0.5884872,23.99
1787094040,0.723086,0.5930562,23.97
1787094050,0.721305,0.5912286,23.99
1787094060,0.721305,0.5912286,23.96
1787094070,0.723086,0.5921424,23.99
1787094080,0.726648,0.5957976,23.99
1787094090,0.724867,0.5948838,23.97
1787094100,0.719524,0.5903148,23.96
1787094110,0.7319910000000001,0.6003666,23.97
1787094120,0.733772,0.6012803999999999,23.96
1787094130,0.73021,0.5994528,23.96
1787094140,0.735553,0.603108,23.94
1787094150,0.739115,0.6058494,23.96
1787094160,0.724867,0.59397,23.97
1787094170,0.737334,0.6049356,23.97
1787094180,0.724867,0.59397,24.0
1787094190,0.726648,0.5957976,23.99
1787094200,0.73021,0.598539,23.99
1787094210,0.726648,0.5948838,23.99
1787094220,0.7319910000000001,0.6003666,23.97
1787094230,0.733772,0.6012803999999999,23.97
1787094240,0.73021,0.5994528,24.0
1787094250,0.739115,0.6058494,23.97
1787094260,0.7444580000000001,0.6113322,23.97
1787094270,0.733772,0.6012803999999999,23.97
1787094280,0.742677,0.6085908,23.97
1787094290,0.742677,0.6095046,23.97
1787094300,0.739115,0.6067632,23.97
1787094310,0.74802,0.6131598,23.99
1787094320,0.7444580000000001,0.6104184,23.97
1787094330,0.742677,0.6085908,23.96
1787094340,0.740896,0.607677,23.99
1787094350,0.751582,0.616815,23.99
1787094360,0.7444580000000001,0.6104184,23.99
1787094370,0.742677,0.6095046,23.99
1787094380,0.74802,0.6131598,23.99
1787094390,0.746239,0.612246,23.99
1787094400,0.74802,0.6131598,23.97
1787094410,0.746239,0.612246,24.0
1787094420,0.751582,0.6177288,23.99
1787094430,0.742677,0.6095046,23.99
1787094440,0.740896,0.6067632,23.97
1787094450,0.74802,0.6140736,23.99
1787094460,0.742677,0.6085908,23.96
1787094470,0.746239,0.6113322,23.99
1787094480,0.751582,0.616815,23.96
1787094490,0.746239,0.612246,23.96
1787094500,0.74802,0.6131598,23.97
1787094510,0.755144,0.6186426,23.99
1787094520,0.756925,0.6204702,23.99
1787094530,0.751582,0.616815,23.97
1787094540,0.756925,0.6204702,23.97
1787094550,0.760487,0.6232116,24.0
1787094560,0.7622680000000001,0.625953,23.99
1787094570,0.749801,0.6149874,24.0
1787094580,0.755144,0.6195564,24.0
1787094590,0.755144,0.6195564,24.0
1787094600,0.755144,0.6195564,24.0
1787094610,0.767611,0.6296082,23.99
1787094620,0.771173,0.6341772,24.0
1787094630,0.74802,0.6140736,24.0
1787094640,0.746239,0.6131598,24.01
1787094650,0.7622680000000001,0.6250392,24.01
1787094660,0.755144,0.6186426,24.0
1787094670,0.758706,0.6232116,23.97
1787094680,0.755144,0.6204702,23.96
1787094690,0.760487,0.6241253999999999,24.0
1787094700,0.7622680000000001,0.625953,24.0
1787094710,0.755144,0.6195564,24.0
1787094720,0.7622680000000001,0.625953,23.97
1787094730,0.76583,0.6277806,24.0
1787094740,0.7622680000000001,0.625953,23.99
1787094750,0.758706,0.6222978,23.99
1787094760,0.76583,0.6286944,23.97
1787094770,0.7622680000000001,0.6250392,23.99
1787094780,0.758706,0.6232116,23.99
1787094790,0.764049,0.6277806,23.99
1787094800,0.758706,0.6222978,23.99
1787094810,0.758706,0.6232116,24.0
1787094820,0.7622680000000001,0.625953,24.01
1787094830,0.756925,0.6213839999999999,24.0
1787094840,0.769392,0.6314358,24.0
1787094850,0.76583,0.6286944,23.97
1787094860,0.769392,0.6323496,23.99
1787094870,0.771173,0.6323496,23.99
1787094880,0.764049,0.6268668,23.99
1787094890,0.767611,0.6296082,24.01
1787094900,0.769392,0.6314358,24.01
1787094910,0.769392,0.6314358,24.03
1787094920,0.778297,0.63966,24.0
1787094930,0.767611,0.630522,24.01
1787094940,0.767611,0.630522,24.01
1787094950,0.769392,0.6314358,23.99
1787094960,0.776516,0.6378324,24.0
1787094970,0.7747350000000001,0.6360048,23.99
1787094980,0.7747350000000001,0.6360048,23.99
1787094990,0.778297,0.6387462,24.01
1787095000,0.781859,0.6414875999999999,23.99
1787095010,0.776516,0.6378324,24.0
1787095020,0.780078,0.6405738,23.99
1787095030,0.781859,0.6414875999999999,23.97
1787095040,0.781859,0.6414875999999999,23.99
1787095050,0.785421,0.6460566,23.99
1787095060,0.778297,0.6387462,23.99
1787095070,0.781859,0.6424014,23.97
1787095080,0.7872020000000001,0.6460566,23.99
1787095090,0.785421,0.6442289999999999,23.99
1787095100,0.7872020000000001,0.6469704,23.97
1787095110,0.781859,0.6424014,23.97
1787095120,0.785421,0.6451428,24.0
1787095130,0.788983,0.6478842,23.99
1787095140,0.785421,0.6451428,24.01
1787095150,0.785421,0.6451428,23.99
1787095160,0.796107,0.6551946,23.99
1787095170,0.792545,0.6515394,23.99
1787095180,0.792545,0.6506256,24.0
1787095190,0.792545,0.6515394,23.99
1787095200,0.797888,0.6561084,23.99
1787095210,0.799669,0.657936,24.0
1787095220,0.80145,0.6597636,23.99
1787095230,0.797888,0.6551946,23.99
1787095240,0.799669,0.6570222,23.97
1787095250,0.80145,0.6597636,23.97
1787095260,0.796107,0.653367,23.94
1787095270,0.792545,0.6515394,23.97
1787095280,0.797888,0.6561084,23.99
1787095290,0.799669,0.6570222,23.94
1787095300,0.799669,0.657936,23.97
1787095310,0.8050120000000001,0.662505,23.94
1787095320,0.806793,0.6634188,23.97
1787095330,0.799669,0.6570222,23.96
1787095340,0.808574,0.6643325999999999,23.96
1787095350,0.8050120000000001,0.6615911999999999,23.94
1787095360,0.803231,0.6606774,23.97
1787095370,0.797888,0.6561084,23.96
1787095380,0.806793,0.6634188,23.94
1787095390,0.808574,0.6643325999999999,23.93
1787095400,0.810355,0.6661602,23.97
1787095410,0.810355,0.6661602,23.94
1787095420,0.806793,0.6634188,23.96
1787095430,0.813917,0.6689016,23.97
1787095440,0.803231,0.6615911999999999,23.93
1787095450,0.812136,0.6679878,23.97
1787095460,0.803231,0.6606774,23.97
1787095470,0.810355,0.6661602,23.96
1787095480,0.806793,0.6634188,23.94
1787095490,0.808574,0.6652464,23.94
1787095500,0.813917,0.6698154,23.99
1787095510,0.813917,0.6689016,23.97
1787095520,0.812136,0.6679878,23.94
1787095530,0.815698,0.671643,23.93
1787095540,0.815698,0.6698154,23.96
1787095550,0.8174790000000001,0.6725568,23.97
1787095560,0.81926,0.6743844,23.94
1787095570,0.8174790000000001,0.6725568,23.94
1787095580,0.822822,0.676212,23.96
1787095590,0.8174790000000001,0.6725568,23.94
1787095600,0.812136,0.6689016,23.97
1787095610,0.8174790000000001,0.671643,23.94
1787095620,0.824603,0.6780396,23.94
1787095630,0.815698,0.6707292,23.94
1787095640,0.821041,0.6743844,23.92
1787095650,0.813917,0.6689016,23.96
1787095660,0.822822,0.6771258,23.93
1787095670,0.824603,0.6780396,23.94
1787095680,0.821041,0.6752982,23.93
1787095690,0.8174790000000001,0.671643,23.96
1787095700,0.826384,0.6789534,23.94
1787095710,0.815698,0.6698154,23.94
1787095720,0.826384,0.6789534,23.96
1787095730,0.8174790000000001,0.6725568,23.94
1787095740,0.822822,0.676212,23.97
1787095750,0.826384,0.6798672,23.94
1787095760,0.822822,0.6771258,23.94
1787095770,0.829946,0.6826086,23.97
1787095780,0.822822,0.6771258,23.93
1787095790,0.829946,0.6826086,23.97
1787095800,0.831727,0.6844361999999999,23.94
1787095810,0.826384,0.6789534,23.99
1787095820,0.828165,0.6816947999999999,23.93
1787095830,0.828165,0.680781,23.97
1787095840,0.828165,0.680781,23.94
1787095850,0.829946,0.6826086,23.94
1787095860,0.833508,0.68535,23.94
1787095870,0.828165,0.6816947999999999,23.94
1787095880,0.831727,0.6835224,23.94
1787095890,0.828165,0.6816947999999999,23.94
1787095900,0.826384,0.680781,23.94
1787095910,0.83707,0.6880914,23.96
1787095920,0.828165,0.6816947999999999,23.96
1787095930,0.8352890000000001,0.6871775999999999,23.93
1787095940,0.831727,0.6844361999999999,23.94
1787095950,0.829946,0.6835224,23.94
1787095960,0.83707,0.6880914,23.94
1787095970,0.831727,0.6844361999999999,23.93
1787095980,0.838851,0.689919,23.93
1787095990,0.833508,0.6862638,23.93
1787096000,0.831727,0.68535,23.93
1787096010,0.840632,0.6917466,23.92
1787096020,0.838851,0.6908328,23.94
1787096030,0.844194,0.694488,23.94
1787096040,0.83707,0.6890052,23.93
1787096050,0.845975,0.6972294,23.92
1787096060,0.838851,0.6908328,23.92
1787096070,0.840632,0.6926604,23.92
1787096080,0.844194,0.6954018,23.92
1787096090,0.842413,0.6935742,23.93
1787096100,0.8352890000000001,0.6871775999999999,23.9
1787096110,0.842413,0.694488,23.92
1787096120,0.845975,0.6963156,23.88
1787096130,0.838851,0.6908328,23.92
1787096140,0.842413,0.694488,23.92
1787096150,0.844194,0.694488,23.93
1787096160,0.845975,0.6963156,23.94
1787096170,0.83707,0.6890052,23.93
1787096180,0.842413,0.6935742,23.96
1787096190,0.844194,0.6954018,23.93
1787096200,0.8477560000000001,0.6972294,23.92
1787096210,0.840632,0.6917466,23.92
1787096220,0.844194,0.694488,23.92
1787096230,0.844194,0.6954018,23.93
1787096240,0.845975,0.6972294,23.93
1787096250,0.85488,0.7027122,23.94
1787096260,0.845975,0.6963156,23.94
1787096270,0.849537,0.699057,23.94
1787096280,0.8477560000000001,0.6981432,23.93
1787096290,0.849537,0.699057,23.93
1787096300,0.85488,0.703626,23.96
1787096310,0.8477560000000001,0.6972294,23.92
1787096320,0.849537,0.699057,23.93
1787096330,0.842413,0.6926604,23.93
1787096340,0.844194,0.694488,23.93
1787096350,0.8477560000000001,0.6981432,23.9
1787096360,0.849537,0.6999708,23.93
1787096370,0.840632,0.6926604,23.93
1787096380,0.840632,0.6926604,23.92
1787096390,0.845975,0.6963156,23.9
1787096400,0.844194,0.694488,23.88
1787096410,0.844194,0.6954018,23.92
1787096420,0.842413,0.6935742,23.9
1787096430,0.845975,0.6954018,23.92
1787096440,0.840632,0.6917466,23.92
1787096450,0.83707,0.6890052,23.9
1787096460,0.83707,0.689919,23.92
1787096470,0.844194,0.694488,23.93
1787096480,0.845975,0.6963156,23.92
1787096490,0.845975,0.6972294,23.92
1787096500,0.838851,0.6908328,23.92
1787096510,0.842413,0.694488,23.9
1787096520,0.8352890000000001,0.6880914,23.93
1787096530,0.842413,0.6935742,23.92
1787096540,0.840632,0.6917466,23.93
1787096550,0.840632,0.6917466,23.9
1787096560,0.840632,0.6926604,23.93
1787096570,0.844194,0.694488,23.9
1787096580,0.842413,0.6935742,23.92
1787096590,0.842413,0.6926604,23.88
1787096600,0.8477560000000001,0.699057,23.92
1787096610,0.842413,0.6935742,23.92
1787096620,0.83707,0.689919,23.92
1787096630,0.844194,0.6954018,23.92
1787096640,0.849537,0.6999708,23.9
1787096650,0.838851,0.6908328,23.92
1787096660,0.844194,0.694488,23.92
1787096670,0.844194,0.694488,23.92
1787096680,0.842413,0.6935742,23.88
1787096690,0.838851,0.6917466,23.92
1787096700,0.838851,0.689919,23.9
1787096710,0.844194,0.694488,23.87
1787096720,0.845975,0.6972294,23.87
1787096730,0.844194,0.694488,23.9
1787096740,0.844194,0.694488,23.92
1787096750,0.844194,0.694488,23.9
1787096760,0.844194,0.6954018,23.9
1787096770,0.851318,0.7008846,23.92
1787096780,0.845975,0.6963156,23.92
1787096790,0.8477560000000001,0.6981432,23.92
1787096800,0.842413,0.6935742,23.92
1787096810,0.845975,0.6972294,23.92
1787096820,0.844194,0.694488,23.9
1787096830,0.838851,0.6917466,23.93
1787096840,0.842413,0.6935742,23.93
1787096850,0.845975,0.6972294,23.94
1787096860,0.845975,0.6972294,23.93
1787096870,0.838851,0.6908328,23.93
1787096880,0.8477560000000001,0.6981432,23.94
1787096890,0.849537,0.699057,23.96
1787096900,0.845975,0.6963156,23.93
1787096910,0.845975,0.6972294,23.93
1787096920,0.849537,0.6999708,23.92
1787096930,0.845975,0.6963156,23.9
1787096940,0.851318,0.7008846,23.92
1787096950,0.842413,0.6935742,23.92
1787096960,0.845975,0.6972294,23.92
1787096970,0.845975,0.6954018,23.92
1787096980,0.844194,0.6954018,23.92
1787096990,0.844194,0.694488,23.92
1787097000,0.845975,0.6972294,23.88
1787097010,0.844194,0.6954018,23.93
1787097020,0.849537,0.699057,23.9
1787097030,0.845975,0.6972294,23.9
1787097040,0.842413,0.6935742,23.92
1787097050,0.838851,0.6908328,23.93
1787097060,0.844194,0.6954018,23.9
1787097070,0.844194,0.694488,23.88
1787097080,0.83707,0.6890052,23.88
1787097090,0.844194,0.694488,23.9
1787097100,0.838851,0.6908328,23.9
1787097110,0.83707,0.689919,23.88
1787097120,0.840632,0.6926604,23.9
1787097130,0.8352890000000001,0.6880914,23.88
1787097140,0.838851,0.6908328,23.92
1787097150,0.8352890000000001,0.6880914,23.88
1787097160,0.833508,0.6862638,23.88
1787097170,0.8352890000000001,0.6880914,23.9
1787097180,0.840632,0.6917466,23.92
1787097190,0.83707,0.6890052,23.92
1787097200,0.8352890000000001,0.6880914,23.9
1787097210,0.838851,0.689919,23.9
1787097220,0.838851,0.689919,23.92
1787097230,0.831727,0.68535,23.92
1787097240,0.831727,0.6844361999999999,23.9
1787097250,0.826384,0.680781,23.9
1787097260,0.829946,0.6835224,23.9
1787097270,0.826384,0.6798672,23.9
1787097280,0.826384,0.680781,23.9
1787097290,0.824603,0.6789534,23.88
1787097300,0.829946,0.6826086,23.92
1787097310,0.824603,0.6789534,23.88
1787097320,0.822822,0.6771258,23.88
1787097330,0.828165,0.6816947999999999,23.88
1787097340,0.824603,0.6789534,23.88
1787097350,0.826384,0.6798672,23.87
1787097360,0.831727,0.6844361999999999,23.9
1787097370,0.829946,0.6826086,23.88
1787097380,0.829946,0.6835224,23.88
1787097390,0.826384,0.6798672,23.88
1787097400,0.829946,0.6826086,23.88
1787097410,0.828165,0.6816947999999999,23.88
1787097420,0.828165,0.6816947999999999,23.9
1787097430,0.829946,0.6835224,23.9
1787097440,0.833508,0.68535,23.88
1787097450,0.831727,0.6844361999999999,23.88
1787097460,0.824603,0.6789534,23.9
1787097470,0.833508,0.6862638,23.9
1787097480,0.829946,0.6826086,23.88
1787097490,0.833508,0.68535,23.88
1787097500,0.824603,0.6789534,23.88
1787097510,0.822822,0.6780396,23.92
1787097520,0.813917,0.6698154,23.88
1787097530,0.822822,0.6771258,23.88
1787097540,0.821041,0.6752982,23.88
1787097550,0.821041,0.6752982,23.88
1787097560,0.821041,0.676212,23.87
1787097570,0.822822,0.6780396,23.86
1787097580,0.821041,0.676212,23.87
1787097590,0.824603,0.6789534,23.86
1787097600,0.822822,0.6771258,23.88
1787097610,0.8174790000000001,0.6725568,23.87
1787097620,0.813917,0.6707292,23.88
1787097630,0.810355,0.6661602,23.9
1787097640,0.815698,0.671643,23.88
1787097650,0.81926,0.6743844,23.88
1787097660,0.812136,0.6689016,23.88
1787097670,0.812136,0.667074,23.87
1787097680,0.8174790000000001,0.6725568,23.86
1787097690,0.81926,0.6734706,23.86
1787097700,0.813917,0.6698154,23.86
1787097710,0.812136,0.6689016,23.87
1787097720,0.803231,0.6615911999999999,23.87
1787097730,0.812136,0.6679878,23.87
1787097740,0.806793,0.6634188,23.87
1787097750,0.803231,0.6606774,23.86
1787097760,0.806793,0.6634188,23.88
1787097770,0.803231,0.6606774,23.87
1787097780,0.806793,0.6634188,23.87
1787097790,0.806793,0.6634188,23.87
1787097800,0.8050120000000001,0.6615911999999999,23.84
1787097810,0.810355,0.6661602,23.88
1787097820,0.812136,0.6679878,23.88
1787097830,0.810355,0.667074,23.88
1787097840,0.803231,0.6606774,23.86
1787097850,0.803231,0.6606774,23.87
1787097860,0.799669,0.657936,23.88
1787097870,0.797888,0.6561084,23.88
1787097880,0.803231,0.6597636,23.9
1787097890,0.792545,0.6515394,23.86
1787097900,0.790764,0.6506256,23.9
1787097910,0.788983,0.648798,23.87
1787097920,0.792545,0.6524532,23.87
1787097930,0.796107,0.6542808,23.87
1787097940,0.796107,0.6551946,23.88
1787097950,0.794326,0.6542808,23.88
1787097960,0.790764,0.6506256,23.86
1787097970,0.7872020000000001,0.6469704,23.87
1787097980,0.794326,0.653367,23.88
1787097990,0.799669,0.6570222,23.86
1787098000,0.788983,0.6497118,23.9
1787098010,0.7872020000000001,0.6469704,23.86
1787098020,0.7872020000000001,0.6478842,23.9
1787098030,0.7872020000000001,0.6469704,23.87
1787098040,0.785421,0.6460566,23.9
1787098050,0.78364,0.6442289999999999,23.87
1787098060,0.7872020000000001,0.6469704,23.87
1787098070,0.7872020000000001,0.6478842,23.9
1787098080,0.781859,0.6424014,23.88
1787098090,0.781859,0.6433152,23.9
1787098100,0.776516,0.6378324,23.87
1787098110,0.785421,0.6460566,23.88
1787098120,0.78364,0.6442289999999999,23.88
1787098130,0.7747350000000001,0.6369186,23.87
1787098140,0.780078,0.6414875999999999,23.87
1787098150,0.78364,0.6451428,23.86
1787098160,0.780078,0.6414875999999999,23.87
1787098170,0.780078,0.6414875999999999,23.88
1787098180,0.776516,0.6378324,23.88
1787098190,0.778297,0.63966,23.9
1787098200,0.78364,0.6433152,23.88
1787098210,0.778297,0.63966,23.87
1787098220,0.776516,0.6378324,23.88
1787098230,0.7747350000000001,0.6360048,23.87
1787098240,0.7747350000000001,0.6369186,23.87
1787098250,0.769392,0.6323496,23.88
1787098260,0.767611,0.6314358,23.88
1787098270,0.769392,0.6332634,23.87
1787098280,0.767611,0.6314358,23.86
1787098290,0.758706,0.6241253999999999,23.88
1787098300,0.767611,0.6314358,23.86
1787098310,0.7622680000000001,0.625953,23.88
1787098320,0.76583,0.6296082,23.88
1787098330,0.76583,0.630522,23.87
1787098340,0.764049,0.6277806,23.88
1787098350,0.764049,0.6286944,23.88
1787098360,0.7747350000000001,0.6369186,23.9
1787098370,0.764049,0.6277806,23.88
1787098380,0.767611,0.630522,23.86
1787098390,0.767611,0.630522,23.88
1787098400,0.764049,0.6277806,23.88
1787098410,0.764049,0.6277806,23.87
1787098420,0.767611,0.630522,23.87
1787098430,0.767611,0.630522,23.88
1787098440,0.755144,0.6204702,23.87
1787098450,0.760487,0.6241253999999999,23.87
1787098460,0.755144,0.6213839999999999,23.87
1787098470,0.755144,0.6204702,23.86
1787098480,0.751582,0.6177288,23.86
1787098490,0.753363,0.6195564,23.86
1787098500,0.74802,0.6140736,23.87
1787098510,0.753363,0.6195564,23.87
1787098520,0.746239,0.612246,23.86
1787098530,0.746239,0.6131598,23.84
1787098540,0.742677,0.6104184,23.86
1787098550,0.7444580000000001,0.612246,23.87
1787098560,0.751582,0.616815,23.84
1787098570,0.742677,0.6104184,23.86
1787098580,0.740896,0.607677,23.86
1787098590,0.742677,0.6104184,23.87
1787098600,0.74802,0.6149874,23.87
1787098610,0.733772,0.603108,23.87
1787098620,0.742677,0.6104184,23.87
1787098630,0.737334,0.6058494,23.87
1787098640,0.742677,0.6095046,23.86
1787098650,0.739115,0.6067632,23.87
1787098660,0.739115,0.607677,23.86
1787098670,0.751582,0.6177288,23.86
1787098680,0.7444580000000001,0.6113322,23.87
1787098690,0.740896,0.6095046,23.86
1787098700,0.746239,0.6131598,23.86
1787098710,0.7444580000000001,0.612246,23.84
1787098720,0.737334,0.6049356,23.86
1787098730,0.739115,0.607677,23.86
1787098740,0.73021,0.5994528,23.87
1787098750,0.733772,0.603108,23.86
1787098760,0.73021,0.5994528,23.86
1787098770,0.733772,0.6021942,23.86
1787098780,0.733772,0.603108,23.87
1787098790,0.733772,0.603108,23.88
1787098800,0.728429,0.598539,23.87
1787098810,0.73021,0.6003666,23.88
1787098820,0.719524,0.5912286,23.88
1787098830,0.724867,0.5948838,23.87
1787098840,0.73021,0.5994528,23.87
1787098850,0.728429,0.598539,23.88
1787098860,0.723086,0.5930562,23.88
1787098870,0.728429,0.5976252,23.86
1787098880,0.717743,0.589401,23.87
1787098890,0.723086,0.59397,23.88
1787098900,0.719524,0.5903148,23.87
1787098910,0.719524,0.5903148,23.88
1787098920,0.721305,0.5921424,23.88
1787098930,0.717743,0.5884872,23.88
1787098940,0.719524,0.5903148,23.87
1787098950,0.7141810000000001,0.5866596,23.86
1787098960,0.7124,0.5839181999999999,23.9
1787098970,0.715962,0.5884872,23.92
1787098980,0.7124,0.584832,23.88
1787098990,0.717743,0.589401,23.92
1787099000,0.719524,0.5912286,23.86
1787099010,0.719524,0.5903148,23.87
1787099020,0.7141810000000001,0.5857458,23.87
1787099030,0.7141810000000001,0.5866596,23.87
1787099040,0.705276,0.5784354,23.88
1787099050,0.707057,0.580263,23.88
1787099060,0.699933,0.5738664,23.88
1787099070,0.707057,0.5793492,23.88
1787099080,0.692809,0.5683836,23.88
1787099090,0.705276,0.5784354,23.88
1787099100,0.705276,0.5784354,23.88
1787099110,0.710619,0.5839181999999999,23.87
1787099120,0.708838,0.5820906,23.87
1787099130,0.7017140000000001,0.5766078,23.88
1787099140,0.715962,0.5875734,23.88
1787099150,0.710619,0.5830044,23.86
1787099160,0.703495,0.5766078,23.86
1787099170,0.705276,0.5793492,23.87
1787099180,0.705276,0.5793492,23.87
1787099190,0.710619,0.5830044,23.87
1787099200,0.705276,0.5784354,23.87
1787099210,0.703495,0.5775216,23.87
1787099220,0.699933,0.5738664,23.88
1787099230,0.705276,0.5793492,23.86
1787099240,0.698152,0.5729526,23.88
1787099250,0.699933,0.5738664,23.9
1787099260,0.703495,0.5766078,23.88
1787099270,0.691028,0.5674698,23.88
1787099280,0.696371,0.571125,23.87
1787099290,0.692809,0.5683836,23.88
1787099300,0.696371,0.5702112,23.88
1787099310,0.687466,0.5638145999999999,23.87
1787099320,0.689247,0.5656422,23.88
1787099330,0.69459,0.5702112,23.87
1787099340,0.692809,0.5674698,23.88
1787099350,0.682123,0.5592456,23.88
1787099360,0.674999,0.552849,23.88
1787099370,0.680342,0.557418,23.87
1787099380,0.6839040000000001,0.5610731999999999,23.87
1787099390,0.678561,0.5565042,23.87
1787099400,0.680342,0.5583318,23.86
1787099410,0.685685,0.561987,23.88
1787099420,0.687466,0.5638145999999999,23.88
1787099430,0.680342,0.5583318,23.86
1787099440,0.682123,0.5601594,23.87
1787099450,0.682123,0.5592456,23.87
1787099460,0.682123,0.5592456,23.87
1787099470,0.680342,0.557418,23.87
1787099480,0.689247,0.5647284,23.87
1787099490,0.67678,0.5555904,23.88
1787099500,0.687466,0.5629008,23.87
1787099510,0.682123,0.5592456,23.9
1787099520,0.680342,0.557418,23.87
1787099530,0.6839040000000001,0.5601594,23.88
1787099540,0.673218,0.5519352,23.88
1787099550,0.674999,0.5537628,23.9
1787099560,0.6839040000000001,0.5610731999999999,23.87
1787099570,0.682123,0.5583318,23.9
1787099580,0.680342,0.557418,23.87
1787099590,0.6839040000000001,0.5610731999999999,23.88
1787099600,0.685685,0.5629008,23.88
1787099610,0.6839040000000001,0.5601594,23.9
1787099620,0.682123,0.5583318,23.9
1787099630,0.6714370000000001,0.5501076,23.9
1787099640,0.687466,0.5638145999999999,23.88
1787099650,0.673218,0.5519352,23.9
1787099660,0.680342,0.5583318,23.86
1787099670,0.667875,0.5473662,23.88
1787099680,0.6714370000000001,0.5501076,23.9
1787099690,0.67678,0.5546766,23.87
1787099700,0.666094,0.5464524,23.87
1787099710,0.673218,0.5510214,23.88
1787099720,0.673218,0.5519352,23.86
1787099730,0.673218,0.5519352,23.87
1787099740,0.666094,0.5455386,23.88
1787099750,0.669656,0.5491938,23.87
1787099760,0.673218,0.5519352,23.87
1787099770,0.664313,0.5446248,23.86
1787099780,0.666094,0.5455386,23.86
1787099790,0.667875,0.54828,23.87
1787099800,0.667875,0.5464524,23.87
1787099810,0.667875,0.5473662,23.87
1787099820,0.673218,0.5510214,23.87
1787099830,0.667875,0.54828,23.87
1787099840,0.674999,0.5537628,23.87
1787099850,0.669656,0.5491938,23.87
1787099860,0.664313,0.5437109999999999,23.86
1787099870,0.666094,0.5455386,23.87
1787099880,0.6589700000000001,0.5400558,23.86
1787099890,0.660751,0.5409695999999999,23.88
1787099900,0.662532,0.5418834,23.88
1787099910,0.664313,0.5437109999999999,23.88
1787099920,0.662532,0.5427972,23.86
1787099930,0.660751,0.5418834,23.86
1787099940,0.653627,0.5364006,23.87
1787099950,0.660751,0.5409695999999999,23.87
1787099960,0.655408,0.5373144,23.87
1787099970,0.660751,0.5409695999999999,23.84
1787099980,0.657189,0.5382282,23.87
1787099990,0.655408,0.5364006,23.87
1787100000,0.660751,0.5409695999999999,23.87
1787100010,0.655408,0.5364006,23.87
1787100020,0.653627,0.534573,23.86
1787100030,0.651846,0.5336592,23.87
1787100040,0.651846,0.5336592,23.87
1787100050,0.6589700000000001,0.539142,23.87
1787100060,0.653627,0.5354868,23.87
1787100070,0.653627,0.5354868,23.87
1787100080,0.655408,0.5373144,23.84
1787100090,0.651846,0.534573,23.87
1787100100,0.648284,0.5309178,23.87
1787100110,0.646503,0.530004,23.9
1787100120,0.648284,0.5309178,23.88
1787100130,0.653627,0.5354868,23.87
1787100140,0.651846,0.5327454,23.87
1787100150,0.650065,0.5318316,23.9
1787100160,0.642941,0.525435,23.9
1787100170,0.642941,0.5263488,23.87
1787100180,0.644722,0.5272626,23.88
1787100190,0.648284,0.5309178,23.87
1787100200,0.650065,0.5318316,23.88
1787100210,0.650065,0.5318316,23.9
1787100220,0.648284,0.5309178,23.87
1787100230,0.650065,0.5318316,23.86
1787100240,0.646503,0.530004,23.87
1787100250,0.644722,0.5272626,23.87
1787100260,0.644722,0.5272626,23.87
1787100270,0.639379,0.5226936,23.87
1787100280,0.646503,0.530004,23.86
1787100290,0.639379,0.5245212,23.86
1787100300,0.646503,0.530004,23.83
1787100310,0.644722,0.5281764,23.84
1787100320,0.646503,0.530004,23.87
1787100330,0.646503,0.530004,23.86
1787100340,0.646503,0.5290902,23.86
1787100350,0.646503,0.5290902,23.86
1787100360,0.646503,0.5290902,23.86
1787100370,0.644722,0.5272626,23.84
1787100380,0.642941,0.5263488,23.83
1787100390,0.642941,0.5263488,23.84
1787100400,0.642941,0.5263488,23.86
1787100410,0.637598,0.5217798,23.84
1787100420,0.6411600000000001,0.525435,23.84
1787100430,0.642941,0.5272626,23.83
1787100440,0.635817,0.5208659999999999,23.83
1787100450,0.6411600000000001,0.525435,23.84
1787100460,0.639379,0.5236074,23.83
1787100470,0.644722,0.5281764,23.84
1787100480,0.637598,0.5217798,23.86
1787100490,0.634036,0.5190384,23.83
1787100500,0.637598,0.5217798,23.83
1787100510,0.635817,0.5208659999999999,23.83
1787100520,0.637598,0.5217798,23.84
1787100530,0.634036,0.5190384,23.84
1787100540,0.632255,0.516297,23.83
1787100550,0.634036,0.5181246,23.84
1787100560,0.632255,0.5172108,23.84
1787100570,0.634036,0.5181246,23.86
1787100580,0.634036,0.5190384,23.87
1787100590,0.634036,0.5190384,23.83
1787100600,0.634036,0.5190384,23.84
1787100610,0.626912,0.5135556,23.87
1787100620,0.6286930000000001,0.5135556,23.86
1787100630,0.635817,0.5199522,23.86
1787100640,0.6286930000000001,0.5144694,23.87
1787100650,0.632255,0.5172108,23.84
1787100660,0.626912,0.5126418,23.86
1787100670,0.630474,0.516297,23.87
1787100680,0.626912,0.5126418,23.84
1787100690,0.625131,0.5108142,23.86
1787100700,0.625131,0.511728,23.86
1787100710,0.621569,0.5080728,23.86
1787100720,0.630474,0.516297,23.86
1787100730,0.625131,0.511728,23.86
1787100740,0.62335,0.5108142,23.87
1787100750,0.621569,0.5080728,23.87
1787100760,0.62335,0.5099004,23.86
1787100770,0.626912,0.5135556,23.83
1787100780,0.6286930000000001,0.5135556,23.84
1787100790,0.626912,0.5126418,23.83
1787100800,0.621569,0.5080728,23.86
1787100810,0.621569,0.5089866,23.84
1787100820,0.621569,0.5080728,23.84
1787100830,0.625131,0.5108142,23.86
1787100840,0.619788,0.507159,23.86
1787100850,0.625131,0.511728,23.84
1787100860,0.62335,0.5099004,23.84
1787100870,0.62335,0.5089866,23.84
1787100880,0.621569,0.5089866,23.84
1787100890,0.62335,0.5099004,23.83
1787100900,0.62335,0.5089866,23.84
1787100910,0.619788,0.5062452,23.84
1787100920,0.621569,0.5089866,23.84
1787100930,0.618007,0.5062452,23.84
1787100940,0.618007,0.5053314,23.84
1787100950,0.619788,0.507159,23.84
1787100960,0.625131,0.511728,23.86
1787100970,0.616226,0.5044176,23.84
1787100980,0.621569,0.5089866,23.83
1787100990,0.621569,0.5080728,23.83
1787101000,0.62335,0.5089866,23.83
1787101010,0.616226,0.5044176,23.86
1787101020,0.616226,0.5044176,23.84
1787101030,0.618007,0.5053314,23.83
1787101040,0.619788,0.507159,23.86
1787101050,0.618007,0.5062452,23.87
1787101060,0.616226,0.5035038,23.87
1787101070,0.618007,0.5062452,23.87
1787101080,0.614445,0.5035038,23.87
1787101090,0.616226,0.5044176,23.86
1787101100,0.616226,0.5035038,23.84
1787101110,0.616226,0.5044176,23.86
1787101120,0.616226,0.5035038,23.86
1787101130,0.614445,0.50259,23.86
1787101140,0.612664,0.5016762,23.83
1787101150,0.616226,0.5044176,23.84
1787101160,0.614445,0.50259,23.83
1787101170,0.6108830000000001,0.4989348,23.84
1787101180,0.6108830000000001,0.4998486,23.86
1787101190,0.609102,0.498021,23.86
1787101200,0.6108830000000001,0.4989348,23.84
1787101210,0.6108830000000001,0.4998486,23.84
1787101220,0.609102,0.498021,23.86
1787101230,0.616226,0.5035038,23.86
1787101240,0.614445,0.5016762,23.86
1787101250,0.6108830000000001,0.4989348,23.86
1787101260,0.612664,0.5016762,23.83
1787101270,0.6108830000000001,0.4998486,23.86
1787101280,0.612664,0.5007623999999999,23.84
1787101290,0.6108830000000001,0.4998486,23.81
1787101300,0.609102,0.49710719999999997,23.86
1787101310,0.609102,0.498021,23.84
1787101320,0.612664,0.5007623999999999,23.86
1787101330,0.614445,0.50259,23.84
1787101340,0.612664,0.5007623999999999,23.84
1787101350,0.609102,0.498021,23.81
1787101360,0.60554,0.4952796,23.83
1787101370,0.607321,0.49710719999999997,23.84
1787101380,0.6108830000000001,0.4998486,23.81
1787101390,0.612664,0.5007623999999999,23.83
1787101400,0.609102,0.498021,23.81
1787101410,0.609102,0.4989348,23.84
1787101420,0.614445,0.50259,23.83
1787101430,0.609102,0.498021,23.84
1787101440,0.6108830000000001,0.4989348,23.81
1787101450,0.609102,0.498021,23.83
1787101460,0.603759,0.49436579999999997,23.84
1787101470,0.609102,0.498021,23.8
1787101480,0.609102,0.498021,23.81
1787101490,0.609102,0.49710719999999997,23.83
1787101500,0.6108830000000001,0.4998486,23.8
1787101510,0.609102,0.4989348,23.81
1787101520,0.60554,0.4952796,23.83
1787101530,0.601978,0.4925382,23.83
1787101540,0.607321,0.49710719999999997,23.83
1787101550,0.607321,0.4961934,23.81
1787101560,0.607321,0.49710719999999997,23.81
1787101570,0.609102,0.4989348,23.81
1787101580,0.607321,0.4961934,23.8
1787101590,0.609102,0.49710719999999997,23.8
1787101600,0.607321,0.49710719999999997,23.81
1787101610,0.6108830000000001,0.4998486,23.81
1787101620,0.6108830000000001,0.4989348,23.79
1787101630,0.607321,0.4961934,23.8
1787101640,0.609102,0.498021,23.83
1787101650,0.6108830000000001,0.4989348,23.81
1787101660,0.603759,0.49436579999999997,23.81
1787101670,0.614445,0.50259,23.81
1787101680,0.60554,0.4952796,23.83
1787101690,0.6108830000000001,0.4998486,23.84
1787101700,0.609102,0.49710719999999997,23.81
1787101710,0.607321,0.49710719999999997,23.83
1787101720,0.609102,0.498021,23.81
1787101730,0.609102,0.49710719999999997,23.86
1787101740,0.609102,0.498021,23.84
1787101750,0.614445,0.50259,23.83
1787101760,0.612664,0.5007623999999999,23.81
1787101770,0.609102,0.498021,23.83
1787101780,0.609102,0.49710719999999997,23.83
1787101790,0.60554,0.4952796,23.81
1787101800,0.607321,0.49710719999999997,23.83
1787101810,0.607321,0.4961934,23.81
1787101820,0.607321,0.4961934,23.86
1787101830,0.607321,0.49710719999999997,23.86
1787101840,0.603759,0.493452,23.81
1787101850,0.609102,0.498021,23.83
1787101860,0.609102,0.49710719999999997,23.81
1787101870,0.609102,0.4989348,23.83
1787101880,0.609102,0.498021,23.84
1787101890,0.6108830000000001,0.4998486,23.81
1787101900,0.609102,0.498021,23.84
1787101910,0.607321,0.49710719999999997,23.83
1787101920,0.6108830000000001,0.4998486,23.83
1787101930,0.6108830000000001,0.5007623999999999,23.81
1787101940,0.60554,0.4952796,23.83
1787101950,0.609102,0.4989348,23.86
1787101960,0.607321,0.4961934,23.83
1787101970,0.609102,0.498021,23.84
1787101980,0.607321,0.4961934,23.83
1787101990,0.607321,0.49710719999999997,23.86
1787102000,0.603759,0.493452,23.81
1787102010,0.60554,0.4961934,23.8
1787102020,0.603759,0.493452,23.83
1787102030,0.60554,0.4952796,23.81
1787102040,0.6108830000000001,0.4998486,23.83
1787102050,0.6108830000000001,0.4989348,23.83
1787102060,0.609102,0.498021,23.83
1787102070,0.607321,0.49710719999999997,23.81
1787102080,0.616226,0.5035038,23.81
1787102090,0.607321,0.49710719999999997,23.8
1787102100,0.6108830000000001,0.4998486,23.81
1787102110,0.607321,0.49710719999999997,23.84
1787102120,0.609102,0.498021,23.81
1787102130,0.6108830000000001,0.4998486,23.8
1787102140,0.612664,0.5007623999999999,23.8
1787102150,0.6108830000000001,0.4998486,23.81
1787102160,0.607321,0.4961934,23.83
1787102170,0.60554,0.49436579999999997,23.83
1787102180,0.609102,0.498021,23.81
1787102190,0.609102,0.49710719999999997,23.83
1787102200,0.612664,0.5007623999999999,23.83
1787102210,0.6108830000000001,0.4998486,23.83
1787102220,0.612664,0.5016762,23.83
1787102230,0.612664,0.5007623999999999,23.81
1787102240,0.614445,0.50259,23.83
1787102250,0.612664,0.5007623999999999,23.81
1787102260,0.612664,0.5016762,23.83
1787102270,0.616226,0.5035038,23.83
1787102280,0.619788,0.5062452,23.83
1787102290,0.614445,0.50259,23.81
1787102300,0.614445,0.5035038,23.83
1787102310,0.612664,0.5007623999999999,23.83
1787102320,0.6108830000000001,0.4998486,23.83
1787102330,0.614445,0.50259,23.8
1787102340,0.612664,0.5007623999999999,23.81
1787102350,0.618007,0.5053314,23.81
1787102360,0.616226,0.5035038,23.83
1787102370,0.616226,0.5035038,23.83
1787102380,0.618007,0.5062452,23.81
1787102390,0.6108830000000001,0.4998486,23.8
1787102400,0.6108830000000001,0.4998486,23.83
1787102410,0.616226,0.5044176,23.84
1787102420,0.616226,0.5035038,23.81
1787102430,0.621569,0.5080728,23.81
1787102440,0.619788,0.5080728,23.83
1787102450,0.62335,0.5099004,23.81
1787102460,0.618007,0.5053314,23.84
1787102470,0.616226,0.5044176,23.83
1787102480,0.618007,0.5062452,23.81
1787102490,0.619788,0.507159,23.81
1787102500,0.621569,0.5089866,23.8
1787102510,0.621569,0.5080728,23.8
1787102520,0.619788,0.507159,23.83
1787102530,0.619788,0.5062452,23.84
1787102540,0.621569,0.5080728,23.81
1787102550,0.621569,0.5080728,23.81
1787102560,0.621569,0.5080728,23.81
1787102570,0.621569,0.5089866,23.81
1787102580,0.630474,0.5153832,23.8
1787102590,0.635817,0.5208659999999999,23.81
1787102600,0.639379,0.5236074,23.8
1787102610,0.637598,0.5226936,23.8
1787102620,0.639379,0.5245212,23.83
1787102630,0.635817,0.5208659999999999,23.8
1787102640,0.642941,0.5272626,23.8
1787102650,0.639379,0.5236074,23.8
1787102660,0.6411600000000001,0.525435,23.81
1787102670,0.635817,0.5199522,23.8
1787102680,0.6411600000000001,0.525435,23.81
1787102690,0.637598,0.5217798,23.8
1787102700,0.642941,0.5263488,23.81
1787102710,0.635817,0.5208659999999999,23.8
1787102720,0.637598,0.5217798,23.77
1787102730,0.642941,0.5272626,23.8
1787102740,0.642941,0.5263488,23.83
1787102750,0.646503,0.530004,23.81
1787102760,0.646503,0.5290902,23.83
1787102770,0.6411600000000001,0.525435,23.86
1787102780,0.642941,0.5263488,23.8
1787102790,0.646503,0.5290902,23.83
1787102800,0.646503,0.530004,23.81
1787102810,0.6411600000000001,0.525435,23.83
1787102820,0.639379,0.5236074,23.83
1787102830,0.637598,0.5226936,23.84
1787102840,0.642941,0.5263488,23.81
1787102850,0.639379,0.5245212,23.81
1787102860,0.646503,0.5290902,23.8
1787102870,0.637598,0.5226936,23.81
1787102880,0.637598,0.5217798,23.83
1787102890,0.642941,0.5263488,23.83
1787102900,0.642941,0.5263488,23.81
1787102910,0.644722,0.5290902,23.81
1787102920,0.637598,0.5217798,23.83
1787102930,0.650065,0.5318316,23.83
1787102940,0.644722,0.5281764,23.83
1787102950,0.648284,0.5309178,23.84
1787102960,0.648284,0.530004,23.86
1787102970,0.646503,0.5290902,23.84
1787102980,0.648284,0.5309178,23.84
1787102990,0.646503,0.5290902,23.83
1787103000,0.653627,0.5354868,23.83
1787103010,0.653627,0.5364006,23.84
1787103020,0.651846,0.5336592,23.86
1787103030,0.648284,0.5318316,23.83
1787103040,0.651846,0.5336592,23.84
1787103050,0.648284,0.530004,23.84
1787103060,0.657189,0.5382282,23.83
1787103070,0.657189,0.5382282,23.83
1787103080,0.657189,0.539142,23.84
1787103090,0.657189,0.539142,23.86
1787103100,0.660751,0.5409695999999999,23.83
1787103110,0.664313,0.5446248,23.83
1787103120,0.6589700000000001,0.5400558,23.83
1787103130,0.664313,0.5437109999999999,23.84
1787103140,0.664313,0.5455386,23.83
1787103150,0.6589700000000001,0.5400558,23.83
1787103160,0.662532,0.5427972,23.86
1787103170,0.660751,0.5418834,23.81
1787103180,0.655408,0.5373144,23.81
1787103190,0.657189,0.539142,23.83
1787103200,0.657189,0.539142,23.81
1787103210,0.660751,0.5418834,23.81
1787103220,0.664313,0.5446248,23.81
1787103230,0.662532,0.5427972,23.83
1787103240,0.650065,0.5327454,23.81
1787103250,0.664313,0.5437109999999999,23.83
1787103260,0.657189,0.5382282,23.79
1787103270,0.662532,0.5437109999999999,23.81
1787103280,0.664313,0.5446248,23.81
1787103290,0.666094,0.5455386,23.81
1787103300,0.669656,0.5491938,23.83
1787103310,0.666094,0.5455386,23.83
1787103320,0.666094,0.5455386,23.81
1787103330,0.667875,0.54828,23.83
1787103340,0.673218,0.5519352,23.83
1787103350,0.678561,0.5565042,23.81
1787103360,0.669656,0.54828,23.81
1787103370,0.669656,0.54828,23.83
1787103380,0.666094,0.5455386,23.8
1787103390,0.669656,0.54828,23.81
1787103400,0.667875,0.5473662,23.81
1787103410,0.673218,0.5519352,23.81
1787103420,0.674999,0.5537628,23.8
1787103430,0.673218,0.552849,23.83
1787103440,0.6714370000000001,0.5501076,23.81
1787103450,0.674999,0.552849,23.8
1787103460,0.6714370000000001,0.5501076,23.8
1787103470,0.6714370000000001,0.5501076,23.8
1787103480,0.666094,0.5464524,23.81
1787103490,0.67678,0.5546766,23.83
1787103500,0.667875,0.5473662,23.81
1787103510,0.669656,0.5491938,23.8
1787103520,0.6714370000000001,0.5510214,23.81
1787103530,0.674999,0.5537628,23.8
1787103540,0.673218,0.5519352,23.8
1787103550,0.674999,0.5546766,23.8
1787103560,0.678561,0.5555904,23.77
1787103570,0.674999,0.552849,23.8
1787103580,0.674999,0.5537628,23.77
1787103590,0.6714370000000001,0.5510214,23.8
1787103600,0.669656,0.54828,23.8
1787103610,0.678561,0.5565042,23.77
1787103620,0.678561,0.5565042,23.76
1787103630,0.667875,0.5473662,23.76
1787103640,0.67678,0.5546766,23.77
1787103650,0.673218,0.5519352,23.79
1787103660,0.680342,0.557418,23.77
1787103670,0.674999,0.552849,23.79
1787103680,0.682123,0.5592456,23.79
1787103690,0.67678,0.5546766,23.77
1787103700,0.685685,0.561987,23.77
1787103710,0.67678,0.5555904,23.8
1787103720,0.685685,0.5629008,23.79
1787103730,0.6714370000000001,0.5510214,23.76
1787103740,0.67678,0.5546766,23.77
1787103750,0.674999,0.5537628,23.79
1787103760,0.678561,0.5555904,23.77
1787103770,0.678561,0.5565042,23.77
1787103780,0.678561,0.5565042,23.77
1787103790,0.6839040000000001,0.5610731999999999,23.79
1787103800,0.6839040000000001,0.5601594,23.79
1787103810,0.6839040000000001,0.5610731999999999,23.79
1787103820,0.689247,0.5647284,23.79
1787103830,0.685685,0.561987,23.8
1787103840,0.685685,0.561987,23.8
1787103850,0.680342,0.557418,23.8
1787103860,0.682123,0.5592456,23.81
1787103870,0.687466,0.5629008,23.8
1787103880,0.680342,0.557418,23.8
1787103890,0.685685,0.561987,23.81
1787103900,0.680342,0.557418,23.8
1787103910,0.682123,0.5592456,23.81
1787103920,0.682123,0.5592456,23.83
1787103930,0.689247,0.5656422,23.81
1787103940,0.687466,0.5647284,23.81
1787103950,0.698152,0.5729526,23.83
1787103960,0.687466,0.5629008,23.8
1787103970,0.69459,0.5692974,23.8
1787103980,0.691028,0.566556,23.81
1787103990,0.692809,0.5683836,23.83
1787104000,0.691028,0.566556,23.81
1787104010,0.692809,0.5674698,23.79
1787104020,0.689247,0.5656422,23.83
1787104030,0.698152,0.5720388,23.79
1787104040,0.698152,0.5738664,23.81
1787104050,0.707057,0.580263,23.81
1787104060,0.698152,0.5720388,23.81
1787104070,0.698152,0.5729526,23.8
1787104080,0.698152,0.5729526,23.8
1787104090,0.698152,0.5729526,23.8
1787104100,0.692809,0.5692974,23.79
1787104110,0.7017140000000001,0.5766078,23.81
1787104120,0.7017140000000001,0.575694,23.8
1787104130,0.703495,0.5766078,23.77
1787104140,0.703495,0.5775216,23.8
1787104150,0.705276,0.5784354,23.77
1787104160,0.692809,0.5692974,23.8
1787104170,0.687466,0.5638145999999999,23.77
1787104180,0.699933,0.5738664,23.81
1787104190,0.692809,0.5683836,23.79
1787104200,0.698152,0.5720388,23.79
1787104210,0.69459,0.5692974,23.79
1787104220,0.696371,0.571125,23.77
1787104230,0.692809,0.5683836,23.79
1787104240,0.687466,0.5629008,23.79
1787104250,0.692809,0.5674698,23.81
1787104260,0.703495,0.5766078,23.8
1787104270,0.698152,0.5720388,23.8
1787104280,0.698152,0.5729526,23.81
1787104290,0.703495,0.5766078,23.81
1787104300,0.7017140000000001,0.5766078,23.8
1787104310,0.696371,0.5720388,23.79
1787104320,0.698152,0.5729526,23.8
1787104330,0.708838,0.5820906,23.79
1787104340,0.705276,0.5784354,23.79
1787104350,0.710619,0.5839181999999999,23.77
1787104360,0.705276,0.5784354,23.81
1787104370,0.7141810000000001,0.5866596,23.8
1787104380,0.715962,0.5884872,23.8
1787104390,0.717743,0.5884872,23.81
1787104400,0.721305,0.5912286,23.8
1787104410,0.703495,0.5775216,23.79
1787104420,0.705276,0.5784354,23.8
1787104430,0.7141810000000001,0.5866596,23.81
1787104440,0.7141810000000001,0.5866596,23.8
1787104450,0.708838,0.5820906,23.8
1787104460,0.708838,0.5820906,23.79
1787104470,0.703495,0.5775216,23.8
1787104480,0.710619,0.5830044,23.81
1787104490,0.710619,0.5830044,23.79
1787104500,0.710619,0.5839181999999999,23.8
1787104510,0.7124,0.5839181999999999,23.79
1787104520,0.717743,0.589401,23.81
1787104530,0.721305,0.5921424,23.79
1787104540,0.7141810000000001,0.5866596,23.79
1787104550,0.7124,0.5857458,23.79
1787104560,0.715962,0.5875734,23.8
1787104570,0.719524,0.5912286,23.79
1787104580,0.719524,0.5903148,23.79
1787104590,0.7141810000000001,0.5866596,23.8
1787104600,0.717743,0.589401,23.8
1787104610,0.719524,0.5912286,23.77
1787104620,0.726648,0.5967114,23.8
1787104630,0.726648,0.5976252,23.79
1787104640,0.73021,0.5994528,23.79
1787104650,0.724867,0.5957976,23.77
1787104660,0.7319910000000001,0.6012803999999999,23.79
1787104670,0.726648,0.5967114,23.79
1787104680,0.724867,0.5948838,23.8
1787104690,0.73021,0.6003666,23.83
1787104700,0.7319910000000001,0.6003666,23.8
1787104710,0.719524,0.5912286,23.8
1787104720,0.715962,0.5884872,23.8
1787104730,0.724867,0.5948838,23.81
1787104740,0.717743,0.589401,23.81
1787104750,0.723086,0.59397,23.8
1787104760,0.723086,0.5948838,23.79
1787104770,0.728429,0.598539,23.8
1787104780,0.728429,0.598539,23.8
1787104790,0.724867,0.5948838,23.81
1787104800,0.717743,0.5903148,23.81
1787104810,0.733772,0.603108,23.79
1787104820,0.735553,0.6049356,23.8
1787104830,0.724867,0.5948838,23.8
1787104840,0.7319910000000001,0.6021942,23.8
1787104850,0.724867,0.5957976,23.79
1787104860,0.724867,0.5957976,23.81
1787104870,0.735553,0.6049356,23.79
1787104880,0.73021,0.6003666,23.79
1787104890,0.733772,0.6040217999999999,23.79
1787104900,0.737334,0.6058494,23.77
1787104910,0.739115,0.6067632,23.77
1787104920,0.740896,0.6085908,23.77
1787104930,0.737334,0.6058494,23.77
1787104940,0.7319910000000001,0.6012803999999999,23.79
1787104950,0.735553,0.6040217999999999,23.81
1787104960,0.739115,0.607677,23.79
1787104970,0.735553,0.6049356,23.79
1787104980,0.740896,0.6085908,23.8
1787104990,0.739115,0.607677,23.76
1787105000,0.737334,0.6058494,23.79
1787105010,0.740896,0.6085908,23.77
1787105020,0.739115,0.6067632,23.79
1787105030,0.746239,0.6131598,23.76
1787105040,0.737334,0.6067632,23.77
1787105050,0.740896,0.6095046,23.76
1787105060,0.740896,0.6085908,23.77
1787105070,0.742677,0.6095046,23.76
1787105080,0.7444580000000001,0.6113322,23.76
1787105090,0.740896,0.6085908,23.8
1787105100,0.742677,0.6095046,23.77
1787105110,0.733772,0.603108,23.8
1787105120,0.737334,0.6067632,23.8
1787105130,0.739115,0.6067632,23.79
1787105140,0.742677,0.6104184,23.77
1787105150,0.742677,0.6104184,23.8
1787105160,0.7319910000000001,0.6003666,23.79
1787105170,0.7444580000000001,0.612246,23.76
1787105180,0.740896,0.6085908,23.77
1787105190,0.746239,0.6140736,23.79
1787105200,0.7444580000000001,0.6113322,23.76
1787105210,0.749801,0.616815,23.79
1787105220,0.753363,0.6195564,23.79
1787105230,0.746239,0.6131598,23.8
1787105240,0.746239,0.612246,23.79
1787105250,0.74802,0.6140736,23.79
1787105260,0.751582,0.6186426,23.79
1787105270,0.753363,0.6195564,23.79
1787105280,0.7444580000000001,0.612246,23.8
1787105290,0.7444580000000001,0.6113322,23.77
1787105300,0.742677,0.6104184,23.79
1787105310,0.740896,0.6085908,23.79
1787105320,0.742677,0.6104184,23.8
1787105330,0.739115,0.6067632,23.79
1787105340,0.746239,0.6131598,23.81
1787105350,0.749801,0.6159012,23.79
1787105360,0.742677,0.6104184,23.79
1787105370,0.746239,0.612246,23.76
1787105380,0.735553,0.6040217999999999,23.79
1787105390,0.733772,0.603108,23.79
1787105400,0.742677,0.6104184,23.79
1787105410,0.740896,0.6095046,23.79
1787105420,0.742677,0.6104184,23.8
1787105430,0.7444580000000001,0.6113322,23.77
1787105440,0.740896,0.6085908,23.77
1787105450,0.749801,0.6159012,23.79
1787105460,0.753363,0.6195564,23.8
1787105470,0.740896,0.6085908,23.79
1787105480,0.74802,0.6140736,23.8
1787105490,0.7444580000000001,0.612246,23.79
1787105500,0.740896,0.6095046,23.79
1787105510,0.740896,0.6085908,23.79
1787105520,0.742677,0.6104184,23.79
1787105530,0.755144,0.6213839999999999,23.77
1787105540,0.749801,0.6159012,23.77
1787105550,0.755144,0.6213839999999999,23.77
1787105560,0.751582,0.6177288,23.79
1787105570,0.749801,0.6159012,23.79
1787105580,0.74802,0.6140736,23.77
1787105590,0.758706,0.6232116,23.8
1787105600,0.751582,0.616815,23.79
1787105610,0.756925,0.6222978,23.81
1787105620,0.753363,0.6186426,23.79
1787105630,0.749801,0.616815,23.8
1787105640,0.753363,0.6195564,23.79
1787105650,0.755144,0.6204702,23.79
1787105660,0.753363,0.6186426,23.8
1787105670,0.753363,0.6195564,23.76
1787105680,0.760487,0.625953,23.77
1787105690,0.755144,0.6213839999999999,23.79
1787105700,0.755144,0.6204702,23.79
1787105710,0.756925,0.6222978,23.8
1787105720,0.769392,0.6323496,23.79
1787105730,0.760487,0.625953,23.79
1787105740,0.764049,0.6277806,23.81
1787105750,0.764049,0.6277806,23.8
1787105760,0.764049,0.6286944,23.79
1787105770,0.760487,0.6241253999999999,23.8
1787105780,0.767611,0.630522,23.8
1787105790,0.767611,0.630522,23.8
1787105800,0.760487,0.6241253999999999,23.79
1787105810,0.769392,0.6323496,23.76
1787105820,0.764049,0.6286944,23.79
1787105830,0.764049,0.6286944,23.77
1787105840,0.758706,0.6232116,23.77
1787105850,0.755144,0.6204702,23.77
1787105860,0.758706,0.6241253999999999,23.77
1787105870,0.7622680000000001,0.6268668,23.77
1787105880,0.758706,0.6232116,23.77
1787105890,0.758706,0.6232116,23.76
1787105900,0.760487,0.6250392,23.77
1787105910,0.760487,0.6250392,23.77
1787105920,0.7622680000000001,0.6268668,23.77
1787105930,0.758706,0.6232116,23.74
1787105940,0.760487,0.625953,23.76
1787105950,0.76583,0.6286944,23.74
1787105960,0.760487,0.6250392,23.76
1787105970,0.764049,0.6277806,23.79
1787105980,0.769392,0.6323496,23.76
1787105990,0.760487,0.6241253999999999,23.77
1787106000,0.771173,0.6332634,23.77
1787106010,0.769392,0.6323496,23.79
1787106020,0.76583,0.6286944,23.76
1787106030,0.772954,0.635091,23.8
1787106040,0.767611,0.630522,23.76
1787106050,0.771173,0.6341772,23.77
1787106060,0.769392,0.6323496,23.74
1787106070,0.769392,0.6323496,23.74
1787106080,0.767611,0.6323496,23.76
1787106090,0.771173,0.6341772,23.74
1787106100,0.767611,0.630522,23.73
1787106110,0.76583,0.6296082,23.77
1787106120,0.769392,0.6323496,23.79
1787106130,0.772954,0.6360048,23.76
1787106140,0.771173,0.6332634,23.74
1787106150,0.769392,0.6323496,23.76
1787106160,0.7747350000000001,0.6369186,23.74
1787106170,0.780078,0.6414875999999999,23.76
1787106180,0.772954,0.6360048,23.74
1787106190,0.764049,0.6286944,23.74
1787106200,0.771173,0.6332634,23.76
1787106210,0.780078,0.6405738,23.77
1787106220,0.772954,0.635091,23.76
1787106230,0.767611,0.630522,23.76
1787106240,0.780078,0.6424014,23.74
1787106250,0.776516,0.6387462,23.74
1787106260,0.781859,0.6424014,23.74
1787106270,0.78364,0.6451428,23.74
1787106280,0.776516,0.6387462,23.74
1787106290,0.7747350000000001,0.6378324,23.73
1787106300,0.776516,0.6387462,23.76
1787106310,0.772954,0.6360048,23.74
1787106320,0.776516,0.6387462,23.76
1787106330,0.7747350000000001,0.6378324,23.74
1787106340,0.771173,0.635091,23.76
1787106350,0.771173,0.6341772,23.77
1787106360,0.771173,0.635091,23.77
1787106370,0.7747350000000001,0.6360048,23.74
1787106380,0.769392,0.6323496,23.77
1787106390,0.785421,0.6460566,23.77
1787106400,0.780078,0.6414875999999999,23.74
1787106410,0.785421,0.6451428,23.77
1787106420,0.778297,0.63966,23.76
1787106430,0.78364,0.6442289999999999,23.74
1787106440,0.778297,0.6405738,23.76
1787106450,0.7872020000000001,0.6478842,23.74
1787106460,0.781859,0.6433152,23.76
1787106470,0.7872020000000001,0.6469704,23.74
1787106480,0.780078,0.6405738,23.74
1787106490,0.781859,0.6433152,23.74
1787106500,0.78364,0.6442289999999999,23.73
1787106510,0.780078,0.6414875999999999,23.74
1787106520,0.781859,0.6433152,23.73
1787106530,0.776516,0.6378324,23.74
1787106540,0.7872020000000001,0.6469704,23.74
1787106550,0.781859,0.6433152,23.74
1787106560,0.780078,0.6405738,23.74
1787106570,0.781859,0.6424014,23.76
1787106580,0.780078,0.6414875999999999,23.73
1787106590,0.780078,0.6414875999999999,23.76
1787106600,0.781859,0.6433152,23.76
1787106610,0.780078,0.6414875999999999,23.74
1787106620,0.781859,0.6433152,23.76
1787106630,0.780078,0.6424014,23.73
1787106640,0.778297,0.6405738,23.73
1787106650,0.7747350000000001,0.6369186,23.74
1787106660,0.780078,0.6424014,23.76
1787106670,0.7872020000000001,0.6478842,23.72
1787106680,0.785421,0.6460566,23.73
1787106690,0.785421,0.6460566,23.73
1787106700,0.78364,0.6451428,23.74
1787106710,0.785421,0.6451428,23.74
1787106720,0.781859,0.6424014,23.74
1787106730,0.7872020000000001,0.6478842,23.73
1787106740,0.7872020000000001,0.6478842,23.73
1787106750,0.785421,0.6469704,23.74
1787106760,0.788983,0.6497118,23.73
1787106770,0.788983,0.648798,23.74
1787106780,0.785421,0.6460566,23.72
1787106790,0.781859,0.6442289999999999,23.76
1787106800,0.785421,0.6460566,23.74
1787106810,0.78364,0.6442289999999999,23.73
1787106820,0.790764,0.6506256,23.76
1787106830,0.781859,0.6433152,23.74
1787106840,0.781859,0.6433152,23.74
1787106850,0.785421,0.6451428,23.76
1787106860,0.78364,0.6451428,23.74
1787106870,0.780078,0.6424014,23.76
1787106880,0.785421,0.6460566,23.73
1787106890,0.781859,0.6433152,23.76
1787106900,0.78364,0.6442289999999999,23.77
1787106910,0.790764,0.6506256,23.76
1787106920,0.780078,0.6414875999999999,23.76
1787106930,0.781859,0.6433152,23.76
1787106940,0.785421,0.6469704,23.76
1787106950,0.794326,0.6542808,23.77
1787106960,0.781859,0.6424014,23.74
1787106970,0.792545,0.6515394,23.76
1787106980,0.792545,0.6524532,23.74
1787106990,0.788983,0.648798,23.76
1787107000,0.790764,0.6497118,23.76
1787107010,0.7872020000000001,0.6469704,23.77
1787107020,0.790764,0.6515394,23.77
1787107030,0.792545,0.6524532,23.76
1787107040,0.781859,0.6433152,23.76
1787107050,0.7872020000000001,0.6478842,23.77
1787107060,0.790764,0.6506256,23.76
1787107070,0.788983,0.648798,23.76
1787107080,0.790764,0.6506256,23.76
1787107090,0.796107,0.6551946,23.76
1787107100,0.796107,0.6551946,23.76
1787107110,0.790764,0.6497118,23.73
1787107120,0.790764,0.6506256,23.74
1787107130,0.794326,0.653367,23.73
1787107140,0.792545,0.6524532,23.73
1787107150,0.788983,0.648798,23.76
1787107160,0.785421,0.6460566,23.74
1787107170,0.785421,0.6460566,23.74
1787107180,0.792545,0.6524532,23.73
1787107190,0.790764,0.6506256,23.74
1787107200,0.792545,0.6515394,23.74
1787107210,0.792545,0.6524532,23.76
1787107220,0.796107,0.6551946,23.76
1787107230,0.792545,0.6515394,23.76
1787107240,0.80145,0.6597636,23.76
1787107250,0.790764,0.6506256,23.77
1787107260,0.788983,0.648798,23.74
1787107270,0.792545,0.6524532,23.76
1787107280,0.794326,0.6542808,23.76
1787107290,0.788983,0.6497118,23.73
1787107300,0.792545,0.6524532,23.76
1787107310,0.792545,0.6524532,23.74
1787107320,0.788983,0.6497118,23.74
1787107330,0.790764,0.6506256,23.74
1787107340,0.792545,0.6515394,23.74
1787107350,0.790764,0.6506256,23.76
1787107360,0.799669,0.657936,23.76
1787107370,0.790764,0.6515394,23.76
1787107380,0.790764,0.6515394,23.73
1787107390,0.78364,0.6442289999999999,23.72
1787107400,0.792545,0.6515394,23.74
1787107410,0.796107,0.6551946,23.74
1787107420,0.794326,0.653367,23.74
1787107430,0.794326,0.6542808,23.74
1787107440,0.797888,0.6570222,23.74
1787107450,0.792545,0.6524532,23.74
1787107460,0.796107,0.6551946,23.73
1787107470,0.794326,0.653367,23.73
1787107480,0.790764,0.6506256,23.74
1787107490,0.794326,0.6542808,23.73
1787107500,0.794326,0.653367,23.74
1787107510,0.796107,0.6542808,23.73
1787107520,0.792545,0.6515394,23.73
1787107530,0.797888,0.6561084,23.73
1787107540,0.797888,0.6570222,23.73
1787107550,0.792545,0.6524532,23.74
1787107560,0.799669,0.657936,23.74
1787107570,0.796107,0.6551946,23.73
1787107580,0.799669,0.657936,23.73
1787107590,0.796107,0.6542808,23.72
1787107600,0.796107,0.6551946,23.73
1787107610,0.797888,0.6570222,23.74
1787107620,0.799669,0.6570222,23.72
1787107630,0.792545,0.6515394,23.73
1787107640,0.796107,0.6551946,23.72
1787107650,0.792545,0.6515394,23.73
1787107660,0.797888,0.6570222,23.72
1787107670,0.796107,0.6551946,23.74
1787107680,0.792545,0.6524532,23.74
1787107690,0.792545,0.6524532,23.76
1787107700,0.792545,0.6515394,23.73
1787107710,0.80145,0.6588498,23.73
1787107720,0.799669,0.6588498,23.73
1787107730,0.799669,0.657936,23.73
1787107740,0.797888,0.6561084,23.73
1787107750,0.797888,0.6561084,23.73
1787107760,0.796107,0.6561084,23.76
1787107770,0.799669,0.657936,23.72
1787107780,0.792545,0.6515394,23.7
1787107790,0.799669,0.657936,23.72
1787107800,0.792545,0.6524532,23.73
1787107810,0.797888,0.6561084,23.74
1787107820,0.792545,0.6524532,23.74
1787107830,0.792545,0.6524532,23.74
1787107840,0.799669,0.657936,23.73
1787107850,0.799669,0.657936,23.73
1787107860,0.803231,0.6615911999999999,23.73
1787107870,0.796107,0.6542808,23.74
1787107880,0.796107,0.6542808,23.76
1787107890,0.796107,0.6542808,23.76
1787107900,0.797888,0.6561084,23.74
1787107910,0.799669,0.6570222,23.76
1787107920,0.797888,0.6561084,23.76
1787107930,0.794326,0.653367,23.76
1787107940,0.796107,0.6551946,23.76
1787107950,0.799669,0.657936,23.73
1787107960,0.794326,0.6542808,23.73
1787107970,0.797888,0.6561084,23.76
1787107980,0.803231,0.6615911999999999,23.74
1787107990,0.796107,0.6542808,23.72
1787108000,0.794326,0.6524532,23.73
1787108010,0.799669,0.657936,23.73
1787108020,0.797888,0.6561084,23.73
1787108030,0.796107,0.6551946,23.73
1787108040,0.796107,0.6542808,23.73
1787108050,0.797888,0.6570222,23.73
1787108060,0.794326,0.653367,23.74
1787108070,0.790764,0.6506256,23.74
1787108080,0.794326,0.653367,23.74
1787108090,0.785421,0.6460566,23.73
1787108100,0.794326,0.653367,23.74
1787108110,0.80145,0.6588498,23.74
1787108120,0.797888,0.6570222,23.73
1787108130,0.794326,0.653367,23.76
1787108140,0.790764,0.6497118,23.74
1787108150,0.799669,0.6570222,23.73
1787108160,0.794326,0.653367,23.74
1787108170,0.794326,0.653367,23.73
1787108180,0.797888,0.6551946,23.74
1787108190,0.796107,0.6551946,23.73
1787108200,0.80145,0.6588498,23.76
1787108210,0.797888,0.6561084,23.74
1787108220,0.792545,0.6515394,23.74
1787108230,0.80145,0.6597636,23.73
1787108240,0.808574,0.6643325999999999,23.77
1787108250,0.797888,0.6561084,23.76
1787108260,0.797888,0.6561084,23.76
1787108270,0.799669,0.657936,23.76
1787108280,0.80145,0.6588498,23.73
1787108290,0.799669,0.657936,23.73
1787108300,0.80145,0.6597636,23.74
1787108310,0.794326,0.6524532,23.74
1787108320,0.797888,0.6551946,23.76
1787108330,0.796107,0.6542808,23.74
1787108340,0.796107,0.6551946,23.76
1787108350,0.797888,0.6561084,23.76
1787108360,0.788983,0.6497118,23.76
1787108370,0.799669,0.6570222,23.76
1787108380,0.803231,0.6597636,23.74
1787108390,0.794326,0.6524532,23.76
1787108400,0.797888,0.6561084,23.74
1787108410,0.794326,0.653367,23.72
1787108420,0.794326,0.653367,23.76
1787108430,0.796107,0.6542808,23.73
1787108440,0.796107,0.6551946,23.76
1787108450,0.785421,0.6460566,23.73
1787108460,0.797888,0.6561084,23.77
1787108470,0.796107,0.6542808,23.74
1787108480,0.797888,0.6561084,23.74
1787108490,0.80145,0.6588498,23.76
1787108500,0.80145,0.6597636,23.76
1787108510,0.799669,0.657936,23.74
1787108520,0.803231,0.6606774,23.73
1787108530,0.796107,0.6551946,23.74
1787108540,0.80145,0.6588498,23.74
1787108550,0.797888,0.6570222,23.76
1787108560,0.794326,0.653367,23.74
1787108570,0.799669,0.657936,23.73
1787108580,0.794326,0.6542808,23.73
1787108590,0.794326,0.6542808,23.7
1787108600,0.799669,0.657936,23.72
1787108610,0.792545,0.6524532,23.73
1787108620,0.797888,0.6561084,23.73
1787108630,0.794326,0.6524532,23.72
1787108640,0.796107,0.6551946,23.73
1787108650,0.794326,0.653367,23.72
1787108660,0.794326,0.6542808,23.72
1787108670,0.790764,0.6506256,23.72
1787108680,0.796107,0.6542808,23.74
1787108690,0.794326,0.653367,23.72
1787108700,0.794326,0.653367,23.73
1787108710,0.788983,0.6478842,23.73
1787108720,0.796107,0.6551946,23.74
1787108730,0.790764,0.6497118,23.72
1787108740,0.792545,0.6524532,23.73
1787108750,0.794326,0.6524532,23.7
1787108760,0.788983,0.6478842,23.72
1787108770,0.785421,0.6460566,23.72
1787108780,0.797888,0.6561084,23.72
1787108790,0.792545,0.6524532,23.73
1787108800,0.796107,0.6542808,23.74
1787108810,0.792545,0.6515394,23.74
1787108820,0.797888,0.6551946,23.73
1787108830,0.796107,0.6542808,23.72
1787108840,0.792545,0.6515394,23.73
1787108850,0.792545,0.6515394,23.76
1787108860,0.792545,0.6524532,23.73
1787108870,0.790764,0.6506256,23.74
1787108880,0.794326,0.653367,23.76
1787108890,0.792545,0.6515394,23.73
1787108900,0.796107,0.6542808,23.74
1787108910,0.794326,0.653367,23.73
1787108920,0.794326,0.653367,23.74
1787108930,0.785421,0.6460566,23.73
1787108940,0.790764,0.6506256,23.73
1787108950,0.788983,0.648798,23.73
1787108960,0.790764,0.6506256,23.76
1787108970,0.788983,0.648798,23.73
1787108980,0.788983,0.6478842,23.72
1787108990,0.788983,0.6478842,23.76
1787109000,0.794326,0.6524532,23.73
1787109010,0.788983,0.6478842,23.73
1787109020,0.792545,0.6515394,23.73
1787109030,0.794326,0.6524532,23.73
1787109040,0.792545,0.6515394,23.74
1787109050,0.799669,0.657936,23.74
1787109060,0.790764,0.6506256,23.76
1787109070,0.794326,0.653367,23.73
1787109080,0.790764,0.6497118,23.74
1787109090,0.790764,0.6506256,23.73
1787109100,0.7872020000000001,0.6469704,23.74
1787109110,0.792545,0.6515394,23.74
1787109120,0.796107,0.6551946,23.73
1787109130,0.796107,0.6551946,23.76
1787109140,0.796107,0.6542808,23.73
1787109150,0.794326,0.653367,23.73
1787109160,0.794326,0.6524532,23.72
1787109170,0.792545,0.6524532,23.72
1787109180,0.792545,0.6515394,23.74
1787109190,0.792545,0.6515394,23.73
1787109200,0.794326,0.6524532,23.72
1787109210,0.788983,0.648798,23.73
1787109220,0.794326,0.653367,23.73
1787109230,0.7872020000000001,0.6469704,23.73
1787109240,0.792545,0.6524532,23.74
1787109250,0.792545,0.6515394,23.73
1787109260,0.792545,0.6524532,23.73
1787109270,0.788983,0.6478842,23.73
1787109280,0.7872020000000001,0.6469704,23.72
1787109290,0.7872020000000001,0.6478842,23.73
1787109300,0.790764,0.6506256,23.73
1787109310,0.790764,0.6506256,23.72
1787109320,0.788983,0.648798,23.74
1787109330,0.781859,0.6424014,23.7
1787109340,0.790764,0.6506256,23.7
1787109350,0.790764,0.6506256,23.7
1787109360,0.788983,0.648798,23.7
1787109370,0.792545,0.6524532,23.73
1787109380,0.788983,0.6478842,23.72
1787109390,0.790764,0.6506256,23.73
1787109400,0.790764,0.6506256,23.7
1787109410,0.788983,0.648798,23.73
1787109420,0.7872020000000001,0.6469704,23.69
1787109430,0.7872020000000001,0.6469704,23.73
1787109440,0.790764,0.6497118,23.73
1787109450,0.790764,0.6506256,23.72
1787109460,0.788983,0.648798,23.73
1787109470,0.790764,0.6497118,23.72
1787109480,0.790764,0.6497118,23.74
1787109490,0.792545,0.6515394,23.74
1787109500,0.788983,0.648798,23.73
1787109510,0.788983,0.648798,23.73
1787109520,0.788983,0.6478842,23.72
1787109530,0.785421,0.6460566,23.72
1787109540,0.781859,0.6433152,23.74
1787109550,0.776516,0.6387462,23.7
1787109560,0.781859,0.6424014,23.73
1787109570,0.78364,0.6442289999999999,23.74
1787109580,0.785421,0.6451428,23.73
1787109590,0.785421,0.6451428,23.73
1787109600,0.78364,0.6442289999999999,23.74
1787109610,0.78364,0.6442289999999999,23.74
1787109620,0.780078,0.6405738,23.72
1787109630,0.780078,0.6405738,23.72
1787109640,0.781859,0.6424014,23.73
1787109650,0.781859,0.6433152,23.74
1787109660,0.776516,0.6378324,23.72
1787109670,0.78364,0.6433152,23.73
1787109680,0.781859,0.6424014,23.72
1787109690,0.776516,0.6378324,23.73
1787109700,0.780078,0.6414875999999999,23.72
1787109710,0.78364,0.6442289999999999,23.7
1787109720,0.78364,0.6442289999999999,23.72
1787109730,0.781859,0.6424014,23.7
1787109740,0.780078,0.6405738,23.7
1787109750,0.776516,0.6387462,23.72
1787109760,0.769392,0.6323496,23.7
1787109770,0.780078,0.6414875999999999,23.7
1787109780,0.781859,0.6414875999999999,23.7
1787109790,0.772954,0.635091,23.67
1787109800,0.780078,0.6405738,23.72
1787109810,0.781859,0.6424014,23.74
1787109820,0.780078,0.6405738,23.72
1787109830,0.776516,0.6378324,23.7
1787109840,0.7747350000000001,0.6360048,23.69
1787109850,0.7747350000000001,0.6369186,23.69
1787109860,0.7747350000000001,0.6369186,23.7
1787109870,0.7747350000000001,0.6360048,23.7
1787109880,0.780078,0.6405738,23.72
1787109890,0.776516,0.6378324,23.69
1787109900,0.769392,0.6323496,23.69
1787109910,0.7747350000000001,0.6360048,23.7
1787109920,0.767611,0.630522,23.72
1787109930,0.771173,0.6341772,23.72
1787109940,0.7747350000000001,0.6360048,23.69
1787109950,0.778297,0.63966,23.72
1787109960,0.776516,0.6378324,23.7
1787109970,0.776516,0.6378324,23.7
1787109980,0.776516,0.6369186,23.69
1787109990,0.769392,0.6314358,23.72
1787110000,0.776516,0.6378324,23.7
1787110010,0.767611,0.630522,23.72
1787110020,0.769392,0.6323496,23.7
1787110030,0.76583,0.6286944,23.72
1787110040,0.772954,0.635091,23.69
1787110050,0.776516,0.6378324,23.69
1787110060,0.769392,0.6314358,23.69
1787110070,0.772954,0.635091,23.7
1787110080,0.772954,0.635091,23.7
1787110090,0.7622680000000001,0.6268668,23.67
1787110100,0.769392,0.6314358,23.66
1787110110,0.767611,0.6296082,23.7
1787110120,0.771173,0.6341772,23.69
1787110130,0.769392,0.6314358,23.69
1787110140,0.771173,0.6323496,23.69
1787110150,0.767611,0.630522,23.7
1787110160,0.776516,0.6369186,23.7
1787110170,0.772954,0.635091,23.72
1787110180,0.771173,0.6332634,23.7
1787110190,0.772954,0.6341772,23.7
1787110200,0.7747350000000001,0.6369186,23.72
1787110210,0.764049,0.6268668,23.7
1787110220,0.772954,0.6341772,23.69
1787110230,0.771173,0.6323496,23.7
1787110240,0.76583,0.6286944,23.69
1787110250,0.760487,0.6241253999999999,23.69
1787110260,0.769392,0.6314358,23.67
1787110270,0.767611,0.630522,23.67
1787110280,0.7747350000000001,0.6360048,23.69
1787110290,0.76583,0.6286944,23.69
1787110300,0.767611,0.6296082,23.67
1787110310,0.767611,0.6296082,23.67
1787110320,0.769392,0.6314358,23.67
1787110330,0.772954,0.6341772,23.64
1787110340,0.772954,0.6341772,23.66
1787110350,0.769392,0.6323496,23.67
1787110360,0.767611,0.630522,23.67
1787110370,0.76583,0.6286944,23.69
1787110380,0.76583,0.6286944,23.66
1787110390,0.7622680000000001,0.6250392,23.69
1787110400,0.769392,0.6314358,23.67
1787110410,0.769392,0.6314358,23.69
1787110420,0.76583,0.6286944,23.66
1787110430,0.758706,0.6222978,23.67
1787110440,0.764049,0.6268668,23.67
1787110450,0.767611,0.6296082,23.67
1787110460,0.76583,0.6296082,23.69
1787110470,0.76583,0.6286944,23.66
1787110480,0.753363,0.6186426,23.67
1787110490,0.755144,0.6195564,23.67
1787110500,0.7622680000000001,0.6250392,23.69
1787110510,0.760487,0.6241253999999999,23.66
1787110520,0.771173,0.6332634,23.66
1787110530,0.7622680000000001,0.625953,23.67
1787110540,0.7622680000000001,0.625953,23.67
1787110550,0.758706,0.6232116,23.67
1787110560,0.76583,0.6296082,23.67
1787110570,0.755144,0.6204702,23.67
1787110580,0.7622680000000001,0.625953,23.67
1787110590,0.764049,0.6277806,23.67
1787110600,0.753363,0.6186426,23.67
1787110610,0.753363,0.6177288,23.67
1787110620,0.756925,0.6222978,23.67
1787110630,0.760487,0.6241253999999999,23.7
1787110640,0.756925,0.6213839999999999,23.69
1787110650,0.753363,0.6177288,23.67
1787110660,0.751582,0.616815,23.69
1787110670,0.7444580000000001,0.6104184,23.7
1787110680,0.749801,0.6149874,23.69
1787110690,0.755144,0.6204702,23.69
1787110700,0.755144,0.6195564,23.69
1787110710,0.753363,0.6186426,23.69
1787110720,0.753363,0.6186426,23.69
1787110730,0.758706,0.6222978,23.67
1787110740,0.758706,0.6232116,23.69
1787110750,0.751582,0.616815,23.66
1787110760,0.760487,0.6241253999999999,23.64
1787110770,0.753363,0.6177288,23.66
1787110780,0.756925,0.6213839999999999,23.64
1787110790,0.749801,0.6149874,23.63
1787110800,0.756925,0.6213839999999999,23.67
1787110810,0.749801,0.6149874,23.66
1787110820,0.751582,0.616815,23.64
1787110830,0.74802,0.6140736,23.66
1787110840,0.74802,0.6140736,23.66
1787110850,0.751582,0.616815,23.67
1787110860,0.74802,0.6140736,23.67
1787110870,0.740896,0.607677,23.67
1787110880,0.753363,0.6186426,23.67
1787110890,0.751582,0.616815,23.67
1787110900,0.749801,0.6149874,23.67
1787110910,0.756925,0.6213839999999999,23.67
1787110920,0.751582,0.616815,23.67
1787110930,0.751582,0.6159012,23.67
1787110940,0.746239,0.6113322,23.66
1787110950,0.751582,0.616815,23.67
1787110960,0.751582,0.616815,23.64
1787110970,0.749801,0.6149874,23.66
1787110980,0.749801,0.6159012,23.67
1787110990,0.74802,0.6140736,23.64
1787111000,0.749801,0.6149874,23.67
1787111010,0.751582,0.616815,23.66
1787111020,0.7444580000000001,0.6104184,23.66
1787111030,0.739115,0.6067632,23.66
1787111040,0.742677,0.6095046,23.67
1787111050,0.7444580000000001,0.6104184,23.64
1787111060,0.749801,0.6149874,23.66
1787111070,0.737334,0.6058494,23.69
1787111080,0.746239,0.6131598,23.67
1787111090,0.74802,0.6140736,23.64
1787111100,0.751582,0.616815,23.67
1787111110,0.739115,0.6058494,23.66
1787111120,0.7444580000000001,0.6113322,23.69
1787111130,0.740896,0.607677,23.69
1787111140,0.733772,0.6021942,23.69
1787111150,0.737334,0.6058494,23.67
1787111160,0.733772,0.6012803999999999,23.67
1787111170,0.740896,0.6067632,23.69
1787111180,0.737334,0.6049356,23.69
1787111190,0.735553,0.6040217999999999,23.69
1787111200,0.739115,0.6067632,23.69
1787111210,0.728429,0.5976252,23.69
1787111220,0.726648,0.5948838,23.7
1787111230,0.735553,0.6040217999999999,23.69
1787111240,0.723086,0.5921424,23.69
1787111250,0.728429,0.5967114,23.67
1787111260,0.7319910000000001,0.6003666,23.67
1787111270,0.735553,0.603108,23.66
1787111280,0.726648,0.5967114,23.67
1787111290,0.737334,0.6040217999999999,23.67
1787111300,0.728429,0.5967114,23.69
1787111310,0.73021,0.598539,23.7
1787111320,0.733772,0.6012803999999999,23.69
1787111330,0.73021,0.598539,23.7
1787111340,0.735553,0.603108,23.69
1787111350,0.7319910000000001,0.6003666,23.69
1787111360,0.7319910000000001,0.6003666,23.67
1787111370,0.728429,0.5976252,23.69
1787111380,0.724867,0.5930562,23.7
1787111390,0.733772,0.6012803999999999,23.7
1787111400,0.728429,0.5967114,23.69
1787111410,0.723086,0.5930562,23.7
1787111420,0.728429,0.5976252,23.7
1787111430,0.733772,0.6012803999999999,23.72
1787111440,0.7319910000000001,0.6003666,23.7
1787111450,0.724867,0.59397,23.72
1787111460,0.726648,0.5967114,23.7
1787111470,0.726648,0.5957976,23.69
1787111480,0.726648,0.5948838,23.67
1787111490,0.7141810000000001,0.5857458,23.69
1787111500,0.728429,0.5967114,23.7
1787111510,0.721305,0.5912286,23.72
1787111520,0.723086,0.5921424,23.69
1787111530,0.723086,0.5930562,23.67
1787111540,0.717743,0.5884872,23.72
1787111550,0.726648,0.5948838,23.69
1787111560,0.723086,0.5921424,23.72
1787111570,0.726648,0.5948838,23.69
1787111580,0.7141810000000001,0.584832,23.69
1787111590,0.717743,0.5875734,23.67
1787111600,0.717743,0.5875734,23.69
1787111610,0.719524,0.589401,23.69
1787111620,0.719524,0.589401,23.69
1787111630,0.724867,0.59397,23.67
1787111640,0.717743,0.5875734,23.67
1787111650,0.7141810000000001,0.584832,23.69
1787111660,0.717743,0.5875734,23.67
1787111670,0.715962,0.5875734,23.67
1787111680,0.721305,0.5912286,23.67
1787111690,0.721305,0.5912286,23.69
1787111700,0.717743,0.5884872,23.66
1787111710,0.719524,0.589401,23.7
1787111720,0.719524,0.589401,23.69
1787111730,0.724867,0.59397,23.69
1787111740,0.723086,0.5921424,23.7
1787111750,0.723086,0.5930562,23.67
1787111760,0.719524,0.589401,23.7
1787111770,0.719524,0.589401,23.7
1787111780,0.7141810000000001,0.584832,23.7
1787111790,0.724867,0.59397,23.67
1787111800,0.719524,0.589401,23.69
1787111810,0.708838,0.5811767999999999,23.69
1787111820,0.717743,0.5875734,23.69
1787111830,0.717743,0.5875734,23.69
1787111840,0.715962,0.5866596,23.69
1787111850,0.719524,0.589401,23.67
1787111860,0.7141810000000001,0.5857458,23.69
1787111870,0.7141810000000001,0.584832,23.67
1787111880,0.710619,0.5820906,23.67
1787111890,0.719524,0.589401,23.66
1787111900,0.715962,0.5866596,23.66
1787111910,0.710619,0.5820906,23.7
1787111920,0.715962,0.5857458,23.69
1787111930,0.7141810000000001,0.5857458,23.69
1787111940,0.705276,0.5775216,23.69
1787111950,0.7124,0.5830044,23.72
1787111960,0.723086,0.5921424,23.7
1787111970,0.715962,0.5866596,23.72
1787111980,0.7124,0.5839181999999999,23.7
1787111990,0.708838,0.5811767999999999,23.7
1787112000,0.703495,0.5766078,23.72
1787112010,0.708838,0.580263,23.7
1787112020,0.7124,0.5839181999999999,23.72
1787112030,0.707057,0.5784354,23.72
1787112040,0.707057,0.5793492,23.7
1787112050,0.7124,0.5830044,23.72
1787112060,0.708838,0.5811767999999999,23.73
1787112070,0.7124,0.5830044,23.72
1787112080,0.708838,0.5811767999999999,23.74
1787112090,0.707057,0.5793492,23.73
1787112100,0.717743,0.5884872,23.73
1787112110,0.707057,0.5793492,23.74
1787112120,0.707057,0.5793492,23.72
1787112130,0.710619,0.5820906,23.72
1787112140,0.708838,0.5811767999999999,23.72
1787112150,0.707057,0.5784354,23.73
1787112160,0.705276,0.5784354,23.7
1787112170,0.708838,0.5811767999999999,23.72
1787112180,0.707057,0.5784354,23.73
1787112190,0.7017140000000001,0.5747802,23.73
1787112200,0.705276,0.5766078,23.74
1787112210,0.705276,0.5766078,23.74
1787112220,0.705276,0.5766078,23.73
1787112230,0.707057,0.5784354,23.72
1787112240,0.707057,0.5784354,23.72
1787112250,0.7017140000000001,0.5738664,23.72
1787112260,0.703495,0.575694,23.69
1787112270,0.705276,0.5766078,23.7
1787112280,0.699933,0.5729526,23.67
1787112290,0.699933,0.5729526,23.7
1787112300,0.696371,0.5692974,23.69
1787112310,0.699933,0.5729526,23.67
1787112320,0.699933,0.5729526,23.69
1787112330,0.698152,0.571125,23.67
1787112340,0.698152,0.5720388,23.72
1787112350,0.69459,0.5683836,23.72
1787112360,0.691028,0.5656422,23.72
1787112370,0.689247,0.5629008,23.69
1787112380,0.689247,0.5638145999999999,23.67
1787112390,0.692809,0.566556,23.7
1787112400,0.692809,0.5674698,23.69
1787112410,0.692809,0.566556,23.7
1787112420,0.691028,0.5656422,23.67
1787112430,0.69459,0.5683836,23.72
1787112440,0.689247,0.5638145999999999,23.7
1787112450,0.692809,0.5674698,23.69
1787112460,0.6839040000000001,0.5601594,23.72
1787112470,0.687466,0.561987,23.7
1787112480,0.6839040000000001,0.5592456,23.7
1787112490,0.687466,0.5629008,23.69
1787112500,0.691028,0.5647284,23.69
1787112510,0.6839040000000001,0.5592456,23.67
1787112520,0.680342,0.5555904,23.67
1787112530,0.680342,0.5565042,23.7
1787112540,0.685685,0.5601594,23.7
1787112550,0.680342,0.5555904,23.69
1787112560,0.6839040000000001,0.5601594,23.7
1787112570,0.687466,0.5629008,23.69
1787112580,0.687466,0.5629008,23.7
1787112590,0.691028,0.5647284,23.7
1787112600,0.682123,0.557418,23.7
1787112610,0.682123,0.5583318,23.67
1787112620,0.6714370000000001,0.5491938,23.69
1787112630,0.691028,0.5656422,23.66
1787112640,0.685685,0.5610731999999999,23.69
1787112650,0.682123,0.5583318,23.66
1787112660,0.687466,0.561987,23.67
1787112670,0.673218,0.5501076,23.69
1787112680,0.6839040000000001,0.5601594,23.69
1787112690,0.691028,0.5647284,23.69
1787112700,0.682123,0.5583318,23.66
1787112710,0.680342,0.5565042,23.67
1787112720,0.678561,0.5546766,23.69
1787112730,0.664313,0.5427972,23.7
1787112740,0.678561,0.5546766,23.7
1787112750,0.678561,0.5546766,23.72
1787112760,0.682123,0.557418,23.7
1787112770,0.674999,0.5519352,23.69
1787112780,0.6839040000000001,0.5583318,23.69
1787112790,0.674999,0.552849,23.7
1787112800,0.6839040000000001,0.5592456,23.69
1787112810,0.680342,0.5565042,23.72
1787112820,0.67678,0.5537628,23.7
1787112830,0.673218,0.5501076,23.72
1787112840,0.678561,0.5546766,23.67
1787112850,0.6714370000000001,0.5491938,23.69
1787112860,0.674999,0.5519352,23.67
1787112870,0.674999,0.552849,23.7
1787112880,0.673218,0.5510214,23.69
1787112890,0.682123,0.5583318,23.7
1787112900,0.673218,0.5510214,23.7
1787112910,0.674999,0.552849,23.72
1787112920,0.669656,0.54828,23.7
1787112930,0.678561,0.5546766,23.69
1787112940,0.680342,0.5555904,23.69
1787112950,0.682123,0.557418,23.69
1787112960,0.685685,0.5610731999999999,23.69
1787112970,0.680342,0.5555904,23.7
1787112980,0.6839040000000001,0.5601594,23.69
1787112990,0.680342,0.5565042,23.67
1787113000,0.682123,0.557418,23.72
1787113010,0.685685,0.5610731999999999,23.7
1787113020,0.67678,0.5537628,23.7
1787113030,0.680342,0.5555904,23.7
1787113040,0.67678,0.552849,23.7
1787113050,0.669656,0.5473662,23.7
1787113060,0.674999,0.5510214,23.69
1787113070,0.673218,0.5501076,23.7
1787113080,0.667875,0.5455386,23.69
1787113090,0.669656,0.5473662,23.7
1787113100,0.662532,0.5418834,23.66
1787113110,0.664313,0.5427972,23.67
1787113120,0.666094,0.5437109999999999,23.67
1787113130,0.666094,0.5446248,23.67
1787113140,0.664313,0.5427972,23.7
1787113150,0.666094,0.5437109999999999,23.69
1787113160,0.666094,0.5446248,23.67
1787113170,0.664313,0.5418834,23.67
1787113180,0.6589700000000001,0.539142,23.69
1787113190,0.662532,0.5418834,23.69
1787113200,0.662532,0.5409695999999999,23.7
1787113210,0.664313,0.5437109999999999,23.66
1787113220,0.662532,0.5409695999999999,23.69
1787113230,0.660751,0.5400558,23.66
1787113240,0.6714370000000001,0.54828,23.69
1787113250,0.662532,0.5418834,23.67
1787113260,0.666094,0.5437109999999999,23.67
1787113270,0.662532,0.5409695999999999,23.69
1787113280,0.67678,0.5537628,23.67
1787113290,0.653627,0.534573,23.67
1787113300,0.6589700000000001,0.539142,23.67
1787113310,0.662532,0.5409695999999999,23.69
1787113320,0.660751,0.539142,23.64
1787113330,0.666094,0.5446248,23.66
1787113340,0.669656,0.5473662,23.69
1787113350,0.6589700000000001,0.5373144,23.67
1787113360,0.662532,0.5409695999999999,23.7
1787113370,0.6589700000000001,0.5373144,23.7
1787113380,0.653627,0.5327454,23.7
1787113390,0.662532,0.5409695999999999,23.7
1787113400,0.655408,0.5354868,23.69
1787113410,0.655408,0.5354868,23.7
1787113420,0.650065,0.5309178,23.67
1787113430,0.650065,0.530004,23.7
1787113440,0.657189,0.5364006,23.66
1787113450,0.648284,0.5290902,23.69
1787113460,0.660751,0.539142,23.7
1787113470,0.651846,0.5318316,23.69
1787113480,0.648284,0.530004,23.72
1787113490,0.655408,0.5354868,23.7
1787113500,0.653627,0.5336592,23.69
1787113510,0.648284,0.5290902,23.69
1787113520,0.630474,0.5153832,23.7
1787113530,0.646503,0.5272626,23.67
1787113540,0.648284,0.530004,23.7
1787113550,0.6411600000000001,0.5226936,23.69
1787113560,0.653627,0.534573,23.69
1787113570,0.651846,0.5327454,23.67
1787113580,0.653627,0.5336592,23.7
1787113590,0.646503,0.5281764,23.7
1787113600,0.646503,0.5272626,23.7
1787113610,0.653627,0.5336592,23.72
1787113620,0.653627,0.5336592,23.7
1787113630,0.651846,0.5318316,23.67
1787113640,0.650065,0.530004,23.69
1787113650,0.646503,0.5281764,23.69
1787113660,0.639379,0.5208659999999999,23.67
1787113670,0.6411600000000001,0.5226936,23.67
1787113680,0.644722,0.5272626,23.67
1787113690,0.646503,0.5272626,23.69
1787113700,0.650065,0.5309178,23.69
1787113710,0.653627,0.5336592,23.69
1787113720,0.646503,0.5281764,23.66
1787113730,0.642941,0.525435,23.67
1787113740,0.644722,0.5263488,23.67
1787113750,0.6411600000000001,0.5236074,23.7
1787113760,0.651846,0.5318316,23.69
1787113770,0.646503,0.5272626,23.69
1787113780,0.644722,0.525435,23.69
1787113790,0.648284,0.5290902,23.67
1787113800,0.650065,0.530004,23.67
1787113810,0.646503,0.5281764,23.69
1787113820,0.646503,0.5281764,23.69
1787113830,0.646503,0.5272626,23.69
1787113840,0.639379,0.5208659999999999,23.67
1787113850,0.6411600000000001,0.5226936,23.7
1787113860,0.653627,0.5336592,23.69
1787113870,0.6411600000000001,0.5226936,23.69
1787113880,0.642941,0.5236074,23.67
1787113890,0.648284,0.5290902,23.69
1787113900,0.646503,0.5272626,23.69
1787113910,0.639379,0.5208659999999999,23.66
1787113920,0.639379,0.5208659999999999,23.69
1787113930,0.642941,0.525435,23.67
1787113940,0.639379,0.5208659999999999,23.67
1787113950,0.644722,0.525435,23.67
1787113960,0.6411600000000001,0.5236074,23.67
1787113970,0.632255,0.5153832,23.66
1787113980,0.637598,0.5199522,23.7
1787113990,0.637598,0.5199522,23.67
1787114000,0.630474,0.5135556,23.67
1787114010,0.635817,0.5190384,23.69
1787114020,0.634036,0.5172108,23.69
1787114030,0.639379,0.5217798,23.69
1787114040,0.639379,0.5208659999999999,23.69
1787114050,0.639379,0.5208659999999999,23.66
1787114060,0.635817,0.5181246,23.69
1787114070,0.637598,0.5199522,23.69
1787114080,0.639379,0.5217798,23.7
1787114090,0.632255,0.516297,23.7
1787114100,0.637598,0.5199522,23.7
1787114110,0.637598,0.5199522,23.7
1787114120,0.637598,0.5190384,23.67
1787114130,0.634036,0.5172108,23.72
1787114140,0.632255,0.5153832,23.7
1787114150,0.621569,0.507159,23.7
1787114160,0.6286930000000001,0.5126418,23.7
1787114170,0.6286930000000001,0.5135556,23.72
1787114180,0.630474,0.5153832,23.72
1787114190,0.630474,0.5144694,23.67
1787114200,0.630474,0.5144694,23.72
1787114210,0.632255,0.5153832,23.7
1787114220,0.635817,0.5181246,23.69
1787114230,0.632255,0.516297,23.7
1787114240,0.634036,0.516297,23.7
1787114250,0.635817,0.5181246,23.69
1787114260,0.626912,0.5108142,23.67
1787114270,0.626912,0.511728,23.7
1787114280,0.632255,0.516297,23.7
1787114290,0.630474,0.5135556,23.7
1787114300,0.6286930000000001,0.511728,23.7
1787114310,0.62335,0.5080728,23.72
1787114320,0.632255,0.5144694,23.67
1787114330,0.635817,0.5190384,23.67
1787114340,0.625131,0.5099004,23.69
1787114350,0.6286930000000001,0.5126418,23.7
1787114360,0.625131,0.5099004,23.67
1787114370,0.630474,0.5144694,23.69
1787114380,0.6286930000000001,0.5126418,23.67
1787114390,0.635817,0.5190384,23.7
1787114400,0.630474,0.5144694,23.69
1787114410,0.626912,0.5108142,23.69
1787114420,0.62335,0.5080728,23.69
1787114430,0.6286930000000001,0.5135556,23.7
1787114440,0.626912,0.5108142,23.67
1787114450,0.618007,0.5035038,23.69
1787114460,0.626912,0.511728,23.69
1787114470,0.625131,0.5099004,23.69
1787114480,0.626912,0.511728,23.69
1787114490,0.626912,0.5108142,23.69
1787114500,0.619788,0.5053314,23.7
1787114510,0.625131,0.5089866,23.7
1787114520,0.626912,0.511728,23.69
1787114530,0.626912,0.5108142,23.7
1787114540,0.621569,0.5062452,23.69
1787114550,0.626912,0.5108142,23.69
1787114560,0.618007,0.5035038,23.7
1787114570,0.625131,0.5089866,23.69
1787114580,0.630474,0.5135556,23.7
1787114590,0.621569,0.5062452,23.67
1787114600,0.625131,0.5099004,23.67
1787114610,0.6286930000000001,0.511728,23.69
1787114620,0.632255,0.5144694,23.69
1787114630,0.621569,0.5062452,23.66
1787114640,0.618007,0.5035038,23.67
1787114650,0.625131,0.5089866,23.69
1787114660,0.619788,0.5062452,23.7
1787114670,0.621569,0.507159,23.67
1787114680,0.62335,0.5089866,23.7
1787114690,0.621569,0.5062452,23.7
1787114700,0.626912,0.5108142,23.69
1787114710,0.616226,0.5016762,23.7
1787114720,0.618007,0.50259,23.73
1787114730,0.626912,0.5108142,23.69
1787114740,0.616226,0.5016762,23.69
1787114750,0.619788,0.5053314,23.69
1787114760,0.62335,0.507159,23.7
1787114770,0.619788,0.5044176,23.7
1787114780,0.618007,0.5035038,23.67
1787114790,0.616226,0.50259,23.7
1787114800,0.614445,0.5007623999999999,23.72
1787114810,0.616226,0.5016762,23.72
1787114820,0.618007,0.5035038,23.69
1787114830,0.625131,0.5089866,23.72
1787114840,0.618007,0.5035038,23.7
1787114850,0.616226,0.5016762,23.72
1787114860,0.616226,0.50259,23.72
1787114870,0.614445,0.5016762,23.72
1787114880,0.616226,0.5016762,23.7
1787114890,0.619788,0.5044176,23.72
1787114900,0.619788,0.5044176,23.72
1787114910,0.619788,0.5044176,23.69
1787114920,0.616226,0.50259,23.7
1787114930,0.612664,0.4989348,23.72
1787114940,0.614445,0.5007623999999999,23.72
1787114950,0.6108830000000001,0.498021,23.69
1787114960,0.6108830000000001,0.498021,23.73
1787114970,0.60554,0.493452,23.72
1787114980,0.6108830000000001,0.49710719999999997,23.7
1787114990,0.6108830000000001,0.498021,23.72
1787115000,0.614445,0.5007623999999999,23.69
1787115010,0.616226,0.5016762,23.69
1787115020,0.612664,0.4989348,23.7
1787115030,0.612664,0.4989348,23.7
1787115040,0.6108830000000001,0.498021,23.7
1787115050,0.603759,0.4916244,23.67
1787115060,0.607321,0.49436579999999997,23.7
1787115070,0.607321,0.49436579999999997,23.69
1787115080,0.607321,0.4952796,23.69
1787115090,0.60554,0.493452,23.7
1787115100,0.607321,0.49436579999999997,23.69
1787115110,0.6108830000000001,0.49710719999999997,23.69
1787115120,0.601978,0.4907106,23.67
1787115130,0.607321,0.493452,23.69
1787115140,0.609102,0.4952796,23.69
1787115150,0.612664,0.4989348,23.66
1787115160,0.600197,0.4879692,23.69
1787115170,0.607321,0.4952796,23.69
1787115180,0.60554,0.493452,23.67
1787115190,0.600197,0.488883,23.66
1787115200,0.609102,0.49710719999999997,23.67
1787115210,0.614445,0.5007623999999999,23.69
1787115220,0.607321,0.4952796,23.67
1787115230,0.60554,0.493452,23.67
1787115240,0.60554,0.4925382,23.67
1787115250,0.609102,0.49710719999999997,23.69
1787115260,0.607321,0.4952796,23.69
1787115270,0.603759,0.4916244,23.64
1787115280,0.6108830000000001,0.49710719999999997,23.69
1787115290,0.607321,0.4952796,23.66
1787115300,0.603759,0.4916244,23.66
1787115310,0.607321,0.49436579999999997,23.69
1787115320,0.607321,0.49436579999999997,23.69
1787115330,0.607321,0.4952796,23.66
1787115340,0.6108830000000001,0.498021,23.69
1787115350,0.5984160000000001,0.48705539999999997,23.69
1787115360,0.60554,0.493452,23.67
1787115370,0.607321,0.49436579999999997,23.66
1787115380,0.609102,0.4961934,23.69
1787115390,0.60554,0.493452,23.67
1787115400,0.607321,0.493452,23.69
1787115410,0.607321,0.4952796,23.69
1787115420,0.609102,0.4952796,23.7
1787115430,0.607321,0.4952796,23.67
1787115440,0.60554,0.4925382,23.72
1787115450,0.601978,0.4907106,23.69
1787115460,0.600197,0.488883,23.69
1787115470,0.600197,0.4879692,23.7
1787115480,0.607321,0.4952796,23.7
1787115490,0.5984160000000001,0.4879692,23.69
1787115500,0.601978,0.4907106,23.7
1787115510,0.603759,0.4916244,23.69
1787115520,0.5984160000000001,0.48705539999999997,23.69
1787115530,0.601978,0.4907106,23.67
1787115540,0.600197,0.4879692,23.67
1787115550,0.600197,0.488883,23.67
1787115560,0.594854,0.48431399999999997,23.69
1787115570,0.600197,0.4879692,23.67
1787115580,0.594854,0.4834002,23.67
1787115590,0.594854,0.48431399999999997,23.7
1787115600,0.594854,0.4834002,23.66
1787115610,0.593073,0.4815726,23.66
1787115620,0.596635,0.4861416,23.66
1787115630,0.596635,0.4852278,23.69
1787115640,0.594854,0.48431399999999997,23.69
1787115650,0.596635,0.4861416,23.66
1787115660,0.5984160000000001,0.4861416,23.64
1787115670,0.600197,0.4879692,23.66
1787115680,0.596635,0.4852278,23.66
1787115690,0.600197,0.4879692,23.67
1787115700,0.594854,0.48431399999999997,23.66
1787115710,0.593073,0.4824864,23.64
1787115720,0.594854,0.4834002,23.67
1787115730,0.596635,0.4852278,23.66
1787115740,0.593073,0.4824864,23.64
1787115750,0.593073,0.4824864,23.66
1787115760,0.593073,0.4834002,23.67
1787115770,0.58773,0.4788312,23.66
1787115780,0.593073,0.4824864,23.66
1787115790,0.585949,0.4760898,23.66
1787115800,0.593073,0.4824864,23.63
1787115810,0.58773,0.4779174,23.67
1787115820,0.589511,0.479745,23.67
1787115830,0.585949,0.47700359999999997,23.66
1787115840,0.591292,0.4815726,23.67
1787115850,0.589511,0.4806588,23.69
1787115860,0.58773,0.4788312,23.67
1787115870,0.589511,0.4806588,23.66
1787115880,0.5984160000000001,0.4879692,23.69
1787115890,0.593073,0.4824864,23.66
1787115900,0.591292,0.4806588,23.66
1787115910,0.596635,0.4852278,23.69
1787115920,0.594854,0.4834002,23.69
1787115930,0.591292,0.4806588,23.67
1787115940,0.594854,0.48431399999999997,23.66
1787115950,0.58773,0.4779174,23.67
1787115960,0.596635,0.4852278,23.66
1787115970,0.593073,0.4824864,23.69
1787115980,0.589511,0.479745,23.69
1787115990,0.596635,0.4852278,23.67
1787116000,0.594854,0.48431399999999997,23.67
1787116010,0.589511,0.479745,23.7
1787116020,0.593073,0.4824864,23.69
1787116030,0.594854,0.48431399999999997,23.67
1787116040,0.591292,0.4806588,23.66
1787116050,0.589511,0.4806588,23.64
1787116060,0.58773,0.4779174,23.66
1787116070,0.589511,0.479745,23.67
1787116080,0.58773,0.4779174,23.66
1787116090,0.591292,0.4815726,23.66
1787116100,0.591292,0.4815726,23.69
1787116110,0.58773,0.4788312,23.67
1787116120,0.589511,0.4788312,23.67
1787116130,0.591292,0.4815726,23.66
1787116140,0.584168,0.475176,23.67
1787116150,0.589511,0.4806588,23.69
1787116160,0.591292,0.4815726,23.67
1787116170,0.58773,0.4788312,23.67
1787116180,0.591292,0.4815726,23.67
1787116190,0.58773,0.4779174,23.69
1787116200,0.589511,0.479745,23.67
1787116210,0.589511,0.4788312,23.66
1787116220,0.591292,0.4806588,23.69
1787116230,0.589511,0.479745,23.67
1787116240,0.585949,0.47700359999999997,23.67
1787116250,0.589511,0.479745,23.69
1787116260,0.58773,0.4788312,23.64
1787116270,0.584168,0.4760898,23.69
1787116280,0.580606,0.4724346,23.64
1787116290,0.585949,0.47700359999999997,23.69
1787116300,0.585949,0.47700359999999997,23.7
1787116310,0.582387,0.47426219999999997,23.67
1787116320,0.589511,0.479745,23.67
1787116330,0.582387,0.4733484,23.7
1787116340,0.585949,0.47700359999999997,23.67
1787116350,0.585949,0.47700359999999997,23.66
1787116360,0.580606,0.4724346,23.7
1787116370,0.589511,0.479745,23.7
1787116380,0.58773,0.4788312,23.67
1787116390,0.58773,0.4788312,23.69
1787116400,0.589511,0.479745,23.69
1787116410,0.584168,0.4760898,23.69
1787116420,0.585949,0.47700359999999997,23.7
1787116430,0.585949,0.47700359999999997,23.67
1787116440,0.585949,0.47700359999999997,23.69
1787116450,0.58773,0.4779174,23.67
1787116460,0.589511,0.479745,23.69
1787116470,0.58773,0.4779174,23.66
1787116480,0.589511,0.479745,23.69
1787116490,0.585949,0.4760898,23.67
1787116500,0.585949,0.4760898,23.69
1787116510,0.585949,0.47700359999999997,23.67
1787116520,0.582387,0.4733484,23.67
1787116530,0.582387,0.47426219999999997,23.67
1787116540,0.578825,0.4715208,23.69
1787116550,0.58773,0.4779174,23.69
1787116560,0.582387,0.47426219999999997,23.66
1787116570,0.582387,0.4733484,23.67
1787116580,0.584168,0.475176,23.66
1787116590,0.580606,0.4724346,23.66
1787116600,0.578825,0.470607,23.66
1787116610,0.582387,0.4733484,23.66
1787116620,0.582387,0.47426219999999997,23.67
1787116630,0.580606,0.4724346,23.66
1787116640,0.578825,0.470607,23.67
1787116650,0.575263,0.4678656,23.67
1787116660,0.585949,0.4760898,23.64
1787116670,0.584168,0.47426219999999997,23.64
1787116680,0.577044,0.4696932,23.66
1787116690,0.578825,0.470607,23.66
1787116700,0.577044,0.4687794,23.66
1787116710,0.580606,0.4724346,23.66
1787116720,0.582387,0.4733484,23.63
1787116730,0.578825,0.470607,23.66
1787116740,0.573482,0.4651242,23.69
1787116750,0.584168,0.475176,23.67
1787116760,0.580606,0.4724346,23.66
1787116770,0.573482,0.466038,23.67
1787116780,0.582387,0.4733484,23.66
1787116790,0.580606,0.4724346,23.64
1787116800,0.578825,0.470607,23.66
1787116810,0.580606,0.4715208,23.64
1787116820,0.584168,0.475176,23.63
1787116830,0.584168,0.475176,23.63
1787116840,0.582387,0.47426219999999997,23.63
1787116850,0.582387,0.4733484,23.63
1787116860,0.580606,0.4715208,23.6
1787116870,0.585949,0.4760898,23.63
1787116880,0.580606,0.4715208,23.63
1787116890,0.578825,0.470607,23.64
1787116900,0.580606,0.4715208,23.62
1787116910,0.584168,0.47426219999999997,23.64
1787116920,0.578825,0.4696932,23.66
1787116930,0.580606,0.4715208,23.64
1787116940,0.577044,0.4687794,23.64
1787116950,0.577044,0.4696932,23.66
1787116960,0.577044,0.4687794,23.64
1787116970,0.580606,0.4715208,23.62
1787116980,0.580606,0.4724346,23.63
1787116990,0.580606,0.4715208,23.64
1787117000,0.578825,0.470607,23.64
1787117010,0.577044,0.4696932,23.63
1787117020,0.575263,0.4669518,23.66
1787117030,0.575263,0.4678656,23.66
1787117040,0.575263,0.4669518,23.66
1787117050,0.575263,0.4678656,23.66
1787117060,0.571701,0.46421039999999997,23.66
1787117070,0.575263,0.4678656,23.63
1787117080,0.571701,0.46421039999999997,23.66
1787117090,0.575263,0.4678656,23.66
1787117100,0.578825,0.470607,23.64
1787117110,0.577044,0.4687794,23.66
1787117120,0.575263,0.4669518,23.66
1787117130,0.575263,0.4678656,23.67
1787117140,0.575263,0.4678656,23.64
1787117150,0.575263,0.4678656,23.66
1787117160,0.575263,0.4669518,23.64
1787117170,0.578825,0.470607,23.64
1787117180,0.578825,0.470607,23.64
1787117190,0.578825,0.470607,23.63
1787117200,0.575263,0.4678656,23.64
1787117210,0.575263,0.4678656,23.64
1787117220,0.577044,0.4687794,23.64
1787117230,0.578825,0.470607,23.64
1787117240,0.580606,0.4715208,23.66
1787117250,0.577044,0.4696932,23.64
1787117260,0.578825,0.4715208,23.64
1787117270,0.577044,0.4696932,23.66
1787117280,0.571701,0.4651242,23.66
1787117290,0.577044,0.4687794,23.64
1787117300,0.578825,0.470607,23.66
1787117310,0.577044,0.4696932,23.66
1787117320,0.580606,0.4724346,23.66
1787117330,0.575263,0.4678656,23.67
1787117340,0.577044,0.4696932,23.67
1787117350,0.578825,0.470607,23.66
1787117360,0.575263,0.4678656,23.64
1787117370,0.578825,0.4715208,23.67
1787117380,0.577044,0.4696932,23.64
1787117390,0.577044,0.4687794,23.66
1787117400,0.573482,0.4669518,23.63
1787117410,0.575263,0.4678656,23.67
1787117420,0.577044,0.4687794,23.66
1787117430,0.577044,0.4687794,23.66
1787117440,0.577044,0.4687794,23.64
1787117450,0.575263,0.4678656,23.66
1787117460,0.577044,0.4696932,23.66
1787117470,0.578825,0.4696932,23.64
1787117480,0.580606,0.4724346,23.63
1787117490,0.577044,0.4696932,23.66
1787117500,0.577044,0.4687794,23.66
1787117510,0.577044,0.4687794,23.64
1787117520,0.575263,0.4669518,23.66
1787117530,0.575263,0.4678656,23.67
1787117540,0.577044,0.4687794,23.63
1787117550,0.577044,0.4696932,23.66
1787117560,0.577044,0.4687794,23.66
1787117570,0.571701,0.46421039999999997,23.64
1787117580,0.577044,0.4687794,23.67
1787117590,0.573482,0.466038,23.67
1787117600,0.577044,0.4687794,23.67
1787117610,0.578825,0.470607,23.66
1787117620,0.575263,0.4678656,23.66
1787117630,0.577044,0.4687794,23.64
1787117640,0.580606,0.4715208,23.69
1787117650,0.571701,0.46421039999999997,23.64
1787117660,0.573482,0.4669518,23.67
1787117670,0.577044,0.4696932,23.64
1787117680,0.571701,0.4651242,23.66
1787117690,0.577044,0.4696932,23.66
1787117700,0.573482,0.4651242,23.66
1787117710,0.573482,0.4669518,23.64
1787117720,0.573482,0.4669518,23.63
1787117730,0.575263,0.4678656,23.63
1787117740,0.577044,0.4696932,23.67
1787117750,0.575263,0.4678656,23.66
1787117760,0.571701,0.46421039999999997,23.66
1787117770,0.577044,0.4687794,23.69
1787117780,0.575263,0.4678656,23.66
1787117790,0.573482,0.4651242,23.67
1787117800,0.571701,0.46421039999999997,23.66
1787117810,0.577044,0.4687794,23.66
1787117820,0.571701,0.46421039999999997,23.66
1787117830,0.577044,0.4687794,23.63
1787117840,0.577044,0.4696932,23.66
1787117850,0.573482,0.466038,23.66
1787117860,0.577044,0.4687794,23.67
1787117870,0.575263,0.4687794,23.66
1787117880,0.580606,0.4724346,23.66
1787117890,0.573482,0.466038,23.66
1787117900,0.573482,0.466038,23.66
1787117910,0.571701,0.4651242,23.67
1787117920,0.573482,0.466038,23.63
1787117930,0.577044,0.4687794,23.67
1787117940,0.573482,0.4669518,23.67
1787117950,0.571701,0.46421039999999997,23.67
1787117960,0.573482,0.466038,23.67
1787117970,0.577044,0.4687794,23.67
1787117980,0.577044,0.4687794,23.63
1787117990,0.571701,0.4651242,23.64
1787118000,0.571701,0.46421039999999997,23.63
1787118010,0.571701,0.46421039999999997,23.62
1787118020,0.575263,0.4669518,23.64
1787118030,0.56992,0.4623828,23.66
1787118040,0.577044,0.4696932,23.63
1787118050,0.573482,0.466038,23.63
1787118060,0.575263,0.4669518,23.66
1787118070,0.575263,0.4678656,23.64
1787118080,0.573482,0.466038,23.66
1787118090,0.575263,0.4678656,23.66
1787118100,0.571701,0.46421039999999997,23.64
1787118110,0.571701,0.4651242,23.62
1787118120,0.573482,0.466038,23.64
1787118130,0.571701,0.46421039999999997,23.63
1787118140,0.575263,0.4669518,23.64
1787118150,0.575263,0.4669518,23.64
1787118160,0.573482,0.4651242,23.62
1787118170,0.577044,0.4687794,23.63
1787118180,0.573482,0.4651242,23.64
1787118190,0.56992,0.4632966,23.64
1787118200,0.575263,0.4678656,23.66
1787118210,0.578825,0.4696932,23.64
1787118220,0.575263,0.4669518,23.63
1787118230,0.573482,0.466038,23.64
1787118240,0.573482,0.4651242,23.64
1787118250,0.575263,0.4669518,23.63
1787118260,0.573482,0.466038,23.64
1787118270,0.573482,0.466038,23.63
1787118280,0.575263,0.4678656,23.64
1787118290,0.573482,0.466038,23.63
1787118300,0.577044,0.4696932,23.64
1787118310,0.573482,0.466038,23.64
1787118320,0.577044,0.4696932,23.66
1787118330,0.573482,0.4669518,23.66
1787118340,0.575263,0.4669518,23.62
1787118350,0.578825,0.4696932,23.67
1787118360,0.575263,0.4678656,23.64
1787118370,0.578825,0.470607,23.64
1787118380,0.577044,0.4696932,23.64
1787118390,0.580606,0.4715208,23.64
1787118400,0.573482,0.466038,23.66
1787118410,0.575263,0.4678656,23.64
1787118420,0.580606,0.4715208,23.63
1787118430,0.580606,0.4724346,23.64
1787118440,0.577044,0.4678656,23.64
1787118450,0.577044,0.4696932,23.63
1787118460,0.577044,0.4687794,23.64
1787118470,0.578825,0.4696932,23.64
1787118480,0.575263,0.4669518,23.64
1787118490,0.577044,0.4687794,23.6
1787118500,0.578825,0.470607,23.63
1787118510,0.575263,0.4678656,23.62
1787118520,0.56992,0.46421039999999997,23.64
1787118530,0.571701,0.46421039999999997,23.64
1787118540,0.575263,0.4678656,23.63
1787118550,0.577044,0.4687794,23.64
1787118560,0.577044,0.4687794,23.64
1787118570,0.575263,0.4678656,23.66
1787118580,0.577044,0.4678656,23.64
1787118590,0.575263,0.4669518,23.66
1787118600,0.573482,0.466038,23.64
1787118610,0.573482,0.466038,23.64
1787118620,0.577044,0.4696932,23.64
1787118630,0.577044,0.4687794,23.64
1787118640,0.571701,0.4651242,23.64
1787118650,0.577044,0.4687794,23.66
1787118660,0.575263,0.4678656,23.63
1787118670,0.573482,0.466038,23.64
1787118680,0.575263,0.4669518,23.63
1787118690,0.577044,0.4696932,23.63
1787118700,0.580606,0.4724346,23.64
1787118710,0.578825,0.470607,23.63
1787118720,0.577044,0.4696932,23.66
1787118730,0.580606,0.4724346,23.64
1787118740,0.575263,0.4678656,23.62
1787118750,0.580606,0.4724346,23.63
1787118760,0.577044,0.4687794,23.64
1787118770,0.578825,0.4715208,23.64
1787118780,0.580606,0.4724346,23.66
1787118790,0.578825,0.470607,23.64
1787118800,0.573482,0.466038,23.64
1787118810,0.582387,0.4733484,23.63
1787118820,0.582387,0.47426219999999997,23.63
1787118830,0.582387,0.47426219999999997,23.67
1787118840,0.580606,0.4715208,23.66
1787118850,0.580606,0.4715208,23.66
1787118860,0.584168,0.47426219999999997,23.67
1787118870,0.580606,0.4724346,23.64
1787118880,0.584168,0.4760898,23.66
1787118890,0.584168,0.475176,23.67
1787118900,0.584168,0.47426219999999997,23.66
1787118910,0.584168,0.47426219999999997,23.64
1787118920,0.584168,0.47426219999999997,23.64
1787118930,0.585949,0.4760898,23.66
1787118940,0.582387,0.4733484,23.66
1787118950,0.585949,0.4760898,23.66
1787118960,0.580606,0.4715208,23.64
1787118970,0.582387,0.4733484,23.66
1787118980,0.580606,0.4724346,23.63
1787118990,0.585949,0.4760898,23.64
1787119000,0.578825,0.4715208,23.69
1787119010,0.585949,0.4760898,23.64
1787119020,0.58773,0.47700359999999997,23.64
1787119030,0.585949,0.4760898,23.64
1787119040,0.585949,0.4760898,23.63
1787119050,0.582387,0.4733484,23.64
1787119060,0.578825,0.4715208,23.64
1787119070,0.582387,0.4733484,23.63
1787119080,0.580606,0.4724346,23.64
1787119090,0.582387,0.4733484,23.63
1787119100,0.584168,0.475176,23.64
1787119110,0.582387,0.4733484,23.64
1787119120,0.578825,0.470607,23.62
1787119130,0.584168,0.47426219999999997,23.66
1787119140,0.578825,0.470607,23.6
1787119150,0.58773,0.4779174,23.63
1787119160,0.580606,0.4715208,23.66
1787119170,0.580606,0.4715208,23.64
1787119180,0.585949,0.4760898,23.62
1787119190,0.584168,0.4760898,23.62
1787119200,0.584168,0.4760898,23.64
1787119210,0.578825,0.470607,23.63
1787119220,0.584168,0.475176,23.62
1787119230,0.584168,0.4760898,23.62
1787119240,0.589511,0.4788312,23.64
1787119250,0.585949,0.4760898,23.62
1787119260,0.580606,0.4724346,23.62
1787119270,0.58773,0.4779174,23.63
1787119280,0.591292,0.4815726,23.62
1787119290,0.589511,0.4788312,23.63
1787119300,0.585949,0.4760898,23.64
1787119310,0.58773,0.4779174,23.63
1787119320,0.584168,0.47426219999999997,23.64
1787119330,0.582387,0.47426219999999997,23.63
1787119340,0.584168,0.4760898,23.62
1787119350,0.584168,0.47426219999999997,23.62
1787119360,0.585949,0.4760898,23.64
1787119370,0.585949,0.47700359999999997,23.63
1787119380,0.582387,0.4724346,23.6
1787119390,0.584168,0.47426219999999997,23.6
1787119400,0.585949,0.4760898,23.63
1787119410,0.585949,0.4760898,23.63
1787119420,0.584168,0.47426219999999997,23.62
1787119430,0.585949,0.4760898,23.63
1787119440,0.585949,0.4760898,23.6
1787119450,0.580606,0.4715208,23.63
1787119460,0.582387,0.4733484,23.64
1787119470,0.58773,0.4779174,23.63
1787119480,0.585949,0.4760898,23.6
1787119490,0.589511,0.4788312,23.64
1787119500,0.585949,0.4760898,23.63
1787119510,0.580606,0.4715208,23.62
1787119520,0.58773,0.4779174,23.63
1787119530,0.58773,0.4779174,23.62
1787119540,0.58773,0.4779174,23.63
1787119550,0.5984160000000001,0.4861416,23.63
1787119560,0.585949,0.4760898,23.63
1787119570,0.593073,0.4815726,23.63
1787119580,0.58773,0.4788312,23.63
1787119590,0.596635,0.4852278,23.62
1787119600,0.591292,0.4806588,23.62
1787119610,0.589511,0.4806588,23.63
1787119620,0.591292,0.4806588,23.62
1787119630,0.591292,0.4806588,23.62
1787119640,0.593073,0.4815726,23.62
1787119650,0.593073,0.4824864,23.6
1787119660,0.589511,0.479745,23.6
1787119670,0.593073,0.4824864,23.63
1787119680,0.591292,0.4815726,23.62
1787119690,0.591292,0.4815726,23.63
1787119700,0.58773,0.4788312,23.6
1787119710,0.596635,0.4861416,23.62
1787119720,0.58773,0.4779174,23.63
1787119730,0.589511,0.4788312,23.6
1787119740,0.589511,0.479745,23.64
1787119750,0.594854,0.48431399999999997,23.63
1787119760,0.585949,0.4760898,23.63
1787119770,0.593073,0.4824864,23.63
1787119780,0.593073,0.4824864,23.6
1787119790,0.596635,0.4861416,23.62
1787119800,0.594854,0.48431399999999997,23.6
1787119810,0.596635,0.48431399999999997,23.62
1787119820,0.593073,0.4834002,23.62
1787119830,0.594854,0.48431399999999997,23.62
1787119840,0.591292,0.4815726,23.6
1787119850,0.589511,0.4788312,23.59
1787119860,0.593073,0.4824864,23.63
1787119870,0.593073,0.4815726,23.59
1787119880,0.5984160000000001,0.4861416,23.6
1787119890,0.5984160000000001,0.48705539999999997,23.59
1787119900,0.5984160000000001,0.48705539999999997,23.59
1787119910,0.593073,0.4824864,23.62
1787119920,0.589511,0.479745,23.6
1787119930,0.591292,0.4815726,23.59
1787119940,0.594854,0.4834002,23.6
1787119950,0.5984160000000001,0.48705539999999997,23.6
1787119960,0.594854,0.48431399999999997,23.6
1787119970,0.5984160000000001,0.4861416,23.6
1787119980,0.594854,0.48431399999999997,23.6
1787119990,0.596635,0.4861416,23.62
1787120000,0.596635,0.48431399999999997,23.6
1787120010,0.5984160000000001,0.48705539999999997,23.59
1787120020,0.596635,0.48431399999999997,23.6
1787120030,0.593073,0.4824864,23.63
1787120040,0.596635,0.4852278,23.62
1787120050,0.593073,0.4824864,23.6
1787120060,0.594854,0.48431399999999997,23.62
1787120070,0.594854,0.4834002,23.62
1787120080,0.594854,0.4824864,23.62
1787120090,0.593073,0.4824864,23.6
1787120100,0.591292,0.4815726,23.6
1787120110,0.5984160000000001,0.48705539999999997,23.6
1787120120,0.5984160000000001,0.48705539999999997,23.59
1787120130,0.609102,0.4961934,23.6
1787120140,0.594854,0.48431399999999997,23.62
1787120150,0.593073,0.4815726,23.6
1787120160,0.596635,0.4852278,23.62
1787120170,0.596635,0.4852278,23.59
1787120180,0.594854,0.4834002,23.62
1787120190,0.600197,0.488883,23.62
1787120200,0.5984160000000001,0.4879692,23.6
1787120210,0.596635,0.4852278,23.62
1787120220,0.594854,0.4834002,23.62
1787120230,0.594854,0.48431399999999997,23.6
1787120240,0.600197,0.4879692,23.62
1787120250,0.585949,0.47700359999999997,23.6
1787120260,0.594854,0.4834002,23.59
1787120270,0.5984160000000001,0.4861416,23.62
1787120280,0.5984160000000001,0.48705539999999997,23.62
1787120290,0.594854,0.48431399999999997,23.63
1787120300,0.596635,0.4852278,23.62
1787120310,0.593073,0.4824864,23.6
1787120320,0.594854,0.4834002,23.62
1787120330,0.600197,0.4879692,23.62
1787120340,0.600197,0.4879692,23.62
1787120350,0.5984160000000001,0.48705539999999997,23.6
1787120360,0.5984160000000001,0.4879692,23.62
1787120370,0.600197,0.4879692,23.63
1787120380,0.601978,0.4897968,23.62
1787120390,0.60554,0.4925382,23.63
1787120400,0.607321,0.49436579999999997,23.6
1787120410,0.609102,0.4952796,23.62
1787120420,0.601978,0.4897968,23.64
1787120430,0.60554,0.4925382,23.63
1787120440,0.594854,0.48431399999999997,23.62
1787120450,0.600197,0.4879692,23.62
1787120460,0.60554,0.493452,23.62
1787120470,0.5984160000000001,0.48705539999999997,23.62
1787120480,0.600197,0.488883,23.62
1787120490,0.607321,0.49436579999999997,23.6
1787120500,0.6108830000000001,0.498021,23.6
1787120510,0.609102,0.4952796,23.62
1787120520,0.600197,0.488883,23.6
1787120530,0.603759,0.4907106,23.6
1787120540,0.607321,0.49436579999999997,23.62
1787120550,0.603759,0.4916244,23.59
1787120560,0.60554,0.493452,23.59
1787120570,0.601978,0.4897968,23.59
1787120580,0.603759,0.4916244,23.63
1787120590,0.607321,0.49436579999999997,23.62
1787120600,0.603759,0.4907106,23.6
1787120610,0.607321,0.4952796,23.6
1787120620,0.607321,0.49436579999999997,23.6
1787120630,0.600197,0.4879692,23.62
1787120640,0.609102,0.4961934,23.63
1787120650,0.603759,0.4916244,23.62
1787120660,0.60554,0.493452,23.63
1787120670,0.612664,0.4989348,23.6
1787120680,0.603759,0.4916244,23.62
1787120690,0.612664,0.4989348,23.6
1787120700,0.609102,0.4961934,23.63
1787120710,0.603759,0.4907106,23.64
1787120720,0.6108830000000001,0.498021,23.63
1787120730,0.6108830000000001,0.498021,23.63
1787120740,0.607321,0.49436579999999997,23.62
1787120750,0.607321,0.49436579999999997,23.6
1787120760,0.607321,0.493452,23.6
1787120770,0.60554,0.493452,23.62
1787120780,0.607321,0.49436579999999997,23.62
1787120790,0.6108830000000001,0.49710719999999997,23.59
1787120800,0.612664,0.498021,23.62
1787120810,0.607321,0.49436579999999997,23.63
1787120820,0.612664,0.4989348,23.59
1787120830,0.60554,0.4925382,23.62
1787120840,0.609102,0.4961934,23.63
1787120850,0.609102,0.4952796,23.62
1787120860,0.609102,0.4961934,23.6
1787120870,0.603759,0.4907106,23.62
1787120880,0.609102,0.4952796,23.62
1787120890,0.60554,0.4916244,23.62
1787120900,0.600197,0.4879692,23.57
1787120910,0.6108830000000001,0.4961934,23.59
1787120920,0.601978,0.4907106,23.6
1787120930,0.609102,0.4952796,23.62
1787120940,0.60554,0.4925382,23.6
1787120950,0.609102,0.4952796,23.62
1787120960,0.60554,0.4925382,23.62
1787120970,0.609102,0.4961934,23.6
1787120980,0.609102,0.4952796,23.6
1787120990,0.60554,0.493452,23.6
1787121000,0.612664,0.498021,23.6
1787121010,0.607321,0.493452,23.6
1787121020,0.612664,0.4989348,23.59
1787121030,0.6108830000000001,0.49710719999999997,23.59
1787121040,0.607321,0.49436579999999997,23.6
1787121050,0.609102,0.4952796,23.59
1787121060,0.614445,0.4998486,23.57
1787121070,0.607321,0.49436579999999997,23.6
1787121080,0.612664,0.4989348,23.6
1787121090,0.603759,0.4907106,23.59
1787121100,0.616226,0.50259,23.6
1787121110,0.609102,0.4961934,23.59
1787121120,0.621569,0.507159,23.62
1787121130,0.619788,0.5044176,23.62
1787121140,0.626912,0.5108142,23.62
1787121150,0.618007,0.50259,23.63
1787121160,0.619788,0.5044176,23.62
1787121170,0.609102,0.4952796,23.63
1787121180,0.614445,0.5007623999999999,23.6
1787121190,0.614445,0.5007623999999999,23.62
1787121200,0.6108830000000001,0.498021,23.63
1787121210,0.616226,0.50259,23.62
1787121220,0.614445,0.4998486,23.64
1787121230,0.6108830000000001,0.49710719999999997,23.63
1787121240,0.612664,0.4989348,23.62
1787121250,0.614445,0.4998486,23.6
1787121260,0.609102,0.4961934,23.62
1787121270,0.601978,0.4907106,23.64
1787121280,0.609102,0.4961934,23.62
1787121290,0.612664,0.4989348,23.63
1787121300,0.6108830000000001,0.49710719999999997,23.6
1787121310,0.616226,0.50259,23.63
1787121320,0.607321,0.4952796,23.62
1787121330,0.609102,0.4952796,23.63
1787121340,0.612664,0.4989348,23.64
1787121350,0.6108830000000001,0.498021,23.62
1787121360,0.616226,0.50259,23.64
1787121370,0.612664,0.4989348,23.63
1787121380,0.614445,0.5007623999999999,23.63
1787121390,0.612664,0.4989348,23.66
1787121400,0.614445,0.4998486,23.63
1787121410,0.619788,0.5053314,23.62
1787121420,0.612664,0.4989348,23.64
1787121430,0.609102,0.4961934,23.64
1787121440,0.619788,0.5053314,23.63
1787121450,0.62335,0.507159,23.64
1787121460,0.619788,0.5053314,23.63
1787121470,0.619788,0.5053314,23.64
1787121480,0.618007,0.5044176,23.64
1787121490,0.625131,0.5089866,23.63
1787121500,0.62335,0.5089866,23.66
1787121510,0.621569,0.5062452,23.64
1787121520,0.616226,0.50259,23.63
1787121530,0.612664,0.4998486,23.64
1787121540,0.619788,0.5053314,23.66
1787121550,0.616226,0.50259,23.66
1787121560,0.616226,0.5016762,23.66
1787121570,0.62335,0.507159,23.63
1787121580,0.616226,0.50259,23.62
1787121590,0.616226,0.5016762,23.63
1787121600,0.612664,0.4989348,23.63
1787121610,0.618007,0.5035038,23.64
1787121620,0.62335,0.5080728,23.67
1787121630,0.619788,0.5053314,23.63
1787121640,0.62335,0.5080728,23.62
1787121650,0.621569,0.5062452,23.63
1787121660,0.618007,0.5035038,23.62
1787121670,0.621569,0.5062452,23.66
1787121680,0.618007,0.5044176,23.63
1787121690,0.621569,0.507159,23.67
1787121700,0.616226,0.5016762,23.63
1787121710,0.6108830000000001,0.49710719999999997,23.64
1787121720,0.612664,0.4989348,23.6
1787121730,0.616226,0.5016762,23.64
1787121740,0.60554,0.4925382,23.64
1787121750,0.614445,0.5007623999999999,23.63
1787121760,0.619788,0.5044176,23.64
1787121770,0.62335,0.507159,23.63
1787121780,0.616226,0.5016762,23.64
1787121790,0.6286930000000001,0.511728,23.62
1787121800,0.6286930000000001,0.5126418,23.63
1787121810,0.62335,0.5080728,23.63
1787121820,0.62335,0.5080728,23.62
1787121830,0.626912,0.5108142,23.66
1787121840,0.621569,0.5062452,23.63
1787121850,0.621569,0.5062452,23.64
1787121860,0.6286930000000001,0.5126418,23.59
1787121870,0.632255,0.5153832,23.63
1787121880,0.626912,0.5108142,23.63
1787121890,0.634036,0.5172108,23.64
1787121900,0.625131,0.5089866,23.64
1787121910,0.621569,0.507159,23.63
1787121920,0.625131,0.5089866,23.63
1787121930,0.626912,0.5108142,23.63
1787121940,0.6286930000000001,0.511728,23.63
1787121950,0.630474,0.5135556,23.63
1787121960,0.625131,0.5099004,23.64
1787121970,0.625131,0.5099004,23.64
1787121980,0.626912,0.5099004,23.66
1787121990,0.6286930000000001,0.5126418,23.63
1787122000,0.62335,0.5080728,23.66
1787122010,0.626912,0.5108142,23.64
1787122020,0.62335,0.5080728,23.62
1787122030,0.626912,0.5108142,23.64
1787122040,0.625131,0.5099004,23.64
1787122050,0.632255,0.5153832,23.63
1787122060,0.6286930000000001,0.5126418,23.62
1787122070,0.630474,0.5144694,23.63
1787122080,0.632255,0.5153832,23.63
1787122090,0.637598,0.5199522,23.62
1787122100,0.632255,0.5153832,23.62
1787122110,0.62335,0.5080728,23.63
1787122120,0.621569,0.5062452,23.59
1787122130,0.637598,0.5199522,23.63
1787122140,0.637598,0.5199522,23.62
1787122150,0.632255,0.5153832,23.63
1787122160,0.626912,0.5099004,23.63
1787122170,0.626912,0.5108142,23.63
1787122180,0.634036,0.5172108,23.62
1787122190,0.639379,0.5217798,23.62
1787122200,0.635817,0.5181246,23.63
1787122210,0.634036,0.5172108,23.64
1787122220,0.635817,0.5181246,23.63
1787122230,0.630474,0.5144694,23.63
1787122240,0.626912,0.5108142,23.62
1787122250,0.626912,0.511728,23.6
1787122260,0.625131,0.5089866,23.63
1787122270,0.62335,0.507159,23.6
1787122280,0.621569,0.5062452,23.59
1787122290,0.621569,0.507159,23.57
1787122300,0.634036,0.5172108,23.62
1787122310,0.6286930000000001,0.5126418,23.63
1787122320,0.632255,0.5153832,23.62
1787122330,0.632255,0.5153832,23.6
1787122340,0.632255,0.5144694,23.6
1787122350,0.6286930000000001,0.511728,23.6
1787122360,0.634036,0.516297,23.6
1787122370,0.637598,0.5190384,23.59
1787122380,0.635817,0.5181246,23.62
1787122390,0.632255,0.5153832,23.57
1787122400,0.634036,0.5172108,23.59
1787122410,0.642941,0.5236074,23.6
1787122420,0.6411600000000001,0.5226936,23.62
1787122430,0.642941,0.5236074,23.59
1787122440,0.642941,0.5245212,23.59
1787122450,0.6411600000000001,0.5226936,23.6
1787122460,0.642941,0.5245212,23.6
1787122470,0.6411600000000001,0.5226936,23.6
1787122480,0.642941,0.5245212,23.59
1787122490,0.639379,0.5208659999999999,23.59
1787122500,0.637598,0.5199522,23.57
1787122510,0.6411600000000001,0.5236074,23.62
1787122520,0.632255,0.5153832,23.59
1787122530,0.632255,0.5153832,23.62
1787122540,0.637598,0.5190384,23.59
1787122550,0.632255,0.516297,23.59
1787122560,0.635817,0.5181246,23.62
1787122570,0.635817,0.5181246,23.6
1787122580,0.635817,0.5181246,23.6
1787122590,0.648284,0.5290902,23.6
1787122600,0.6411600000000001,0.5217798,23.6
1787122610,0.639379,0.5208659999999999,23.63
1787122620,0.6411600000000001,0.5236074,23.59
1787122630,0.635817,0.5190384,23.62
1787122640,0.642941,0.5245212,23.6
1787122650,0.639379,0.5217798,23.6
1787122660,0.635817,0.5181246,23.6
1787122670,0.644722,0.5263488,23.6
1787122680,0.644722,0.5263488,23.6
1787122690,0.6411600000000001,0.5217798,23.62
1787122700,0.637598,0.5199522,23.6
1787122710,0.646503,0.5272626,23.6
1787122720,0.644722,0.525435,23.59
1787122730,0.651846,0.5318316,23.57
1787122740,0.642941,0.5245212,23.6
1787122750,0.635817,0.5181246,23.62
1787122760,0.650065,0.5290902,23.63
1787122770,0.644722,0.525435,23.59
1787122780,0.646503,0.5272626,23.64
1787122790,0.642941,0.5236074,23.62
1787122800,0.639379,0.5217798,23.62
1787122810,0.653627,0.5327454,23.6
1787122820,0.648284,0.5281764,23.62
1787122830,0.639379,0.5217798,23.62
1787122840,0.644722,0.5263488,23.62
1787122850,0.646503,0.5272626,23.62
1787122860,0.646503,0.5272626,23.6
1787122870,0.648284,0.5290902,23.59
1787122880,0.648284,0.5281764,23.62
1787122890,0.6411600000000001,0.5226936,23.6
1787122900,0.639379,0.5217798,23.59
1787122910,0.635817,0.5181246,23.6
1787122920,0.639379,0.5208659999999999,23.62
1787122930,0.646503,0.5272626,23.6
1787122940,0.646503,0.5281764,23.6
1787122950,0.655408,0.534573,23.63
1787122960,0.646503,0.5272626,23.63
1787122970,0.644722,0.5263488,23.6
1787122980,0.651846,0.5318316,23.63
1787122990,0.651846,0.5327454,23.6
1787123000,0.644722,0.5263488,23.63
1787123010,0.650065,0.530004,23.62
1787123020,0.653627,0.5327454,23.62
1787123030,0.6589700000000001,0.5382282,23.6
1787123040,0.660751,0.539142,23.62
1787123050,0.651846,0.5327454,23.63
1787123060,0.651846,0.5309178,23.62
1787123070,0.655408,0.5354868,23.6
1787123080,0.651846,0.5318316,23.62
1787123090,0.653627,0.5327454,23.6
1787123100,0.664313,0.5418834,23.62
1787123110,0.660751,0.5400558,23.6
1787123120,0.653627,0.5327454,23.63
1787123130,0.664313,0.5418834,23.62
1787123140,0.657189,0.5364006,23.6
1787123150,0.657189,0.5373144,23.62
1787123160,0.660751,0.539142,23.6
1787123170,0.660751,0.5382282,23.59
1787123180,0.6589700000000001,0.5373144,23.62
1787123190,0.653627,0.5327454,23.62
1787123200,0.651846,0.5309178,23.63
1787123210,0.651846,0.5318316,23.63
1787123220,0.655408,0.5354868,23.6
1787123230,0.6589700000000001,0.5382282,23.62
1787123240,0.662532,0.5418834,23.6
1787123250,0.662532,0.5409695999999999,23.63
1787123260,0.664313,0.5418834,23.62
1787123270,0.660751,0.5400558,23.63
1787123280,0.655408,0.534573,23.64
1787123290,0.657189,0.5364006,23.62
1787123300,0.651846,0.5318316,23.64
1787123310,0.657189,0.5354868,23.62
1787123320,0.650065,0.530004,23.59
1787123330,0.651846,0.5318316,23.59
1787123340,0.660751,0.5382282,23.6
1787123350,0.655408,0.5336592,23.59
1787123360,0.6589700000000001,0.5373144,23.6
1787123370,0.6589700000000001,0.5382282,23.6
1787123380,0.662532,0.5409695999999999,23.6
1787123390,0.653627,0.5336592,23.62
1787123400,0.653627,0.5336592,23.59
1787123410,0.6589700000000001,0.5382282,23.59
1787123420,0.662532,0.5400558,23.59
1787123430,0.653627,0.5327454,23.6
1787123440,0.6589700000000001,0.5373144,23.6
1787123450,0.657189,0.5364006,23.59
1787123460,0.657189,0.5364006,23.6
1787123470,0.6589700000000001,0.5373144,23.59
1787123480,0.651846,0.5318316,23.59
1787123490,0.657189,0.5364006,23.57
1787123500,0.662532,0.5400558,23.6
1787123510,0.662532,0.5400558,23.59
1787123520,0.662532,0.5409695999999999,23.59
1787123530,0.664313,0.5427972,23.63
1787123540,0.664313,0.5418834,23.6
1787123550,0.6589700000000001,0.5373144,23.62
1787123560,0.6589700000000001,0.5382282,23.62
1787123570,0.6589700000000001,0.5373144,23.6
1787123580,0.6589700000000001,0.5382282,23.62
1787123590,0.664313,0.5418834,23.59
1787123600,0.655408,0.5354868,23.6
1787123610,0.657189,0.5354868,23.63
1787123620,0.655408,0.5354868,23.6
1787123630,0.6589700000000001,0.5373144,23.6
1787123640,0.662532,0.5400558,23.59
1787123650,0.657189,0.5354868,23.6
1787123660,0.662532,0.5409695999999999,23.59
1787123670,0.660751,0.539142,23.6
1787123680,0.660751,0.5400558,23.6
1787123690,0.660751,0.5382282,23.6
1787123700,0.669656,0.5473662,23.59
1787123710,0.6714370000000001,0.54828,23.6
1787123720,0.664313,0.5427972,23.59
1787123730,0.669656,0.5464524,23.59
1787123740,0.669656,0.5473662,23.59
1787123750,0.67678,0.5519352,23.57
1787123760,0.667875,0.5455386,23.59
1787123770,0.667875,0.5455386,23.62
1787123780,0.664313,0.5418834,23.62
1787123790,0.669656,0.5464524,23.59
1787123800,0.67678,0.552849,23.59
1787123810,0.666094,0.5437109999999999,23.6
1787123820,0.6714370000000001,0.5473662,23.6
1787123830,0.667875,0.5455386,23.59
1787123840,0.664313,0.5427972,23.59
1787123850,0.667875,0.5455386,23.6
1787123860,0.6714370000000001,0.54828,23.59
1787123870,0.6714370000000001,0.5473662,23.6
1787123880,0.664313,0.5427972,23.59
1787123890,0.667875,0.5455386,23.59
1787123900,0.664313,0.5427972,23.62
1787123910,0.678561,0.5537628,23.6
1787123920,0.667875,0.5455386,23.6
1787123930,0.6714370000000001,0.5473662,23.62
1787123940,0.669656,0.5473662,23.6
1787123950,0.6714370000000001,0.5473662,23.59
1787123960,0.667875,0.5446248,23.6
1787123970,0.6714370000000001,0.54828,23.59
1787123980,0.673218,0.5491938,23.56
1787123990,0.674999,0.5519352,23.6
1787124000,0.6714370000000001,0.54828,23.63
1787124010,0.67678,0.5519352,23.6
1787124020,0.6714370000000001,0.54828,23.57
1787124030,0.673218,0.5491938,23.62
1787124040,0.667875,0.5455386,23.59
1787124050,0.667875,0.5446248,23.56
1787124060,0.669656,0.5473662,23.57
1787124070,0.669656,0.5464524,23.59
1787124080,0.664313,0.5427972,23.59
1787124090,0.673218,0.5501076,23.57
1787124100,0.678561,0.5537628,23.57
1787124110,0.6714370000000001,0.54828,23.57
1787124120,0.666094,0.5446248,23.56
1787124130,0.6714370000000001,0.5473662,23.57
1787124140,0.6714370000000001,0.54828,23.57
1787124150,0.673218,0.5491938,23.59
1787124160,0.678561,0.552849,23.56
1787124170,0.67678,0.552849,23.59
1787124180,0.67678,0.552849,23.57
1787124190,0.680342,0.5555904,23.6
1787124200,0.6714370000000001,0.5491938,23.57
1787124210,0.673218,0.5491938,23.59
1787124220,0.67678,0.5519352,23.57
1787124230,0.6714370000000001,0.54828,23.57
1787124240,0.680342,0.5546766,23.59
1787124250,0.678561,0.5546766,23.56
1787124260,0.685685,0.5601594,23.57
1787124270,0.682123,0.557418,23.57
1787124280,0.685685,0.5601594,23.55
1787124290,0.682123,0.5565042,23.57
1787124300,0.682123,0.557418,23.56
1787124310,0.682123,0.557418,23.56
1787124320,0.680342,0.5555904,23.57
1787124330,0.692809,0.5656422,23.57
1787124340,0.680342,0.5546766,23.55
1787124350,0.691028,0.5638145999999999,23.57
1787124360,0.692809,0.5656422,23.56
1787124370,0.680342,0.5555904,23.57
1787124380,0.685685,0.5592456,23.55
1787124390,0.682123,0.557418,23.55
1787124400,0.698152,0.5702112,23.56
1787124410,0.691028,0.5656422,23.59
1787124420,0.685685,0.5601594,23.57
1787124430,0.682123,0.5565042,23.57
1787124440,0.69459,0.5683836,23.6
1787124450,0.687466,0.5610731999999999,23.57
1787124460,0.6839040000000001,0.5583318,23.57
1787124470,0.685685,0.5601594,23.6
1787124480,0.6839040000000001,0.5583318,23.6
1787124490,0.685685,0.5601594,23.6
1787124500,0.674999,0.5510214,23.59
1787124510,0.6839040000000001,0.5583318,23.6
1787124520,0.687466,0.561987,23.59
1787124530,0.6839040000000001,0.5583318,23.56
1787124540,0.685685,0.5601594,23.59
1787124550,0.689247,0.561987,23.57
1787124560,0.691028,0.5638145999999999,23.57
1787124570,0.689247,0.5638145999999999,23.59
1787124580,0.682123,0.5565042,23.59
1787124590,0.685685,0.5601594,23.59
1787124600,0.680342,0.5565042,23.59
1787124610,0.682123,0.5565042,23.59
1787124620,0.687466,0.5610731999999999,23.6
1787124630,0.687466,0.561987,23.59
1787124640,0.685685,0.5610731999999999,23.59
1787124650,0.680342,0.5565042,23.59
1787124660,0.692809,0.5656422,23.59
1787124670,0.691028,0.5647284,23.57
1787124680,0.691028,0.5647284,23.57
1787124690,0.69459,0.5674698,23.6
1787124700,0.691028,0.5638145999999999,23.57
1787124710,0.689247,0.5629008,23.59
1787124720,0.689247,0.5638145999999999,23.57
1787124730,0.699933,0.5729526,23.57
1787124740,0.698152,0.5702112,23.57
1787124750,0.692809,0.5656422,23.59
1787124760,0.692809,0.5656422,23.57
