1790251661,3,-3
1790251662,3,-3
1790251663,3,-3
1790251664,3,-3
1790251665,3,-3
1790251666,3,-3
1790251667,3,-3
1790251668,3,-3
1790251669,3,-3
1790251670,3,-3
1790251671,3,-3
1790251672,3,-3
1790251673,3,-3
1790251674,3,-3
1790251675,3,-3
1790251676,3,-3
1790251677,3,-3
1790251678,3,-3
1790251679,3,-3
1790251680,3,-3
1790251681,3,-3
1790251682,3,-3
1790251683,3,-3
1790251684,3,-3
1790251685,3,-3
1790251686,3,-3
1790251687,3,-3
1790251688,3,-3
1790251689,3,-3
1790251690,3,-3
1790251691,3,-3
1790251692,3,-3
1790251693,3,-3
1790251694,3,-3
1790251695,3,-3
1790251696,3,-3
1790251697,3,-3
1790251698,3,-3
1790251699,3,-3
1790251700,3,-3
1790251701,3,-3
1790251702,3,-3
1790251703,3,-3
1790251704,3,-3
1790251705,3,-3
1790251706,3,-3
1790251707,3,-3
1790251708,3,-3
1790251709,3,-3
1790251710,3,-3
1790251711,3,-3
1790251712,3,-3
1790251713,3,-3
1790251714,3,-14
1790251715,3,-26
1790251716,3,-31
1790251717,3,-40
1790251718,3,-47
1790251719,3,-43
1790251720,3,-41
1790251721,3,-31
1790251722,3,-13
1790251723,3,5
1790251724,3,21
1790251725,3,33
1790251726,3,53
1790251727,3,82
1790251728,3,112
1790251729,3,129
1790251730,3,135
1790251731,3,132
1790251732,3,125
1790251733,3,113
1790251734,3,103
1790251735,3,92
1790251736,3,84
1790251737,3,76
1790251738,3,70
1790251739,3,64
1790251740,3,60
1790251741,3,55
1790251742,3,50
1790251743,3,49
1790251744,3,45
1790251745,3,40
1790251746,3,35
1790251747,3,34
1790251748,3,31
1790251749,3,29
1790251750,3,27
1790251751,3,24
1790251752,3,22
1790251753,3,21
1790251754,3,21
1790251755,3,19
1790251756,3,19
1790251757,3,17
1790251758,3,18
1790251759,3,19
1790251760,3,21
1790251761,3,23
1790251762,3,24
1790251763,3,22
1790251764,4,22
1790251765,3,19
1790251766,3,19
1790251767,3,17
1790251768,3,18
1790251769,3,18
1790251770,3,17
1790251771,3,16
1790251772,3,15
1790251773,3,16
1790251774,3,16
1790251775,3,16
1790251776,3,16
1790251777,3,15
1790251778,3,14
1790251779,3,15
1790251780,3,16
1790251781,3,16
1790251782,3,17
1790251783,3,15
1790251784,3,17
1790251785,3,16
1790251786,3,15
1790251787,3,14
1790251788,3,12
1790251789,3,11
1790251790,3,10
1790251791,3,7
1790251792,3,7
1790251793,3,4
1790251794,3,19
1790251795,3,-25
1790251796,3,-35
1790251797,3,-48
1790251798,3,-41
1790251799,3,7
1790251800,3,24
1790251801,3,30
1790251802,3,33
1790251803,3,-151
1790251804,3,-309
1790251805,3,-266
1790251806,3,-232
1790251807,3,-203
1790251808,3,-178
1790251809,3,-156
1790251810,3,-138
1790251811,3,-121
1790251812,3,-108
1790251813,3,-93
1790251814,3,-82
1790251815,3,-77
1790251816,3,-62
1790251817,3,-54
1790251818,3,-46
1790251819,3,-41
1790251820,3,-34
1790251821,3,-27
1790251822,3,-20
1790251823,3,-17
1790251824,3,-15
1790251825,3,-11
1790251826,3,-6
1790251827,3,-4
1790251828,3,-5
1790251829,3,-3
1790251830,3,0
1790251831,3,2
1790251832,3,1
1790251833,3,3
1790251834,3,3
1790251835,3,3
1790251836,3,3
1790251837,3,3
1790251838,3,4
1790251839,3,4
1790251840,3,5
1790251841,3,5
1790251842,3,4
1790251843,3,5
1790251844,3,5
1790251845,3,5
1790251846,3,5
1790251847,3,4
1790251848,3,5
1790251849,3,5
1790251850,3,5
1790251851,3,6
1790251852,3,5
1790251853,3,6
1790251854,3,7
1790251855,3,7
1790251856,3,7
1790251857,3,6
1790251858,3,7
1790251859,3,9
1790251860,3,10
1790251861,3,8
1790251862,3,9
1790251863,3,10
1790251864,3,11
1790251865,3,11
1790251866,3,12
1790251867,3,12
1790251868,3,13
1790251869,3,12
1790251870,3,13
1790251871,3,13
1790251872,3,13
1790251873,3,14
1790251874,3,13
1790251875,3,31
1790251876,3,-333
1790251877,3,-298
1790251878,3,-274
1790251879,3,-276
1790251880,3,-296
1790251881,3,-315
1790251882,3,-316
1790251883,3,-271
1790251884,3,-253
1790251885,3,-263
1790251886,3,-275
1790251887,3,-368
1790251888,3,-431
1790251889,3,-431
1790251890,3,-431
1790251891,3,-431
1790251892,3,-431
1790251893,3,-431
1790251894,3,-431
1790251895,3,-431
1790251896,3,-431
1790251897,3,-431
1790251898,3,-431
1790251899,3,-431
1790251900,3,-431
1790251901,3,-431
1790251902,3,-431
1790251903,3,-431
1790251904,3,-431
1790251905,3,-431
1790251906,3,-432
1790251907,3,-432
1790251908,3,-432
1790251909,3,-432
1790251910,3,-432
1790251911,3,-432
1790251912,3,-432
1790251913,3,-432
1790251914,3,-432
1790251915,3,-432
1790251916,3,-432
1790251917,3,-296
1790251918,3,-432
1790251919,3,-432
1790251920,3,-432
1790251921,3,-432
1790251922,3,-432
1790251923,3,-432
1790251924,3,-432
1790251925,3,-432
1790251926,3,-432
1790251927,3,-432
1790251928,3,-432
1790251929,3,-432
1790251930,3,-432
1790251931,3,-432
1790251932,3,-432
1790251933,3,-432
1790251934,3,-432
1790251935,3,-432
1790251936,3,-432
1790251937,3,-432
1790251938,3,-384
1790251939,3,-432
1790251940,3,-432
1790251941,3,-433
1790251942,3,-433
1790251943,3,-433
1790251944,3,-433
1790251945,3,-433
1790251946,3,-433
1790251947,3,-433
1790251948,3,-433
1790251949,3,-433
1790251950,3,-433
1790251951,3,-433
1790251952,3,-433
1790251953,3,-433
1790251954,3,-433
1790251955,3,-433
1790251956,3,-433
1790251957,3,-433
1790251958,3,-433
1790251959,3,-433
1790251960,3,-433
1790251961,3,-433
1790251962,3,-433
1790251963,3,-433
1790251964,3,-433
1790251965,3,-433
1790251966,3,-433
1790251967,3,-433
1790251968,3,-433
1790251969,3,-433
1790251970,3,-433
1790251971,3,-433
1790251972,3,-433
1790251973,3,-433
1790251974,3,-433
1790251975,3,-433
1790251976,3,-433
1790251977,3,-433
1790251978,3,-433
1790251979,3,-433
1790251980,3,-433
1790251981,3,-433
1790251982,3,-433
1790251983,3,-433
1790251984,3,-433
1790251985,3,-433
1790251986,3,-433
1790251987,3,-433
1790251988,3,-433
1790251989,3,-433
1790251990,3,-433
1790251991,3,-433
1790251992,3,-433
1790251993,3,-433
1790251994,3,-433
1790251995,3,-433
1790251996,3,-433
1790251997,3,-433
1790251998,3,-433
1790251999,3,-433
1790252000,3,-433
1790252001,3,-433
1790252002,3,-433
1790252003,3,-433
1790252004,3,-433
1790252005,3,-382
1790252006,3,-432
1790252007,3,-260
1790252008,3,-113
1790252009,3,-15
1790252010,3,101
1790252011,3,26
1790252012,3,-63
1790252013,3,-65
1790252014,3,-80
1790252015,3,-105
1790252016,3,-147
1790252017,3,-227
1790252018,3,-213
1790252019,3,-267
1790252020,3,-345
1790252021,3,-302
1790252022,3,-242
1790252023,3,-127
1790252024,3,-103
1790252025,3,-101
1790252026,3,-43
1790252027,3,93
1790252028,3,35
1790252029,3,85
1790252030,3,-42
1790252031,3,40
1790252032,3,61
1790252033,3,71
1790252034,3,83
1790252035,3,-47
1790252036,3,-86
1790252037,3,-92
1790252038,3,-95
1790252039,3,-125
1790252040,3,-174
1790252041,3,-164
1790252042,3,-159
1790252043,3,-128
1790252044,3,-104
1790252045,3,-92
1790252046,3,-82
1790252047,3,-79
1790252048,3,-92
1790252049,3,-89
1790252050,3,-132
1790252051,3,-199
1790252052,3,-172
1790252053,3,-168
1790252054,3,-182
1790252055,3,-106
1790252056,3,-83
1790252057,3,-1
1790252058,3,18
1790252059,3,39
1790252060,3,56
1790252061,3,77
1790252062,3,-31
1790252063,3,32
1790252064,3,49
1790252065,3,59
1790252066,3,71
1790252067,3,67
1790252068,3,29
1790252069,3,-80
1790252070,3,-80
1790252071,3,-74
1790252072,3,-90
1790252073,3,-89
1790252074,3,-100
1790252075,3,-126
1790252076,3,-81
1790252077,3,-85
1790252078,3,-69
1790252079,3,-64
1790252080,3,-51
1790252081,3,-50
1790252082,3,6
1790252083,3,143
1790252084,3,186
1790252085,3,174
1790252086,3,182
1790252087,3,173
1790252088,3,175
1790252089,3,179
1790252090,3,180
1790252091,3,185
1790252092,3,183
1790252093,3,178
1790252094,3,183
1790252095,3,196
1790252096,3,196
1790252097,3,209
1790252098,3,185
1790252099,3,200
1790252100,3,197
1790252101,3,209
1790252102,3,203
1790252103,3,186
1790252104,3,179
1790252105,3,204
1790252106,3,207
1790252107,3,184
1790252108,3,182
1790252109,3,176
1790252110,3,165
1790252111,3,189
1790252112,3,189
1790252113,3,202
1790252114,3,196
1790252115,3,178
1790252116,3,186
1790252117,3,181
1790252118,3,177
1790252119,3,117
1790252120,3,-319
1790252121,3,-271
1790252122,3,-235
1790252123,3,-206
1790252124,3,-144
1790252125,3,174
1790252126,3,169
1790252127,3,186
1790252128,3,192
1790252129,3,196
1790252130,3,187
1790252131,3,185
1790252132,3,181
1790252133,3,187
1790252134,3,192
1790252135,3,174
1790252136,3,176
1790252137,3,172
1790252138,3,169
1790252139,3,179
1790252140,3,164
1790252141,3,164
1790252142,3,168
1790252143,3,178
1790252144,3,177
1790252145,3,178
1790252146,3,192
1790252147,3,186
1790252148,3,192
1790252149,3,190
1790252150,3,184
1790252151,3,168
1790252152,3,171
1790252153,3,175
1790252154,3,124
1790252155,3,110
1790252156,3,103
1790252157,3,-33
1790252158,3,-158
1790252159,3,-148
1790252160,3,-120
1790252161,3,-101
1790252162,3,-50
1790252163,3,25
1790252164,3,24
1790252165,3,-72
1790252166,3,-158
1790252167,3,-190
1790252168,3,-207
1790252169,3,-120
1790252170,3,-146
1790252171,3,-125
1790252172,3,-84
1790252173,3,-103
1790252174,3,-175
1790252175,3,-219
1790252176,3,-180
1790252177,3,-160
1790252178,3,-91
1790252179,3,36
1790252180,3,111
1790252181,3,-34
1790252182,3,81
1790252183,3,58
1790252184,3,63
1790252185,3,-50
1790252186,3,-19
1790252187,3,-21
1790252188,3,-5
1790252189,3,-14
1790252190,3,-45
1790252191,3,-64
1790252192,3,-40
1790252193,3,-26
1790252194,3,43
1790252195,3,78
1790252196,3,99
1790252197,3,131
1790252198,3,134
1790252199,3,-64
1790252200,3,-31
1790252201,3,44
1790252202,3,131
1790252203,3,153
1790252204,3,177
1790252205,3,181
1790252206,3,168
1790252207,3,166
1790252208,3,161
1790252209,3,165
1790252210,3,160
1790252211,3,96
1790252212,3,-22
1790252213,3,-73
1790252214,3,-71
1790252215,3,-73
1790252216,3,37
1790252217,3,44
1790252218,3,-31
1790252219,3,-75
1790252220,3,-64
1790252221,3,-75
1790252222,3,-121
1790252223,3,-151
1790252224,3,-106
1790252225,3,-113
1790252226,3,-104
1790252227,3,-140
1790252228,3,-130
1790252229,3,-53
1790252230,3,-127
1790252231,3,-180
1790252232,3,-313
1790252233,3,-427
1790252234,3,-414
1790252235,3,-429
1790252236,3,-422
1790252237,3,-428
1790252238,3,-427
1790252239,3,-426
1790252240,3,-431
1790252241,3,-428
1790252242,3,-427
1790252243,3,-427
1790252244,3,-428
1790252245,3,-426
1790252246,3,-428
1790252247,3,-429
1790252248,3,-428
1790252249,3,-426
1790252250,3,-424
1790252251,3,-425
1790252252,3,-424
1790252253,3,-422
1790252254,3,-423
1790252255,3,-421
1790252256,3,-421
1790252257,3,-424
1790252258,3,-425
1790252259,3,-424
1790252260,3,-425
1790252261,3,-423
1790252262,3,-424
1790252263,3,-424
1790252264,3,-423
1790252265,3,-422
1790252266,3,-417
1790252267,3,-232
1790252268,3,-53
1790252269,3,125
1790252270,3,149
1790252271,3,186
1790252272,3,102
1790252273,3,166
1790252274,3,151
1790252275,3,163
1790252276,3,150
1790252277,3,138
1790252278,3,87
1790252279,3,57
1790252280,3,73
1790252281,3,115
1790252282,3,95
1790252283,3,45
1790252284,3,7
1790252285,3,29
1790252286,3,44
1790252287,3,150
1790252288,3,144
1790252289,3,67
1790252290,3,13
1790252291,3,4
1790252292,3,44
1790252293,3,22
1790252294,3,-35
1790252295,3,-111
1790252296,3,-236
1790252297,3,-316
1790252298,3,-379
1790252299,3,-382
1790252300,3,-388
1790252301,3,-391
1790252302,3,-378
1790252303,3,-3
1790252304,3,-3
1790252305,3,-3
1790252306,3,-3
1790252307,3,-3
1790252308,3,-3
1790252309,3,-3
1790252310,3,-3
1790252311,3,-3
1790252312,3,-3
1790252313,3,-3
1790252314,3,-3
1790252315,3,-3
1790252316,3,-3
1790252317,3,-3
1790252318,3,-3
1790252319,3,-3
1790252320,3,-3
1790252321,3,-3
1790252322,3,-3
1790252323,3,-3
1790252324,3,-3
1790252325,3,-3
1790252326,3,-3
1790252327,3,-3
1790252328,3,-3
1790252329,3,-3
1790252330,3,-3
1790252331,3,-3
1790252332,3,-3
1790252333,3,-3
1790252334,3,-3
1790252335,3,-3
1790252336,3,-3
1790252337,3,-3
1790252338,3,-3
1790252339,3,-3
1790252340,3,-3
1790252341,3,-3
1790252342,3,-3
1790252343,3,-3
1790252344,3,-3
1790252345,3,-3
1790252346,3,-3
1790252347,3,-3
1790252348,3,-3
1790252349,3,-3
1790252350,3,-3
1790252351,3,-3
1790252352,3,-3
1790252353,3,-3
1790252354,3,-3
1790252355,3,-3
1790252356,3,-3
1790252357,3,-3
1790252358,3,-3
1790252359,3,-3
1790252360,3,-3
1790252361,3,-3
1790252362,3,-3
1790252363,3,-3
1790252364,3,-3
1790252365,3,-3
1790252366,3,-3
1790252367,3,-3
1790252368,3,-3
1790252369,3,-3
1790252370,3,-3
1790252371,3,-3
1790252372,3,-3
1790252373,3,-3
1790252374,3,-3
1790252375,3,-3
1790252376,3,-3
1790252377,3,-3
1790252378,3,-3
1790252379,3,-3
1790252380,3,-3
1790252381,3,-3
1790252382,3,-3
1790252383,3,-3
1790252384,3,-3
1790252385,3,-3
1790252386,3,-3
1790252387,3,-3
1790252388,3,-3
1790252389,3,-3
1790252390,3,-3
1790252391,3,-3
1790252392,3,-3
1790252393,3,-3
1790252394,3,-3
1790252395,3,-3
1790252396,3,-3
1790252397,3,-3
1790252398,3,-3
1790252399,3,-3
1790252400,3,-3
1790252401,3,-3
1790252402,3,-3
1790252403,3,-3
1790252404,3,-3
1790252405,3,-3
1790252406,3,-3
1790252407,3,-3
1790252408,3,-3
1790252409,3,-3
1790252410,3,-3
1790252411,3,-3
1790252412,3,-3
1790252413,3,-3
1790252414,3,-3
1790252415,3,-3
1790252416,3,-3
1790252417,3,-3
1790252418,3,-3
1790252419,3,-3
1790252420,3,-3
1790252421,3,-3
1790252422,3,-3
1790252423,3,-3
1790252424,3,-3
1790252425,3,-3
1790252426,3,-3
1790252427,3,-3
1790252428,3,-3
1790252429,3,-3
1790252430,3,-3
1790252431,3,-3
1790252432,3,-3
1790252433,3,-3
1790252434,3,-3
1790252435,3,-3
1790252436,3,-3
1790252437,3,-3
1790252438,3,-3
1790252439,3,-3
1790252440,3,-3
1790252441,3,-3
1790252442,3,-3
1790252443,3,-3
1790252444,3,-3
1790252445,3,-3
1790252446,3,-3
1790252447,3,-3
1790252448,3,-3
1790252449,3,-3
1790252450,3,-3
1790252451,3,-3
1790252452,3,-3
1790252453,3,-3
1790252454,3,-3
1790252455,3,-3
1790252456,3,-3
1790252457,3,-3
1790252458,3,-3
1790252459,3,-3
1790252460,3,-3
1790252461,3,-3
1790252462,3,-3
1790252463,3,-3
1790252464,3,-3
1790252465,3,-3
1790252466,3,-3
1790252467,3,-3
1790252468,3,-3
1790252469,3,-3
1790252470,3,-3
1790252471,3,-3
1790252472,3,-3
1790252473,3,-3
1790252474,3,-3
1790252475,3,-3
1790252476,3,-3
1790252477,3,-3
1790252478,3,-3
1790252479,3,-3
1790252480,3,-3
1790252481,3,-3
1790252482,3,-3
1790252483,3,-3
1790252484,3,-3
1790252485,3,-3
1790252486,3,-3
1790252487,3,-3
1790252488,3,-3
1790252489,3,-3
1790252490,3,-3
1790252491,3,-3
1790252492,3,-3
1790252493,3,-3
1790252494,3,-3
1790252495,3,-3
1790252496,3,-3
1790252497,3,-3
1790252498,3,-3
1790252499,3,-3
1790252500,3,-3
1790252501,3,-3
1790252502,3,-3
1790252503,3,-3
1790252504,3,-3
1790252505,3,-3
1790252506,3,-3
1790252507,3,-3
1790252508,3,-3
1790252509,3,-3
1790252510,3,-3
1790252511,3,-3
1790252512,3,-3
1790252513,3,-3
1790252514,3,-3
1790252515,3,-3
1790252516,3,-3
1790252517,3,-3
1790252518,3,-3
1790252519,3,-3
1790252520,3,-3
1790252521,3,-3
1790252522,3,-3
1790252523,3,-3
1790252524,3,-3
1790252525,3,-3
1790252526,3,-3
1790252527,3,-3
1790252528,3,-3
1790252529,3,-3
1790252530,3,-3
1790252531,3,-3
1790252532,3,-3
1790252533,3,-3
1790252534,3,-3
1790252535,3,-3
1790252536,3,-3
1790252537,3,-3
1790252538,3,-3
1790252539,3,-3
1790252540,3,-3
1790252541,3,-3
1790252542,3,-3
1790252543,3,-3
1790252544,3,-3
1790252545,3,-3
1790252546,3,-3
1790252547,3,-3
1790252548,3,-3
1790252549,3,-3
1790252550,3,-3
1790252551,3,-3
1790252552,3,-3
1790252553,3,-3
1790252554,3,-3
1790252555,3,-3
1790252556,3,-3
1790252557,3,-3
1790252558,3,-3
1790252559,3,-3
1790252560,3,-3
1790252561,3,-3
1790252562,3,-3
1790252563,3,-3
1790252564,3,-3
1790252565,3,-3
1790252566,3,-3
1790252567,3,-3
1790252568,3,-3
1790252569,3,-3
1790252570,3,-3
1790252571,3,-3
1790252572,3,-3
1790252573,3,-3
1790252574,3,-3
1790252575,3,-3
1790252576,3,-3
1790252577,3,-3
1790252578,3,-3
1790252579,3,-3
1790252580,3,-3
1790252581,3,-3
1790252582,3,-3
1790252583,3,-3
1790252584,3,-3
1790252585,3,-3
1790252586,3,-3
1790252587,3,-3
1790252588,3,-3
1790252589,3,-3
1790252590,3,-3
1790252591,3,-3
1790252592,3,-3
1790252593,3,-3
1790252594,3,-3
1790252595,3,-3
1790252596,3,-3
1790252597,3,-3
1790252598,3,-3
1790252599,3,-3
1790252600,3,-3
1790252601,3,-3
1790252602,3,-3
1790252603,3,-3
1790252604,3,-3
1790252605,3,-3
1790252606,3,-3
1790252607,3,-3
1790252608,3,-3
1790252609,3,-3
1790252610,3,-3
1790252611,3,-3
1790252612,3,-3
1790252613,3,-3
1790252614,3,-3
1790252615,3,-3
1790252616,3,-3
1790252617,3,-3
1790252618,3,-3
1790252619,3,-3
1790252620,3,-3
1790252621,3,-3
1790252622,3,-3
1790252623,3,-3
1790252624,3,-3
1790252625,3,-3
1790252626,3,-3
1790252627,3,-3
1790252628,3,-3
1790252629,3,-3
1790252630,3,-3
1790252631,3,-3
1790252632,3,-3
1790252633,3,-3
1790252634,3,-3
1790252635,3,-3
1790252636,3,-3
1790252637,3,-3
1790252638,3,-3
1790252639,3,-3
1790252640,3,-3
1790252641,3,-3
1790252642,3,-3
1790252643,3,-3
1790252644,3,-3
1790252645,3,-3
1790252646,3,-3
1790252647,3,-3
1790252648,3,-3
1790252649,3,-3
1790252650,3,-3
1790252651,3,-3
1790252652,3,-3
1790252653,3,-3
1790252654,3,-3
1790252655,3,-3
1790252656,3,-3
1790252657,3,-3
1790252658,3,-3
1790252659,3,-3
1790252660,3,-3
1790252661,3,-3
1790252662,3,-3
1790252663,3,-3
1790252664,3,-3
1790252665,3,-3
1790252666,3,-3
1790252667,3,-3
1790252668,3,-3
1790252669,3,-3
1790252670,3,-3
1790252671,3,-3
1790252672,3,-3
1790252673,3,-3
1790252674,3,-3
1790252675,3,-3
1790252676,3,-3
1790252677,3,-3
1790252678,3,-3
1790252679,3,-3
1790252680,3,-3
1790252681,3,-3
1790252682,3,-3
1790252683,3,-3
1790252684,3,-3
1790252685,3,-3
1790252686,3,-3
1790252687,3,-3
1790252688,3,-3
1790252689,3,-3
1790252690,3,-3
1790252691,3,-3
1790252692,3,-3
1790252693,3,-3
1790252694,3,-3
1790252695,3,-3
1790252696,3,-3
1790252697,3,-3
1790252698,3,-3
1790252699,3,-3
1790252700,3,-3
1790252701,3,-3
1790252702,3,-3
1790252703,3,-3
1790252704,3,-3
1790252705,3,-3
1790252706,3,-3
1790252707,3,-3
1790252708,3,-3
1790252709,3,-3
1790252710,3,-3
1790252711,3,-3
1790252712,3,-3
1790252713,3,-3
1790252714,3,-3
1790252715,3,-3
1790252716,3,-9
1790252717,3,-18
1790252718,3,-25
1790252719,3,-30
1790252720,3,-32
1790252721,3,-36
1790252722,3,-374
1790252723,3,-313
1790252724,3,-281
1790252725,3,-252
1790252726,3,-42
1790252727,3,253
1790252728,3,254
1790252729,3,-53
1790252730,3,-267
1790252731,3,-238
1790252732,3,-212
1790252733,3,-191
1790252734,3,-171
1790252735,3,-154
1790252736,3,-141
1790252737,3,-121
1790252738,3,-114
1790252739,3,-105
1790252740,3,-100
1790252741,3,-83
1790252742,3,-78
1790252743,3,-73
1790252744,3,-63
1790252745,3,-59
1790252746,3,-304
1790252747,3,-303
1790252748,3,-283
1790252749,3,-253
1790252750,3,-274
1790252751,3,-201
1790252752,3,-145
1790252753,3,-99
1790252754,3,-144
1790252755,3,-128
1790252756,3,-117
1790252757,3,-106
1790252758,3,-95
1790252759,3,-85
1790252760,3,-76
1790252761,3,-70
1790252762,3,-64
1790252763,3,-58
1790252764,3,-53
1790252765,3,-47
1790252766,3,-31
1790252767,3,-41
1790252768,3,-36
1790252769,3,-33
1790252770,3,-30
1790252771,3,-29
1790252772,3,-26
1790252773,3,-22
1790252774,3,-26
1790252775,3,-17
1790252776,3,-18
1790252777,3,-16
1790252778,3,-14
1790252779,3,-13
1790252780,3,-16
1790252781,3,-16
1790252782,3,-16
1790252783,3,-16
1790252784,3,-16
1790252785,3,-16
1790252786,3,-17
1790252787,3,-21
1790252788,3,-28
1790252789,3,-47
1790252790,3,-82
1790252791,3,-112
1790252792,3,-133
1790252793,3,-168
1790252794,3,-165
1790252795,3,-200
1790252796,3,-144
1790252797,3,-193
1790252798,3,-205
1790252799,3,-161
1790252800,3,-237
1790252801,3,-225
1790252802,3,-271
1790252803,3,-356
1790252804,3,-431
1790252805,3,-431
1790252806,3,-431
1790252807,3,-431
1790252808,3,-431
1790252809,3,-429
1790252810,3,-368
1790252811,3,-208
1790252812,3,-181
1790252813,3,-165
1790252814,3,-52
1790252815,3,49
1790252816,3,95
1790252817,3,14
1790252818,3,57
1790252819,3,73
1790252820,3,92
1790252821,3,102
1790252822,3,106
1790252823,3,125
1790252824,3,128
1790252825,3,110
1790252826,3,73
1790252827,3,55
1790252828,3,48
1790252829,3,62
1790252830,3,74
1790252831,3,79
1790252832,3,87
1790252833,3,85
1790252834,3,80
1790252835,3,82
1790252836,3,77
1790252837,3,73
1790252838,3,68
1790252839,3,62
1790252840,3,58
1790252841,3,53
1790252842,3,49
1790252843,3,-347
1790252844,3,-293
1790252845,3,-255
1790252846,3,-258
1790252847,3,-188
1790252848,3,-130
1790252849,3,-78
1790252850,3,-125
1790252851,3,-110
1790252852,3,-96
1790252853,3,-83
1790252854,3,-72
1790252855,3,-65
1790252856,3,-57
1790252857,3,-50
1790252858,3,-45
1790252859,3,-40
1790252860,3,-35
1790252861,3,-30
1790252862,3,-27
1790252863,3,-24
1790252864,3,-20
1790252865,3,-17
1790252866,3,-16
1790252867,3,-14
1790252868,3,-13
1790252869,3,-9
1790252870,3,-7
1790252871,3,-126
1790252872,3,-330
1790252873,3,-284
1790252874,3,-248
1790252875,3,-217
1790252876,3,-189
1790252877,3,-163
1790252878,3,-149
1790252879,3,-132
1790252880,3,-117
1790252881,3,-94
1790252882,3,-89
1790252883,3,-79
1790252884,3,-71
1790252885,3,-63
1790252886,3,-59
1790252887,3,-48
1790252888,3,-39
1790252889,3,-34
1790252890,3,-31
1790252891,3,-24
1790252892,3,-19
1790252893,3,-18
1790252894,3,-14
1790252895,3,-11
1790252896,3,-9
1790252897,3,-8
1790252898,3,-7
1790252899,3,-4
1790252900,3,-2
1790252901,3,-1
1790252902,3,-1
1790252903,3,1
1790252904,3,0
1790252905,3,2
1790252906,3,2
1790252907,3,4
1790252908,3,5
1790252909,3,4
1790252910,3,4
1790252911,3,5
1790252912,3,5
1790252913,3,4
1790252914,3,-1
1790252915,3,5
1790252916,3,5
1790252917,3,5
1790252918,3,5
1790252919,3,6
1790252920,3,7
1790252921,3,7
1790252922,3,7
1790252923,3,8
1790252924,3,10
1790252925,3,9
1790252926,3,9
1790252927,3,10
1790252928,3,10
1790252929,3,11
1790252930,3,12
1790252931,3,11
1790252932,3,11
1790252933,3,10
1790252934,3,10
1790252935,3,10
1790252936,3,10
1790252937,3,9
1790252938,3,9
1790252939,3,8
1790252940,3,8
1790252941,3,8
1790252942,3,7
1790252943,3,6
1790252944,3,7
1790252945,3,6
1790252946,3,7
1790252947,3,-69
1790252948,3,-344
1790252949,3,-299
1790252950,3,-269
1790252951,3,-221
1790252952,3,-201
1790252953,3,-174
1790252954,3,-154
1790252955,3,-137
1790252956,3,-118
1790252957,3,-105
1790252958,3,-91
1790252959,3,-81
1790252960,3,-73
1790252961,3,-64
1790252962,3,-57
1790252963,3,-49
1790252964,3,-43
1790252965,3,-38
1790252966,3,-34
1790252967,3,-28
1790252968,3,-25
1790252969,3,-21
1790252970,3,-18
1790252971,3,-15
1790252972,3,-12
1790252973,3,-10
1790252974,3,-7
1790252975,3,-5
1790252976,3,-3
1790252977,3,-1
1790252978,3,0
1790252979,3,0
1790252980,3,1
1790252981,3,3
1790252982,3,4
1790252983,3,3
1790252984,3,4
1790252985,3,6
1790252986,3,7
1790252987,3,7
1790252988,3,7
1790252989,3,8
1790252990,3,8
1790252991,3,8
1790252992,3,9
1790252993,3,9
1790252994,3,10
1790252995,3,10
1790252996,3,11
1790252997,3,11
1790252998,3,11
1790252999,3,10
1790253000,3,10
1790253001,3,11
1790253002,3,11
1790253003,3,10
1790253004,3,11
1790253005,3,11
1790253006,3,10
1790253007,3,9
1790253008,3,9
1790253009,3,9
1790253010,3,9
1790253011,3,9
1790253012,3,10
1790253013,3,9
1790253014,3,8
1790253015,3,7
1790253016,3,9
1790253017,3,9
1790253018,3,9
1790253019,3,12
1790253020,3,9
1790253021,3,11
1790253022,3,8
1790253023,3,8
1790253024,3,8
1790253025,3,8
1790253026,3,8
1790253027,3,8
1790253028,3,8
1790253029,3,6
1790253030,3,7
1790253031,3,7
1790253032,3,7
1790253033,3,6
1790253034,3,5
1790253035,3,2
1790253036,3,-319
1790253037,3,-316
1790253038,3,-273
1790253039,3,-243
1790253040,3,-219
1790253041,3,-198
1790253042,3,-185
1790253043,3,-173
1790253044,3,-160
1790253045,3,-143
1790253046,3,-125
1790253047,3,-108
1790253048,3,-88
1790253049,3,-77
1790253050,3,-67
1790253051,3,-75
1790253052,3,-100
1790253053,3,-111
1790253054,3,-113
1790253055,3,-104
1790253056,3,-106
1790253057,3,-116
1790253058,3,-116
1790253059,3,-135
1790253060,3,-137
1790253061,3,-89
1790253062,3,-77
1790253063,3,-52
1790253064,3,12
1790253065,3,-26
1790253066,3,-78
1790253067,3,-99
1790253068,3,-170
1790253069,3,-167
1790253070,3,-147
1790253071,3,-136
1790253072,3,-111
1790253073,3,-100
1790253074,3,-110
1790253075,3,-110
1790253076,3,-45
1790253077,3,12
1790253078,3,21
1790253079,3,27
1790253080,3,28
1790253081,3,73
1790253082,3,-25
1790253083,3,46
1790253084,3,71
1790253085,3,90
1790253086,3,94
1790253087,3,98
1790253088,3,89
1790253089,3,68
1790253090,3,64
1790253091,3,67
1790253092,3,51
1790253093,3,41
1790253094,3,44
1790253095,3,50
1790253096,3,47
1790253097,3,49
1790253098,3,76
1790253099,3,94
1790253100,3,104
1790253101,3,103
1790253102,3,95
1790253103,3,84
1790253104,3,72
1790253105,3,64
1790253106,3,55
1790253107,3,45
1790253108,3,30
1790253109,3,10
1790253110,3,-10
1790253111,3,-42
1790253112,3,-60
1790253113,3,-77
1790253114,3,-86
1790253115,3,-96
1790253116,3,-153
1790253117,3,-135
1790253118,3,-219
1790253119,3,-223
1790253120,3,-323
1790253121,3,-363
1790253122,3,-398
1790253123,3,-372
1790253124,3,-310
1790253125,3,-270
1790253126,3,-184
1790253127,3,-160
1790253128,3,-167
1790253129,3,-149
1790253130,3,-304
1790253131,3,-336
1790253132,3,-317
1790253133,3,-241
1790253134,3,-159
1790253135,3,-105
1790253136,3,-57
1790253137,3,24
1790253138,3,-5
1790253139,3,-43
1790253140,3,2
1790253141,3,28
1790253142,3,42
1790253143,3,43
1790253144,3,17
1790253145,3,4
1790253146,3,-6
1790253147,3,-54
1790253148,3,-118
1790253149,3,-162
1790253150,3,-205
1790253151,3,-268
1790253152,3,-223
1790253153,3,-157
1790253154,3,-69
1790253155,3,15
1790253156,3,27
1790253157,3,45
1790253158,3,32
1790253159,3,21
1790253160,3,32
1790253161,3,67
1790253162,3,-48
1790253163,3,-28
1790253164,3,6
1790253165,3,8
1790253166,3,18
1790253167,3,41
1790253168,3,42
1790253169,3,41
1790253170,3,48
1790253171,3,-224
1790253172,3,-287
1790253173,3,-244
1790253174,3,-186
1790253175,3,-126
1790253176,3,-70
1790253177,3,-29
1790253178,3,-12
1790253179,3,6
1790253180,3,16
1790253181,3,20
1790253182,3,20
1790253183,3,-7
1790253184,3,9
1790253185,3,10
1790253186,3,51
1790253187,3,18
1790253188,3,18
1790253189,3,19
1790253190,3,17
1790253191,3,17
1790253192,3,17
1790253193,3,19
1790253194,3,19
1790253195,3,16
1790253196,3,14
1790253197,3,14
1790253198,3,14
1790253199,3,14
1790253200,3,15
1790253201,3,15
1790253202,3,15
1790253203,3,15
1790253204,3,15
1790253205,3,13
1790253206,3,13
1790253207,3,13
1790253208,3,10
1790253209,3,12
1790253210,3,14
1790253211,3,11
1790253212,3,10
1790253213,3,-274
1790253214,3,-317
1790253215,3,-274
1790253216,3,-240
1790253217,3,-210
1790253218,3,-184
1790253219,3,-159
1790253220,3,-141
1790253221,3,-124
1790253222,3,-109
1790253223,3,-95
1790253224,3,-83
1790253225,3,-73
1790253226,3,-63
1790253227,3,-56
1790253228,3,-48
1790253229,3,-42
1790253230,3,-37
1790253231,3,-32
1790253232,3,-28
1790253233,3,-23
1790253234,3,-18
1790253235,3,-16
1790253236,3,-14
1790253237,3,-11
1790253238,3,-8
1790253239,3,-5
1790253240,3,-3
1790253241,3,-3
1790253242,3,-1
1790253243,3,0
1790253244,3,2
1790253245,3,3
1790253246,3,2
1790253247,3,5
1790253248,3,7
1790253249,3,7
1790253250,3,6
1790253251,3,5
1790253252,3,8
1790253253,3,9
1790253254,3,6
1790253255,3,7
1790253256,3,-76
1790253257,3,-330
1790253258,3,-284
1790253259,3,-246
1790253260,3,-215
1790253261,3,-188
1790253262,3,-166
1790253263,3,-144
1790253264,3,-125
1790253265,3,-155
1790253266,3,-111
1790253267,3,-94
1790253268,3,-79
1790253269,3,-50
1790253270,3,-51
1790253271,3,-43
1790253272,3,-36
1790253273,3,-31
1790253274,3,-26
1790253275,3,-22
1790253276,3,-18
1790253277,3,-16
1790253278,3,-14
1790253279,3,-11
1790253280,3,-5
1790253281,3,3
1790253282,3,3
1790253283,3,5
1790253284,3,7
1790253285,3,13
1790253286,3,15
1790253287,3,15
1790253288,3,15
1790253289,3,15
1790253290,3,15
1790253291,3,13
1790253292,3,11
1790253293,3,12
1790253294,3,12
1790253295,3,9
1790253296,3,7
1790253297,3,11
1790253298,3,11
1790253299,3,-305
1790253300,3,-317
1790253301,3,-275
1790253302,3,-240
1790253303,3,-210
1790253304,3,-185
1790253305,3,-162
1790253306,3,-144
1790253307,3,-126
1790253308,3,-110
1790253309,3,-99
1790253310,3,-88
1790253311,3,-78
1790253312,3,-69
1790253313,3,-62
1790253314,3,-56
1790253315,3,-49
1790253316,3,-46
1790253317,3,-45
1790253318,3,-43
1790253319,3,-36
1790253320,3,-28
1790253321,3,-22
1790253322,3,-18
1790253323,3,-14
1790253324,3,-11
1790253325,3,-7
1790253326,3,-3
1790253327,3,0
1790253328,3,1
1790253329,3,3
1790253330,3,7
1790253331,3,8
1790253332,3,7
1790253333,3,7
1790253334,3,7
1790253335,3,5
1790253336,3,6
1790253337,3,7
1790253338,3,5
1790253339,3,-5
1790253340,3,3
1790253341,3,-351
1790253342,3,-278
1790253343,3,-254
1790253344,3,-220
1790253345,3,-194
1790253346,3,-173
1790253347,3,-153
1790253348,3,-135
1790253349,3,-115
1790253350,3,-99
1790253351,3,-88
1790253352,3,-79
1790253353,3,-70
1790253354,3,-62
1790253355,3,-54
1790253356,3,-47
1790253357,3,-42
1790253358,3,-37
1790253359,3,-32
1790253360,3,-29
1790253361,3,-25
1790253362,3,-22
1790253363,3,-20
1790253364,3,-18
1790253365,3,-16
1790253366,3,-15
1790253367,3,-12
1790253368,3,-12
1790253369,3,-12
1790253370,3,-10
1790253371,3,-9
1790253372,3,-7
1790253373,3,-6
1790253374,3,-8
1790253375,3,-7
1790253376,3,-7
1790253377,3,-5
1790253378,3,-4
1790253379,3,-3
1790253380,3,-2
1790253381,3,-2
1790253382,3,0
1790253383,3,-321
1790253384,3,-316
1790253385,3,-274
1790253386,3,-240
1790253387,3,-210
1790253388,3,-183
1790253389,3,-161
1790253390,3,-140
1790253391,3,-123
1790253392,3,-107
1790253393,3,-95
1790253394,3,-84
1790253395,3,-74
1790253396,3,-64
1790253397,3,-56
1790253398,3,-49
1790253399,3,-44
1790253400,3,-38
1790253401,3,-32
1790253402,3,-28
1790253403,3,-26
1790253404,3,-22
1790253405,3,-20
1790253406,3,-18
1790253407,3,-15
1790253408,3,-11
1790253409,3,-8
1790253410,3,-3
1790253411,3,-3
1790253412,3,-3
1790253413,3,-2
1790253414,3,0
1790253415,3,0
1790253416,3,2
1790253417,3,5
1790253418,3,5
1790253419,3,7
1790253420,3,8
1790253421,3,8
1790253422,3,9
1790253423,3,10
1790253424,3,12
1790253425,3,-114
1790253426,3,-327
1790253427,3,-282
1790253428,3,-244
1790253429,3,-214
1790253430,3,-185
1790253431,3,-160
1790253432,3,-139
1790253433,3,-119
1790253434,3,-105
1790253435,3,-90
1790253436,3,-79
1790253437,3,-69
1790253438,3,-59
1790253439,3,-52
1790253440,3,-52
1790253441,3,-52
1790253442,3,-43
1790253443,3,-39
1790253444,3,-33
1790253445,3,-15
1790253446,3,-15
1790253447,3,-14
1790253448,3,-12
1790253449,3,-10
1790253450,3,-9
1790253451,3,-6
1790253452,3,-5
1790253453,3,-4
1790253454,3,-4
1790253455,3,-10
1790253456,3,0
1790253457,3,0
1790253458,3,0
1790253459,3,2
1790253460,3,0
1790253461,3,0
1790253462,3,1
1790253463,3,2
1790253464,3,3
1790253465,3,2
1790253466,3,1
1790253467,3,1
1790253468,3,-377
1790253469,3,-307
1790253470,3,-268
1790253471,3,-236
1790253472,3,-210
1790253473,3,-186
1790253474,3,-168
1790253475,3,-155
1790253476,3,-145
1790253477,3,-137
1790253478,3,-139
1790253479,3,-135
1790253480,3,-132
1790253481,3,-137
1790253482,3,-149
1790253483,3,-160
1790253484,3,-163
1790253485,3,-170
1790253486,3,-167
1790253487,3,-181
1790253488,3,-98
1790253489,3,-120
1790253490,3,-90
1790253491,3,-77
1790253492,3,-51
1790253493,3,10
1790253494,3,36
1790253495,3,37
1790253496,3,22
1790253497,3,38
1790253498,3,61
1790253499,3,72
1790253500,3,76
1790253501,3,75
1790253502,3,63
1790253503,3,47
1790253504,3,43
1790253505,3,28
1790253506,3,33
1790253507,3,46
1790253508,3,43
1790253509,3,27
1790253510,3,10
1790253511,3,-333
1790253512,3,-283
1790253513,3,-255
1790253514,3,-224
1790253515,3,-192
1790253516,3,-169
1790253517,3,-151
1790253518,3,-149
1790253519,3,-148
1790253520,3,-130
1790253521,3,-97
1790253522,3,-73
1790253523,3,-59
1790253524,3,-97
1790253525,3,-109
1790253526,3,-137
1790253527,3,-168
1790253528,3,-162
1790253529,3,-128
1790253530,3,-92
1790253531,3,-59
1790253532,3,-34
1790253533,3,-58
1790253534,3,-106
1790253535,3,-170
1790253536,3,-212
1790253537,3,-361
1790253538,3,-430
1790253539,3,-431
1790253540,3,-431
1790253541,3,-431
1790253542,3,-431
1790253543,3,-431
1790253544,3,-431
1790253545,3,-431
1790253546,3,-431
1790253547,3,-431
1790253548,3,-431
1790253549,3,-431
1790253550,3,-431
1790253551,3,-431
1790253552,3,-431
1790253553,3,-431
1790253554,3,-431
1790253555,3,-431
1790253556,3,-431
1790253557,3,-431
1790253558,3,-431
1790253559,3,-431
1790253560,3,-432
1790253561,3,-431
1790253562,3,-432
1790253563,3,-432
1790253564,3,-432
1790253565,3,-432
1790253566,3,-432
1790253567,3,-432
1790253568,3,-432
1790253569,3,-432
1790253570,3,-432
1790253571,3,-432
1790253572,3,-432
1790253573,3,-432
1790253574,3,-432
1790253575,3,-392
1790253576,3,-332
1790253577,3,-248
1790253578,3,-244
1790253579,3,-230
1790253580,3,-286
1790253581,3,-324
1790253582,3,-347
1790253583,3,-378
1790253584,3,-432
1790253585,3,-432
1790253586,3,-432
1790253587,3,-432
1790253588,3,-432
1790253589,3,-432
1790253590,3,-432
1790253591,3,-432
1790253592,3,-432
1790253593,3,-432
1790253594,3,-432
1790253595,3,-432
1790253596,3,-432
1790253597,3,-432
1790253598,3,-432
1790253599,3,-432
1790253600,3,-432
1790253601,3,-432
1790253602,3,-432
1790253603,3,-433
1790253604,3,-433
1790253605,3,-433
1790253606,3,-433
1790253607,3,-433
1790253608,3,-433
1790253609,3,-433
1790253610,3,-433
1790253611,3,-433
1790253612,3,-433
1790253613,3,-433
1790253614,3,-433
1790253615,3,-433
1790253616,3,-433
1790253617,3,-433
1790253618,3,-433
1790253619,3,-433
1790253620,3,-433
1790253621,3,-433
1790253622,3,-433
1790253623,3,-433
1790253624,3,-433
1790253625,3,-402
1790253626,3,-332
1790253627,3,-262
1790253628,3,-185
1790253629,3,-118
1790253630,3,-26
1790253631,3,5
1790253632,3,41
1790253633,3,105
1790253634,3,-43
1790253635,3,24
1790253636,3,45
1790253637,3,50
1790253638,3,50
1790253639,3,51
1790253640,3,44
1790253641,3,41
1790253642,3,35
1790253643,3,38
1790253644,3,46
1790253645,3,53
1790253646,3,53
1790253647,3,46
1790253648,3,41
1790253649,3,34
1790253650,3,22
1790253651,3,-3
1790253652,3,-27
1790253653,3,-46
1790253654,3,-92
1790253655,3,-102
1790253656,3,-142
1790253657,3,-193
1790253658,3,-224
1790253659,3,-280
1790253660,3,-357
1790253661,3,-413
1790253662,3,-432
1790253663,3,-432
1790253664,3,-432
1790253665,3,-432
1790253666,3,-432
1790253667,3,-432
1790253668,3,-432
1790253669,3,-432
1790253670,3,-432
1790253671,3,-432
1790253672,3,-432
1790253673,3,-432
1790253674,3,-432
1790253675,3,-432
1790253676,3,-432
1790253677,3,-433
1790253678,3,-433
1790253679,3,-433
1790253680,3,-433
1790253681,3,-433
1790253682,3,-433
1790253683,3,-433
1790253684,3,-433
1790253685,3,-433
1790253686,3,-433
1790253687,3,-433
1790253688,3,-433
1790253689,3,-433
1790253690,3,-433
1790253691,3,-433
1790253692,3,-433
1790253693,3,-433
1790253694,3,-433
1790253695,3,-433
1790253696,3,-433
1790253697,3,-433
1790253698,3,-433
1790253699,3,-433
1790253700,3,-433
1790253701,3,-433
1790253702,3,-433
1790253703,3,-433
1790253704,3,-433
1790253705,3,-433
1790253706,3,-433
1790253707,3,-433
1790253708,3,-433
1790253709,3,-433
1790253710,3,-433
1790253711,3,-433
1790253712,3,-433
1790253713,3,-433
1790253714,3,-433
1790253715,3,-433
1790253716,3,-433
1790253717,3,-433
1790253718,3,-433
1790253719,3,-433
1790253720,3,-433
1790253721,3,-433
1790253722,3,-433
1790253723,3,-433
1790253724,3,-433
1790253725,3,-433
1790253726,3,-433
1790253727,3,-433
1790253728,3,-433
1790253729,3,-433
1790253730,3,-433
1790253731,3,-433
1790253732,3,-433
1790253733,3,-433
1790253734,3,-433
1790253735,3,-433
1790253736,3,-433
1790253737,3,-433
1790253738,3,-433
1790253739,3,-423
1790253740,3,-354
1790253741,3,-321
1790253742,3,-332
1790253743,3,-332
1790253744,3,-325
1790253745,3,-309
1790253746,3,-315
1790253747,3,-342
1790253748,3,-374
1790253749,3,-414
1790253750,3,-433
1790253751,3,-433
1790253752,3,-433
1790253753,3,-433
1790253754,3,-433
1790253755,3,-433
1790253756,3,-433
1790253757,3,-433
1790253758,3,-433
1790253759,3,-433
1790253760,3,-433
1790253761,3,-433
1790253762,3,-433
1790253763,3,-433
1790253764,3,-434
1790253765,3,-434
1790253766,3,-433
1790253767,3,-434
1790253768,3,-434
1790253769,3,-434
1790253770,3,-434
1790253771,3,-434
1790253772,3,-434
1790253773,3,-434
1790253774,3,-430
1790253775,3,-375
1790253776,3,-337
1790253777,3,-298
1790253778,3,-254
1790253779,3,-206
1790253780,3,-146
1790253781,3,-43
1790253782,3,-25
1790253783,3,-43
1790253784,3,-66
1790253785,3,-169
1790253786,3,-194
1790253787,3,-221
1790253788,3,-215
1790253789,3,-239
1790253790,3,-287
1790253791,3,-284
1790253792,3,-268
1790253793,3,-269
1790253794,3,-266
1790253795,3,-279
1790253796,3,-281
1790253797,3,-289
1790253798,3,-278
1790253799,3,-243
1790253800,3,-207
1790253801,3,-197
1790253802,3,-322
1790253803,3,-351
1790253804,3,-319
1790253805,3,-268
1790253806,3,-162
1790253807,3,-137
1790253808,3,-20
1790253809,3,6
1790253810,3,8
1790253811,3,-5
1790253812,3,-32
1790253813,3,-22
1790253814,3,25
1790253815,3,68
1790253816,3,-34
1790253817,3,-64
1790253818,3,-48
1790253819,3,-8
1790253820,3,25
1790253821,3,32
1790253822,3,29
1790253823,3,32
1790253824,3,44
1790253825,3,63
1790253826,3,76
1790253827,3,97
1790253828,3,105
1790253829,3,108
1790253830,3,101
1790253831,3,100
1790253832,3,103
1790253833,3,105
1790253834,3,100
1790253835,3,94
1790253836,3,81
1790253837,3,66
1790253838,3,60
1790253839,3,51
1790253840,3,34
1790253841,3,0
1790253842,3,-39
1790253843,3,-65
1790253844,3,-93
1790253845,3,-137
1790253846,3,-181
1790253847,3,-249
1790253848,3,-249
1790253849,3,-334
1790253850,3,-367
1790253851,3,-377
1790253852,3,-389
1790253853,3,-382
1790253854,3,-378
1790253855,3,-405
1790253856,3,-412
1790253857,3,-430
1790253858,3,-432
1790253859,3,-432
1790253860,3,-432
1790253861,3,-432
1790253862,3,-432
1790253863,3,-392
1790253864,3,-341
1790253865,3,-245
1790253866,3,-178
1790253867,3,-17
1790253868,3,48
1790253869,3,42
1790253870,3,71
1790253871,3,93
1790253872,3,109
1790253873,3,121
1790253874,3,125
1790253875,3,128
1790253876,3,130
1790253877,3,123
1790253878,3,114
1790253879,3,108
1790253880,3,102
1790253881,3,98
1790253882,3,88
1790253883,3,82
1790253884,3,73
1790253885,3,66
1790253886,3,61
1790253887,3,52
1790253888,3,44
1790253889,3,31
1790253890,3,15
1790253891,3,0
1790253892,3,-15
1790253893,3,-41
1790253894,3,-50
1790253895,3,-58
1790253896,3,-54
1790253897,3,-62
1790253898,3,-67
1790253899,3,-63
1790253900,3,-48
1790253901,3,-39
1790253902,3,-36
1790253903,3,-30
1790253904,3,-25
1790253905,3,-28
1790253906,3,-37
1790253907,3,-32
1790253908,3,-26
1790253909,3,-28
1790253910,3,-43
1790253911,3,-57
1790253912,3,-85
1790253913,3,-125
1790253914,3,-157
1790253915,3,-136
1790253916,3,-110
1790253917,3,-97
1790253918,3,-89
1790253919,3,-86
1790253920,3,-101
1790253921,3,-139
1790253922,3,-261
1790253923,3,-379
1790253924,3,-430
1790253925,3,-431
1790253926,3,-431
1790253927,3,-388
1790253928,3,-351
1790253929,3,-327
1790253930,3,-323
1790253931,3,-326
1790253932,3,-321
1790253933,3,-294
1790253934,3,-231
1790253935,3,-195
1790253936,3,-195
1790253937,3,-188
1790253938,3,-185
1790253939,3,-195
1790253940,3,-233
1790253941,3,-274
1790253942,3,-315
1790253943,3,-339
1790253944,3,-346
1790253945,3,-348
1790253946,3,-361
1790253947,3,-391
1790253948,3,-432
1790253949,3,-432
1790253950,3,-432
1790253951,3,-432
1790253952,3,-432
1790253953,3,-432
1790253954,3,-432
1790253955,3,-432
1790253956,3,-432
1790253957,3,-432
1790253958,3,-432
1790253959,3,-391
1790253960,3,-44
1790253961,3,88
1790253962,3,117
1790253963,3,167
1790253964,3,198
1790253965,3,199
1790253966,3,185
1790253967,3,168
1790253968,3,151
1790253969,3,49
1790253970,3,-3
1790253971,3,-3
1790253972,3,-3
1790253973,3,-3
1790253974,3,-3
1790253975,3,-3
1790253976,3,-3
1790253977,3,-3
1790253978,3,-3
1790253979,3,-3
1790253980,3,-3
1790253981,3,-2
1790253982,3,5
1790253983,3,7
1790253984,3,7
1790253985,3,7
1790253986,3,9
1790253987,3,11
1790253988,3,13
1790253989,3,-365
1790253990,3,-298
1790253991,3,-259
1790253992,3,-226
1790253993,3,-230
1790253994,3,-165
1790253995,3,-109
1790253996,3,-104
1790253997,3,-115
1790253998,3,-100
1790253999,3,-85
1790254000,3,-74
1790254001,3,-62
1790254002,3,-56
1790254003,3,-47
1790254004,3,-41
1790254005,3,-36
1790254006,3,-33
1790254007,3,-29
1790254008,3,-25
1790254009,3,-20
1790254010,3,-17
1790254011,3,-15
1790254012,3,-12
1790254013,3,-10
1790254014,3,-8
1790254015,3,-7
1790254016,3,-5
1790254017,3,-2
1790254018,3,-2
1790254019,3,0
1790254020,3,0
1790254021,3,-380
1790254022,3,-303
1790254023,3,-262
1790254024,3,-230
1790254025,3,-241
1790254026,3,-174
1790254027,3,-116
1790254028,3,-98
1790254029,3,-122
1790254030,3,-106
1790254031,3,-94
1790254032,3,-83
1790254033,3,-71
1790254034,3,-63
1790254035,3,-56
1790254036,3,-48
1790254037,3,-41
1790254038,3,-35
1790254039,3,-30
1790254040,3,-27
1790254041,3,-22
1790254042,3,-19
1790254043,3,-16
1790254044,3,-12
1790254045,3,-10
1790254046,3,-9
1790254047,3,-8
1790254048,3,-5
1790254049,3,-2
1790254050,3,0
1790254051,3,0
1790254052,3,1
1790254053,3,2
1790254054,3,5
1790254055,3,6
1790254056,3,7
1790254057,3,-360
1790254058,3,-309
1790254059,3,-268
1790254060,3,-234
1790254061,3,-248
1790254062,3,-179
1790254063,3,-122
1790254064,3,-85
1790254065,3,-122
1790254066,3,-107
1790254067,3,-94
1790254068,3,-82
1790254069,3,-71
1790254070,3,-61
1790254071,3,-53
1790254072,3,-47
1790254073,3,-40
1790254074,3,-34
1790254075,3,-28
1790254076,3,-22
1790254077,3,-16
1790254078,3,-14
1790254079,3,-13
1790254080,3,-10
1790254081,3,-8
1790254082,3,-6
1790254083,3,-4
1790254084,3,-3
1790254085,3,-1
1790254086,3,-1
1790254087,3,-1
1790254088,3,0
1790254089,3,1
1790254090,3,3
1790254091,3,3
1790254092,3,4
1790254093,3,4
1790254094,3,4
1790254095,3,5
1790254096,3,5
1790254097,3,5
1790254098,3,5
1790254099,3,7
1790254100,3,6
1790254101,3,7
1790254102,3,9
1790254103,3,8
1790254104,3,19
1790254105,3,7
1790254106,3,6
1790254107,3,-1
1790254108,3,8
1790254109,3,19
1790254110,3,5
1790254111,3,5
1790254112,3,6
1790254113,3,5
1790254114,3,6
1790254115,3,5
1790254116,3,10
1790254117,3,9
1790254118,3,12
1790254119,3,14
1790254120,3,10
1790254121,3,10
1790254122,3,10
1790254123,3,12
1790254124,3,13
1790254125,3,12
1790254126,3,-345
1790254127,3,-290
1790254128,3,-253
1790254129,3,-221
1790254130,3,-192
1790254131,3,-169
1790254132,3,-148
1790254133,3,-129
1790254134,3,-113
1790254135,3,-99
1790254136,3,-87
1790254137,3,-76
1790254138,3,-67
1790254139,3,-57
1790254140,3,-49
1790254141,3,-43
1790254142,3,-37
1790254143,3,-33
1790254144,3,-29
1790254145,3,-25
1790254146,3,-22
1790254147,3,-18
1790254148,3,-15
1790254149,3,-13
1790254150,3,-10
1790254151,3,-9
1790254152,3,-6
1790254153,3,-4
1790254154,3,-4
1790254155,3,-3
1790254156,3,-1
1790254157,3,-1
1790254158,3,0
1790254159,3,0
1790254160,3,1
1790254161,3,1
1790254162,3,2
1790254163,3,4
1790254164,3,4
1790254165,3,3
1790254166,3,5
1790254167,3,6
1790254168,3,6
1790254169,3,6
1790254170,3,5
1790254171,3,7
1790254172,3,8
1790254173,3,7
1790254174,3,8
1790254175,3,9
1790254176,3,8
1790254177,3,9
1790254178,3,11
1790254179,3,10
1790254180,3,10
1790254181,3,10
1790254182,3,11
1790254183,3,12
1790254184,3,12
1790254185,3,10
1790254186,3,11
1790254187,3,12
1790254188,3,12
1790254189,3,10
1790254190,3,10
1790254191,3,10
1790254192,3,10
1790254193,3,10
1790254194,3,11
1790254195,3,10
1790254196,3,13
1790254197,3,13
1790254198,3,11
1790254199,3,11
1790254200,3,10
1790254201,3,11
1790254202,3,11
1790254203,3,11
1790254204,3,11
1790254205,3,11
1790254206,3,12
1790254207,3,12
1790254208,3,11
1790254209,3,10
1790254210,3,9
1790254211,3,8
1790254212,3,11
1790254213,3,12
1790254214,3,11
1790254215,3,11
1790254216,3,10
1790254217,3,9
1790254218,3,10
1790254219,3,10
1790254220,3,-12
1790254221,3,-2
1790254222,3,4
1790254223,3,33
1790254224,3,13
1790254225,3,13
1790254226,3,12
1790254227,3,11
1790254228,3,14
1790254229,3,15
1790254230,3,14
1790254231,3,13
1790254232,3,14
1790254233,3,14
1790254234,3,13
1790254235,3,14
1790254236,3,15
1790254237,3,14
1790254238,3,14
1790254239,3,14
1790254240,3,13
1790254241,3,14
1790254242,3,12
1790254243,3,14
1790254244,3,11
1790254245,3,10
1790254246,3,13
1790254247,3,12
1790254248,3,11
1790254249,3,10
1790254250,3,-223
1790254251,3,-314
1790254252,3,-272
1790254253,3,-239
1790254254,3,-209
1790254255,3,-183
1790254256,3,-160
1790254257,3,-141
1790254258,3,-124
1790254259,3,-107
1790254260,3,-92
1790254261,3,-81
1790254262,3,-71
1790254263,3,-63
1790254264,3,-54
1790254265,3,-46
1790254266,3,-40
1790254267,3,-31
1790254268,3,-29
1790254269,3,-26
1790254270,3,-22
1790254271,3,-18
1790254272,3,-16
1790254273,3,-13
1790254274,3,-8
1790254275,3,-6
1790254276,3,-5
1790254277,3,-2
1790254278,3,0
1790254279,3,0
1790254280,3,0
1790254281,3,2
1790254282,3,4
1790254283,3,5
1790254284,3,5
1790254285,3,7
1790254286,3,8
1790254287,3,8
1790254288,3,9
1790254289,3,9
1790254290,3,10
1790254291,3,11
1790254292,3,18
1790254293,3,22
1790254294,3,20
1790254295,3,19
1790254296,3,19
1790254297,3,16
1790254298,3,15
1790254299,3,12
1790254300,3,10
1790254301,3,10
1790254302,3,11
1790254303,3,11
1790254304,3,10
1790254305,3,8
1790254306,3,14
1790254307,3,18
1790254308,3,18
1790254309,3,20
1790254310,3,20
1790254311,3,17
1790254312,3,15
1790254313,3,15
1790254314,3,15
1790254315,3,13
1790254316,3,12
1790254317,3,11
1790254318,3,9
1790254319,3,8
1790254320,3,8
1790254321,3,8
1790254322,3,9
1790254323,3,7
1790254324,3,7
1790254325,3,7
1790254326,3,8
1790254327,3,8
1790254328,3,8
1790254329,3,6
1790254330,3,7
1790254331,3,8
1790254332,3,7
1790254333,3,6
1790254334,3,7
1790254335,3,7
1790254336,3,6
1790254337,3,7
1790254338,3,7
1790254339,3,10
1790254340,3,10
1790254341,3,8
1790254342,3,9
1790254343,3,10
1790254344,3,14
1790254345,3,-8
1790254346,3,2
1790254347,3,7
1790254348,3,45
1790254349,3,17
1790254350,3,18
1790254351,3,19
1790254352,3,18
1790254353,3,18
1790254354,3,16
1790254355,3,18
1790254356,3,17
1790254357,3,17
1790254358,3,17
1790254359,3,16
1790254360,3,16
1790254361,3,18
1790254362,3,17
1790254363,3,15
1790254364,3,14
1790254365,3,15
1790254366,3,17
1790254367,3,14
1790254368,3,11
1790254369,3,12
1790254370,3,12
1790254371,3,11
1790254372,3,9
1790254373,3,8
1790254374,3,9
1790254375,3,8
1790254376,3,7
1790254377,3,20
1790254378,3,-331
1790254379,3,-283
1790254380,3,-248
1790254381,3,-219
1790254382,3,-192
1790254383,3,-169
1790254384,3,-148
1790254385,3,-129
1790254386,3,-115
1790254387,3,-103
1790254388,3,-88
1790254389,3,-119
1790254390,3,-82
1790254391,3,-72
1790254392,3,-64
1790254393,3,-48
1790254394,3,12
1790254395,3,-23
1790254396,3,-17
1790254397,3,-15
1790254398,3,-10
1790254399,3,-8
1790254400,3,-8
1790254401,3,-7
1790254402,3,-5
1790254403,3,-2
1790254404,3,-1
1790254405,3,0
1790254406,3,1
1790254407,3,0
1790254408,3,0
1790254409,3,0
1790254410,3,2
1790254411,3,2
1790254412,3,-37
1790254413,3,-12
1790254414,3,-4
1790254415,3,18
1790254416,3,20
1790254417,3,6
1790254418,3,7
1790254419,3,7
1790254420,3,7
1790254421,3,8
1790254422,3,8
1790254423,3,8
1790254424,3,10
1790254425,3,11
1790254426,3,13
1790254427,3,14
1790254428,3,13
1790254429,3,10
1790254430,3,11
1790254431,3,13
1790254432,3,-360
1790254433,3,-299
1790254434,3,-262
1790254435,3,-229
1790254436,3,-201
1790254437,3,-176
1790254438,3,-154
1790254439,3,-136
1790254440,3,-119
1790254441,3,-106
1790254442,3,-92
1790254443,3,-81
1790254444,3,-72
1790254445,3,-250
1790254446,3,-317
1790254447,3,-277
1790254448,3,-244
1790254449,3,-214
1790254450,3,-189
1790254451,3,-167
1790254452,3,-149
1790254453,3,-131
1790254454,3,-115
1790254455,3,-102
1790254456,3,-90
1790254457,3,-78
1790254458,3,-69
1790254459,3,-61
1790254460,3,-54
1790254461,3,-46
1790254462,3,-41
1790254463,3,-34
1790254464,3,-28
1790254465,3,-24
1790254466,3,-20
1790254467,3,-16
1790254468,3,-12
1790254469,3,-10
1790254470,3,-8
1790254471,3,-6
1790254472,3,-5
1790254473,3,-3
1790254474,3,-1
1790254475,3,0
1790254476,3,0
1790254477,3,3
1790254478,3,4
1790254479,3,4
1790254480,3,6
1790254481,3,6
1790254482,3,5
1790254483,3,7
1790254484,3,8
1790254485,3,8
1790254486,3,8
1790254487,3,10
1790254488,3,10
1790254489,3,11
1790254490,3,10
1790254491,3,9
1790254492,3,9
1790254493,3,-42
1790254494,3,-325
1790254495,3,-279
1790254496,3,-243
1790254497,3,-213
1790254498,3,-186
1790254499,3,-162
1790254500,3,-142
1790254501,3,-124
1790254502,3,-109
1790254503,3,-95
1790254504,3,-81
1790254505,3,-71
1790254506,3,-62
1790254507,3,-54
1790254508,3,-45
1790254509,3,-38
1790254510,3,-32
1790254511,3,-28
1790254512,3,-25
1790254513,3,-21
1790254514,3,-16
1790254515,3,-13
1790254516,3,-12
1790254517,3,-8
1790254518,3,-7
1790254519,3,-6
1790254520,3,-4
1790254521,3,-1
1790254522,3,0
1790254523,3,0
1790254524,3,1
1790254525,3,6
1790254526,3,10
1790254527,3,10
1790254528,3,9
1790254529,3,11
1790254530,3,10
1790254531,3,10
1790254532,3,9
1790254533,3,10
1790254534,3,-352
1790254535,3,-295
1790254536,3,-256
1790254537,3,-224
1790254538,3,-196
1790254539,3,-171
1790254540,3,-150
1790254541,3,-131
1790254542,3,-115
1790254543,3,-100
1790254544,3,-89
1790254545,3,-78
1790254546,3,-69
1790254547,3,-61
1790254548,3,-52
1790254549,3,-45
1790254550,3,-40
1790254551,3,-35
1790254552,3,-31
1790254553,3,-28
1790254554,3,-23
1790254555,3,-19
1790254556,3,-16
1790254557,3,-11
1790254558,3,-8
1790254559,3,-8
1790254560,3,-5
1790254561,3,-2
1790254562,3,-1
1790254563,3,1
1790254564,3,4
1790254565,3,4
1790254566,3,3
1790254567,3,3
1790254568,3,5
1790254569,3,5
1790254570,3,4
1790254571,3,4
1790254572,3,7
1790254573,3,7
1790254574,3,8
1790254575,3,8
1790254576,3,10
1790254577,3,11
1790254578,3,11
1790254579,3,12
1790254580,3,11
1790254581,3,13
1790254582,3,14
1790254583,3,14
1790254584,3,14
1790254585,3,14
1790254586,3,14
1790254587,3,12
1790254588,3,13
1790254589,3,13
1790254590,3,13
1790254591,3,13
1790254592,3,13
1790254593,3,12
1790254594,3,11
1790254595,3,11
1790254596,3,11
1790254597,3,11
1790254598,3,11
1790254599,3,12
1790254600,3,13
1790254601,3,12
1790254602,3,11
1790254603,3,10
1790254604,3,10
1790254605,3,10
1790254606,3,9
1790254607,3,8
1790254608,3,9
1790254609,3,8
1790254610,3,9
1790254611,3,8
1790254612,3,8
1790254613,3,8
1790254614,3,7
1790254615,3,7
1790254616,3,7
1790254617,3,7
1790254618,3,9
1790254619,3,9
1790254620,3,7
1790254621,3,8
1790254622,3,8
1790254623,3,9
1790254624,3,8
1790254625,3,8
1790254626,3,8
1790254627,3,7
1790254628,3,7
1790254629,3,8
1790254630,3,9
1790254631,3,9
1790254632,3,9
1790254633,3,9
1790254634,3,8
1790254635,3,10
1790254636,3,9
1790254637,3,8
1790254638,3,2
1790254639,3,-3
1790254640,3,0
1790254641,3,-1
1790254642,3,6
1790254643,3,-8
1790254644,3,1
1790254645,3,45
1790254646,3,22
1790254647,3,17
1790254648,3,16
1790254649,3,15
1790254650,3,15
1790254651,3,15
1790254652,3,13
1790254653,3,11
1790254654,3,12
1790254655,3,12
1790254656,3,10
1790254657,3,0
1790254658,3,1
1790254659,3,4
1790254660,3,19
1790254661,3,12
1790254662,3,30
1790254663,3,9
1790254664,3,8
1790254665,3,7
1790254666,3,12
1790254667,3,11
1790254668,3,11
1790254669,3,11
1790254670,3,12
1790254671,3,11
1790254672,3,11
1790254673,3,11
1790254674,3,11
1790254675,3,11
1790254676,3,11
1790254677,3,11
1790254678,3,11
1790254679,3,10
1790254680,3,10
1790254681,3,10
1790254682,3,10
1790254683,3,10
1790254684,3,10
1790254685,3,10
1790254686,3,10
1790254687,3,9
1790254688,3,10
1790254689,3,9
1790254690,3,10
1790254691,3,10
1790254692,3,10
1790254693,3,10
1790254694,3,10
1790254695,3,11
1790254696,3,10
1790254697,3,9
1790254698,3,11
1790254699,3,10
1790254700,3,9
1790254701,3,10
1790254702,3,11
1790254703,3,10
1790254704,3,10
1790254705,3,10
1790254706,3,11
1790254707,3,12
1790254708,3,8
1790254709,3,7
1790254710,3,7
1790254711,3,8
1790254712,3,8
1790254713,3,8
1790254714,3,9
1790254715,3,11
1790254716,3,13
1790254717,3,13
1790254718,3,14
1790254719,3,15
1790254720,3,16
1790254721,3,17
1790254722,3,18
1790254723,3,17
1790254724,3,16
1790254725,3,16
1790254726,3,16
1790254727,3,14
1790254728,3,14
1790254729,3,15
1790254730,3,14
1790254731,3,14
1790254732,3,13
1790254733,3,12
1790254734,3,13
1790254735,3,12
1790254736,3,10
1790254737,3,1
1790254738,3,3
1790254739,3,0
1790254740,3,21
1790254741,3,18
1790254742,3,16
1790254743,3,15
1790254744,3,14
1790254745,3,14
1790254746,3,13
1790254747,3,14
1790254748,3,13
1790254749,3,14
1790254750,3,14
1790254751,3,14
1790254752,3,15
1790254753,3,21
1790254754,3,13
1790254755,3,12
1790254756,3,15
1790254757,3,14
1790254758,3,10
1790254759,3,9
1790254760,3,12
1790254761,3,13
1790254762,3,12
1790254763,3,12
1790254764,3,12
1790254765,3,11
1790254766,3,11
1790254767,3,11
1790254768,3,13
1790254769,3,13
1790254770,3,11
1790254771,3,11
1790254772,3,11
1790254773,3,10
1790254774,3,11
1790254775,3,11
1790254776,3,11
1790254777,3,11
1790254778,3,11
1790254779,3,10
1790254780,3,11
1790254781,3,10
1790254782,3,10
1790254783,3,11
1790254784,3,11
1790254785,3,12
1790254786,3,11
1790254787,3,11
1790254788,3,10
1790254789,3,10
1790254790,3,10
1790254791,3,10
1790254792,3,9
1790254793,3,9
1790254794,3,9
1790254795,3,10
1790254796,3,-14
1790254797,3,-3
1790254798,3,6
1790254799,3,21
1790254800,3,13
1790254801,3,15
1790254802,3,14
1790254803,3,11
1790254804,3,9
1790254805,3,8
1790254806,3,9
1790254807,3,8
1790254808,3,6
1790254809,3,6
1790254810,3,6
1790254811,3,7
1790254812,3,6
1790254813,3,5
1790254814,3,3
1790254815,3,3
1790254816,3,4
1790254817,3,4
1790254818,3,1
1790254819,3,6
1790254820,3,6
1790254821,3,4
1790254822,3,4
1790254823,3,5
1790254824,3,5
1790254825,3,4
1790254826,3,4
1790254827,3,4
1790254828,3,4
1790254829,3,7
1790254830,3,8
1790254831,3,7
1790254832,3,4
1790254833,3,5
1790254834,3,6
1790254835,3,7
1790254836,3,6
1790254837,3,6
1790254838,3,6
1790254839,3,6
1790254840,3,7
1790254841,3,8
1790254842,3,9
1790254843,3,8
1790254844,3,7
1790254845,3,7
1790254846,3,8
1790254847,3,27
1790254848,3,-331
1790254849,3,-284
1790254850,3,-248
1790254851,3,-216
1790254852,3,-188
1790254853,3,-166
1790254854,3,-146
1790254855,3,-127
1790254856,3,-111
1790254857,3,-98
1790254858,3,-85
1790254859,3,-72
1790254860,3,-63
1790254861,3,-54
1790254862,3,-48
1790254863,3,-41
1790254864,3,-35
1790254865,3,-31
1790254866,3,-26
1790254867,3,-22
1790254868,3,-18
1790254869,3,-14
1790254870,3,-13
1790254871,3,-11
1790254872,3,-8
1790254873,3,-6
1790254874,3,-4
1790254875,3,-2
1790254876,3,-2
1790254877,3,0
1790254878,3,1
1790254879,3,2
1790254880,3,2
1790254881,3,3
1790254882,3,3
1790254883,3,4
1790254884,3,5
1790254885,3,7
1790254886,3,7
1790254887,3,8
1790254888,3,7
1790254889,3,8
1790254890,3,8
1790254891,3,9
1790254892,3,9
1790254893,3,-355
1790254894,3,-296
1790254895,3,-258
1790254896,3,-225
1790254897,3,-196
1790254898,3,-172
1790254899,3,-150
1790254900,3,-132
1790254901,3,-116
1790254902,3,-101
1790254903,3,-88
1790254904,3,-77
1790254905,3,-67
1790254906,3,-51
1790254907,3,-52
1790254908,3,-47
1790254909,3,-46
1790254910,3,-32
1790254911,3,-15
1790254912,3,-27
1790254913,3,-21
1790254914,3,-17
1790254915,3,-15
1790254916,3,-11
1790254917,3,-8
1790254918,3,-6
1790254919,3,-5
1790254920,3,-4
1790254921,3,-3
1790254922,3,-2
1790254923,3,0
1790254924,3,2
1790254925,3,1
1790254926,3,0
1790254927,3,3
1790254928,3,-4
1790254929,3,-11
1790254930,3,-4
1790254931,3,-18
1790254932,3,14
1790254933,3,11
1790254934,3,11
1790254935,3,12
1790254936,3,12
1790254937,3,10
1790254938,3,9
1790254939,3,9
1790254940,3,10
1790254941,3,10
1790254942,3,11
1790254943,3,11
1790254944,3,12
1790254945,3,12
1790254946,3,12
1790254947,3,11
1790254948,3,11
1790254949,3,11
1790254950,3,-355
1790254951,3,-296
1790254952,3,-258
1790254953,3,-224
1790254954,3,-196
1790254955,3,-172
1790254956,3,-150
1790254957,3,-132
1790254958,3,-117
1790254959,3,-101
1790254960,3,-89
1790254961,3,-77
1790254962,3,-67
1790254963,3,-59
1790254964,3,-51
1790254965,3,-44
1790254966,3,-38
1790254967,3,-31
1790254968,3,-27
1790254969,3,-25
1790254970,3,-21
1790254971,3,-16
1790254972,3,-12
1790254973,3,-10
1790254974,3,-7
1790254975,3,-5
1790254976,3,-2
1790254977,3,-2
1790254978,3,0
1790254979,3,0
1790254980,3,3
1790254981,3,6
1790254982,3,6
1790254983,3,6
1790254984,3,7
1790254985,3,7
1790254986,3,8
1790254987,3,11
1790254988,3,11
1790254989,3,10
1790254990,3,11
1790254991,3,12
1790254992,3,11
1790254993,3,13
1790254994,3,14
1790254995,3,13
1790254996,3,11
1790254997,3,10
1790254998,3,10
1790254999,3,9
1790255000,3,10
1790255001,3,9
1790255002,3,9
1790255003,3,9
1790255004,3,7
1790255005,3,-329
1790255006,3,-284
1790255007,3,-246
1790255008,3,-216
1790255009,3,-188
1790255010,3,-164
1790255011,3,-143
1790255012,3,-128
1790255013,3,-111
1790255014,3,-97
1790255015,3,-86
1790255016,3,-75
1790255017,3,-65
1790255018,3,-57
1790255019,3,-50
1790255020,3,-43
1790255021,3,-36
1790255022,3,-31
1790255023,3,-26
1790255024,3,-23
1790255025,3,-18
1790255026,3,-12
1790255027,3,-10
1790255028,3,-5
1790255029,3,-1
1790255030,3,-2
1790255031,3,-1
1790255032,3,1
1790255033,3,1
1790255034,3,3
1790255035,3,4
1790255036,3,6
1790255037,3,7
1790255038,3,7
1790255039,3,8
1790255040,3,9
1790255041,3,9
1790255042,3,9
1790255043,3,10
1790255044,3,10
1790255045,3,10
1790255046,3,11
1790255047,3,11
1790255048,3,10
1790255049,3,10
1790255050,3,10
1790255051,3,10
1790255052,3,10
1790255053,3,11
1790255054,3,10
1790255055,3,9
1790255056,3,10
1790255057,3,10
1790255058,3,10
1790255059,3,10
1790255060,3,10
1790255061,3,9
1790255062,3,8
1790255063,3,8
1790255064,3,7
1790255065,3,8
1790255066,3,9
1790255067,3,10
1790255068,3,10
1790255069,3,9
1790255070,3,9
1790255071,3,8
1790255072,3,8
1790255073,3,7
1790255074,3,8
1790255075,3,8
1790255076,3,7
1790255077,3,6
1790255078,3,7
1790255079,3,8
1790255080,3,7
1790255081,3,8
1790255082,3,7
1790255083,3,8
1790255084,3,8
1790255085,3,8
1790255086,3,8
1790255087,3,7
1790255088,3,6
1790255089,3,6
1790255090,3,7
1790255091,3,8
1790255092,3,7
1790255093,3,7
1790255094,3,6
1790255095,3,7
1790255096,3,8
1790255097,3,12
1790255098,3,13
1790255099,3,11
1790255100,3,11
1790255101,3,11
1790255102,3,9
1790255103,3,9
1790255104,3,10
1790255105,3,10
1790255106,3,12
1790255107,3,12
1790255108,3,-339
1790255109,3,-287
1790255110,3,-249
1790255111,3,-218
1790255112,3,-190
1790255113,3,-166
1790255114,3,-145
1790255115,3,-125
1790255116,3,-110
1790255117,3,-96
1790255118,3,-84
1790255119,3,-73
1790255120,3,-63
1790255121,3,-54
1790255122,3,-48
1790255123,3,-42
1790255124,3,-36
1790255125,3,-29
1790255126,3,-25
1790255127,3,-21
1790255128,3,-18
1790255129,3,-15
1790255130,3,-12
1790255131,3,-11
1790255132,3,-8
1790255133,3,-5
1790255134,3,-4
1790255135,3,-3
1790255136,3,-2
1790255137,3,-2
1790255138,3,0
1790255139,3,0
1790255140,3,1
1790255141,3,2
1790255142,3,4
1790255143,3,4
1790255144,3,5
1790255145,3,5
1790255146,3,7
1790255147,3,7
1790255148,3,6
1790255149,3,6
1790255150,3,7
1790255151,3,7
1790255152,3,8
1790255153,3,7
1790255154,3,8
1790255155,3,8
1790255156,3,7
1790255157,3,7
1790255158,3,8
1790255159,3,8
1790255160,3,8
1790255161,3,8
1790255162,3,8
1790255163,3,8
1790255164,3,8
1790255165,3,8
1790255166,3,8
1790255167,3,8
1790255168,3,9
1790255169,3,8
1790255170,3,8
1790255171,3,8
1790255172,3,7
1790255173,3,8
1790255174,3,9
1790255175,3,9
1790255176,3,8
1790255177,3,7
1790255178,3,7
1790255179,3,7
1790255180,3,7
1790255181,3,8
1790255182,3,7
1790255183,3,8
1790255184,3,8
1790255185,3,9
1790255186,3,10
1790255187,3,9
1790255188,3,8
1790255189,3,10
1790255190,3,10
1790255191,3,10
1790255192,3,10
1790255193,3,10
1790255194,3,11
1790255195,3,11
1790255196,3,12
1790255197,3,12
1790255198,3,11
1790255199,3,12
1790255200,3,12
1790255201,3,13
1790255202,3,11
1790255203,3,11
1790255204,3,11
1790255205,3,13
1790255206,3,12
1790255207,3,12
1790255208,3,11
1790255209,3,10
1790255210,3,10
1790255211,3,11
1790255212,3,11
1790255213,3,11
1790255214,3,9
1790255215,3,8
1790255216,3,9
1790255217,3,9
1790255218,3,9
1790255219,3,8
1790255220,3,8
1790255221,3,-361
1790255222,3,-294
1790255223,3,-256
1790255224,3,-223
1790255225,3,-192
1790255226,3,-172
1790255227,3,-151
1790255228,3,-132
1790255229,3,-115
1790255230,3,-100
1790255231,3,-89
1790255232,3,-75
1790255233,3,-65
1790255234,3,-58
1790255235,3,-50
1790255236,3,-43
1790255237,3,-38
1790255238,3,-207
1790255239,3,-320
1790255240,3,-254
1790255241,3,-259
1790255242,3,-224
1790255243,3,-197
1790255244,3,-173
1790255245,3,-131
1790255246,3,-118
1790255247,3,-105
1790255248,3,-91
1790255249,3,-78
1790255250,3,-62
1790255251,3,-54
1790255252,3,-49
1790255253,3,-42
1790255254,3,-37
1790255255,3,-32
1790255256,3,-27
1790255257,3,-24
1790255258,3,-20
1790255259,3,-17
1790255260,3,-13
1790255261,3,-355
1790255262,3,-311
1790255263,3,-278
1790255264,3,-251
1790255265,3,-215
1790255266,3,-148
1790255267,3,-154
1790255268,3,-135
1790255269,3,-118
1790255270,3,-103
1790255271,3,-90
1790255272,3,-76
1790255273,3,-62
1790255274,3,-51
1790255275,3,-45
1790255276,3,-39
1790255277,3,-31
1790255278,3,-27
1790255279,3,-25
1790255280,3,-22
1790255281,3,-18
1790255282,3,-13
1790255283,3,-11
1790255284,3,0
1790255285,3,-339
1790255286,3,-289
1790255287,3,-250
1790255288,3,-217
1790255289,3,-190
1790255290,3,-166
1790255291,3,-146
1790255292,3,-127
1790255293,3,-111
1790255294,3,-98
1790255295,3,-85
1790255296,3,-73
1790255297,3,-63
1790255298,3,-55
1790255299,3,-48
1790255300,3,-42
1790255301,3,-39
1790255302,3,-34
1790255303,3,-27
1790255304,3,-23
1790255305,3,-20
1790255306,3,-19
1790255307,3,-18
1790255308,3,-367
1790255309,3,-282
1790255310,3,-248
1790255311,3,-218
1790255312,3,-192
1790255313,3,-169
1790255314,3,-151
1790255315,3,-134
1790255316,3,-118
1790255317,3,-104
1790255318,3,-92
1790255319,3,-82
1790255320,3,-72
1790255321,3,-65
1790255322,3,-57
1790255323,3,-50
1790255324,3,-46
1790255325,3,-41
1790255326,3,-36
1790255327,3,-33
1790255328,3,-29
1790255329,3,-25
1790255330,3,-21
1790255331,3,-16
1790255332,3,-11
1790255333,3,-6
1790255334,3,-2
1790255335,3,0
1790255336,3,0
1790255337,3,1
1790255338,3,3
1790255339,3,6
1790255340,3,6
1790255341,3,7
1790255342,3,8
1790255343,3,9
1790255344,3,11
1790255345,3,12
1790255346,3,13
1790255347,3,13
1790255348,3,13
1790255349,3,16
1790255350,3,16
1790255351,3,16
1790255352,3,17
1790255353,3,18
1790255354,3,18
1790255355,3,18
1790255356,3,19
1790255357,3,19
1790255358,3,20
1790255359,3,20
1790255360,3,19
1790255361,3,18
1790255362,3,18
1790255363,3,18
1790255364,3,17
1790255365,3,16
1790255366,3,16
1790255367,3,15
1790255368,3,15
1790255369,3,13
1790255370,3,13
1790255371,3,13
1790255372,3,13
1790255373,3,-353
1790255374,3,-295
1790255375,3,-256
1790255376,3,-224
1790255377,3,-198
1790255378,3,-173
1790255379,3,-152
1790255380,3,-134
1790255381,3,-119
1790255382,3,-105
1790255383,3,-92
1790255384,3,-81
1790255385,3,-72
1790255386,3,-64
1790255387,3,-56
1790255388,3,-48
1790255389,3,-41
1790255390,3,-36
1790255391,3,-31
1790255392,3,-27
1790255393,3,-24
1790255394,3,-20
1790255395,3,-16
1790255396,3,-388
1790255397,3,-309
1790255398,3,-268
1790255399,3,-225
1790255400,3,-215
1790255401,3,-190
1790255402,3,-166
1790255403,3,-144
1790255404,3,-128
1790255405,3,-114
1790255406,3,-78
1790255407,3,-71
1790255408,3,-62
1790255409,3,-56
1790255410,3,-49
1790255411,3,-42
1790255412,3,-36
1790255413,3,-29
1790255414,3,-24
1790255415,3,-20
1790255416,3,-17
1790255417,3,-15
1790255418,3,-11
1790255419,3,-126
1790255420,3,-323
1790255421,3,-279
1790255422,3,-242
1790255423,3,-213
1790255424,3,-188
1790255425,3,-169
1790255426,3,-141
1790255427,3,-125
1790255428,3,-110
1790255429,3,-96
1790255430,3,-85
1790255431,3,-74
1790255432,3,-64
1790255433,3,-54
1790255434,3,-47
1790255435,3,-40
1790255436,3,-35
1790255437,3,-31
1790255438,3,-25
1790255439,3,-22
1790255440,3,-17
1790255441,3,-14
1790255442,3,35
1790255443,3,-334
1790255444,3,-286
1790255445,3,-249
1790255446,3,-218
1790255447,3,-192
1790255448,3,-170
1790255449,3,-147
1790255450,3,-130
1790255451,3,-112
1790255452,3,-99
1790255453,3,-86
1790255454,3,-71
1790255455,3,-66
1790255456,3,-59
1790255457,3,-51
1790255458,3,-51
1790255459,3,-35
1790255460,3,-31
1790255461,3,-26
1790255462,3,-20
1790255463,3,8
1790255464,3,-27
1790255465,3,-23
1790255466,3,-23
1790255467,3,-28
1790255468,3,-332
1790255469,3,-287
1790255470,3,-251
1790255471,3,-219
1790255472,3,-192
1790255473,3,-169
1790255474,3,-148
1790255475,3,-130
1790255476,3,-113
1790255477,3,-100
1790255478,3,-90
1790255479,3,-65
1790255480,3,-69
1790255481,3,-62
1790255482,3,-52
1790255483,3,-45
1790255484,3,-38
1790255485,3,-34
1790255486,3,-29
1790255487,3,-25
1790255488,3,-21
1790255489,3,-18
1790255490,3,-14
1790255491,3,-12
1790255492,3,-126
1790255493,3,-323
1790255494,3,-279
1790255495,3,-245
1790255496,3,-214
1790255497,3,-187
1790255498,3,-163
1790255499,3,-142
1790255500,3,-125
1790255501,3,-109
1790255502,3,-96
1790255503,3,-83
1790255504,3,-69
1790255505,3,-66
1790255506,3,-56
1790255507,3,-47
1790255508,3,-40
1790255509,3,-41
1790255510,3,-26
1790255511,3,-23
1790255512,3,-19
1790255513,3,-16
1790255514,3,-14
1790255515,3,-10
1790255516,3,-8
1790255517,3,-7
1790255518,3,-347
1790255519,3,-293
1790255520,3,-256
1790255521,3,-225
1790255522,3,-198
1790255523,3,-176
1790255524,3,-152
1790255525,3,-134
1790255526,3,-119
1790255527,3,-103
1790255528,3,-93
1790255529,3,-64
1790255530,3,-73
1790255531,3,-65
1790255532,3,-58
1790255533,3,-51
1790255534,3,-45
1790255535,3,-48
1790255536,3,-33
1790255537,3,-28
1790255538,3,-24
1790255539,3,-22
1790255540,3,-17
1790255541,3,-14
1790255542,3,-165
1790255543,3,-321
1790255544,3,-251
1790255545,3,-261
1790255546,3,-224
1790255547,3,-196
1790255548,3,-178
1790255549,3,-134
1790255550,3,-122
1790255551,3,-107
1790255552,3,-95
1790255553,3,-83
1790255554,3,-73
1790255555,3,-47
1790255556,3,-73
1790255557,3,-63
1790255558,3,-55
1790255559,3,-48
1790255560,3,-40
1790255561,3,-40
1790255562,3,-3
1790255563,3,-7
1790255564,3,-1
1790255565,3,-8
1790255566,3,-2
1790255567,3,-365
1790255568,3,-302
1790255569,3,-269
1790255570,3,-217
1790255571,3,-199
1790255572,3,-172
1790255573,3,-150
1790255574,3,-135
1790255575,3,-113
1790255576,3,-98
1790255577,3,-83
1790255578,3,-40
1790255579,3,-76
1790255580,3,-64
1790255581,3,-55
1790255582,3,-58
1790255583,3,-23
1790255584,3,-21
1790255585,3,-20
1790255586,3,-18
1790255587,3,-8
1790255588,3,-9
1790255589,3,-8
1790255590,3,-6
1790255591,3,-5
1790255592,3,-1
1790255593,3,-26
1790255594,3,-329
1790255595,3,-283
1790255596,3,-247
1790255597,3,-225
1790255598,3,-188
1790255599,3,-165
1790255600,3,-145
1790255601,3,-122
1790255602,3,-110
1790255603,3,-97
1790255604,3,-85
1790255605,3,-75
1790255606,3,-66
1790255607,3,-59
1790255608,3,-51
1790255609,3,-45
1790255610,3,-39
1790255611,3,-33
1790255612,3,-29
1790255613,3,-24
1790255614,3,-22
1790255615,3,-19
1790255616,3,-15
1790255617,3,-13
1790255618,3,-9
1790255619,3,-388
1790255620,3,-307
1790255621,3,-266
1790255622,3,-232
1790255623,3,-202
1790255624,3,-177
1790255625,3,-155
1790255626,3,-137
1790255627,3,-119
1790255628,3,-105
1790255629,3,-92
1790255630,3,-78
1790255631,3,-69
1790255632,3,-60
1790255633,3,-52
1790255634,3,-46
1790255635,3,-36
1790255636,3,-32
1790255637,3,-28
1790255638,3,-22
1790255639,3,-19
1790255640,3,-17
1790255641,3,-13
1790255642,3,-9
1790255643,3,-6
1790255644,3,-5
1790255645,3,-2
1790255646,3,0
1790255647,3,0
1790255648,3,2
1790255649,3,2
1790255650,3,3
1790255651,3,6
1790255652,3,9
1790255653,3,10
1790255654,3,8
1790255655,3,7
1790255656,3,1
1790255657,3,9
1790255658,3,9
1790255659,3,7
1790255660,3,8
1790255661,3,7
1790255662,3,6
1790255663,3,5
1790255664,3,7
1790255665,3,5
1790255666,3,3
1790255667,3,-3
1790255668,3,7
1790255669,3,8
1790255670,3,6
1790255671,3,6
1790255672,3,7
1790255673,3,9
1790255674,3,9
1790255675,3,7
1790255676,3,8
1790255677,3,10
1790255678,3,9
1790255679,3,8
1790255680,3,8
1790255681,3,9
1790255682,3,9
1790255683,3,9
1790255684,3,7
1790255685,3,9
1790255686,3,9
1790255687,3,8
1790255688,3,7
1790255689,3,6
1790255690,3,6
1790255691,3,6
1790255692,3,6
1790255693,3,7
1790255694,3,6
1790255695,3,6
1790255696,3,7
1790255697,3,7
1790255698,3,8
1790255699,3,7
1790255700,3,7
1790255701,3,6
1790255702,3,7
1790255703,3,6
1790255704,3,8
1790255705,3,11
1790255706,3,8
1790255707,3,7
1790255708,3,8
1790255709,3,8
1790255710,3,6
1790255711,3,7
1790255712,3,8
1790255713,3,10
1790255714,3,8
1790255715,3,9
1790255716,3,11
1790255717,3,11
1790255718,3,10
1790255719,3,10
1790255720,3,10
1790255721,3,13
1790255722,3,15
1790255723,3,16
1790255724,3,16
1790255725,3,16
1790255726,3,16
1790255727,3,17
1790255728,3,19
1790255729,3,17
1790255730,3,18
1790255731,3,19
1790255732,3,19
1790255733,3,17
1790255734,3,17
1790255735,3,16
1790255736,3,18
1790255737,3,17
1790255738,3,-296
1790255739,3,-313
1790255740,3,-270
1790255741,3,-236
1790255742,3,-206
1790255743,3,-180
1790255744,3,-157
1790255745,3,-137
1790255746,3,-122
1790255747,3,-108
1790255748,3,-95
1790255749,3,-81
1790255750,3,-70
1790255751,3,-63
1790255752,3,-53
1790255753,3,-44
1790255754,3,-39
1790255755,3,-35
1790255756,3,-30
1790255757,3,-25
1790255758,3,-22
1790255759,3,-18
1790255760,3,-15
1790255761,3,-12
1790255762,3,-10
1790255763,3,-9
1790255764,3,-8
1790255765,3,-6
1790255766,3,-5
1790255767,3,-3
1790255768,3,0
1790255769,3,0
1790255770,3,-1
1790255771,3,-2
1790255772,3,-1
1790255773,3,0
1790255774,3,2
1790255775,3,3
1790255776,3,1
1790255777,3,0
1790255778,3,2
1790255779,3,2
1790255780,3,1
1790255781,3,2
1790255782,3,2
1790255783,3,3
1790255784,3,3
1790255785,3,5
1790255786,3,4
1790255787,3,6
1790255788,3,6
1790255789,3,7
1790255790,3,8
1790255791,3,11
1790255792,3,12
1790255793,3,12
1790255794,3,14
1790255795,3,15
1790255796,3,13
1790255797,3,14
1790255798,3,14
1790255799,3,13
1790255800,3,14
1790255801,3,14
1790255802,3,14
1790255803,3,14
1790255804,3,13
1790255805,3,12
1790255806,3,10
1790255807,3,13
1790255808,3,12
1790255809,3,9
1790255810,3,7
1790255811,3,9
1790255812,3,8
1790255813,3,9
1790255814,3,9
1790255815,3,8
1790255816,3,8
1790255817,3,9
1790255818,3,10
1790255819,3,10
1790255820,3,10
1790255821,3,10
1790255822,3,11
1790255823,3,11
1790255824,3,13
1790255825,3,12
1790255826,3,11
1790255827,3,13
1790255828,3,14
1790255829,3,13
1790255830,3,13
1790255831,3,13
1790255832,3,13
1790255833,3,14
1790255834,3,13
1790255835,3,13
1790255836,3,12
1790255837,3,12
1790255838,3,12
1790255839,3,11
1790255840,3,11
1790255841,3,13
1790255842,3,12
1790255843,3,10
1790255844,3,9
1790255845,3,8
1790255846,3,9
1790255847,3,10
1790255848,3,10
1790255849,3,10
1790255850,3,9
1790255851,3,8
1790255852,3,9
1790255853,3,9
1790255854,3,9
1790255855,3,9
1790255856,3,10
1790255857,3,10
1790255858,3,11
1790255859,3,11
1790255860,3,16
1790255861,3,9
1790255862,3,8
1790255863,3,12
1790255864,3,10
1790255865,3,12
1790255866,3,8
1790255867,3,9
1790255868,3,9
1790255869,3,9
1790255870,3,2
1790255871,3,11
1790255872,3,13
1790255873,3,12
1790255874,3,11
1790255875,3,13
1790255876,3,10
1790255877,3,10
1790255878,3,11
1790255879,3,10
1790255880,3,9
1790255881,3,10
1790255882,3,12
1790255883,3,10
1790255884,3,8
1790255885,3,7
1790255886,3,6
1790255887,3,7
1790255888,3,8
1790255889,3,9
1790255890,3,7
1790255891,3,7
1790255892,3,6
1790255893,3,6
1790255894,3,6
1790255895,3,6
1790255896,3,7
1790255897,3,7
1790255898,3,6
1790255899,3,6
1790255900,3,7
1790255901,3,8
1790255902,3,9
1790255903,3,8
1790255904,3,8
1790255905,3,9
1790255906,3,9
1790255907,3,9
1790255908,3,11
1790255909,3,12
1790255910,3,11
1790255911,3,11
1790255912,3,11
1790255913,3,10
1790255914,3,11
1790255915,3,11
1790255916,3,11
1790255917,3,11
1790255918,3,9
1790255919,3,9
1790255920,3,9
1790255921,3,10
1790255922,3,9
1790255923,3,10
1790255924,3,10
1790255925,3,8
1790255926,3,8
1790255927,3,9
1790255928,3,9
1790255929,3,9
1790255930,3,9
1790255931,3,9
1790255932,3,8
1790255933,3,9
1790255934,3,10
1790255935,3,10
1790255936,3,8
1790255937,3,8
1790255938,3,9
1790255939,3,10
1790255940,3,9
1790255941,3,9
1790255942,3,12
1790255943,3,10
1790255944,3,9
1790255945,3,10
1790255946,3,8
1790255947,3,8
1790255948,3,9
1790255949,3,10
1790255950,3,10
1790255951,3,10
1790255952,3,9
1790255953,3,9
1790255954,3,10
1790255955,3,10
1790255956,3,10
1790255957,3,9
1790255958,3,9
1790255959,3,9
1790255960,3,9
1790255961,3,8
1790255962,3,8
1790255963,3,10
1790255964,3,9
1790255965,3,8
1790255966,3,10
1790255967,3,9
1790255968,3,10
1790255969,3,10
1790255970,3,9
1790255971,3,8
1790255972,3,9
1790255973,3,9
1790255974,3,9
1790255975,3,8
1790255976,3,9
1790255977,3,9
1790255978,3,9
1790255979,3,9
1790255980,3,11
1790255981,3,8
1790255982,3,7
1790255983,3,9
1790255984,3,9
1790255985,3,9
1790255986,3,10
1790255987,3,9
1790255988,3,10
1790255989,3,12
1790255990,3,12
1790255991,3,13
1790255992,3,13
1790255993,3,16
1790255994,3,16
1790255995,3,15
1790255996,3,15
1790255997,3,13
1790255998,3,16
1790255999,3,16
1790256000,3,16
1790256001,3,16
1790256002,3,15
1790256003,3,14
1790256004,3,14
1790256005,3,15
1790256006,3,16
1790256007,3,15
1790256008,3,12
1790256009,3,13
1790256010,3,11
1790256011,3,11
1790256012,3,9
1790256013,3,8
1790256014,3,8
1790256015,3,8
1790256016,3,14
1790256017,3,15
1790256018,3,14
1790256019,3,14
1790256020,3,14
1790256021,3,16
1790256022,3,16
1790256023,3,17
1790256024,3,19
1790256025,3,19
1790256026,3,20
1790256027,3,19
1790256028,3,18
1790256029,3,18
1790256030,3,18
1790256031,3,17
1790256032,3,15
1790256033,3,17
1790256034,3,16
1790256035,3,13
1790256036,3,11
1790256037,3,11
1790256038,3,11
1790256039,3,11
1790256040,3,10
1790256041,3,9
1790256042,3,9
1790256043,3,9
1790256044,3,8
1790256045,3,8
1790256046,3,8
1790256047,3,8
1790256048,3,8
1790256049,3,7
1790256050,3,8
1790256051,3,7
1790256052,3,7
1790256053,3,6
1790256054,3,5
1790256055,3,6
1790256056,3,6
1790256057,3,5
1790256058,3,3
1790256059,3,4
1790256060,3,5
1790256061,3,3
1790256062,3,3
1790256063,3,2
1790256064,3,2
1790256065,3,4
1790256066,3,5
1790256067,3,3
1790256068,3,3
1790256069,3,6
1790256070,3,8
1790256071,3,6
1790256072,3,7
1790256073,3,7
1790256074,3,7
1790256075,3,8
1790256076,3,9
1790256077,3,10
1790256078,3,10
1790256079,3,10
1790256080,3,10
1790256081,3,11
1790256082,3,13
1790256083,3,12
1790256084,3,13
1790256085,3,13
1790256086,3,12
1790256087,3,10
1790256088,3,12
1790256089,3,15
1790256090,3,13
1790256091,3,16
1790256092,3,16
1790256093,3,15
1790256094,3,15
1790256095,3,15
1790256096,3,13
1790256097,3,13
1790256098,3,15
1790256099,3,13
1790256100,3,13
1790256101,3,12
1790256102,3,11
1790256103,3,12
1790256104,3,13
1790256105,3,12
1790256106,3,11
1790256107,3,12
1790256108,3,11
1790256109,3,10
1790256110,3,9
1790256111,3,9
1790256112,3,8
1790256113,3,12
1790256114,3,12
1790256115,3,8
1790256116,3,7
1790256117,3,8
1790256118,3,8
1790256119,3,9
1790256120,3,9
1790256121,3,10
1790256122,3,9
1790256123,3,10
1790256124,3,9
1790256125,3,10
1790256126,3,11
1790256127,3,12
1790256128,3,10
1790256129,3,9
1790256130,3,9
1790256131,3,10
1790256132,3,9
1790256133,3,8
1790256134,3,8
1790256135,3,8
1790256136,3,8
1790256137,3,8
1790256138,3,7
1790256139,3,8
1790256140,3,6
1790256141,3,7
1790256142,3,8
1790256143,3,7
1790256144,3,6
1790256145,3,6
1790256146,3,4
1790256147,3,4
1790256148,3,6
1790256149,3,8
1790256150,3,8
1790256151,3,7
1790256152,3,7
1790256153,3,8
1790256154,3,9
1790256155,3,7
1790256156,3,7
1790256157,3,9
1790256158,3,10
1790256159,3,9
1790256160,3,10
1790256161,3,8
1790256162,3,9
1790256163,3,9
1790256164,3,8
1790256165,3,8
1790256166,3,8
1790256167,3,8
1790256168,3,8
1790256169,3,8
1790256170,3,8
1790256171,3,8
1790256172,3,8
1790256173,3,8
1790256174,3,9
1790256175,3,9
1790256176,3,8
1790256177,3,8
1790256178,3,10
1790256179,3,11
1790256180,3,11
1790256181,3,10
1790256182,3,11
1790256183,3,11
1790256184,3,11
1790256185,3,12
1790256186,3,13
1790256187,3,12
1790256188,3,12
1790256189,3,12
1790256190,3,13
1790256191,3,11
1790256192,3,12
1790256193,3,11
1790256194,3,9
1790256195,3,10
1790256196,3,12
1790256197,3,12
1790256198,3,10
1790256199,3,10
1790256200,3,12
1790256201,3,11
1790256202,3,10
1790256203,3,10
1790256204,3,7
1790256205,3,7
1790256206,3,8
1790256207,3,8
1790256208,3,9
1790256209,3,10
1790256210,3,11
1790256211,3,13
1790256212,3,13
1790256213,3,13
1790256214,3,14
1790256215,3,14
1790256216,3,14
1790256217,3,15
1790256218,3,13
1790256219,3,13
1790256220,3,-387
1790256221,3,-304
1790256222,3,-265
1790256223,3,-230
1790256224,3,-200
1790256225,3,-175
1790256226,3,-156
1790256227,3,-139
1790256228,3,-121
1790256229,3,-107
1790256230,3,-90
1790256231,3,-78
1790256232,3,-70
1790256233,3,-61
1790256234,3,-53
1790256235,3,-46
1790256236,3,-39
1790256237,3,-33
1790256238,3,-26
1790256239,3,-23
1790256240,3,-19
1790256241,3,-15
1790256242,3,-13
1790256243,3,-12
1790256244,3,-9
1790256245,3,-7
1790256246,3,-6
1790256247,3,-3
1790256248,3,-1
1790256249,3,-2
1790256250,3,-2
1790256251,3,-1
1790256252,3,0
1790256253,3,0
1790256254,3,1
1790256255,3,2
1790256256,3,2
1790256257,3,3
1790256258,3,2
1790256259,3,2
1790256260,3,2
1790256261,3,3
1790256262,3,3
1790256263,3,3
1790256264,3,3
1790256265,3,3
1790256266,3,5
1790256267,3,3
1790256268,3,4
1790256269,3,6
1790256270,3,5
1790256271,3,5
1790256272,3,5
1790256273,3,6
1790256274,3,6
1790256275,3,6
1790256276,3,7
1790256277,3,7
1790256278,3,7
1790256279,3,8
1790256280,3,9
1790256281,3,8
1790256282,3,9
1790256283,3,8
1790256284,3,9
1790256285,3,11
1790256286,3,11
1790256287,3,11
1790256288,3,11
1790256289,3,11
1790256290,3,12
1790256291,3,12
1790256292,3,12
1790256293,3,12
1790256294,3,12
1790256295,3,11
1790256296,3,11
1790256297,3,11
1790256298,3,13
1790256299,3,12
1790256300,3,12
1790256301,3,12
1790256302,3,11
1790256303,3,12
1790256304,3,11
1790256305,3,10
1790256306,3,9
1790256307,3,9
1790256308,3,10
1790256309,3,7
1790256310,3,8
1790256311,3,9
1790256312,3,9
1790256313,3,9
1790256314,3,8
1790256315,3,9
1790256316,3,9
1790256317,3,9
1790256318,3,9
1790256319,3,9
1790256320,3,9
1790256321,3,10
1790256322,3,11
1790256323,3,11
1790256324,3,9
1790256325,3,10
1790256326,3,9
1790256327,3,9
1790256328,3,10
1790256329,3,9
1790256330,3,10
1790256331,3,11
1790256332,3,9
1790256333,3,8
1790256334,3,8
1790256335,3,7
1790256336,3,8
1790256337,3,11
1790256338,3,11
1790256339,3,7
1790256340,3,8
1790256341,3,8
1790256342,3,11
1790256343,3,10
1790256344,3,8
1790256345,3,6
1790256346,3,7
1790256347,3,7
1790256348,3,8
1790256349,3,8
1790256350,3,9
1790256351,3,8
1790256352,3,8
1790256353,3,9
1790256354,3,8
1790256355,3,8
1790256356,3,8
1790256357,3,9
1790256358,3,10
1790256359,3,8
1790256360,3,7
1790256361,3,8
1790256362,3,9
1790256363,3,-23
1790256364,3,-3
1790256365,3,34
1790256366,3,11
1790256367,3,10
1790256368,3,10
1790256369,3,10
1790256370,3,11
1790256371,3,12
1790256372,3,10
1790256373,3,9
1790256374,3,8
1790256375,3,8
1790256376,3,10
1790256377,3,9
1790256378,3,9
1790256379,3,8
1790256380,3,8
1790256381,3,8
1790256382,3,10
1790256383,3,9
1790256384,3,8
1790256385,3,7
1790256386,3,7
1790256387,3,8
1790256388,3,9
1790256389,3,9
1790256390,3,36
1790256391,3,-5
1790256392,3,-3
1790256393,3,-5
1790256394,3,18
1790256395,3,14
1790256396,3,12
1790256397,3,10
1790256398,3,11
1790256399,3,11
1790256400,3,11
1790256401,3,11
1790256402,3,11
1790256403,3,9
1790256404,3,11
1790256405,3,10
1790256406,3,10
1790256407,3,9
1790256408,3,10
1790256409,3,11
1790256410,3,11
1790256411,3,5
1790256412,3,13
1790256413,3,12
1790256414,3,12
1790256415,3,21
1790256416,3,12
1790256417,3,12
1790256418,3,13
1790256419,3,12
1790256420,3,11
1790256421,3,8
1790256422,3,10
1790256423,3,10
1790256424,3,9
1790256425,3,9
1790256426,3,9
1790256427,3,10
1790256428,3,10
1790256429,3,9
1790256430,3,10
1790256431,3,10
1790256432,3,9
1790256433,3,8
1790256434,3,8
1790256435,3,9
1790256436,3,8
1790256437,3,8
1790256438,3,8
1790256439,3,8
1790256440,3,7
1790256441,3,7
1790256442,3,7
1790256443,3,7
1790256444,3,7
1790256445,3,7
1790256446,3,8
1790256447,3,7
1790256448,3,7
1790256449,3,8
1790256450,3,9
1790256451,3,5
1790256452,3,10
1790256453,3,11
1790256454,3,14
1790256455,3,13
1790256456,3,13
1790256457,3,13
1790256458,3,13
1790256459,3,14
1790256460,3,15
1790256461,3,15
1790256462,3,14
1790256463,3,13
1790256464,3,15
1790256465,3,15
1790256466,3,15
1790256467,3,13
1790256468,3,13
1790256469,3,13
1790256470,3,12
1790256471,3,13
1790256472,3,19
1790256473,3,-3
1790256474,3,0
1790256475,3,-1
1790256476,3,18
1790256477,3,14
1790256478,3,11
1790256479,3,11
1790256480,3,10
1790256481,3,9
1790256482,3,9
1790256483,3,-17
1790256484,3,-1
1790256485,3,26
1790256486,3,10
1790256487,3,11
1790256488,3,10
1790256489,3,11
1790256490,3,12
1790256491,3,10
1790256492,3,10
1790256493,3,11
1790256494,3,10
1790256495,3,10
1790256496,3,11
1790256497,3,12
1790256498,3,12
1790256499,3,13
1790256500,3,12
1790256501,3,11
1790256502,3,12
1790256503,3,12
1790256504,3,12
1790256505,3,13
1790256506,3,12
1790256507,3,13
1790256508,3,19
1790256509,3,20
1790256510,3,18
1790256511,3,16
1790256512,3,16
1790256513,3,18
1790256514,3,17
1790256515,3,17
1790256516,3,16
1790256517,3,-343
1790256518,3,-291
1790256519,3,-252
1790256520,3,-220
1790256521,3,-193
1790256522,3,-167
1790256523,3,-146
1790256524,3,-128
1790256525,3,-114
1790256526,3,-102
1790256527,3,-91
1790256528,3,-81
1790256529,3,-70
1790256530,3,-61
1790256531,3,-52
1790256532,3,-42
1790256533,3,-37
1790256534,3,-29
1790256535,3,-19
1790256536,3,-12
1790256537,3,-11
1790256538,3,-6
1790256539,3,-3
1790256540,3,-2
1790256541,3,-2
1790256542,3,-1
1790256543,3,1
1790256544,3,5
1790256545,3,6
1790256546,3,6
1790256547,3,5
1790256548,3,5
1790256549,3,6
1790256550,3,7
1790256551,3,8
1790256552,3,8
1790256553,3,8
1790256554,3,6
1790256555,3,6
1790256556,3,5
1790256557,3,5
1790256558,3,5
1790256559,3,6
1790256560,3,5
1790256561,3,5
1790256562,3,5
1790256563,3,4
1790256564,3,3
1790256565,3,5
1790256566,3,4
1790256567,3,3
1790256568,3,3
1790256569,3,3
1790256570,3,4
1790256571,3,6
1790256572,3,8
1790256573,3,8
1790256574,3,9
1790256575,3,8
1790256576,3,8
1790256577,3,10
1790256578,3,12
1790256579,3,11
1790256580,3,10
1790256581,3,11
1790256582,3,11
1790256583,3,10
1790256584,3,11
1790256585,3,10
1790256586,3,10
1790256587,3,11
1790256588,3,11
1790256589,3,8
1790256590,3,7
1790256591,3,6
1790256592,3,7
1790256593,3,9
1790256594,3,8
1790256595,3,8
1790256596,3,7
1790256597,3,7
1790256598,3,8
1790256599,3,7
1790256600,3,6
1790256601,3,6
1790256602,3,6
1790256603,3,7
1790256604,3,6
1790256605,3,6
1790256606,3,5
1790256607,3,5
1790256608,3,5
1790256609,3,6
1790256610,3,5
1790256611,3,5
1790256612,3,5
1790256613,3,6
1790256614,3,5
1790256615,3,5
1790256616,3,4
1790256617,3,4
1790256618,3,5
1790256619,3,4
1790256620,3,4
1790256621,3,5
1790256622,3,6
1790256623,3,7
1790256624,3,5
1790256625,3,5
1790256626,3,6
1790256627,3,7
1790256628,3,8
1790256629,3,10
1790256630,3,11
1790256631,3,10
1790256632,3,10
1790256633,3,11
1790256634,3,11
1790256635,3,11
1790256636,3,10
1790256637,3,12
1790256638,3,12
1790256639,3,12
1790256640,3,11
1790256641,3,12
1790256642,3,14
1790256643,3,15
1790256644,3,15
1790256645,3,15
1790256646,3,16
1790256647,3,15
1790256648,3,14
1790256649,3,14
1790256650,3,16
1790256651,3,15
1790256652,3,13
1790256653,3,14
1790256654,3,15
1790256655,3,12
1790256656,3,12
1790256657,3,12
1790256658,3,11
1790256659,3,12
1790256660,3,10
1790256661,3,10
1790256662,3,8
1790256663,3,10
1790256664,3,10
1790256665,3,9
1790256666,3,8
1790256667,3,7
1790256668,3,8
1790256669,3,7
1790256670,3,6
1790256671,3,8
1790256672,3,9
1790256673,3,8
1790256674,3,8
1790256675,3,9
1790256676,3,10
1790256677,3,9
1790256678,3,10
1790256679,3,10
1790256680,3,12
1790256681,3,12
1790256682,3,12
1790256683,3,10
1790256684,3,11
1790256685,3,11
1790256686,3,11
1790256687,3,12
1790256688,3,12
1790256689,3,12
1790256690,3,10
1790256691,3,8
1790256692,3,10
1790256693,3,9
1790256694,3,8
1790256695,3,8
1790256696,3,8
1790256697,3,9
1790256698,3,9
1790256699,3,11
1790256700,3,12
1790256701,3,13
1790256702,3,12
1790256703,3,11
1790256704,3,12
1790256705,3,11
1790256706,3,12
1790256707,3,13
1790256708,3,13
1790256709,3,10
1790256710,3,12
1790256711,3,11
1790256712,3,10
1790256713,3,9
1790256714,3,9
1790256715,3,9
1790256716,3,9
1790256717,3,10
1790256718,3,9
1790256719,3,10
1790256720,3,9
1790256721,3,8
1790256722,3,9
1790256723,3,8
1790256724,3,9
1790256725,3,7
1790256726,3,8
1790256727,3,10
1790256728,3,9
1790256729,3,7
1790256730,3,6
1790256731,3,6
1790256732,3,7
1790256733,3,7
1790256734,3,8
1790256735,3,8
1790256736,3,7
1790256737,3,3
1790256738,3,10
1790256739,3,10
1790256740,3,12
1790256741,3,9
1790256742,3,18
1790256743,3,-166
1790256744,3,-323
1790256745,3,-286
1790256746,3,-245
1790256747,3,-218
1790256748,3,-181
1790256749,3,-164
1790256750,3,-145
1790256751,3,-125
1790256752,3,-109
1790256753,3,-95
1790256754,3,-84
1790256755,3,-74
1790256756,3,-64
1790256757,3,-57
1790256758,3,-49
1790256759,3,-43
1790256760,3,-36
1790256761,3,-30
1790256762,3,-27
1790256763,3,-12
1790256764,3,-36
1790256765,3,-31
1790256766,3,-24
1790256767,3,-27
1790256768,3,-1
1790256769,3,-3
1790256770,3,-2
1790256771,3,-2
1790256772,3,-1
1790256773,3,0
1790256774,3,0
1790256775,3,1
1790256776,3,4
1790256777,3,3
1790256778,3,3
1790256779,3,2
1790256780,3,4
1790256781,3,4
1790256782,3,4
1790256783,3,5
1790256784,3,5
1790256785,3,7
1790256786,3,5
1790256787,3,5
1790256788,3,6
1790256789,3,6
1790256790,3,6
1790256791,3,6
1790256792,3,6
1790256793,3,7
1790256794,3,7
1790256795,3,8
1790256796,3,9
1790256797,3,9
1790256798,3,12
1790256799,3,11
1790256800,3,8
1790256801,3,10
1790256802,3,12
1790256803,3,11
1790256804,3,10
1790256805,3,10
1790256806,3,10
1790256807,3,11
1790256808,3,13
1790256809,3,13
1790256810,3,13
1790256811,3,12
1790256812,3,11
1790256813,3,12
1790256814,3,11
1790256815,3,12
1790256816,3,12
1790256817,3,11
1790256818,3,11
1790256819,3,12
1790256820,3,12
1790256821,3,12
1790256822,3,11
1790256823,3,10
1790256824,3,11
1790256825,3,11
1790256826,3,11
1790256827,3,11
1790256828,3,11
1790256829,3,10
1790256830,3,10
1790256831,3,11
1790256832,3,11
1790256833,3,10
1790256834,3,10
1790256835,3,8
1790256836,3,8
1790256837,3,10
1790256838,3,10
1790256839,3,8
1790256840,3,9
1790256841,3,10
1790256842,3,-356
1790256843,3,-297
1790256844,3,-258
1790256845,3,-225
1790256846,3,-196
1790256847,3,-172
1790256848,3,-152
1790256849,3,-132
1790256850,3,-116
1790256851,3,-103
1790256852,3,-91
1790256853,3,-77
1790256854,3,-68
1790256855,3,-60
1790256856,3,-52
1790256857,3,-46
1790256858,3,-39
1790256859,3,-33
1790256860,3,-30
1790256861,3,-26
1790256862,3,-22
1790256863,3,-19
1790256864,3,-13
1790256865,3,-8
1790256866,3,-352
1790256867,3,-299
1790256868,3,-261
1790256869,3,-227
1790256870,3,-199
1790256871,3,-175
1790256872,3,-154
1790256873,3,-135
1790256874,3,-144
1790256875,3,-117
1790256876,3,-77
1790256877,3,-61
1790256878,3,-68
1790256879,3,-59
1790256880,3,-52
1790256881,3,-45
1790256882,3,-39
1790256883,3,-35
1790256884,3,-30
1790256885,3,-24
1790256886,3,-20
1790256887,3,-18
1790256888,3,-16
1790256889,3,-13
1790256890,3,-9
1790256891,3,-7
1790256892,3,-7
1790256893,3,-3
1790256894,3,-1
1790256895,3,-1
1790256896,3,0
1790256897,3,0
1790256898,3,1
1790256899,3,3
1790256900,3,-392
1790256901,3,-308
1790256902,3,-291
1790256903,3,-243
1790256904,3,-207
1790256905,3,-173
1790256906,3,-118
1790256907,3,-87
1790256908,3,-118
1790256909,3,-104
1790256910,3,-90
1790256911,3,-78
1790256912,3,-68
1790256913,3,-58
1790256914,3,-49
1790256915,3,-43
1790256916,3,-38
1790256917,3,-34
1790256918,3,-28
1790256919,3,-22
1790256920,3,-18
1790256921,3,-14
1790256922,3,-12
1790256923,3,-8
1790256924,3,-3
1790256925,3,-2
1790256926,3,-2
1790256927,3,-2
1790256928,3,0
1790256929,3,-376
1790256930,3,-302
1790256931,3,-262
1790256932,3,-228
1790256933,3,-200
1790256934,3,-176
1790256935,3,-153
1790256936,3,-132
1790256937,3,-115
1790256938,3,-102
1790256939,3,-88
1790256940,3,-76
1790256941,3,-67
1790256942,3,-57
1790256943,3,-48
1790256944,3,-43
1790256945,3,-39
1790256946,3,-32
1790256947,3,-27
1790256948,3,-22
1790256949,3,-20
1790256950,3,-15
1790256951,3,-12
1790256952,3,-373
1790256953,3,-316
1790256954,3,-280
1790256955,3,-244
1790256956,3,-214
1790256957,3,-203
1790256958,3,-148
1790256959,3,-134
1790256960,3,-118
1790256961,3,-104
1790256962,3,-91
1790256963,3,-79
1790256964,3,-70
1790256965,3,-59
1790256966,3,-53
1790256967,3,-46
1790256968,3,-40
1790256969,3,-34
1790256970,3,-29
1790256971,3,-25
1790256972,3,-22
1790256973,3,-18
1790256974,3,-14
1790256975,3,-11
1790256976,3,-15
1790256977,3,15
1790256978,3,-334
1790256979,3,-287
1790256980,3,-250
1790256981,3,-217
1790256982,3,-192
1790256983,3,-167
1790256984,3,-147
1790256985,3,-128
1790256986,3,-113
1790256987,3,-100
1790256988,3,-86
1790256989,3,-75
1790256990,3,-67
1790256991,3,-58
1790256992,3,-50
1790256993,3,-43
1790256994,3,-37
1790256995,3,-31
1790256996,3,-26
1790256997,3,-22
1790256998,3,-18
1790256999,3,-12
1790257000,3,-10
1790257001,3,-10
1790257002,3,-9
1790257003,3,-37
1790257004,3,-328
1790257005,3,-275
1790257006,3,-249
1790257007,3,-217
1790257008,3,-191
1790257009,3,-168
1790257010,3,-145
1790257011,3,-128
1790257012,3,-112
1790257013,3,-98
1790257014,3,-86
1790257015,3,-76
1790257016,3,-66
1790257017,3,-59
1790257018,3,-45
1790257019,3,-45
1790257020,3,-40
1790257021,3,-43
1790257022,3,-27
1790257023,3,-31
1790257024,3,-42
1790257025,3,-34
1790257026,3,-36
1790257027,3,-6
1790257028,3,-12
1790257029,3,-6
1790257030,3,-237
1790257031,3,-310
1790257032,3,-276
1790257033,3,-241
1790257034,3,-211
1790257035,3,-186
1790257036,3,-162
1790257037,3,-143
1790257038,3,-125
1790257039,3,-110
1790257040,3,-96
1790257041,3,-85
1790257042,3,-73
1790257043,3,-65
1790257044,3,-55
1790257045,3,-47
1790257046,3,-41
1790257047,3,-35
1790257048,3,-31
1790257049,3,-27
1790257050,3,-23
1790257051,3,-19
1790257052,3,-15
1790257053,3,-13
1790257054,3,-10
1790257055,3,-8
1790257056,3,-7
1790257057,3,-377
1790257058,3,-303
1790257059,3,-265
1790257060,3,-232
1790257061,3,-202
1790257062,3,-176
1790257063,3,-155
1790257064,3,-137
1790257065,3,-119
1790257066,3,-104
1790257067,3,-91
1790257068,3,-80
1790257069,3,-69
1790257070,3,-60
1790257071,3,-52
1790257072,3,-46
1790257073,3,-39
1790257074,3,-34
1790257075,3,-28
1790257076,3,-24
1790257077,3,-21
1790257078,3,-18
1790257079,3,-15
1790257080,3,-12
1790257081,3,-9
1790257082,3,-7
1790257083,3,-6
1790257084,3,-393
1790257085,3,-308
1790257086,3,-267
1790257087,3,-234
1790257088,3,-206
1790257089,3,-180
1790257090,3,-158
1790257091,3,-139
1790257092,3,-121
1790257093,3,-107
1790257094,3,-95
1790257095,3,-87
1790257096,3,-72
1790257097,3,-59
1790257098,3,-41
1790257099,3,-49
1790257100,3,-41
1790257101,3,-37
1790257102,3,-24
1790257103,3,-29
1790257104,3,-22
1790257105,3,-7
1790257106,3,-16
1790257107,3,-14
1790257108,3,-18
1790257109,3,-8
1790257110,3,-5
1790257111,3,-69
1790257112,3,-327
1790257113,3,-282
1790257114,3,-246
1790257115,3,-214
1790257116,3,-186
1790257117,3,-163
1790257118,3,-142
1790257119,3,-125
1790257120,3,-110
1790257121,3,-96
1790257122,3,-84
1790257123,3,-73
1790257124,3,-64
1790257125,3,-57
1790257126,3,-48
1790257127,3,-43
1790257128,3,-36
1790257129,3,-31
1790257130,3,-28
1790257131,3,-23
1790257132,3,-20
1790257133,3,-17
1790257134,3,-13
1790257135,3,-11
1790257136,3,-9
1790257137,3,-7
1790257138,3,-5
1790257139,3,-367
1790257140,3,-302
1790257141,3,-262
1790257142,3,-228
1790257143,3,-200
1790257144,3,-176
1790257145,3,-153
1790257146,3,-135
1790257147,3,-120
1790257148,3,-104
1790257149,3,-91
1790257150,3,-80
1790257151,3,-69
1790257152,3,-59
1790257153,3,-53
1790257154,3,-47
1790257155,3,-41
1790257156,3,-35
1790257157,3,-30
1790257158,3,-26
1790257159,3,-21
1790257160,3,-17
1790257161,3,-15
1790257162,3,-13
1790257163,3,-10
1790257164,3,-9
1790257165,3,-6
1790257166,3,-97
1790257167,3,-326
1790257168,3,-282
1790257169,3,-246
1790257170,3,-216
1790257171,3,-189
1790257172,3,-166
1790257173,3,-145
1790257174,3,-126
1790257175,3,-110
1790257176,3,-98
1790257177,3,-84
1790257178,3,-71
1790257179,3,-62
1790257180,3,-56
1790257181,3,-49
1790257182,3,-41
1790257183,3,-36
1790257184,3,-30
1790257185,3,-20
1790257186,3,-23
1790257187,3,-20
1790257188,3,-19
1790257189,3,-12
1790257190,3,-10
1790257191,3,-12
1790257192,3,-8
1790257193,3,13
1790257194,3,-333
1790257195,3,-286
1790257196,3,-248
1790257197,3,-219
1790257198,3,-191
1790257199,3,-167
1790257200,3,-145
1790257201,3,-128
1790257202,3,-111
1790257203,3,-97
1790257204,3,-85
1790257205,3,-74
1790257206,3,-64
1790257207,3,-55
1790257208,3,-48
1790257209,3,-41
1790257210,3,-36
1790257211,3,-31
1790257212,3,-25
1790257213,3,-22
1790257214,3,-20
1790257215,3,-15
1790257216,3,-10
1790257217,3,-9
1790257218,3,-8
1790257219,3,-6
1790257220,3,-4
1790257221,3,-1
1790257222,3,0
1790257223,3,0
1790257224,3,2
1790257225,3,2
1790257226,3,3
1790257227,3,5
1790257228,3,6
1790257229,3,5
1790257230,3,6
1790257231,3,7
1790257232,3,8
1790257233,3,8
1790257234,3,7
1790257235,3,8
1790257236,3,9
1790257237,3,11
1790257238,3,17
1790257239,3,10
1790257240,3,8
1790257241,3,2
1790257242,3,11
1790257243,3,15
1790257244,3,9
1790257245,3,5
1790257246,3,12
1790257247,3,10
1790257248,3,10
1790257249,3,11
1790257250,3,15
1790257251,3,10
1790257252,3,11
1790257253,3,11
1790257254,3,11
1790257255,3,11
1790257256,3,9
1790257257,3,8
1790257258,3,27
1790257259,3,-3
1790257260,3,-4
1790257261,3,-2
1790257262,3,0
1790257263,3,2
1790257264,3,-8
1790257265,3,19
1790257266,3,17
1790257267,3,17
1790257268,3,13
1790257269,3,12
1790257270,3,12
1790257271,3,12
1790257272,3,13
1790257273,3,13
1790257274,3,12
1790257275,3,13
1790257276,3,13
1790257277,3,12
1790257278,3,13
1790257279,3,13
1790257280,3,13
1790257281,3,11
1790257282,3,11
1790257283,3,12
1790257284,3,13
1790257285,3,12
1790257286,3,11
1790257287,3,13
1790257288,3,13
1790257289,3,12
1790257290,3,12
1790257291,3,14
1790257292,3,15
1790257293,3,13
1790257294,3,13
1790257295,3,13
1790257296,3,-377
1790257297,3,-302
1790257298,3,-263
1790257299,3,-229
1790257300,3,-199
1790257301,3,-175
1790257302,3,-154
1790257303,3,-136
1790257304,3,-119
1790257305,3,-104
1790257306,3,-92
1790257307,3,-81
1790257308,3,-72
1790257309,3,-63
1790257310,3,-56
1790257311,3,-49
1790257312,3,-43
1790257313,3,-37
1790257314,3,-33
1790257315,3,-28
1790257316,3,-22
1790257317,3,-18
1790257318,3,-16
1790257319,3,-15
1790257320,3,-13
1790257321,3,-10
1790257322,3,-7
1790257323,3,-4
1790257324,3,-3
1790257325,3,-1
1790257326,3,-2
1790257327,3,-2
1790257328,3,0
1790257329,3,4
1790257330,3,4
1790257331,3,3
1790257332,3,4
1790257333,3,6
1790257334,3,6
1790257335,3,7
1790257336,3,9
1790257337,3,10
1790257338,3,11
1790257339,3,12
1790257340,3,-303
1790257341,3,-311
1790257342,3,-268
1790257343,3,-233
1790257344,3,-203
1790257345,3,-177
1790257346,3,-154
1790257347,3,-134
1790257348,3,-117
1790257349,3,-102
1790257350,3,-88
1790257351,3,-75
1790257352,3,-67
1790257353,3,-59
1790257354,3,-50
1790257355,3,-43
1790257356,3,-37
1790257357,3,-31
1790257358,3,-28
1790257359,3,-22
1790257360,3,-17
1790257361,3,-14
1790257362,3,-13
1790257363,3,-10
1790257364,3,-6
1790257365,3,-4
1790257366,3,-4
1790257367,3,-1
1790257368,3,1
1790257369,3,1
1790257370,3,2
1790257371,3,3
1790257372,3,3
1790257373,3,4
1790257374,3,3
1790257375,3,3
1790257376,3,2
1790257377,3,2
1790257378,3,3
1790257379,3,4
1790257380,3,3
1790257381,3,4
1790257382,3,5
1790257383,3,3
1790257384,3,3
1790257385,3,3
1790257386,3,-250
1790257387,3,-314
1790257388,3,-273
1790257389,3,-240
1790257390,3,-208
1790257391,3,-181
1790257392,3,-158
1790257393,3,-138
1790257394,3,-121
1790257395,3,-107
1790257396,3,-94
1790257397,3,-83
1790257398,3,-72
1790257399,3,-62
1790257400,3,-54
1790257401,3,-47
1790257402,3,-40
1790257403,3,-35
1790257404,3,-30
1790257405,3,-25
1790257406,3,-20
1790257407,3,-17
1790257408,3,-14
1790257409,3,-18
1790257410,3,-8
1790257411,3,-5
1790257412,3,10
1790257413,3,-4
1790257414,3,-1
1790257415,3,10
1790257416,3,5
1790257417,3,6
1790257418,3,5
1790257419,3,5
1790257420,3,13
1790257421,3,10
1790257422,3,9
1790257423,3,10
1790257424,3,7
1790257425,3,12
1790257426,3,12
1790257427,3,12
1790257428,3,9
1790257429,3,15
1790257430,3,15
1790257431,3,15
1790257432,3,-180
1790257433,3,-318
1790257434,3,-274
1790257435,3,-240
1790257436,3,-211
1790257437,3,-186
1790257438,3,-162
1790257439,3,-144
1790257440,3,-126
1790257441,3,-114
1790257442,3,-101
1790257443,3,-91
1790257444,3,-83
1790257445,3,-72
1790257446,3,-62
1790257447,3,-54
1790257448,3,-49
1790257449,3,-42
1790257450,3,-35
1790257451,3,-30
1790257452,3,-27
1790257453,3,-21
1790257454,3,-17
1790257455,3,-22
1790257456,3,-11
1790257457,3,-9
1790257458,3,-5
1790257459,3,-26
1790257460,3,-13
1790257461,3,-9
1790257462,3,30
1790257463,3,16
1790257464,3,10
1790257465,3,9
1790257466,3,10
1790257467,3,9
1790257468,3,8
1790257469,3,8
1790257470,3,8
1790257471,3,9
1790257472,3,9
1790257473,3,8
1790257474,3,5
1790257475,3,5
1790257476,3,5
1790257477,3,5
1790257478,3,-363
1790257479,3,-298
1790257480,3,-261
1790257481,3,-230
1790257482,3,-202
1790257483,3,-177
1790257484,3,-153
1790257485,3,-134
1790257486,3,-118
1790257487,3,-102
1790257488,3,-89
1790257489,3,-78
1790257490,3,-69
1790257491,3,-59
1790257492,3,-51
1790257493,3,-45
1790257494,3,-39
1790257495,3,-35
1790257496,3,-31
1790257497,3,-26
1790257498,3,-22
1790257499,3,-21
1790257500,3,-19
1790257501,3,-16
1790257502,3,-15
1790257503,3,-13
1790257504,3,-11
1790257505,3,-10
1790257506,3,-8
1790257507,3,-5
1790257508,3,-4
1790257509,3,-2
1790257510,3,0
1790257511,3,-1
1790257512,3,1
1790257513,3,2
1790257514,3,2
1790257515,3,4
1790257516,3,4
1790257517,3,4
1790257518,3,5
1790257519,3,6
1790257520,3,5
1790257521,3,6
1790257522,3,7
1790257523,3,-383
1790257524,3,-306
1790257525,3,-264
1790257526,3,-229
1790257527,3,-200
1790257528,3,-175
1790257529,3,-152
1790257530,3,-133
1790257531,3,-112
1790257532,3,-97
1790257533,3,-84
1790257534,3,-74
1790257535,3,-62
1790257536,3,-52
1790257537,3,-43
1790257538,3,-35
1790257539,3,-28
1790257540,3,-22
1790257541,3,-18
1790257542,3,-14
1790257543,3,-10
1790257544,3,-7
1790257545,3,-4
1790257546,3,-2
1790257547,3,-1
1790257548,3,1
1790257549,3,3
1790257550,3,3
1790257551,3,3
1790257552,3,3
1790257553,3,5
1790257554,3,5
1790257555,3,6
1790257556,3,6
1790257557,3,6
1790257558,3,7
1790257559,3,7
1790257560,3,8
1790257561,3,7
1790257562,3,4
1790257563,3,9
1790257564,3,10
1790257565,3,8
1790257566,3,15
1790257567,3,9
1790257568,3,-37
1790257569,3,-330
1790257570,3,-284
1790257571,3,-247
1790257572,3,-216
1790257573,3,-188
1790257574,3,-181
1790257575,3,-165
1790257576,3,-140
1790257577,3,-123
1790257578,3,-113
1790257579,3,-69
1790257580,3,-67
1790257581,3,-61
1790257582,3,-54
1790257583,3,-47
1790257584,3,-41
1790257585,3,-34
1790257586,3,-30
1790257587,3,-27
1790257588,3,-24
1790257589,3,-21
1790257590,3,-18
1790257591,3,-15
1790257592,3,-12
1790257593,3,-12
1790257594,3,-10
1790257595,3,-7
1790257596,3,-6
1790257597,3,-5
1790257598,3,-5
1790257599,3,-5
1790257600,3,-5
1790257601,3,-3
1790257602,3,-1
1790257603,3,0
1790257604,3,0
1790257605,3,0
1790257606,3,2
1790257607,3,3
1790257608,3,3
1790257609,3,2
1790257610,3,2
1790257611,3,4
1790257612,3,6
1790257613,3,6
1790257614,3,6
1790257615,3,8
1790257616,3,7
1790257617,3,-350
1790257618,3,-294
1790257619,3,-255
1790257620,3,-223
1790257621,3,-194
1790257622,3,-171
1790257623,3,-149
1790257624,3,-130
1790257625,3,-114
1790257626,3,-99
1790257627,3,-86
1790257628,3,-75
1790257629,3,-64
1790257630,3,-56
1790257631,3,-49
1790257632,3,-41
1790257633,3,-35
1790257634,3,-30
1790257635,3,-25
1790257636,3,-21
1790257637,3,-16
1790257638,3,-14
1790257639,3,-12
1790257640,3,-11
1790257641,3,-6
1790257642,3,-2
1790257643,3,0
1790257644,3,4
1790257645,3,-3
1790257646,3,-2
1790257647,3,0
1790257648,3,4
1790257649,3,4
1790257650,3,14
1790257651,3,3
1790257652,3,5
1790257653,3,5
1790257654,3,5
1790257655,3,5
1790257656,3,7
1790257657,3,4
1790257658,3,7
1790257659,3,9
1790257660,3,8
1790257661,3,24
1790257662,3,6
1790257663,3,8
1790257664,3,8
1790257665,3,-103
1790257666,3,-325
1790257667,3,-279
1790257668,3,-243
1790257669,3,-212
1790257670,3,-186
1790257671,3,-161
1790257672,3,-141
1790257673,3,-125
1790257674,3,-109
1790257675,3,-94
1790257676,3,-83
1790257677,3,-73
1790257678,3,-64
1790257679,3,-54
1790257680,3,-47
1790257681,3,-42
1790257682,3,-37
1790257683,3,-32
1790257684,3,-26
1790257685,3,-21
1790257686,3,-18
1790257687,3,-16
1790257688,3,-12
1790257689,3,-9
1790257690,3,-7
1790257691,3,-6
1790257692,3,-3
1790257693,3,0
1790257694,3,0
1790257695,3,0
1790257696,3,1
1790257697,3,4
1790257698,3,4
1790257699,3,5
1790257700,3,5
1790257701,3,7
1790257702,3,7
1790257703,3,7
1790257704,3,7
1790257705,3,8
1790257706,3,9
1790257707,3,8
1790257708,3,7
1790257709,3,8
1790257710,3,10
1790257711,3,-3
1790257712,3,-332
1790257713,3,-285
1790257714,3,-248
1790257715,3,-216
1790257716,3,-188
1790257717,3,-165
1790257718,3,-144
1790257719,3,-127
1790257720,3,-110
1790257721,3,-95
1790257722,3,-84
1790257723,3,-63
1790257724,3,-70
1790257725,3,-58
1790257726,3,-50
1790257727,3,-48
1790257728,3,-39
1790257729,3,-32
1790257730,3,-30
1790257731,3,-28
1790257732,3,-24
1790257733,3,-19
1790257734,3,-16
1790257735,3,-15
1790257736,3,-12
1790257737,3,-11
1790257738,3,-8
1790257739,3,-5
1790257740,3,-3
1790257741,3,0
1790257742,3,-1
1790257743,3,-1
1790257744,3,0
1790257745,3,3
1790257746,3,3
1790257747,3,3
1790257748,3,5
1790257749,3,5
1790257750,3,6
1790257751,3,7
1790257752,3,6
1790257753,3,7
1790257754,3,8
1790257755,3,9
1790257756,3,9
1790257757,3,28
1790257758,3,-331
1790257759,3,-283
1790257760,3,-247
1790257761,3,-222
1790257762,3,-189
1790257763,3,-166
1790257764,3,-145
1790257765,3,-122
1790257766,3,-112
1790257767,3,-100
1790257768,3,-85
1790257769,3,-70
1790257770,3,-66
1790257771,3,-54
1790257772,3,-49
1790257773,3,-40
1790257774,3,-34
1790257775,3,-29
1790257776,3,-31
1790257777,3,-18
1790257778,3,-16
1790257779,3,-13
1790257780,3,-10
1790257781,3,-5
1790257782,3,0
1790257783,3,-3
1790257784,3,-3
1790257785,3,-1
1790257786,3,0
1790257787,3,3
1790257788,3,5
1790257789,3,6
1790257790,3,7
1790257791,3,9
1790257792,3,11
1790257793,3,11
1790257794,3,43
1790257795,3,-7
1790257796,3,-6
1790257797,3,-1
1790257798,3,1
1790257799,3,2
1790257800,3,-2
1790257801,3,27
1790257802,3,21
1790257803,3,16
1790257804,3,15
1790257805,3,15
1790257806,3,14
1790257807,3,12
1790257808,3,12
1790257809,3,11
1790257810,3,11
1790257811,3,12
1790257812,3,13
1790257813,3,12
1790257814,3,10
1790257815,3,9
1790257816,3,9
1790257817,3,9
1790257818,3,10
1790257819,3,9
1790257820,3,9
1790257821,3,8
1790257822,3,8
1790257823,3,8
1790257824,3,8
1790257825,3,8
1790257826,3,8
1790257827,3,7
1790257828,3,8
1790257829,3,9
1790257830,3,8
1790257831,3,7
1790257832,3,8
1790257833,3,8
1790257834,3,10
1790257835,3,10
1790257836,3,11
1790257837,3,9
1790257838,3,9
1790257839,3,11
1790257840,3,9
1790257841,3,10
1790257842,3,10
1790257843,3,10
1790257844,3,10
1790257845,3,10
1790257846,3,9
1790257847,3,9
1790257848,3,9
1790257849,3,11
1790257850,3,11
1790257851,3,10
1790257852,3,10
1790257853,3,10
1790257854,3,12
1790257855,3,11
1790257856,3,11
1790257857,3,13
1790257858,3,13
1790257859,3,12
1790257860,3,10
1790257861,3,11
1790257862,3,10
1790257863,3,10
1790257864,3,12
1790257865,3,12
1790257866,3,8
1790257867,3,9
1790257868,3,9
1790257869,3,9
1790257870,3,8
1790257871,3,8
1790257872,3,9
1790257873,3,8
1790257874,3,9
1790257875,3,10
1790257876,3,10
1790257877,3,39
1790257878,3,-4
1790257879,3,-6
1790257880,3,-2
1790257881,3,-17
1790257882,3,22
1790257883,3,8
1790257884,3,17
1790257885,3,15
1790257886,3,17
1790257887,3,13
1790257888,3,17
1790257889,3,33
1790257890,3,14
1790257891,3,9
1790257892,3,9
1790257893,3,8
1790257894,3,11
1790257895,3,11
1790257896,3,5
1790257897,3,13
1790257898,3,12
1790257899,3,21
1790257900,3,31
1790257901,3,5
1790257902,3,9
1790257903,3,11
1790257904,3,9
1790257905,3,8
1790257906,3,8
1790257907,3,8
1790257908,3,24
1790257909,3,6
1790257910,3,8
1790257911,3,9
1790257912,3,11
1790257913,3,0
1790257914,3,14
1790257915,3,11
1790257916,3,11
1790257917,3,12
1790257918,3,13
1790257919,3,20
1790257920,3,12
1790257921,3,13
1790257922,3,14
1790257923,3,11
1790257924,3,51
1790257925,3,-8
1790257926,3,-1
1790257927,3,0
1790257928,3,-2
1790257929,3,26
1790257930,3,21
1790257931,3,16
1790257932,3,15
1790257933,3,13
1790257934,3,14
1790257935,3,12
1790257936,3,17
1790257937,3,16
1790257938,3,13
1790257939,3,10
1790257940,3,10
1790257941,3,12
1790257942,3,13
1790257943,3,14
1790257944,3,14
1790257945,3,14
1790257946,3,14
1790257947,3,14
1790257948,3,15
1790257949,3,15
1790257950,3,14
1790257951,3,12
1790257952,3,13
1790257953,3,12
1790257954,3,12
1790257955,3,12
1790257956,3,11
1790257957,3,11
1790257958,3,10
1790257959,3,10
1790257960,3,11
1790257961,3,11
1790257962,3,10
1790257963,3,10
1790257964,3,9
1790257965,3,9
1790257966,3,9
1790257967,3,8
1790257968,3,10
1790257969,3,8
1790257970,3,9
1790257971,3,7
1790257972,3,7
1790257973,3,6
1790257974,3,6
1790257975,3,3
1790257976,3,6
1790257977,3,6
1790257978,3,3
1790257979,3,6
1790257980,3,6
1790257981,3,6
1790257982,3,6
1790257983,3,6
1790257984,3,8
1790257985,3,8
1790257986,3,8
1790257987,3,7
1790257988,3,7
1790257989,3,7
1790257990,3,7
1790257991,3,5
1790257992,3,5
1790257993,3,6
1790257994,3,7
1790257995,3,8
1790257996,3,9
1790257997,3,10
1790257998,3,11
1790257999,3,12
1790258000,3,12
1790258001,3,12
1790258002,3,11
1790258003,3,11
1790258004,3,12
1790258005,3,11
1790258006,3,13
1790258007,3,12
1790258008,3,11
1790258009,3,11
1790258010,3,10
1790258011,3,10
1790258012,3,12
1790258013,3,12
1790258014,3,11
1790258015,3,11
1790258016,3,12
1790258017,3,12
1790258018,3,10
1790258019,3,11
1790258020,3,12
1790258021,3,11
1790258022,3,9
1790258023,3,8
1790258024,3,9
1790258025,3,9
1790258026,3,10
1790258027,3,9
1790258028,3,8
1790258029,3,10
1790258030,3,12
1790258031,3,11
1790258032,3,9
1790258033,3,10
1790258034,3,10
1790258035,3,9
1790258036,3,8
1790258037,3,8
1790258038,3,8
1790258039,3,6
1790258040,3,7
1790258041,3,6
1790258042,3,6
1790258043,3,5
1790258044,3,6
1790258045,3,9
1790258046,3,11
1790258047,3,10
1790258048,3,9
1790258049,3,8
1790258050,3,9
1790258051,3,9
1790258052,3,10
1790258053,3,11
1790258054,3,9
1790258055,3,8
1790258056,3,11
1790258057,3,-1
1790258058,3,15
1790258059,3,10
1790258060,3,10
1790258061,3,15
1790258062,3,11
1790258063,3,10
1790258064,3,10
1790258065,3,10
1790258066,3,10
1790258067,3,11
1790258068,3,13
1790258069,3,11
1790258070,3,11
1790258071,3,10
1790258072,3,10
1790258073,3,12
1790258074,3,12
1790258075,3,12
1790258076,3,12
1790258077,3,11
1790258078,3,11
1790258079,3,13
1790258080,3,14
1790258081,3,14
1790258082,3,14
1790258083,3,-370
1790258084,3,-300
1790258085,3,-261
1790258086,3,-229
1790258087,3,-200
1790258088,3,-175
1790258089,3,-155
1790258090,3,-136
1790258091,3,-120
1790258092,3,-105
1790258093,3,-92
1790258094,3,-79
1790258095,3,-70
1790258096,3,-63
1790258097,3,-54
1790258098,3,-47
1790258099,3,-42
1790258100,3,-36
1790258101,3,-31
1790258102,3,-26
1790258103,3,-22
1790258104,3,-19
1790258105,3,-17
1790258106,3,-14
1790258107,3,-12
1790258108,3,-11
1790258109,3,-8
1790258110,3,-6
1790258111,3,-5
1790258112,3,-4
1790258113,3,-3
1790258114,3,-3
1790258115,3,-1
1790258116,3,-2
1790258117,3,-1
1790258118,3,0
1790258119,3,0
1790258120,3,0
1790258121,3,1
1790258122,3,1
1790258123,3,2
1790258124,3,1
1790258125,3,2
1790258126,3,3
1790258127,3,3
1790258128,3,3
1790258129,3,3
1790258130,3,3
1790258131,3,4
1790258132,3,5
1790258133,3,5
1790258134,3,6
1790258135,3,6
1790258136,3,7
1790258137,3,7
1790258138,3,7
1790258139,3,7
1790258140,3,8
1790258141,3,8
1790258142,3,9
1790258143,3,9
1790258144,3,9
1790258145,3,10
1790258146,3,10
1790258147,3,10
1790258148,3,8
1790258149,3,9
1790258150,3,11
1790258151,3,8
1790258152,3,10
1790258153,3,10
1790258154,3,10
1790258155,3,9
1790258156,3,8
1790258157,3,9
1790258158,3,10
1790258159,3,8
1790258160,3,8
1790258161,3,10
1790258162,3,10
1790258163,3,9
1790258164,3,9
1790258165,3,10
1790258166,3,11
1790258167,3,10
1790258168,3,10
1790258169,3,11
1790258170,3,11
1790258171,3,11
1790258172,3,11
1790258173,3,10
1790258174,3,12
1790258175,3,12
1790258176,3,11
1790258177,3,11
1790258178,3,12
1790258179,3,12
1790258180,3,13
1790258181,3,12
1790258182,3,13
1790258183,3,13
1790258184,3,13
1790258185,3,14
1790258186,3,12
1790258187,3,13
1790258188,3,13
1790258189,3,13
1790258190,3,15
1790258191,3,14
1790258192,3,13
1790258193,3,14
1790258194,3,15
1790258195,3,14
1790258196,3,14
1790258197,3,14
1790258198,3,14
1790258199,3,15
1790258200,3,15
1790258201,3,15
1790258202,3,5
1790258203,3,15
1790258204,3,17
1790258205,3,18
1790258206,3,16
1790258207,3,21
1790258208,3,18
1790258209,3,8
1790258210,3,7
1790258211,3,23
1790258212,3,12
1790258213,3,12
1790258214,3,1
1790258215,3,16
1790258216,3,14
1790258217,3,15
1790258218,3,22
1790258219,3,12
1790258220,3,12
1790258221,3,13
1790258222,3,12
1790258223,3,11
1790258224,3,13
1790258225,3,13
1790258226,3,11
1790258227,3,11
1790258228,3,11
1790258229,3,10
1790258230,3,9
1790258231,3,9
1790258232,3,9
1790258233,3,11
1790258234,3,12
1790258235,3,11
1790258236,3,9
1790258237,3,9
1790258238,3,7
1790258239,3,8
1790258240,3,10
1790258241,3,12
1790258242,3,12
1790258243,3,13
1790258244,3,15
1790258245,3,14
1790258246,3,13
1790258247,3,12
1790258248,3,13
1790258249,3,14
1790258250,3,14
1790258251,3,15
1790258252,3,15
1790258253,3,14
1790258254,3,14
1790258255,3,14
1790258256,3,14
1790258257,3,15
1790258258,3,14
1790258259,3,14
1790258260,3,13
1790258261,3,14
1790258262,3,15
1790258263,3,14
1790258264,3,13
1790258265,3,13
1790258266,3,13
1790258267,3,12
1790258268,3,11
1790258269,3,11
1790258270,3,11
1790258271,3,10
1790258272,3,10
1790258273,3,10
1790258274,3,10
1790258275,3,9
1790258276,3,-7
1790258277,3,12
1790258278,3,11
1790258279,3,8
1790258280,3,11
1790258281,3,36
1790258282,3,9
1790258283,3,9
1790258284,3,2
1790258285,3,13
1790258286,3,13
1790258287,3,14
1790258288,3,14
1790258289,3,14
1790258290,3,14
1790258291,3,14
1790258292,3,13
1790258293,3,14
1790258294,3,14
1790258295,3,13
1790258296,3,11
1790258297,3,13
1790258298,3,14
1790258299,3,12
1790258300,3,11
1790258301,3,12
1790258302,3,12
1790258303,3,14
1790258304,3,12
1790258305,3,11
1790258306,3,10
1790258307,3,11
1790258308,3,11
1790258309,3,12
1790258310,3,13
1790258311,3,12
1790258312,3,13
1790258313,3,11
1790258314,3,13
1790258315,3,13
1790258316,3,12
1790258317,3,12
1790258318,3,12
1790258319,3,12
1790258320,3,12
1790258321,3,10
1790258322,3,10
1790258323,3,11
1790258324,3,11
1790258325,3,11
1790258326,3,10
1790258327,3,10
1790258328,3,11
1790258329,3,10
1790258330,3,10
1790258331,3,10
1790258332,3,9
1790258333,3,10
1790258334,3,9
1790258335,3,10
1790258336,3,9
1790258337,3,10
1790258338,3,11
1790258339,3,11
1790258340,3,10
1790258341,3,11
1790258342,3,13
1790258343,3,38
1790258344,3,-339
1790258345,3,-289
1790258346,3,-252
1790258347,3,-221
1790258348,3,-193
1790258349,3,-169
1790258350,3,-147
1790258351,3,-130
1790258352,3,-116
1790258353,3,-102
1790258354,3,-90
1790258355,3,-79
1790258356,3,-69
1790258357,3,-60
1790258358,3,-53
1790258359,3,-47
1790258360,3,-41
1790258361,3,-37
1790258362,3,-32
1790258363,3,-28
1790258364,3,-23
1790258365,3,-19
1790258366,3,-15
1790258367,3,-14
1790258368,3,-12
1790258369,3,-9
1790258370,3,-7
1790258371,3,-6
1790258372,3,-4
1790258373,3,-1
1790258374,3,0
1790258375,3,0
1790258376,3,0
1790258377,3,0
1790258378,3,1
1790258379,3,2
1790258380,3,3
1790258381,3,4
1790258382,3,4
1790258383,3,5
1790258384,3,5
1790258385,3,5
1790258386,3,7
1790258387,3,6
1790258388,3,6
1790258389,3,6
1790258390,3,-344
1790258391,3,-293
1790258392,3,-255
1790258393,3,-222
1790258394,3,-195
1790258395,3,-172
1790258396,3,-151
1790258397,3,-132
1790258398,3,-116
1790258399,3,-102
1790258400,3,-89
1790258401,3,-76
1790258402,3,-65
1790258403,3,-57
1790258404,3,-51
1790258405,3,-43
1790258406,3,-37
1790258407,3,-31
1790258408,3,-26
1790258409,3,-21
1790258410,3,-18
1790258411,3,-15
1790258412,3,-12
1790258413,3,-8
1790258414,3,-5
1790258415,3,-3
1790258416,3,-2
1790258417,3,0
1790258418,3,1
1790258419,3,1
1790258420,3,3
1790258421,3,4
1790258422,3,6
1790258423,3,6
1790258424,3,8
1790258425,3,7
1790258426,3,8
1790258427,3,8
1790258428,3,8
1790258429,3,9
1790258430,3,8
1790258431,3,9
1790258432,3,8
1790258433,3,7
1790258434,3,7
1790258435,3,8
1790258436,3,8
1790258437,3,9
1790258438,3,12
1790258439,3,12
1790258440,3,11
1790258441,3,13
1790258442,3,14
1790258443,3,14
1790258444,3,15
1790258445,3,16
1790258446,3,16
1790258447,3,17
1790258448,3,16
1790258449,3,14
1790258450,3,14
1790258451,3,14
1790258452,3,15
1790258453,3,14
1790258454,3,13
1790258455,3,14
1790258456,3,14
1790258457,3,13
1790258458,3,12
1790258459,3,13
1790258460,3,12
1790258461,3,11
1790258462,3,11
1790258463,3,11
1790258464,3,11
1790258465,3,12
1790258466,3,12
1790258467,3,9
1790258468,3,10
1790258469,3,10
1790258470,3,10
1790258471,3,9
1790258472,3,11
1790258473,3,12
1790258474,3,10
1790258475,3,11
1790258476,3,10
1790258477,3,9
1790258478,3,10
1790258479,3,10
1790258480,3,10
1790258481,3,11
1790258482,3,10
1790258483,3,10
1790258484,3,10
1790258485,3,11
1790258486,3,12
1790258487,3,13
1790258488,3,13
1790258489,3,12
1790258490,3,12
1790258491,3,12
1790258492,3,13
1790258493,3,13
1790258494,3,12
1790258495,3,12
1790258496,3,13
1790258497,3,13
1790258498,3,12
1790258499,3,11
1790258500,3,12
1790258501,3,11
1790258502,3,11
1790258503,3,12
1790258504,3,12
1790258505,3,46
1790258506,3,-337
1790258507,3,-287
1790258508,3,-250
1790258509,3,-218
1790258510,3,-191
1790258511,3,-168
1790258512,3,-149
1790258513,3,-130
1790258514,3,-113
1790258515,3,-99
1790258516,3,-88
1790258517,3,-79
1790258518,3,-70
1790258519,3,-61
1790258520,3,-53
1790258521,3,-46
1790258522,3,-41
1790258523,3,-37
1790258524,3,-33
1790258525,3,-29
1790258526,3,-26
1790258527,3,-23
1790258528,3,-19
1790258529,3,-17
1790258530,3,-15
1790258531,3,-15
1790258532,3,-12
1790258533,3,-11
1790258534,3,-8
1790258535,3,-7
1790258536,3,-3
1790258537,3,-1
1790258538,3,1
1790258539,3,3
1790258540,3,4
1790258541,3,5
1790258542,3,6
1790258543,3,7
1790258544,3,8
1790258545,3,10
1790258546,3,12
1790258547,3,14
1790258548,3,14
1790258549,3,15
1790258550,3,15
1790258551,3,16
1790258552,3,17
1790258553,3,17
1790258554,3,18
1790258555,3,17
1790258556,3,18
1790258557,3,20
1790258558,3,19
1790258559,3,19
1790258560,3,19
1790258561,3,18
1790258562,3,17
1790258563,3,-158
1790258564,3,-326
1790258565,3,-281
1790258566,3,-244
1790258567,3,-212
1790258568,3,-183
1790258569,3,-164
1790258570,3,-143
1790258571,3,-127
1790258572,3,-110
1790258573,3,-108
1790258574,3,-82
1790258575,3,-76
1790258576,3,-60
1790258577,3,-59
1790258578,3,-51
1790258579,3,-45
1790258580,3,-40
1790258581,3,-31
1790258582,3,-26
1790258583,3,-25
1790258584,3,-23
1790258585,3,-21
1790258586,3,-16
1790258587,3,-14
1790258588,3,-12
1790258589,3,-8
1790258590,3,-7
1790258591,3,-6
1790258592,3,-3
1790258593,3,-1
1790258594,3,0
1790258595,3,0
1790258596,3,1
1790258597,3,3
1790258598,3,3
1790258599,3,3
1790258600,3,5
1790258601,3,7
1790258602,3,-9
1790258603,3,-9
1790258604,3,-5
1790258605,3,-6
1790258606,3,-22
1790258607,3,19
1790258608,3,12
1790258609,3,10
1790258610,3,9
1790258611,3,5
1790258612,3,3
1790258613,3,4
1790258614,3,2
1790258615,3,10
1790258616,3,19
1790258617,3,24
1790258618,3,25
1790258619,3,23
1790258620,3,23
1790258621,3,21
1790258622,3,9
1790258623,3,24
1790258624,3,21
1790258625,3,20
1790258626,3,26
1790258627,3,20
1790258628,3,17
1790258629,3,36
1790258630,3,12
1790258631,3,10
1790258632,3,8
1790258633,3,13
1790258634,3,13
1790258635,3,12
1790258636,3,10
1790258637,3,8
1790258638,3,7
1790258639,3,6
1790258640,3,5
1790258641,3,5
1790258642,3,5
1790258643,3,5
1790258644,3,6
1790258645,3,5
1790258646,3,6
1790258647,3,6
1790258648,3,6
1790258649,3,8
1790258650,3,9
1790258651,3,8
1790258652,3,9
1790258653,3,10
1790258654,3,9
1790258655,3,11
1790258656,3,9
1790258657,3,-351
1790258658,3,-295
1790258659,3,-256
1790258660,3,-225
1790258661,3,-198
1790258662,3,-172
1790258663,3,-150
1790258664,3,-131
1790258665,3,-117
1790258666,3,-104
1790258667,3,-91
1790258668,3,-80
1790258669,3,-71
1790258670,3,-63
1790258671,3,-56
1790258672,3,-49
1790258673,3,-43
1790258674,3,-38
1790258675,3,-34
1790258676,3,-389
1790258677,3,-309
1790258678,3,-271
1790258679,3,-239
1790258680,3,-211
1790258681,3,-186
1790258682,3,-164
1790258683,3,-143
1790258684,3,-127
1790258685,3,-112
1790258686,3,-359
1790258687,3,-304
1790258688,3,-267
1790258689,3,-234
1790258690,3,-205
1790258691,3,-181
1790258692,3,-160
1790258693,3,-142
1790258694,3,-125
1790258695,3,-109
1790258696,3,-96
1790258697,3,-84
1790258698,3,-73
1790258699,3,-65
1790258700,3,-56
1790258701,3,-48
1790258702,3,-42
1790258703,3,-36
1790258704,3,-31
1790258705,3,-26
1790258706,3,-22
1790258707,3,-18
1790258708,3,-15
1790258709,3,-13
1790258710,3,-10
1790258711,3,-6
1790258712,3,-382
1790258713,3,-306
1790258714,3,-267
1790258715,3,-234
1790258716,3,-205
1790258717,3,-180
1790258718,3,-157
1790258719,3,-137
1790258720,3,-120
1790258721,3,-106
1790258722,3,-93
1790258723,3,-80
1790258724,3,-71
1790258725,3,-62
1790258726,3,-53
1790258727,3,-46
1790258728,3,-39
1790258729,3,-34
1790258730,3,-30
1790258731,3,-24
1790258732,3,-20
1790258733,3,-14
1790258734,3,-10
1790258735,3,-10
1790258736,3,-8
1790258737,3,-4
1790258738,3,-16
1790258739,3,-331
1790258740,3,-283
1790258741,3,-247
1790258742,3,-216
1790258743,3,-189
1790258744,3,-165
1790258745,3,-146
1790258746,3,-126
1790258747,3,-110
1790258748,3,-97
1790258749,3,-86
1790258750,3,-76
1790258751,3,-64
1790258752,3,-57
1790258753,3,-51
1790258754,3,-44
1790258755,3,-38
1790258756,3,-32
1790258757,3,-27
1790258758,3,-24
1790258759,3,-74
1790258760,3,-33
1790258761,3,-26
1790258762,3,25
1790258763,3,-3
1790258764,3,4
1790258765,3,-6
1790258766,3,-85
1790258767,3,-278
1790258768,3,-240
1790258769,3,-174
1790258770,3,-171
1790258771,3,-150
1790258772,3,-133
1790258773,3,-124
1790258774,3,-95
1790258775,3,-84
1790258776,3,-74
1790258777,3,-59
1790258778,3,-59
1790258779,3,-49
1790258780,3,-42
1790258781,3,-38
1790258782,3,-33
1790258783,3,-28
1790258784,3,-24
1790258785,3,-21
1790258786,3,-18
1790258787,3,-13
1790258788,3,-12
1790258789,3,-9
1790258790,3,-14
1790258791,3,-2
1790258792,3,1
1790258793,3,38
1790258794,3,-336
1790258795,3,-289
1790258796,3,-253
1790258797,3,-220
1790258798,3,-192
1790258799,3,-169
1790258800,3,-148
1790258801,3,-130
1790258802,3,-113
1790258803,3,-98
1790258804,3,-87
1790258805,3,-77
1790258806,3,-68
1790258807,3,-42
1790258808,3,-69
1790258809,3,-58
1790258810,3,-46
1790258811,3,-42
1790258812,3,-22
1790258813,3,-17
1790258814,3,-17
1790258815,3,-13
1790258816,3,-9
1790258817,3,-8
1790258818,3,-7
1790258819,3,-5
1790258820,3,-2
1790258821,3,-205
1790258822,3,-321
1790258823,3,-278
1790258824,3,-243
1790258825,3,-214
1790258826,3,-187
1790258827,3,-164
1790258828,3,-144
1790258829,3,-125
1790258830,3,-110
1790258831,3,-80
1790258832,3,-94
1790258833,3,-83
1790258834,3,-74
1790258835,3,-67
1790258836,3,-41
1790258837,3,-35
1790258838,3,-32
1790258839,3,-29
1790258840,3,-23
1790258841,3,-15
1790258842,3,-14
1790258843,3,-14
1790258844,3,-11
1790258845,3,-5
1790258846,3,-4
1790258847,3,-3
1790258848,3,9
1790258849,3,-356
1790258850,3,-313
1790258851,3,-272
1790258852,3,-238
1790258853,3,-208
1790258854,3,-183
1790258855,3,-160
1790258856,3,-140
1790258857,3,-122
1790258858,3,-106
1790258859,3,-93
1790258860,3,-81
1790258861,3,-71
1790258862,3,-62
1790258863,3,-54
1790258864,3,-46
1790258865,3,-40
1790258866,3,-35
1790258867,3,-30
1790258868,3,-26
1790258869,3,-23
1790258870,3,-20
1790258871,3,-13
1790258872,3,-10
1790258873,3,-8
1790258874,3,-6
1790258875,3,-6
1790258876,3,-4
1790258877,3,-3
1790258878,3,-2
1790258879,3,-344
1790258880,3,-292
1790258881,3,-251
1790258882,3,-217
1790258883,3,-191
1790258884,3,-167
1790258885,3,-146
1790258886,3,-129
1790258887,3,-113
1790258888,3,-100
1790258889,3,-86
1790258890,3,-75
1790258891,3,-65
1790258892,3,-55
1790258893,3,-45
1790258894,3,-39
1790258895,3,-33
1790258896,3,-27
1790258897,3,-23
1790258898,3,-18
1790258899,3,-15
1790258900,3,-11
1790258901,3,-7
1790258902,3,-4
1790258903,3,-2
1790258904,3,0
1790258905,3,0
1790258906,3,2
1790258907,3,-348
1790258908,3,-311
1790258909,3,-269
1790258910,3,-234
1790258911,3,-204
1790258912,3,-178
1790258913,3,-157
1790258914,3,-137
1790258915,3,-121
1790258916,3,-107
1790258917,3,-96
1790258918,3,-83
1790258919,3,-73
1790258920,3,-65
1790258921,3,-57
1790258922,3,-50
1790258923,3,-45
1790258924,3,-39
1790258925,3,-35
1790258926,3,-29
1790258927,3,-26
1790258928,3,-22
1790258929,3,-19
1790258930,3,-15
1790258931,3,-13
1790258932,3,-11
1790258933,3,-10
1790258934,3,-10
1790258935,3,-7
1790258936,3,-354
1790258937,3,-312
1790258938,3,-271
1790258939,3,-237
1790258940,3,-206
1790258941,3,-182
1790258942,3,-160
1790258943,3,-141
1790258944,3,-124
1790258945,3,-108
1790258946,3,-96
1790258947,3,-84
1790258948,3,-73
1790258949,3,-64
1790258950,3,-56
1790258951,3,-49
1790258952,3,-43
1790258953,3,-36
1790258954,3,-31
1790258955,3,-23
1790258956,3,-20
1790258957,3,-17
1790258958,3,-14
1790258959,3,-10
1790258960,3,-6
1790258961,3,-7
1790258962,3,-3
1790258963,3,0
1790258964,3,0
1790258965,3,-92
1790258966,3,-327
1790258967,3,-280
1790258968,3,-244
1790258969,3,-214
1790258970,3,-186
1790258971,3,-163
1790258972,3,-142
1790258973,3,-124
1790258974,3,-108
1790258975,3,-94
1790258976,3,-82
1790258977,3,-71
1790258978,3,-62
1790258979,3,-54
1790258980,3,-46
1790258981,3,-40
1790258982,3,-33
1790258983,3,-28
1790258984,3,-23
1790258985,3,-19
1790258986,3,-18
1790258987,3,-14
1790258988,3,-10
1790258989,3,-9
1790258990,3,-6
1790258991,3,-4
1790258992,3,-1
1790258993,3,0
1790258994,3,1
1790258995,3,0
1790258996,3,1
1790258997,3,2
1790258998,3,4
1790258999,3,5
1790259000,3,4
1790259001,3,4
1790259002,3,5
1790259003,3,6
1790259004,3,6
1790259005,3,7
1790259006,3,7
1790259007,3,7
1790259008,3,7
1790259009,3,7
1790259010,3,7
1790259011,3,8
1790259012,3,8
1790259013,3,8
1790259014,3,10
1790259015,3,10
1790259016,3,9
1790259017,3,9
1790259018,3,10
1790259019,3,11
1790259020,3,12
1790259021,3,11
1790259022,3,10
1790259023,3,11
1790259024,3,11
1790259025,3,11
1790259026,3,11
1790259027,3,11
1790259028,3,11
1790259029,3,12
1790259030,3,12
1790259031,3,13
1790259032,3,12
1790259033,3,11
1790259034,3,11
1790259035,3,11
1790259036,3,11
1790259037,3,12
1790259038,3,11
1790259039,3,11
1790259040,3,12
1790259041,3,13
1790259042,3,12
1790259043,3,10
1790259044,3,11
1790259045,3,12
1790259046,3,11
1790259047,3,11
1790259048,3,12
1790259049,3,12
1790259050,3,13
1790259051,3,12
1790259052,3,12
1790259053,3,12
1790259054,3,12
1790259055,3,13
1790259056,3,12
1790259057,3,12
1790259058,3,12
1790259059,3,12
1790259060,3,12
1790259061,3,11
1790259062,3,12
1790259063,3,12
1790259064,3,12
1790259065,3,12
1790259066,3,13
1790259067,3,12
1790259068,3,13
1790259069,3,13
1790259070,3,11
1790259071,3,11
1790259072,3,12
1790259073,3,12
1790259074,3,12
1790259075,3,12
1790259076,3,13
1790259077,3,13
1790259078,3,13
1790259079,3,13
1790259080,3,13
1790259081,3,12
1790259082,3,14
1790259083,3,15
1790259084,3,12
1790259085,3,12
1790259086,3,13
1790259087,3,13
1790259088,3,13
1790259089,3,14
1790259090,3,14
1790259091,3,14
1790259092,3,15
1790259093,3,14
1790259094,3,13
1790259095,3,14
1790259096,3,16
1790259097,3,15
1790259098,3,15
1790259099,3,15
1790259100,3,14
1790259101,3,13
1790259102,3,13
1790259103,3,13
1790259104,3,15
1790259105,3,18
1790259106,3,23
1790259107,3,24
1790259108,3,21
1790259109,3,20
1790259110,3,47
1790259111,3,8
1790259112,3,12
1790259113,3,9
1790259114,3,14
1790259115,3,21
1790259116,3,16
1790259117,3,15
1790259118,3,15
1790259119,3,15
1790259120,3,15
1790259121,3,14
1790259122,3,13
1790259123,3,12
1790259124,3,12
1790259125,3,12
1790259126,3,11
1790259127,3,12
1790259128,3,11
1790259129,3,10
1790259130,3,10
1790259131,3,10
1790259132,3,9
1790259133,3,10
1790259134,3,17
1790259135,3,5
1790259136,3,6
1790259137,3,6
1790259138,3,7
1790259139,3,8
1790259140,3,12
1790259141,3,7
1790259142,3,7
1790259143,3,4
1790259144,3,3
1790259145,3,7
1790259146,3,8
1790259147,3,8
1790259148,3,2
1790259149,3,9
1790259150,3,7
1790259151,3,8
1790259152,3,14
1790259153,3,6
1790259154,3,6
1790259155,3,8
1790259156,3,6
1790259157,3,5
1790259158,3,5
1790259159,3,41
1790259160,3,-10
1790259161,3,-6
1790259162,3,-2
1790259163,3,-1
1790259164,3,13
1790259165,3,15
1790259166,3,15
1790259167,3,15
1790259168,3,14
1790259169,3,14
1790259170,3,14
1790259171,3,15
1790259172,3,14
1790259173,3,15
1790259174,3,16
1790259175,3,17
1790259176,3,16
1790259177,3,17
1790259178,3,17
1790259179,3,15
1790259180,3,15
1790259181,3,15
1790259182,3,15
1790259183,3,14
1790259184,3,14
1790259185,3,14
1790259186,3,13
1790259187,3,12
1790259188,3,12
1790259189,3,13
1790259190,3,12
1790259191,3,11
1790259192,3,10
1790259193,3,11
1790259194,3,11
1790259195,3,13
1790259196,3,22
1790259197,3,29
1790259198,3,29
1790259199,3,26
1790259200,3,22
1790259201,3,20
1790259202,3,19
1790259203,3,16
1790259204,3,16
1790259205,3,19
1790259206,3,25
1790259207,3,24
1790259208,3,21
1790259209,3,21
1790259210,3,21
1790259211,3,18
1790259212,3,16
1790259213,3,12
1790259214,3,11
1790259215,3,10
1790259216,3,11
1790259217,3,11
1790259218,3,8
1790259219,3,6
1790259220,3,10
1790259221,3,13
1790259222,3,12
1790259223,3,10
1790259224,3,8
1790259225,3,8
1790259226,3,7
1790259227,3,9
1790259228,3,8
1790259229,3,8
1790259230,3,9
1790259231,3,13
1790259232,3,13
1790259233,3,13
1790259234,3,10
1790259235,3,10
1790259236,3,11
1790259237,3,18
1790259238,3,20
1790259239,3,21
1790259240,3,25
1790259241,3,24
1790259242,3,24
1790259243,3,22
1790259244,3,23
1790259245,3,24
1790259246,3,20
1790259247,3,16
1790259248,3,14
1790259249,3,19
1790259250,3,21
1790259251,3,19
1790259252,3,16
1790259253,3,16
1790259254,3,18
1790259255,3,17
1790259256,3,16
1790259257,3,14
1790259258,3,12
1790259259,3,11
1790259260,3,11
1790259261,3,11
1790259262,3,11
1790259263,3,8
1790259264,3,6
1790259265,3,6
1790259266,3,9
1790259267,3,14
1790259268,3,14
1790259269,3,10
1790259270,3,5
1790259271,3,4
1790259272,3,9
1790259273,3,11
1790259274,3,8
1790259275,3,6
1790259276,3,6
1790259277,3,5
1790259278,3,4
1790259279,3,3
1790259280,3,4
1790259281,3,4
1790259282,3,4
1790259283,3,4
1790259284,3,3
1790259285,3,4
1790259286,3,8
1790259287,3,11
1790259288,3,8
1790259289,3,8
1790259290,3,8
1790259291,3,6
1790259292,3,4
1790259293,3,5
1790259294,3,4
1790259295,3,2
1790259296,3,0
1790259297,3,0
1790259298,3,1
1790259299,3,0
1790259300,3,3
1790259301,3,8
1790259302,3,5
1790259303,3,3
1790259304,3,2
1790259305,3,1
1790259306,3,2
1790259307,3,4
1790259308,3,5
1790259309,3,3
1790259310,3,4
1790259311,3,6
1790259312,3,7
1790259313,3,6
1790259314,3,4
1790259315,3,6
1790259316,3,8
1790259317,3,9
1790259318,3,7
1790259319,3,6
1790259320,3,7
1790259321,3,8
1790259322,3,9
1790259323,3,9
1790259324,3,8
1790259325,3,7
1790259326,3,8
1790259327,3,8
1790259328,3,9
1790259329,3,10
1790259330,3,10
1790259331,3,7
1790259332,3,9
1790259333,3,8
1790259334,3,7
1790259335,3,8
1790259336,3,8
1790259337,3,8
1790259338,3,7
1790259339,3,6
1790259340,3,6
1790259341,3,7
1790259342,3,7
1790259343,3,6
1790259344,3,8
1790259345,3,8
1790259346,3,6
1790259347,3,6
1790259348,3,6
1790259349,3,4
1790259350,3,4
1790259351,3,5
1790259352,3,8
1790259353,3,7
1790259354,3,7
1790259355,3,8
1790259356,3,6
1790259357,3,6
1790259358,3,5
1790259359,3,4
1790259360,3,6
1790259361,3,9
1790259362,3,9
1790259363,3,8
1790259364,3,8
1790259365,3,7
1790259366,3,9
1790259367,3,10
1790259368,3,10
1790259369,3,12
1790259370,3,11
1790259371,3,10
1790259372,3,10
1790259373,3,10
1790259374,3,13
1790259375,3,12
1790259376,3,10
1790259377,3,10
1790259378,3,15
1790259379,3,15
1790259380,3,13
1790259381,3,10
1790259382,3,11
1790259383,3,10
1790259384,3,12
1790259385,3,12
1790259386,3,11
1790259387,3,12
1790259388,3,12
1790259389,3,12
1790259390,3,13
1790259391,3,15
1790259392,3,14
1790259393,3,13
1790259394,3,13
1790259395,3,11
1790259396,3,12
1790259397,3,11
1790259398,3,10
1790259399,3,10
1790259400,3,11
1790259401,3,13
1790259402,3,11
1790259403,3,11
1790259404,3,11
1790259405,3,11
1790259406,3,11
1790259407,3,11
1790259408,3,10
1790259409,3,12
1790259410,3,14
1790259411,3,12
1790259412,3,10
1790259413,3,10
1790259414,3,11
1790259415,3,11
1790259416,3,8
1790259417,3,9
1790259418,3,10
1790259419,3,10
1790259420,3,10
1790259421,3,10
1790259422,3,10
1790259423,3,12
1790259424,3,11
1790259425,3,11
1790259426,3,11
1790259427,3,13
1790259428,3,12
1790259429,3,13
1790259430,3,14
1790259431,3,14
1790259432,3,13
1790259433,3,13
1790259434,3,14
1790259435,3,14
1790259436,3,15
1790259437,3,13
1790259438,3,13
1790259439,3,12
1790259440,3,12
1790259441,3,13
1790259442,3,11
1790259443,3,11
1790259444,3,12
1790259445,3,12
1790259446,3,11
1790259447,3,10
1790259448,3,10
1790259449,3,11
1790259450,3,11
1790259451,3,10
1790259452,3,10
1790259453,3,10
1790259454,3,10
1790259455,3,10
1790259456,3,11
1790259457,3,10
1790259458,3,11
1790259459,3,13
1790259460,3,20
1790259461,3,22
1790259462,3,21
1790259463,3,19
1790259464,3,18
1790259465,3,15
1790259466,3,16
1790259467,3,20
1790259468,3,19
1790259469,3,17
1790259470,3,16
1790259471,3,17
1790259472,3,17
1790259473,3,19
1790259474,3,18
1790259475,3,18
1790259476,3,20
1790259477,3,20
1790259478,3,19
1790259479,3,17
1790259480,3,17
1790259481,3,18
1790259482,3,19
1790259483,3,17
1790259484,3,14
1790259485,3,15
1790259486,3,15
1790259487,3,14
1790259488,3,12
1790259489,3,13
1790259490,3,12
1790259491,3,10
1790259492,3,8
1790259493,3,8
1790259494,3,8
1790259495,3,8
1790259496,3,9
1790259497,3,7
1790259498,3,6
1790259499,3,6
1790259500,3,5
1790259501,3,6
1790259502,3,6
1790259503,3,6
1790259504,3,5
1790259505,3,7
1790259506,3,6
1790259507,3,4
1790259508,3,5
1790259509,3,4
1790259510,3,4
1790259511,3,5
1790259512,3,6
1790259513,3,5
1790259514,3,5
1790259515,3,6
1790259516,3,6
1790259517,3,5
1790259518,3,5
1790259519,3,5
1790259520,3,0
1790259521,3,-6
1790259522,3,-3
1790259523,3,-4
1790259524,3,-19
1790259525,3,14
1790259526,3,10
1790259527,3,10
1790259528,3,7
1790259529,3,10
1790259530,3,9
1790259531,3,-38
1790259532,3,-4
1790259533,3,5
1790259534,3,18
1790259535,3,14
1790259536,3,-28
1790259537,3,14
1790259538,3,7
1790259539,3,17
1790259540,3,5
1790259541,3,13
1790259542,3,13
1790259543,3,13
1790259544,3,17
1790259545,5,15
1790259546,27,13
1790259547,7,11
1790259548,4,9
1790259549,4,9
1790259550,3,8
1790259551,4,9
1790259552,3,8
1790259553,3,9
1790259554,4,10
1790259555,4,10
1790259556,-631,-20
1790259557,-557,-3
1790259558,-537,-3
1790259559,-538,-3
1790259560,-535,-3
1790259561,-527,-3
1790259562,-524,-3
1790259563,-522,-3
1790259564,-509,-3
1790259565,-497,-3
1790259566,-494,-3
1790259567,-495,-3
1790259568,-491,-3
1790259569,-501,-3
1790259570,-497,-3
1790259571,-502,-3
1790259572,-502,-3
1790259573,-503,-3
1790259574,-509,-3
1790259575,-509,-3
1790259576,-515,-3
1790259577,-523,-3
1790259578,-526,-3
1790259579,-526,-3
1790259580,-530,-3
1790259581,-532,-3
1790259582,-542,-3
1790259583,-541,-3
1790259584,-549,-3
1790259585,-545,-3
1790259586,-549,-3
1790259587,-555,-3
1790259588,-557,-3
1790259589,-554,-3
1790259590,-557,-3
1790259591,-561,-3
1790259592,-565,-3
1790259593,-556,-3
1790259594,-557,-3
1790259595,-566,-3
1790259596,-562,-3
1790259597,-566,-3
1790259598,-564,-3
1790259599,-564,-3
1790259600,-564,-3
1790259601,-562,-3
1790259602,-558,-3
1790259603,-565,-3
1790259604,-571,-3
1790259605,-565,-3
1790259606,-567,-3
1790259607,-575,-3
1790259608,-577,-3
1790259609,-576,-3
1790259610,-566,-3
1790259611,-574,-3
1790259612,-578,-3
1790259613,-560,-3
1790259614,-535,-3
1790259615,-525,-3
1790259616,-529,-3
1790259617,-534,-3
1790259618,-548,-3
1790259619,-544,-3
1790259620,-554,-3
1790259621,-550,-3
1790259622,-553,-3
1790259623,-552,-3
1790259624,-593,-3
1790259625,-573,-3
1790259626,-572,-3
1790259627,-567,-3
1790259628,-562,-3
1790259629,-574,-3
1790259630,-578,-3
1790259631,-544,-3
1790259632,-578,-3
1790259633,-580,-3
1790259634,-602,-3
1790259635,-578,-3
1790259636,-583,-3
1790259637,-581,-3
1790259638,-575,-3
1790259639,-570,-3
1790259640,-586,-3
1790259641,-587,-3
1790259642,-580,-3
1790259643,-583,-3
1790259644,-590,-3
1790259645,-589,-3
1790259646,-595,-3
1790259647,-602,-3
1790259648,-600,-3
1790259649,-602,-3
1790259650,-607,-3
1790259651,-614,-3
1790259652,-615,-3
1790259653,-612,-3
1790259654,-615,-3
1790259655,-619,-3
1790259656,-633,-3
1790259657,-628,-3
1790259658,-620,-3
1790259659,-650,-3
1790259660,-630,-3
1790259661,-624,-3
1790259662,-623,-3
1790259663,-602,-3
1790259664,-593,-3
1790259665,-584,-3
1790259666,-576,-3
1790259667,-574,-3
1790259668,-575,-3
1790259669,-574,-3
1790259670,-571,-3
1790259671,-573,-3
1790259672,-585,-3
1790259673,-584,-3
1790259674,-590,-3
1790259675,-586,-3
1790259676,-584,-3
1790259677,-546,-3
1790259678,-631,-3
1790259679,-647,-3
1790259680,-634,-3
1790259681,-632,-3
1790259682,-680,-3
1790259683,-604,-3
1790259684,-611,-3
1790259685,-598,-3
1790259686,-600,-3
1790259687,-609,-3
1790259688,-609,-3
1790259689,-615,-3
1790259690,-609,-3
1790259691,-608,-3
1790259692,-598,-3
1790259693,-607,-3
1790259694,-598,-3
1790259695,-595,-3
1790259696,-586,-3
1790259697,-579,-3
1790259698,-577,-3
1790259699,-567,-3
1790259700,-564,-3
1790259701,-562,-3
1790259702,-565,-3
1790259703,-562,-3
1790259704,-561,-3
1790259705,-560,-3
1790259706,-555,-3
1790259707,-558,-3
1790259708,-556,-3
1790259709,-555,-3
1790259710,-566,-3
1790259711,-566,-3
1790259712,-560,-3
1790259713,-549,-3
1790259714,-559,-3
1790259715,-555,-3
1790259716,-561,-3
1790259717,-568,-3
1790259718,-574,-3
1790259719,-572,-3
1790259720,-569,-3
1790259721,-573,-3
1790259722,-569,-3
1790259723,-587,-3
1790259724,-589,-3
1790259725,-588,-3
1790259726,-587,-3
1790259727,-586,-3
1790259728,-568,-3
1790259729,-549,-3
1790259730,-542,-3
1790259731,-546,-3
1790259732,-536,-3
1790259733,-533,-3
1790259734,-529,-3
1790259735,-539,-3
1790259736,-527,-3
1790259737,-524,-3
1790259738,-518,-3
1790259739,-525,-3
1790259740,-525,-3
1790259741,-535,-3
1790259742,-530,-3
1790259743,-528,-3
1790259744,-538,-3
1790259745,-541,-3
1790259746,-545,-3
1790259747,-554,-3
1790259748,-564,-3
1790259749,-563,-3
1790259750,-571,-3
1790259751,-579,-3
1790259752,-589,-3
1790259753,-590,-3
1790259754,-593,-3
1790259755,-593,-3
1790259756,-587,-3
1790259757,-588,-3
1790259758,-586,-3
1790259759,-589,-3
1790259760,-581,-3
1790259761,-582,-3
1790259762,-586,-3
1790259763,-591,-3
1790259764,-587,-3
1790259765,-585,-3
1790259766,-585,-3
1790259767,-574,-3
1790259768,-576,-3
1790259769,-579,-3
1790259770,-579,-3
1790259771,-578,-3
1790259772,-582,-3
1790259773,-586,-3
1790259774,-581,-3
1790259775,-577,-3
1790259776,-579,-3
1790259777,-577,-3
1790259778,-569,-3
1790259779,-563,-3
1790259780,-553,-3
1790259781,-544,-3
1790259782,-540,-3
1790259783,-553,-3
1790259784,-560,-3
1790259785,-543,-3
1790259786,-514,-3
1790259787,-549,-3
1790259788,-551,-3
1790259789,-553,-3
1790259790,-552,-3
1790259791,-581,-3
1790259792,-543,-3
1790259793,-547,-3
1790259794,-550,-3
1790259795,-524,-3
1790259796,-553,-3
1790259797,-550,-3
1790259798,-550,-3
1790259799,-547,-3
1790259800,-546,-3
1790259801,-545,-3
1790259802,-546,-3
1790259803,-541,-3
1790259804,-544,-3
1790259805,-551,-3
1790259806,-546,-3
1790259807,-540,-3
1790259808,-534,-3
1790259809,-539,-3
1790259810,-537,-3
1790259811,-538,-3
1790259812,-540,-3
1790259813,-540,-3
1790259814,-542,-3
1790259815,-540,-3
1790259816,-549,-3
1790259817,-554,-3
1790259818,-554,-3
1790259819,-551,-3
1790259820,-555,-3
1790259821,-551,-3
1790259822,-559,-3
1790259823,-565,-3
1790259824,-568,-3
1790259825,-568,-3
1790259826,-561,-3
1790259827,-562,-3
1790259828,-572,-3
1790259829,-574,-3
1790259830,-580,-3
1790259831,-577,-3
1790259832,-582,-3
1790259833,-590,-3
1790259834,-587,-3
1790259835,-584,-3
1790259836,-586,-3
1790259837,-591,-3
1790259838,-592,-3
1790259839,-595,-3
1790259840,-595,-3
1790259841,-591,-3
1790259842,-585,-3
1790259843,-595,-3
1790259844,-592,-3
1790259845,-594,-3
1790259846,-587,-3
1790259847,-591,-3
1790259848,-599,-3
1790259849,-599,-3
1790259850,-588,-3
1790259851,-587,-3
1790259852,-594,-3
1790259853,-581,-3
1790259854,-575,-3
1790259855,-585,-3
1790259856,-589,-3
1790259857,-593,-3
1790259858,-593,-3
1790259859,-587,-3
1790259860,-592,-3
1790259861,-598,-3
1790259862,-606,-3
1790259863,-644,-3
1790259864,-621,-3
1790259865,-615,-3
1790259866,-637,-3
1790259867,-573,-3
1790259868,-589,-3
1790259869,-591,-3
1790259870,-593,-3
1790259871,-599,-3
1790259872,-597,-3
1790259873,-584,-3
1790259874,-586,-3
1790259875,-585,-3
1790259876,-585,-3
1790259877,-579,-3
1790259878,-581,-3
1790259879,-584,-3
1790259880,-581,-3
1790259881,-579,-3
1790259882,-582,-3
1790259883,-577,-3
1790259884,-594,-3
1790259885,-581,-3
1790259886,-574,-3
1790259887,-579,-3
1790259888,-578,-3
1790259889,-569,-3
1790259890,-576,-3
1790259891,-560,-3
1790259892,-563,-3
1790259893,-570,-3
1790259894,-569,-3
1790259895,-578,-3
1790259896,-575,-3
1790259897,-573,-3
1790259898,-571,-3
1790259899,-569,-3
1790259900,-570,-3
1790259901,-572,-3
1790259902,-561,-3
1790259903,-556,-3
1790259904,-551,-3
1790259905,-552,-3
1790259906,-540,-3
1790259907,-546,-3
1790259908,-533,-3
