1790954829.2012684,69.83854128736648,0.8236363504633453,0.8368264916922122,0.8374242251119906,22.27,1029.249
1790954860.5567894,69.81067085366827,0.82262114566175,0.8365563625108593,0.8378411592658167,22.29,1029.238
1790954891.903155,69.78903615159533,0.8264261490627667,0.8372435000992369,0.8391809178406142,22.34,1029.236
1790954923.2467594,69.76066043511992,0.8249020503870332,0.8390899086247345,0.8391809178406142,22.3,1029.275
1790954954.5962598,69.7386628233094,0.8282018173165745,0.8392006232218364,0.8401033270702846,22.29,1029.234
1790954985.884725,69.72141959707722,0.8314318410681262,0.8400534541842194,0.8406530068584286,22.24,1029.235
1790955017.1901765,69.70348705603686,0.8314115576796524,0.8403778281998279,0.8413005035215567,22.24,1029.23
1790955048.5320308,69.69334871123984,0.8356324971616564,0.8407016695601675,0.8411388288800311,22.23,1029.223
1790955079.8214865,69.68758557207669,0.8365728247988111,0.8394543943803857,0.8415767072408925,22.26,1029.204
1790955110.9815993,69.68606231902001,0.8387840766369918,0.8395457031653284,0.8410689562220015,22.24,1029.202
1790955142.2812135,69.6825109825124,0.8375874923724156,0.8393631606262234,0.8412307924902316,22.24,1029.197
1790955173.6128008,69.68186026612887,0.8386930809047376,0.8390184390965019,0.84088516198663,22.23,1029.194
1790955204.96228,69.68896002211793,0.8395255645242917,0.8359756865297621,0.8417155040398697,22.24,1029.192
1790955236.2576897,69.68587920487171,0.8391612609370613,0.8407016695601675,0.8415314809525255,22.23,1029.188
1790955267.5243876,69.68805171442791,0.8395255645242917,0.8384393097461882,0.8414620454199442,22.22,1029.18
1790955298.711972,69.69225871296483,0.8400534541842194,0.8379499549157587,0.841507137480424,22.19,1029.183
1790955329.9903667,69.6924414221683,0.8394744617291868,0.8393831071274521,0.8413452150976409,22.2,1029.18
1790955361.2365882,69.69602987868696,0.8394543943803857,0.8376601661210609,0.8415767072408925,22.2,1029.182
1790955392.5703366,69.6961731434495,0.8389274592206887,0.8388558268394212,0.8413005035215567,22.2,1029.176
1790955423.8956661,69.69649860318384,0.8393831071274521,0.8392203772602821,0.8412530530115193,22.2,1029.182
1790955455.185141,69.6983485697316,0.8393831071274521,0.8384581238535681,0.8416689266432096,22.22,1029.184
1790955486.518593,69.701214874155,0.8393831071274521,0.8379499549157587,0.841507137480424,22.16,1029.18
1790955517.7182007,69.70495294347137,0.8409069868046237,0.8390379521464373,0.8416689266432096,22.13,1029.175
1790955549.0538268,69.70426314217625,0.8391094937328222,0.8394543943803857,0.8412307924902316,22.14,1029.166
1790955580.4020793,69.70647551161095,0.8390379521464373,0.8379317674290894,0.8410689562220015,22.14,1029.168
1790955611.7364993,69.70546000957316,0.8390379521464373,0.8395457031653284,0.8414149466970144,22.13,1029.165
1790955643.0882359,69.70158276413558,0.8381855385876388,0.8401241613064266,0.8413924957734322,22.16,1029.162
1790955674.4365451,69.69937054441945,0.8388558268394212,0.8399619366974846,0.8410689562220015,22.16,1029.154
1790955705.7642105,69.69770516029104,0.8384393097461882,0.8392720018103969,0.8410689562220015,22.16,1029.152
1790955737.1085594,69.6956716476696,0.8388033243208423,0.8398200806315618,0.8408368369422812,22.17,1029.154
1790955768.330021,69.69327040498793,0.8388945153766042,0.8400951367174431,0.8412753685672193,22.14,1029.152
1790955799.6227405,69.69363573846367,0.8392401801363932,0.8390575133985222,0.8417841656749258,22.14,1029.147
1790955830.905071,69.69414411661903,0.8390575133985222,0.8388033243208423,0.8413452150976409,22.17,1029.143
1790955862.1996076,69.6919271749366,0.8390575133985222,0.8401659842397404,0.8418535932530007,22.12,1029.141
1790955893.5492013,69.68952665303003,0.8390575133985222,0.8402577743518063,0.8416917468755037,22.13,1029.147
1790955924.9236457,69.68781871767264,0.8385491352431624,0.8394031029218587,0.8411831593302492,22.12,1029.142
1790955956.271026,69.6871268181964,0.8392401801363932,0.8395861298745138,0.8412753685672193,22.1,1029.15
1790955987.5996132,69.68865383872519,0.8400951367174431,0.839331626453049,0.842038564228779,22.13,1029.16
1790956018.9411128,69.68883652162327,0.8390771230315844,0.83898578158254,0.8411131504033016,22.13,1029.152
1790956050.2916307,69.6893455284662,0.8388226196101197,0.8385681161886551,0.8417146235725087,22.16,1029.159
1790956081.6382194,69.68901962399181,0.839331626453049,0.8394945786902466,0.841622157246231,22.16,1029.165
1790956112.9845078,69.69003763767768,0.839331626453049,0.8388226196101197,0.8417146235725087,22.14,1029.212
1790956144.3151374,69.68800161030596,0.8388226196101197,0.8398406332959785,0.8417146235725087,22.16,1029.201
1790956175.6606634,69.69087212952455,0.840003375797953,0.8385681161886551,0.8418766606676956,22.14,1029.164
1790956206.9507325,69.69054595625211,0.8391685398168257,0.839331626453049,0.8413676538247663,22.14,1029.163
1790956238.2085242,69.69050499301221,0.8397489772440998,0.8397694588640477,0.8412054068213722,22.13,1029.157
1790956269.471176,69.69068812848724,0.8393515997690186,0.8392600320315052,0.8418071661942176,22.12,1029.154
1790956300.6788914,69.6893041785164,0.83898578158254,0.8396777565679623,0.8421311640891602,22.09,1029.149
1790956331.9530811,69.68694287587596,0.8390771230315844,0.8402577743518063,0.8413676538247663,22.1,1029.143
1790956363.3006387,69.68555934554854,0.8387313830286868,0.839423148192394,0.8414600151969405,22.12,1029.156
1790956394.643173,69.68537603344478,0.8397489772440998,0.8398406332959785,0.8415297671210724,22.13,1029.149
1790956425.9945495,69.68722811950707,0.8405121729056595,0.8395861298745138,0.841622157246231,22.16,1029.128
1790956457.3480182,69.68857224740255,0.8392401801363932,0.8385681161886551,0.842038564228779,22.14,1029.138
1790956488.6935165,69.68704585607942,0.83898578158254,0.8397489772440998,0.8417841656749258,22.1,1029.133
1790956519.988111,69.68551820582601,0.8391685398168257,0.8399323649435306,0.8417146235725087,22.12,1029.116
1790956551.3355122,69.68108063392206,0.8379681873671271,0.840186973319099,0.841622157246231,22.14,1029.118
1790956582.6830592,69.68020548105892,0.8392401801363932,0.8396777565679623,0.841622157246231,22.14,1029.112
1790956614.0305767,69.68224150843064,0.8395861298745138,0.8385681161886551,0.8417146235725087,22.14,1029.117
1790956645.377101,69.6824247029414,0.8395147454477765,0.839423148192394,0.8417146235725087,22.16,1029.115
1790956676.7185845,69.68260810753357,0.8397694588640477,0.8396777565679623,0.8422238403236453,22.13,1029.117
1790956708.0483003,69.68431781096045,0.8398406332959785,0.83898578158254,0.841622157246231,22.16,1029.117
1790956739.3946426,69.68293199654512,0.839423148192394,0.8401160554000607,0.8412054068213722,22.16,1029.112
1790956770.7462692,69.68496802391684,0.8400951367174431,0.8390771230315844,0.8418766606676956,22.13,1029.105
1790956802.1078625,69.68344037366343,0.839423148192394,0.840186973319099,0.8412054068213722,22.16,1029.108
1790956833.4492066,69.68089323950072,0.839005318615234,0.8402788856965901,0.8420618796104888,22.19,1029.098
1790956864.776744,69.68089323950072,0.839331626453049,0.839331626453049,0.8414600151969405,22.17,1029.117
1790956896.1191945,69.67987522581485,0.839331626453049,0.8398406332959785,0.8414600151969405,22.16,1029.101
1790956927.467795,69.67969218233617,0.839331626453049,0.839423148192394,0.8417146235725087,22.16,1029.102
1790956958.8132355,69.6786741686503,0.839331626453049,0.8398406332959785,0.841622157246231,22.16,1029.098
1790956990.1606786,69.67783994509657,0.8394945786902466,0.8399116904671131,0.8417146235725087,22.16,1029.088
1790957021.503247,69.67783994509657,0.8398406332959785,0.8398406332959785,0.841969231948077,22.17,1029.089
1790957052.8477569,69.68005823589593,0.8395861298745138,0.8384769844748335,0.841622157246231,22.19,1029.082
1790957084.1842284,69.67969157791686,0.8395861298745138,0.8397694588640477,0.8422238403236453,22.13,1029.09
1790957115.5217633,69.67918257107392,0.8395861298745138,0.8398406332959785,0.8429876654503502,22.16,1029.085
1790957146.8483014,69.67881579567506,0.8397489772440998,0.8399323649435306,0.8421311640891602,22.19,1029.075
1790957178.195839,69.67881579567506,0.8396777565679623,0.8396777565679623,0.841969231948077,22.17,1029.078
1790957209.548429,69.6777973621728,0.839423148192394,0.8399323649435306,0.8423165930267602,22.13,1029.071
1790957240.8738096,69.67765492082052,0.8396777565679623,0.8397489772440998,0.8418766606676956,22.16,1029.065
1790957272.2064476,69.67732901634612,0.839331626453049,0.8394945786902466,0.8421311640891602,22.13,1029.063
1790957303.5510283,69.67631184125561,0.8391488091492315,0.8396573966944859,0.8430561584441919,22.12,1029.085
1790957334.8703165,69.67478670678953,0.8398200806315618,0.8405826478646014,0.842038564228779,22.14,1029.08
1790957366.2228296,69.67547836302938,0.8403284587869215,0.8399826306669961,0.842269390887138,22.19,1029.088
1790957397.569517,69.67478670678953,0.8399826306669961,0.8403284587869215,0.8420153064182333,22.16,1029.083
1790957428.913922,69.67765438422028,0.8405826478646014,0.8391488091492315,0.8425473613364854,22.17,1029.086
1790957460.2584405,69.68001499909712,0.8399116904671131,0.8387313830286868,0.8417841656749258,22.14,1029.084
1790957491.5939546,69.6832123213128,0.840003375797953,0.8384047146901209,0.8419460406481308,22.13,1029.081
1790957522.9503531,69.68473934184158,0.8400951367174431,0.839331626453049,0.8418766606676956,22.1,1029.069
1790957554.2819183,69.68390500135904,0.840186973319099,0.8406041435603724,0.8424784486992136,22.12,1029.061
1790957585.6084712,69.68034048410108,0.8386593230656891,0.8404415816946673,0.8418766606676956,22.13,1029.068
1790957616.9508543,69.67968996837351,0.8402788856965901,0.8406041435603724,0.8421311640891602,22.17,1029.071
1790957648.302458,69.67626632940957,0.8398406332959785,0.8415524527779464,0.8424784486992136,22.16,1029.065
1790957679.6449456,69.67626632940957,0.8396777565679623,0.8396777565679623,0.8423165930267602,22.17,1029.063
1790957710.9893575,69.67575732256664,0.8398406332959785,0.8400951367174431,0.8426401709320895,22.16,1029.053
1790957742.337966,69.67848503967937,0.8403496401389077,0.83898578158254,0.8428946743535543,22.19,1029.092
1790957773.6753826,69.67561431072555,0.8383136127671905,0.8397489772440998,0.8424784486992136,22.2,1029.066
1790957805.0199544,69.67459629703968,0.8400951367174431,0.8406041435603724,0.8422238403236453,22.17,1029.067
1790957836.3533363,69.67394601444984,0.8400951367174431,0.8404202780123675,0.8425473613364854,22.14,1029.06
1790957867.6979856,69.67602098387253,0.8406745717849948,0.8396370870736475,0.8426401709320895,22.14,1029.076
1790957899.0294158,69.67856078333449,0.8414149466970144,0.840145046966038,0.8428460847881201,22.1,1029.076
1790957930.3740041,69.67689736772967,0.8400534541842194,0.84088516198663,0.8422458771244292,22.07,1029.077
1790957961.7053964,69.6755594085135,0.8400326899520818,0.8407016695601675,0.8425683170910316,22.09,1029.092
1790957993.0440266,69.67501138021252,0.8395255645242917,0.8397995786747738,0.8419689626597954,22.12,1029.093
1790958024.3835566,69.67566208210005,0.8401659842397404,0.8398406332959785,0.8426401709320895,22.14,1029.089
1790958055.7059498,69.67700537105463,0.8402577743518063,0.8395861298745138,0.8426401709320895,22.14,1029.081
1790958087.055601,69.67631175747297,0.8402788856965901,0.8406256924874221,0.8426642408368678,22.14,1029.09
1790958118.3799732,69.67802401446491,0.8403708739437413,0.8395147454477765,0.8432670994914772,22.13,1029.073
1790958149.7164154,69.67617124048009,0.8396777565679623,0.8406041435603724,0.8422238403236453,22.13,1029.075
1790958181.0591645,69.67788292556989,0.8405335991128614,0.8396777565679623,0.8430807332755739,22.13,1029.07
1790958212.3844907,69.67839193241282,0.8398406332959785,0.8395861298745138,0.8422238403236453,22.13,1029.055
1790958243.7330303,69.67857551263695,0.8402577743518063,0.8401659842397404,0.8428017598903388,22.12,1029.052
1790958275.0604637,69.6802850650593,0.8405121729056595,0.8396573966944859,0.8422929627826322,22.12,1029.046
1790958306.3502066,69.68010154322032,0.840003375797953,0.8400951367174431,0.8430561584441919,22.1,1029.044
1790958337.6855633,69.68126115914457,0.8405121729056595,0.8399323649435306,0.8428946743535543,22.1,1029.044
1790958369.019991,69.68075215230164,0.8398406332959785,0.8400951367174431,0.842733057074782,22.1,1029.048
1790958400.3636487,69.68213694155934,0.840186973319099,0.8394945786902466,0.842733057074782,22.09,1029.047
1790958431.7000713,69.68348044024914,0.840003375797953,0.839331626453049,0.8426401709320895,22.07,1029.037
1790958463.0495088,69.68060923276205,0.8391685398168257,0.8406041435603724,0.842733057074782,22.1,1029.032
1790958494.3990889,69.67755267176679,0.8392600320315052,0.8407883125291327,0.8426642408368678,22.06,1029.039
1790958525.7455049,69.67533134976304,0.8399323649435306,0.8410430259454039,0.842733057074782,22.07,1029.04
1790958557.0901732,69.67209138417562,0.8396777565679623,0.8412977393616752,0.8424784486992136,22.09,1029.032
1790958588.4375567,69.67060798372594,0.8400951367174431,0.8408368369422812,0.8425713064430314,22.07,1029.03
1790958619.7848918,69.66963366041006,0.8397285461980913,0.8402157078560339,0.8428703495637202,22.09,1029.041
1790958651.1434982,69.67111629319268,0.8406530068584286,0.8399116904671131,0.8428460847881201,22.04,1029.034
1790958682.484937,69.66977485524619,0.8398200806315618,0.8404907996048053,0.8426161604860403,22.07,1029.033
1790958713.8335025,69.66741907684187,0.8398910670198427,0.8410689562220015,0.8432175095112671,22.06,1029.033
1790958745.1779914,69.66571045507375,0.8402367151359008,0.8410910260199611,0.8433787277190798,22.06,1029.015
1790958776.502568,69.66792808264988,0.8421077823306806,0.8409989685426148,0.8431245386413999,22.04,1029.022
1790958807.837995,69.66603519426118,0.8402367151359008,0.8411831593302492,0.8433787277190798,22.04,1029.02
1790958839.1635833,69.6657099773776,0.840003375797953,0.8401659842397404,0.8429632157386397,22.04,1029.017
1790958870.4910204,69.66399943500983,0.840003375797953,0.8408586469818371,0.8429632157386397,22.06,1029.014
1790958901.817423,69.6639557069113,0.8408586469818371,0.8408805110311028,0.8432422738259185,22.07,1029.02
1790958933.1639678,69.6643239284968,0.8406256924874221,0.8404415816946673,0.8428260198593026,22.07,1029.01
1790958964.5084999,69.66228622116662,0.8400241722803189,0.8410430259454039,0.843335446691845,22.06,1029.015
1790958995.8499384,69.66228622116662,0.8404415816946673,0.8404415816946673,0.8426642408368678,22.06,1029.009
1790959027.2045083,69.6651994999646,0.8414600151969405,0.840003375797953,0.8428946743535543,22.04,1029.024
1790959058.5279934,69.66418148627874,0.8403496401389077,0.8408586469818371,0.8432422738259185,22.06,1029.021
1790959089.8786118,69.6653832315388,0.8408586469818371,0.8402577743518063,0.8428946743535543,22.07,1029.007
1790959121.2221124,69.66348931850935,0.8399116904671131,0.8408586469818371,0.8429876654503502,22.07,1029.001
1790959152.5636184,69.6619174481057,0.8400241722803189,0.840810107482146,0.8431738779242292,22.07,1029.002
1790959183.9169075,69.66400046478192,0.8411575637381725,0.8401160554000607,0.8429190593805485,22.06,1028.999
1790959215.2626095,69.66502015981354,0.8414826331861487,0.8409727856703404,0.8425023282177649,22.09,1029.003
1790959246.5970984,69.66687547994194,0.8412277094282445,0.840300049364048,0.8433603980726357,22.1,1029.009
1790959277.9575503,69.66938109247322,0.8416449666621449,0.8403921603965031,0.8431986393159575,22.12,1029.011
1790959309.2991383,69.66766527855435,0.8403921603965031,0.8412500673559352,0.8429435048687344,22.14,1029.006
1790959340.6416898,69.66613447187102,0.8398818915020568,0.8406472948437261,0.8431986393159575,22.17,1028.997
1790959371.98505,69.66460366518768,0.84013702594928,0.8409024292909494,0.8427815068911421,22.14,1029.005
1790959403.3385143,69.66548129020302,0.840300049364048,0.83986123685638,0.8428503399545377,22.17,1028.997
1790959434.6661983,69.66552491028213,0.8408586469818371,0.8408368369422812,0.8432670994914772,22.14,1028.98
1790959465.9964986,69.66556755146257,0.8404907996048053,0.8404694790145834,0.8431245386413999,22.16,1028.996
1790959497.3421125,69.6650159419342,0.84088516198663,0.8411609667508191,0.8430071906000774,22.17,1028.99
1790959528.6834867,69.66497295054266,0.8405826478646014,0.8406041435603724,0.8433787277190798,22.14,1028.991
1790959560.0190818,69.66409406243511,0.8406256924874221,0.8410651365411949,0.8428260198593026,22.19,1028.99
1790959591.3705852,69.66441968771196,0.840810107482146,0.8406472948437261,0.8425023282177649,22.19,1028.979
1790959622.7080336,69.66288888102862,0.8406472948437261,0.8414126981853955,0.8433603980726357,22.19,1028.977
1790959654.049624,69.66168505757543,0.8403708739437413,0.8409727856703404,0.8427572519756691,22.19,1028.985
1790959685.3800402,69.66215138112528,0.8411575637381725,0.8409244019632446,0.8434789133132587,22.17,1028.972
1790959716.7185516,69.66284581345276,0.8402291076657973,0.8398818915020568,0.8429680110432559,22.17,1028.962
1790959748.0621269,69.6625200716242,0.8408319565191194,0.8409948274334007,0.8425262669686077,22.19,1028.961
1790959779.4136233,69.66558295069461,0.8409948274334007,0.8394633878981939,0.8432919867362111,22.19,1028.971
1790959810.758309,69.66590863425478,0.8409024292909494,0.8407395875108663,0.8447294459992962,22.13,1028.978
1790959842.1076455,69.66535551091482,0.840300049364048,0.8405766110340281,0.8429435048687344,22.13,1028.956
1790959873.4491541,69.66331359153455,0.8404843475883318,0.8415053072784697,0.8433854113700308,22.12,1028.959
1790959904.7906008,69.6641919646495,0.8409727856703404,0.8405335991128614,0.8431053690135868,22.16,1028.952
1790959936.13905,69.66586091405254,0.8408586469818371,0.8400241722803189,0.8429876654503502,22.14,1028.956
1790959967.4726474,69.66567663351542,0.8404629381545322,0.840555078423097,0.8436154271316847,22.14,1028.964
1790959998.7990835,69.66990099644185,0.8421781015270651,0.840065920063846,0.8429435048687344,22.19,1028.961
1790960030.1435523,69.66990099644185,0.8405766110340281,0.8405766110340281,0.8431300658849396,22.16,1028.968
1790960061.4721897,69.66836828963184,0.8404134996932418,0.841179853098246,0.8431300658849396,22.17,1028.974
1790960092.8066542,69.66887919190185,0.841179853098246,0.8409244019632446,0.8432234621782574,22.17,1028.967
1790960124.0822787,69.67022824109252,0.8413651852362498,0.8406906606409207,0.8436661495121014,22.13,1028.972
1790960155.4365695,69.67041316808576,0.8406906606409207,0.8405981971442993,0.8436661495121014,22.1,1028.97
1790960186.7821527,69.66976106496641,0.8409464292508602,0.841272480810532,0.8434104868147845,22.1,1028.973
1790960218.139808,69.67143720692879,0.8411095225389329,0.8402714515577442,0.8431548241174677,22.09,1028.98
1790960249.4833112,69.67059927130751,0.8404348920309811,0.8408538598416161,0.8427368095204366,22.07,1028.988
1790960280.8247085,69.67041434431427,0.8405981971442993,0.8406906606409207,0.8428301976612516,22.04,1028.987
1790960312.1751835,69.66818305661626,0.8408538598416161,0.8419695036906181,0.8430613789171483,22.06,1028.99
1790960343.517568,69.66836773620469,0.8406689508282432,0.8405766110340281,0.843316935789522,22.07,1028.994
1790960374.8661113,69.66697641942625,0.840321265548937,0.8410169239381582,0.8431300658849396,22.09,1029.006
1790960406.188608,69.66562854509132,0.8407613670657844,0.8414353042332474,0.8437343644482601,22.07,1029.008
1790960437.5370328,69.66595500203616,0.8409464292508602,0.8407832007784456,0.843341946881953,22.04,1029.009
1790960468.879695,69.6692122163442,0.8426676825428204,0.8410390753887964,0.843341946881953,22.03,1029.009
1790960500.229159,69.66804655212432,0.8397597023370428,0.8403425344469824,0.8432483467403157,22.0,1029.011
1790960531.559811,69.66953940331301,0.840250253321037,0.8395038277266921,0.8431548241174677,21.95,1029.009
1790960562.8901927,69.66837458674527,0.8402714515577442,0.8408538598416161,0.84317964394014,21.96,1029.011
1790960594.234675,69.66855936064705,0.8405981971442993,0.8405058101934106,0.8429925781303761,21.99,1029.012
1790960625.559394,69.66716627876342,0.8403425344469824,0.8410390753887964,0.8428058220447745,21.96,1029.006
1790960656.9016078,69.6664698732693,0.8401791234210417,0.840527326168095,0.8427368095204366,21.96,1029.013
1790960688.2491527,69.66665531919344,0.841131798350862,0.8410390753887964,0.8434356246387996,21.93,1029.011
1790960719.5897465,69.66702520903856,0.8406198369535426,0.8404348920309811,0.843341946881953,21.96,1029.013
1790960750.933172,69.66567594802265,0.8404348920309811,0.8411095225389329,0.8431548241174677,21.97,1029.009
1790960782.2727032,69.66446815841489,0.8403425344469824,0.8409464292508602,0.8435724926618958,22.0,1029.015
1790960813.6073434,69.66307465270519,0.8405981971442993,0.8412949499991471,0.8429925781303761,21.96,1029.008
1790960844.9446757,69.66209482168911,0.8402714515577442,0.8407613670657844,0.8428301976612516,21.97,1029.022
1790960876.294275,69.66209482168911,0.840321265548937,0.840321265548937,0.8429680110432559,21.96,1029.022
1790960907.6368246,69.66158370794436,0.840250253321037,0.8405058101934106,0.8428991614201509,21.96,1029.024
1790960938.987186,69.66191010634574,0.8408538598416161,0.8406906606409207,0.8428991614201509,21.97,1029.025
1790960970.331614,69.66209482151375,0.8404348920309811,0.8403425344469824,0.8429925781303761,21.97,1029.029
1790961001.661119,69.66125730954298,0.8409464292508602,0.8413651852362498,0.8430860722716021,21.95,1029.028
1790961032.9866548,69.66088772610075,0.8403425344469824,0.840527326168095,0.8428991614201509,21.95,1029.024
1790961064.3321414,69.65883903110094,0.8409685113576773,0.8419928588575809,0.8431108271057859,21.93,1029.026
1790961095.6836398,69.6607017016319,0.8416437597481815,0.8407124244827013,0.8431108271057859,21.96,1029.037
1790961127.022212,69.66032938235642,0.8418066992198486,0.8419928588575809,0.8434356246387996,21.93,1029.038
1790961158.364803,69.66084113157713,0.8415508246094978,0.8412949499991471,0.8430172063574843,21.92,1029.038
1790961189.704188,69.66219205306341,0.841131798350862,0.8404563376077255,0.84317964394014,21.96,1029.047
1790961221.0427117,69.66563359407533,0.8412245982326532,0.8395038277266921,0.8430172063574843,21.93,1029.056
1790961252.390181,69.66735155630991,0.841272480810532,0.8404134996932418,0.8428991614201509,21.95,1029.06
1790961283.7396717,69.66804744395644,0.8405981971442993,0.840250253321037,0.8432483467403157,21.92,1029.056
1790961315.0843005,69.66958205561608,0.8409464292508602,0.8401791234210417,0.8432483467403157,21.92,1029.066
1790961346.4137845,69.66906988186612,0.8407124244827013,0.8409685113576773,0.8429236632414802,21.92,1029.063
1790961377.7623637,69.66735155508022,0.8399946964486632,0.8408538598416161,0.8427368095204366,21.93,1029.059
1790961409.0827823,69.66581757889631,0.8405981971442993,0.8413651852362498,0.8428991614201509,21.92,1029.058
1790961440.4333193,69.66637098395154,0.8405058101934106,0.8402291076657973,0.8429680110432559,21.95,1029.056
1790961471.7846882,69.66363342445946,0.8399738677432629,0.8413426474893015,0.8432919867362111,21.96,1029.062
1790961503.138288,69.6618684485328,0.8405981971442993,0.8414806851076291,0.84317964394014,21.99,1029.06
1790961534.470838,69.65949520670598,0.8400155769473935,0.8412021978607996,0.843341946881953,22.02,1029.057
1790961565.8161833,69.65800464962157,0.8401791234210417,0.8409244019632446,0.8428058220447745,22.04,1029.049
1790961597.1587198,69.6578642635544,0.8410651365411949,0.8411353295747835,0.8436835150115906,22.06,1029.039
1790961628.5042138,69.66161104302911,0.8421311640891602,0.8402577743518063,0.8428260198593026,22.03,1029.038
1790961659.8327503,69.66364539321013,0.8414374531028764,0.8404202780123675,0.8435649555518985,22.02,1029.028
1790961691.2172694,69.6641095225988,0.8413452150976409,0.8411131504033016,0.8433105569980452,22.02,1029.026
1790961722.5718794,69.66508426439981,0.841020970013366,0.8405335991128614,0.8428946743535543,22.03,1029.026
1790961753.9162269,69.66573536246047,0.8410651365411949,0.8407395875108663,0.8431986393159575,22.06,1029.016
1790961785.2657511,69.66708344827013,0.841179853098246,0.8405058101934106,0.8428747203998486,22.06,1029.018
1790961816.5892994,69.66777927700753,0.8401791234210417,0.8398312090523488,0.8431548241174677,22.07,1029.019
1790961847.9267712,69.66931388866716,0.8412021978607996,0.8404348920309811,0.8437598839601946,22.04,1029.019
1790961879.2683046,69.66847718631523,0.8406689508282432,0.8410873020042106,0.8432483467403157,22.03,1029.016
1790961910.555918,69.66662069607172,0.8407395875108663,0.8416678326326187,0.8428747203998486,22.03,1029.028
1790961941.9093697,69.66629524573348,0.8403708739437413,0.8405335991128614,0.8436835150115906,22.03,1029.01
1790961973.2367914,69.66578560864612,0.8408805110311028,0.8411353295747835,0.8439383335552713,22.04,1029.006
1790962004.5914295,69.66643586325283,0.841575194659293,0.8412500673559352,0.8435472266587455,22.03,1029.011
1790962035.9358358,69.6688459573547,0.8412500673559352,0.8400450203049991,0.8437089082104038,22.0,1029.008
1790962067.2813103,69.66990966349692,0.8413201656002439,0.8407883125291327,0.8431738779242292,21.99,1029.0
1790962098.6119378,69.67041888024806,0.8406961900702355,0.8404415816946673,0.8428946743535543,22.0,1028.99
1790962129.9463236,69.67046299211214,0.8410430259454039,0.841020970013366,0.8430561584441919,22.02,1028.991
1790962161.29383,69.67166437611414,0.841020970013366,0.8404202780123675,0.8434036811964835,21.99,1028.988
1790962192.640509,69.66944534053275,0.8415994041753208,0.8427089219660125,0.8440479821694707,21.99,1028.995
1790962223.9728987,69.66944534053275,0.8406530068584286,0.8406530068584286,0.8430999602975656,22.0,1029.0
1790962255.3034089,69.6686138595526,0.8411609667508191,0.8415767072408925,0.8436077113164567,22.0,1028.999
1790962286.6339712,69.66926147092381,0.8412307924902316,0.8409069868046237,0.8434467862665765,21.99,1029.0
1790962317.9683285,69.67046042533865,0.8410689562220015,0.8404694790145834,0.8436077113164567,22.0,1029.002
1790962349.3268185,69.66976892006112,0.840145046966038,0.8404907996048053,0.8437007662127718,22.0,1029.0
1790962380.66338,69.66824441324769,0.8404907996048053,0.8412530530115193,0.8435398132316613,21.97,1029.0
1790962411.9988267,69.66773624430988,0.8407448840737101,0.8409989685426148,0.8436329167967598,21.97,1028.993
1790962443.3394084,69.66741209660162,0.8406530068584286,0.840815080712556,0.8433538358070112,21.95,1028.988
1790962474.6729128,69.66658114771812,0.8409770213316822,0.8413924957734322,0.8434218309206412,21.95,1028.988
1790962505.999313,69.66727204929064,0.8411388288800311,0.8407933780937668,0.8434218309206412,21.95,1028.984
1790962537.3458505,69.66593465751103,0.8413924957734322,0.8420611916632417,0.8437685040757257,21.93,1028.983
1790962568.6922724,69.66713211724587,0.8410469408076617,0.840448210940242,0.8434218309206412,21.92,1028.969
1790962600.0367284,69.6678230188184,0.8411388288800311,0.8407933780937668,0.8439291647074433,21.95,1028.977
1790962631.3777928,69.66749966953535,0.8411388288800311,0.8413005035215567,0.8434897143793487,21.95,1028.978
1790962662.7330813,69.66800658677519,0.8412085868000186,0.8409551281800931,0.8439966316191998,21.92,1028.978
1790962694.0934427,69.66666877827755,0.84088516198663,0.8415540662354517,0.8438361306605066,21.92,1028.98
1790962725.4367537,69.66482384435211,0.84088516198663,0.8418076289493467,0.8435825679466116,21.92,1028.975
1790962756.7650015,69.66533117813891,0.8413924957734322,0.8411388288800311,0.8434218309206412,21.89,1028.979
1790962788.1051273,69.66551453756563,0.8406314950932289,0.8405398153798718,0.84316816402724,21.89,1028.984
1790962819.435735,69.66602166299342,0.8410469408076617,0.8407933780937668,0.8435825679466116,21.88,1028.986
1790962850.7809894,69.66823274902002,0.8407933780937668,0.8396878350804653,0.8436754978140423,21.86,1028.988
1790962882.1323266,69.66685181456303,0.8406100362930596,0.8413005035215567,0.8434897143793487,21.88,1028.98
1790962913.4788456,69.66551379770638,0.8406314950932289,0.8413005035215567,0.8433290052327167,21.86,1028.981
1790962944.8041039,69.66399304598683,0.8401947523203164,0.8409551281800931,0.8436754978140423,21.83,1028.991
1790962976.1345046,69.6627948106275,0.8407933780937668,0.8413924957734322,0.8439291647074433,21.86,1028.993
1790963007.4747813,69.6615960073032,0.84088516198663,0.841484563648781,0.8434218309206412,21.86,1028.992
1790963038.8071396,69.66279424266253,0.8413924957734322,0.8407933780937668,0.8432609617586269,21.83,1028.993
1790963070.1406267,69.6638084935181,0.8410469408076617,0.8405398153798718,0.8435825679466116,21.83,1028.991
1790963101.4800892,69.66500616144089,0.8413005035215567,0.8407016695601675,0.8438361306605066,21.81,1029.001
1790963132.828326,69.66366882678854,0.8407933780937668,0.8414620454199442,0.8435825679466116,21.83,1029.0
1790963164.1547613,69.66265415921494,0.8411388288800311,0.8416461626668333,0.8437431729992743,21.81,1029.008
1790963195.506135,69.66062482406772,0.84088516198663,0.8418998295602345,0.8436754978140423,21.83,1029.005
1790963226.846693,69.66265415921494,0.8418998295602345,0.84088516198663,0.8438361306605066,21.83,1029.012
1790963258.1941125,69.66094817335077,0.8413005035215567,0.8421534964536356,0.8434218309206412,21.78,1029.016
1790963289.532376,69.66113179860591,0.8410469408076617,0.8409551281800931,0.8433290052327167,21.76,1029.024
1790963320.8848147,69.66352698391849,0.8418076289493467,0.8406100362930596,0.8435825679466116,21.79,1029.024
1790963352.2262206,69.66454123477406,0.8413005035215567,0.8407933780937668,0.84316816402724,21.78,1029.029
1790963383.5717745,69.6638502759032,0.8412085868000186,0.8415540662354517,0.8433290052327167,21.76,1029.034
1790963414.9221568,69.66366638531775,0.8413701001272221,0.8414620454199442,0.8437431729992743,21.76,1029.039
1790963446.2636678,69.66398961998924,0.8411167455158346,0.8409551281800931,0.8437431729992743,21.76,1029.044
1790963477.607048,69.66500303843479,0.8411167455158346,0.8406100362930596,0.8433969370183224,21.76,1029.045
1790963508.954471,69.66550995567464,0.8417155040398697,0.8414620454199442,0.8437431729992743,21.76,1029.045
1790963540.300893,69.66500303843479,0.8414620454199442,0.8417155040398697,0.8434897143793487,21.73,1029.039
1790963571.6474402,69.66703154014596,0.8410469408076617,0.8400326899520818,0.8433290052327167,21.73,1029.048
1790963602.994787,69.66836976536162,0.8410469408076617,0.8403778281998279,0.8436754978140423,21.73,1029.043
1790963634.3201303,69.66836976536162,0.8413005035215567,0.8413005035215567,0.8434218309206412,21.71,1029.047
1790963665.6685798,69.6667097267134,0.840448210940242,0.8412782302643497,0.8433969370183224,21.71,1029.044
1790963697.0101964,69.66638628402485,0.8407016695601675,0.8408633909044472,0.8430754425188216,21.69,1029.05
1790963728.3035555,69.66518918301094,0.8406100362930596,0.8412085868000186,0.8431435824069349,21.71,1029.045
1790963759.656926,69.66380854994705,0.8407717288879981,0.8414620454199442,0.8434897143793487,21.69,1029.052
1790963791.0065532,69.66344061773059,0.8413701001272221,0.8415540662354517,0.8439966316191998,21.71,1029.058
1790963822.3447719,69.6626100497851,0.8401947523203164,0.8406100362930596,0.8439036462410974,21.69,1029.053
1790963853.6934001,69.6615970470324,0.8407717288879981,0.8412782302643497,0.8437179042403966,21.68,1029.057
1790963885.035793,69.66026181199977,0.8406801420381731,0.841347759554484,0.8436251474302863,21.69,1029.057
1790963916.380201,69.66007801527218,0.841439582588729,0.8415314809525255,0.8434647573902113,21.68,1029.064
1790963947.7056556,69.65938905549017,0.8404971934688586,0.8408416733598614,0.8439710510905819,21.68,1029.067
1790963979.0393279,69.65717966860913,0.8409332888883584,0.8420379823288769,0.8440639878342829,21.68,1029.081
1790964010.3615978,69.65920650550024,0.8411167455158346,0.8401033270702846,0.8436502916297098,21.68,1029.076
1790964041.710015,69.66072600962929,0.8417847316407012,0.841024979576174,0.8436502916297098,21.66,1029.074
1790964073.0485187,69.6600357685272,0.841024979576174,0.8413701001272221,0.8433969370183224,21.68,1029.075
1790964104.3820078,69.6614161002277,0.8416234547386098,0.8409332888883584,0.8434647573902113,21.71,1029.083
1790964135.716415,69.6604043425099,0.8407501328983078,0.8412560117572065,0.8433721043329748,21.68,1029.083
1790964167.061916,69.65888732743093,0.8409115032579695,0.8416700107974538,0.8435324666222505,21.71,1029.086
1790964198.4153636,69.66058655997482,0.8415782062006627,0.8407285899287203,0.8435324666222505,21.71,1029.086
1790964229.7407649,69.66228677025477,0.8419228466439485,0.8410727415039759,0.8435324666222505,21.68,1029.089
1790964261.0872922,69.66311471144347,0.8413254738523194,0.8409115032579695,0.8438527973357534,21.66,1029.081
1790964292.426838,69.66412564083684,0.8410727415039759,0.8405672768072892,0.8436926975694119,21.65,1029.088
1790964323.7711682,69.66550239705812,0.8411643391044642,0.8404759609938292,0.8436926975694119,21.66,1029.085
1790964355.106133,69.6665133264515,0.8408200091556325,0.8403145444589457,0.84360006498741,21.66,1029.081
1790964386.4463015,69.66564182810001,0.8407285899287203,0.8411643391044642,0.843507508212523,21.66,1029.086
1790964417.7965872,69.66531905245924,0.8402233320589381,0.8403847198793238,0.8434150271517326,21.65,1029.084
1790964449.1350625,69.66444847390662,0.8403847198793238,0.8408200091556325,0.8440127660823054,21.68,1029.091
1790964480.4715111,69.662105906733,0.8407285899287203,0.8418998735155282,0.8430022503427407,21.65,1029.093
1790964511.7981155,69.66008487525387,0.8404759609938292,0.8414864767333938,0.8431625015456984,21.68,1029.096
1790964543.1184814,69.65719294436872,0.8407983980954882,0.8422443635380672,0.843507508212523,21.65,1029.091
1790964574.474943,69.65618242862915,0.8414864767333938,0.8419917346031761,0.8441726039698346,21.64,1029.103
1790964605.8184927,69.65549427521493,0.840889771091392,0.8412338477985026,0.8438274664355088,21.65,1029.1
1790964637.1610196,69.65820263347743,0.8412338477985026,0.8398796686672557,0.8440798887971771,21.65,1029.099
1790964668.5137362,69.65632163147828,0.8405459757338198,0.8414864767333938,0.8436675527577666,21.66,1029.101
1790964699.8752904,69.65563347806406,0.840889771091392,0.8412338477985026,0.8441726039698346,21.65,1029.095
1790964731.2189348,69.65682611999128,0.841142296697426,0.8405459757338198,0.8434150271517326,21.64,1029.094
1790964762.5625908,69.65733137786106,0.8409812188636115,0.8407285899287203,0.8437601371474142,21.66,1029.091
1790964793.8979173,69.65852437582963,0.8409812188636115,0.8403847198793238,0.843322621712172,21.66,1029.096
1790964825.2486122,69.65769696229222,0.8407285899287203,0.841142296697426,0.843322621712172,21.65,1029.091
1790964856.5983942,69.66090960257897,0.8418998735155282,0.8402935533721515,0.8438274664355088,21.64,1029.098
1790964887.9436386,69.66123143803986,0.8412117381876024,0.8410508204571566,0.8439872494061981,21.62,1029.101
1790964919.295392,69.66022174859319,0.8405459757338198,0.8410508204571566,0.8434150271517326,21.62,1029.096
1790964950.6370423,69.65953323861577,0.8409812188636115,0.8413254738523194,0.8432548792776319,21.62,1029.097
1790964981.9804695,69.6640805594438,0.8427496214078495,0.8404759609938292,0.8434150271517326,21.61,1029.098
1790965013.3259432,69.66577937833388,0.8410727415039759,0.8402233320589381,0.843507508212523,21.64,1029.104
1790965044.6684756,69.66628484303057,0.8403145444589457,0.8400618121106023,0.84360006498741,21.62,1029.1
1790965076.0163696,69.66559624036391,0.8404058315649799,0.8407501328983078,0.8436251474302863,21.59,1029.107
1790965107.3656297,69.66306788189897,0.8401529957184852,0.841417174950959,0.8431870258764224,21.59,1029.114
1790965138.7092052,69.66086045619737,0.8407501328983078,0.8418538457491067,0.8438781905275976,21.64,1029.111
1790965170.0367312,69.65883528139588,0.8409332888883584,0.8419458762890996,0.8431435824069349,21.61,1029.113
1790965201.3833141,69.65832898769551,0.8404269951879878,0.8406801420381731,0.8428902277955473,21.61,1029.121
1790965232.7127023,69.65887653780479,0.8403355871652387,0.8400618121106023,0.8436926975694119,21.56,1029.124
1790965264.0395803,69.65786560841141,0.8408200091556325,0.8413254738523194,0.8438527973357534,21.58,1029.124
1790965295.3907743,69.65887612415098,0.8404759609938292,0.839970703124047,0.8431625015456984,21.61,1029.124
1790965326.7264252,69.65837024529208,0.8402442540394093,0.8404971934688586,0.8437179042403966,21.59,1029.116
1790965358.0589182,69.6610418107541,0.841347759554484,0.840011976823471,0.8434647573902113,21.58,1029.128
1790965389.4093122,69.66154851997688,0.8408633909044472,0.8406100362930596,0.8434647573902113,21.56,1029.12
1790965420.7479937,69.66136516055016,0.8405398153798718,0.8406314950932289,0.8429144971338389,21.56,1029.109
1790965452.0955954,69.66049158242515,0.8400326899520818,0.8404694790145834,0.8428218798049266,21.61,1029.114
1790965483.440929,69.65980094700883,0.8401241613064266,0.8404694790145834,0.8430071906000774,21.61,1029.113
1790965514.7384787,69.65896978959503,0.8407232501731329,0.8411388288800311,0.8433538358070112,21.59,1029.108
1790965546.0721095,69.65693962032664,0.8394543943803857,0.8404694790145834,0.842753419441528,21.61,1029.108
1790965577.3995807,69.65523255508583,0.8400534541842194,0.8409069868046237,0.8430999602975656,21.62,1029.101
1790965608.7419498,69.65458593505382,0.8407016695601675,0.841024979576174,0.8435825679466116,21.61,1029.095
1790965640.084605,69.65592205780725,0.8409332888883584,0.8402652275116467,0.8437179042403966,21.64,1029.092
1790965671.4270263,69.65758186606176,0.84058863026255,0.8397587261352952,0.8429584636898407,21.62,1029.093
1790965702.758517,69.6579471172271,0.8401033270702846,0.8399207014876172,0.8435574864579315,21.64,1029.103
1790965734.108052,69.65707321513432,0.840448210940242,0.84088516198663,0.84305098508158,21.65,1029.1
1790965765.4566476,69.6580887171721,0.840815080712556,0.840307329693665,0.8432609617586269,21.65,1029.109
1790965796.8040078,69.65892177696324,0.8404907996048053,0.8400742697092416,0.8433538358070112,21.62,1029.111
1790965828.1294906,69.66026232030069,0.8409069868046237,0.8402367151359008,0.8432857287627568,21.62,1029.12
1790965859.4702091,69.65855432618523,0.8394744617291868,0.8403284587869215,0.8431245386413999,21.64,1029.119
1790965890.8136601,69.65786210018908,0.8403284587869215,0.8406745717849948,0.8432175095112671,21.61,1029.116
1790965922.1450803,69.65735330308136,0.8402577743518063,0.8405121729056595,0.8434036811964835,21.61,1029.122
1790965953.4946666,69.65698545589154,0.8405826478646014,0.8407665714595127,0.8427089219660125,21.61,1029.124
1790965984.8450606,69.65767762366093,0.8402577743518063,0.8399116904671131,0.8429632157386397,21.61,1029.116
1790966016.1876214,69.65818642076864,0.8405121729056595,0.8402577743518063,0.8433105569980452,21.61,1029.114
1790966047.5160267,69.65716882655323,0.8407665714595127,0.8412753685672193,0.8429632157386397,21.59,1029.107
1790966078.8575451,69.65804472589681,0.8403496401389077,0.8399116904671131,0.8428017598903388,21.56,1029.115
1790966110.205115,69.66040229250137,0.8412530530115193,0.8400742697092416,0.8427775598249473,21.56,1029.117
1790966141.5477533,69.66141821228615,0.840145046966038,0.8396370870736475,0.8423383337692291,21.59,1029.117
1790966172.8930414,69.65920318715295,0.8400534541842194,0.8411609667508191,0.8430999602975656,21.59,1029.122
1790966204.2385843,69.65629177337695,0.8403284587869215,0.8417841656749258,0.843031644293852,21.59,1029.114
1790966235.5813076,69.65698436027124,0.8407665714595127,0.8404202780123675,0.8429632157386397,21.59,1029.124
1790966266.9156485,69.65785923635454,0.8401659842397404,0.8397285461980913,0.8421077823306806,21.56,1029.122
1790966298.2651863,69.65920115114952,0.8405826478646014,0.8399116904671131,0.8427089219660125,21.56,1029.126
1790966329.6047263,69.66086723553347,0.8413452150976409,0.8405121729056595,0.8430561584441919,21.58,1029.12
1790966360.950139,69.65730712271669,0.8401659842397404,0.8419460406481308,0.8426161604860403,21.59,1029.117
1790966392.2975895,69.65679895377887,0.8402367151359008,0.8404907996048053,0.8427775598249473,21.56,1029.133
1790966423.6411755,69.6576315951349,0.8409989685426148,0.8405826478646014,0.8428703495637202,21.58,1029.132
1790966454.9767337,69.65948125991555,0.8415994041753208,0.8406745717849948,0.8429632157386397,21.56,1029.13
1790966486.3181903,69.66068207345695,0.840928865557622,0.8403284587869215,0.8430561584441919,21.56,1029.132
1790966517.6607206,69.65966531714623,0.8398200806315618,0.8403284587869215,0.843031644293852,21.58,1029.13
1790966549.0041943,69.6611891968234,0.8406530068584286,0.8398910670198427,0.8429632157386397,21.59,1029.141
1790966580.3485916,69.66169736576121,0.8407448840737101,0.8404907996048053,0.8425234753560428,21.59,1029.136
1790966611.6930478,69.6606810278856,0.8399826306669961,0.8404907996048053,0.8431928063203812,21.58,1029.136
1790966643.0356538,69.66187971548702,0.840145046966038,0.8395457031653284,0.8427775598249473,21.59,1029.137
1790966674.37608,69.66104760788637,0.8403990269122332,0.840815080712556,0.842938826374186,21.59,1029.138
1790966705.7166898,69.66068085387981,0.8403778281998279,0.8405612052031104,0.8430999602975656,21.59,1029.145
1790966737.0593593,69.66086373844873,0.8399619366974846,0.8398704944130255,0.8425922092786746,21.59,1029.146
1790966768.40786,69.66104673914005,0.8402862526659768,0.8401947523203164,0.8430754425188216,21.55,1029.137
1790966799.7513509,69.66256874050046,0.8411388288800311,0.8403778281998279,0.8430999602975656,21.58,1029.152
1790966831.099857,69.66358382513467,0.8404694790145834,0.8399619366974846,0.842753419441528,21.56,1029.16
1790966862.4273877,69.66427425202068,0.8402157078560339,0.8398704944130255,0.8434218309206412,21.56,1029.155
1790966893.7778127,69.66173549692623,0.8392918276558828,0.8405612052031104,0.8426848464279907,21.55,1029.159
1790966925.1094143,69.6632587499829,0.840307329693665,0.8395457031653284,0.8426848464279907,21.56,1029.15
1790966956.4640121,69.66409106645705,0.8405612052031104,0.840145046966038,0.8426848464279907,21.58,1029.155
1790966987.8155134,69.66206089718865,0.8402157078560339,0.8412307924902316,0.8430071906000774,21.56,1029.146
1790967019.1381805,69.66187753776194,0.8405398153798718,0.8406314950932289,0.8429144971338389,21.55,1029.15
1790967050.4894834,69.66289178861751,0.8410469408076617,0.8405398153798718,0.8428218798049266,21.56,1029.161
1790967081.8370416,69.6625679298948,0.8401947523203164,0.8403566816816721,0.8431435824069349,21.58,1029.154
1790967113.1607056,69.66358134834036,0.8408633909044472,0.8403566816816721,0.8428902277955473,21.58,1029.155
1790967144.4930594,69.66496114967725,0.8409551281800931,0.8402652275116467,0.8429827971394976,21.55,1029.151
1790967175.8417008,69.66781813847969,0.8421301639613847,0.8407016695601675,0.8430754425188216,21.54,1029.156
1790967207.19223,69.66629801081136,0.8403566816816721,0.8411167455158346,0.8428902277955473,21.51,1029.157
1790967238.5457733,69.66445444045448,0.8407016695601675,0.8416234547386098,0.84305098508158,21.55,1029.159
1790967269.884156,69.66445444045448,0.8404269951879878,0.8404269951879878,0.8435324666222505,21.54,1029.146
1790967301.2248957,69.66275232829638,0.8408416733598614,0.8416927294389143,0.843211610540026,21.56,1029.151
1790967332.5314312,69.66118976861179,0.8401738483378025,0.8409551281800931,0.8431435824069349,21.54,1029.155
1790967363.8786829,69.66183703478552,0.8409551281800931,0.8406314950932289,0.8437431729992743,21.56,1029.143
1790967395.2203786,69.66303479545834,0.8402157078560339,0.8396168275196245,0.8429144971338389,21.54,1029.149
1790967426.5688264,69.66201887567357,0.8414149466970144,0.8419229065894049,0.8435147329171763,21.54,1029.152
1790967457.9433095,69.6614145042709,0.8405612052031104,0.8408633909044472,0.8433969370183224,21.52,1029.15
1790967489.290937,69.65773076641962,0.840011976823471,0.8418538457491067,0.8431190612356636,21.52,1029.157
1790967520.620483,69.65773076641962,0.8404058315649799,0.8404058315649799,0.843211610540026,21.55,1029.16
1790967551.9588768,69.65754789283224,0.8404971934688586,0.84058863026255,0.8433721043329748,21.52,1029.155
1790967583.2944272,69.65501849853774,0.8407501328983078,0.8420148300455546,0.8432795271928011,21.52,1029.159
1790967614.6378703,69.65350148345877,0.8406586674114747,0.841417174950959,0.8430265877633517,21.52,1029.163
1790967645.9834213,69.6543730744997,0.8410030723277572,0.8405672768072892,0.8429341900299275,21.52,1029.174
1790967677.3338099,69.65506137765021,0.8410727415039759,0.8407285899287203,0.8428418679423798,21.54,1029.162
1790967708.6725419,69.6569010762175,0.8408200091556325,0.8399001598719904,0.8428418679423798,21.55,1029.162
1790967740.0079122,69.6590200393083,0.8414864767333938,0.8404269951879878,0.8434398617229171,21.51,1029.154
1790967771.3354843,69.66220115267635,0.8418768093499973,0.8402862526659768,0.8433969370183224,21.49,1029.162
1790967802.6678867,69.66289133645041,0.8409551281800931,0.8406100362930596,0.8434897143793487,21.49,1029.156
1790967833.9944782,69.66224400021501,0.8401033270702846,0.8404269951879878,0.8434647573902113,21.49,1029.156
1790967865.3408625,69.66242672402277,0.8404971934688586,0.8404058315649799,0.843211610540026,21.51,1029.16
1790967896.683409,69.66210362654185,0.8401529957184852,0.8403145444589457,0.8430946002907231,21.52,1029.159
1790967928.033056,69.66311455593522,0.8418309385490061,0.8413254738523194,0.8433473326390666,21.51,1029.151
1790967959.3545132,69.66513641472197,0.8420836708973496,0.8410727415039759,0.8432548792776319,21.49,1029.166
1790967990.69305,69.66325449329136,0.8406372454853579,0.8415782062006627,0.8430022503427407,21.51,1029.156
1790968022.017438,69.66159951649493,0.8402233320589381,0.8410508204571566,0.8436675527577666,21.51,1029.159
1790968053.3599432,69.65990146731428,0.8401321942732898,0.8409812188636115,0.843507508212523,21.49,1029.17
1790968084.7074375,69.65925617996452,0.8402233320589381,0.8405459757338198,0.8432548792776319,21.49,1029.17
1790968116.0541432,69.66242872065929,0.8423364032456929,0.8407501328983078,0.8428418679423798,21.48,1029.173
1790968147.405559,69.66261215922204,0.8411864357385438,0.8410947164571727,0.8426129750410408,21.49,1029.174
1790968178.74503,69.66311824541665,0.84058863026255,0.8403355871652387,0.8436502916297098,21.46,1029.177
1790968210.0925639,69.66044992693193,0.8399913146099599,0.8413254738523194,0.8437854060516997,21.49,1029.176
1790968241.4400885,69.65943941119237,0.839970703124047,0.8404759609938292,0.843507508212523,21.49,1029.184
1790968272.7774346,69.65824661988151,0.8401321942732898,0.8407285899287203,0.8429099759396644,21.49,1029.174
1790968304.1289353,69.6580641376525,0.8403847198793238,0.8404759609938292,0.8426813541834328,21.52,1029.179
1790968335.4716122,69.65755908644043,0.8403847198793238,0.8406372454853579,0.8434150271517326,21.52,1029.183
1790968366.8220077,69.66040602825484,0.8415556651804933,0.8401321942732898,0.8434150271517326,21.52,1029.185
1790968398.1544745,69.66022369524049,0.8402935533721515,0.8403847198793238,0.8434150271517326,21.52,1029.18
1790968429.4950202,69.66123379766462,0.8406372454853579,0.8401321942732898,0.843507508212523,21.54,1029.191
1790968460.8285432,69.66141607323591,0.8402233320589381,0.8401321942732898,0.8441726039698346,21.54,1029.192
1790968492.1679828,69.66242617566004,0.840889771091392,0.8403847198793238,0.8431625015456984,21.51,1029.192
1790968523.5124602,69.66412345582187,0.840889771091392,0.840041131010483,0.8434150271517326,21.51,1029.192
1790968554.8519595,69.66343500292051,0.8405672768072892,0.8409115032579695,0.8431870258764224,21.54,1029.19
1790968586.2035482,69.66343500292051,0.8404971934688586,0.8404971934688586,0.8430265877633517,21.54,1029.207
1790968617.5512307,69.66210003259548,0.8403355871652387,0.8410030723277572,0.8433721043329748,21.54,1029.197
1790968648.9005635,69.661454515868,0.8404058315649799,0.8407285899287203,0.8433473326390666,21.52,1029.202
1790968680.2260804,69.66044400012844,0.8409812188636115,0.8414864767333938,0.8432548792776319,21.51,1029.204
1790968711.5667403,69.66044400012844,0.8410508204571566,0.8410508204571566,0.8430022503427407,21.52,1029.218
1790968742.917073,69.66195853429845,0.8407983980954882,0.840041131010483,0.8434150271517326,21.51,1029.213
1790968774.242619,69.66044400012844,0.8397887086488146,0.8405459757338198,0.8435750440738403,21.48,1029.211
1790968805.5972915,69.65860695424944,0.8403847198793238,0.841303242818825,0.8430701993505036,21.49,1029.217
1790968836.9486897,69.6557598059463,0.8398796686672557,0.841303242818825,0.8429779725994361,21.51,1029.218
1790968868.3023608,69.65713359975003,0.8403847198793238,0.8396978229774593,0.8432302918011265,21.49,1029.218
1790968899.6418207,69.65695126673567,0.8402935533721515,0.8403847198793238,0.8436675527577666,21.49,1029.223
1790968930.9854147,69.66011766091212,0.8421291728220451,0.8405459757338198,0.8429779725994361,21.48,1029.22
1790968962.3290331,69.65910797146545,0.841303242818825,0.8418080875421617,0.8431625015456984,21.51,1029.215
1790968993.6766164,69.65910797146545,0.840889771091392,0.840889771091392,0.8437601371474142,21.52,1029.218
1790969025.0281308,69.66383756786479,0.8424969924729584,0.8401321942732898,0.843507508212523,21.51,1029.228
1790969056.3527472,69.66250442588236,0.8405672768072892,0.8412338477985026,0.8430946002907231,21.52,1029.228
1790969087.6970625,69.65998020226567,0.840041131010483,0.841303242818825,0.8432548792776319,21.51,1029.22
1790969118.9746807,69.65796082337232,0.8402935533721515,0.841303242818825,0.8431625015456984,21.51,1029.228
1790969150.3250694,69.65947535754233,0.8418080875421617,0.8410508204571566,0.8432302918011265,21.51,1029.23
1790969181.6676695,69.66213720569021,0.8412810662530872,0.8399501421791499,0.8432548792776319,21.49,1029.236
1790969213.009141,69.65943177238837,0.8403636599400658,0.8417163765909834,0.8434150271517326,21.49,1029.236
1790969244.3647192,69.65823989895908,0.8402024613808403,0.8407983980954882,0.8429779725994361,21.49,1029.239
1790969275.6952422,69.65823989895908,0.841303242818825,0.841303242818825,0.8430701993505036,21.49,1029.248
1790969307.0229409,69.66094491995814,0.8412117381876024,0.8398592276880715,0.8437601371474142,21.52,1029.252
1790969338.37134,69.66466178550203,0.841142296697426,0.8392838639254779,0.8428177769888352,21.54,1029.25
1790969369.713016,69.66649883138103,0.841303242818825,0.8403847198793238,0.8432302918011265,21.55,1029.258
1790969401.0485,69.66567162450134,0.8409812188636115,0.8413948223034601,0.8436675527577666,21.58,1029.267
1790969432.3949194,69.66631661306955,0.840889771091392,0.8405672768072892,0.8437601371474142,21.55,1029.259
1790969463.7543738,69.66397274852066,0.8403145444589457,0.8414864767333938,0.8434150271517326,21.55,1029.254
1790969495.0991864,69.66282146828654,0.8398090797622589,0.8403847198793238,0.8437601371474142,21.54,1029.266
1790969526.4395137,69.65979239994651,0.8395362862871464,0.8410508204571566,0.8429779725994361,21.55,1029.261
1790969557.774929,69.65676333160648,0.840041131010483,0.8415556651804933,0.8428177769888352,21.54,1029.259
1790969589.1295345,69.65510888218124,0.8401321942732898,0.8409594189859119,0.843507508212523,21.52,1029.247
1790969620.4769266,69.65643973150091,0.841372524444054,0.8407070997842214,0.8437349302045076,21.52,1029.25
1790969651.813564,69.65712640503783,0.8404547805825309,0.8401114438140687,0.843322621712172,21.51,1029.26
1790969683.1560829,69.65629884211677,0.8401321942732898,0.8405459757338198,0.8428177769888352,21.52,1029.268
1790969714.4975548,69.65781337628678,0.8405459757338198,0.8397887086488146,0.843322621712172,21.52,1029.276
1790969745.8450558,69.65648123241935,0.8397887086488146,0.8404547805825309,0.8430701993505036,21.54,1029.275
1790969777.1406133,69.65496607878315,0.8406372454853579,0.8413948223034601,0.843322621712172,21.49,1029.265
1790969808.488168,69.65565381888194,0.8407285899287203,0.8403847198793238,0.8432548792776319,21.49,1029.269
1790969839.824562,69.65753358144175,0.8407285899287203,0.8397887086488146,0.8432548792776319,21.48,1029.278
1790969871.1721387,69.65551337659348,0.8403847198793238,0.8413948223034601,0.8441726039698346,21.49,1029.277
1790969902.5175815,69.65634120344632,0.8406372454853579,0.8402233320589381,0.8434150271517326,21.45,1029.292
1790969933.8491776,69.66005848196768,0.841647347909494,0.8397887086488146,0.8435750440738403,21.48,1029.285
1790969965.1965878,69.66694898994248,0.841142296697426,0.8376970427100267,0.8429099759396644,21.52,1029.275
1790969996.5272841,69.66896919479076,0.8398796686672557,0.8388695662431195,0.843507508212523,21.54,1029.281
1790970027.850768,69.66828047798644,0.8412338477985026,0.8415782062006627,0.8434150271517326,21.55,1029.301
1790970059.1991975,69.6637331571584,0.8394654452542647,0.841739105668285,0.8432548792776319,21.52,1029.29
1790970090.5437503,69.66221738354906,0.8397180741891558,0.8404759609938292,0.8430022503427407,21.54,1029.286
1790970121.8942387,69.65969006006563,0.8400618121106023,0.8413254738523194,0.8426813541834328,21.51,1029.27
1790970153.2377706,69.65969006006563,0.8400618121106023,0.8400618121106023,0.8432548792776319,21.51,1029.263
1790970184.5893455,69.65817366597557,0.8400618121106023,0.8408200091556325,0.8433473326390666,21.51,1029.254
1790970215.9427638,69.66019552476232,0.8410727415039759,0.8400618121106023,0.84360006498741,21.51,1029.263
1790970247.271285,69.65900098617536,0.8410727415039759,0.8416700107974538,0.8430946002907231,21.48,1029.271
1790970278.6168206,69.65784938393168,0.8399001598719904,0.8404759609938292,0.8430946002907231,21.48,1029.256
1790970309.9603868,69.65633298984162,0.8400618121106023,0.8408200091556325,0.8430022503427407,21.51,1029.254
1790970341.3098738,69.65532164645563,0.8406586674114747,0.8411643391044642,0.8427736483339026,21.46,1029.245
1790970372.6572564,69.65431030306965,0.8406586674114747,0.8411643391044642,0.8428418679423798,21.46,1029.243
1790970404.001908,69.65246971860772,0.8397383751805105,0.8406586674114747,0.8434398617229171,21.46,1029.234
1790970435.329296,69.6555049917611,0.8412560117572065,0.8397383751805105,0.8422677694750038,21.45,1029.237
1790970466.6717753,69.65435233057238,0.839829500970616,0.8404058315649799,0.8420148300455546,21.44,1029.24
1790970498.0174553,69.65416981393054,0.8401529957184852,0.8402442540394093,0.8427736483339026,21.44,1029.221
1790970529.3629081,69.65688291115531,0.8416008026517955,0.8402442540394093,0.8430265877633517,21.41,1029.22
1790970560.7123556,69.657247978611,0.8401738483378025,0.8399913146099599,0.8425207089044532,21.41,1029.231
1790970592.0589557,69.65890589699109,0.8409115032579695,0.8400825440679273,0.8429341900299275,21.42,1029.223
1790970623.3834345,69.66009996418482,0.8404971934688586,0.8399001598719904,0.8429341900299275,21.41,1029.223
1790970654.7168617,69.66226281797286,0.8410727415039759,0.8399913146099599,0.8431870258764224,21.44,1029.207
1790970686.0585732,69.66157406552658,0.8402442540394093,0.84058863026255,0.8428660181383522,21.44,1029.203
1790970717.4049618,69.66037866208033,0.8403355871652387,0.8409332888883584,0.8427053168396554,21.45,1029.215
1790970748.7535362,69.6600547113757,0.8397587261352952,0.8399207014876172,0.8427053168396554,21.42,1029.212
1790970780.0992444,69.65954800215292,0.8401033270702846,0.8403566816816721,0.84305098508158,21.4,1029.21
1790970811.427478,69.66037904412924,0.840448210940242,0.8400326899520818,0.8428218798049266,21.38,1029.214
1790970842.7599652,69.66088575335202,0.8403566816816721,0.8401033270702846,0.842729338519572,21.41,1029.204
1790970874.1006303,69.6619000042076,0.8402862526659768,0.8397791272381868,0.8428218798049266,21.42,1029.2
1790970905.4122734,69.6576602082819,0.8399412937003908,0.8420611916632417,0.8428218798049266,21.42,1029.204
1790970936.7215757,69.6576602082819,0.8405398153798718,0.8405398153798718,0.8429827971394976,21.42,1029.208
1790970968.0691147,69.6566455407083,0.8401241613064266,0.8406314950932289,0.8432609617586269,21.4,1029.203
1790970999.4186885,69.65765979156387,0.8405398153798718,0.8400326899520818,0.8430754425188216,21.41,1029.2
1790971030.7702785,69.65798338460017,0.8405184781998225,0.8403566816816721,0.8426368731841598,21.42,1029.22
1790971062.112753,69.65899638735287,0.8402652275116467,0.8397587261352952,0.8433042357697557,21.4,1029.206
1790971093.4441757,69.65913775359903,0.840011976823471,0.8399412937003908,0.8431435824069349,21.4,1029.208
1790971124.7878628,69.66116625531019,0.8410469408076617,0.8400326899520818,0.8429827971394976,21.41,1029.209
1790971156.127204,69.6633811291664,0.8420844582597835,0.8409770213316822,0.8428460847881201,21.42,1029.214
1790971187.4757488,69.66269070228037,0.8398704944130255,0.8402157078560339,0.8429144971338389,21.45,1029.214
1790971218.8193512,69.66204165345408,0.8397081655389352,0.8400326899520818,0.8430071906000774,21.44,1029.212
1790971250.1537774,69.66439853466714,0.8409069868046237,0.8397285461980913,0.8431928063203812,21.42,1029.205
1790971281.4943697,69.66453864668033,0.8410910260199611,0.841020970013366,0.8428017598903388,21.41,1029.203
1790971312.8279057,69.66643288519327,0.8415297671210724,0.8405826478646014,0.8426401709320895,21.44,1029.195
1790971344.1654737,69.6630147690713,0.8390575133985222,0.8407665714595127,0.8427089219660125,21.46,1029.192
1790971375.5159318,69.66574269591925,0.8406041435603724,0.8392401801363932,0.8428017598903388,21.44,1029.186
1790971406.8593922,69.66356813976824,0.8399116904671131,0.8409989685426148,0.8431245386413999,21.45,1029.182
1790971438.193827,69.66218414155279,0.8403990269122332,0.8410910260199611,0.842938826374186,21.46,1029.176
1790971469.5224168,69.66283270376829,0.840815080712556,0.8404907996048053,0.8431928063203812,21.44,1029.193
1790971500.8680809,69.66264921646625,0.8402367151359008,0.8403284587869215,0.8431245386413999,21.48,1029.188
1790971532.2124963,69.65992087014784,0.8397489772440998,0.8411131504033016,0.8428946743535543,21.42,1029.189
1790971563.560188,69.66010496316757,0.8406961900702355,0.8406041435603724,0.8430807332755739,21.42,1029.195
1790971594.8944702,69.65978046916078,0.8412054068213722,0.8413676538247663,0.842733057074782,21.44,1029.201
1790971626.2530422,69.66181817649095,0.8410430259454039,0.8400241722803189,0.8431738779242292,21.46,1029.191
1790971657.592569,69.6626095715225,0.8407665714595127,0.8403708739437413,0.8429876654503502,21.51,1029.203
1790971688.939003,69.66108002897506,0.83969816688082,0.8404629381545322,0.8429190593805485,21.48,1029.193
1790971720.2695384,69.66126457825354,0.8409727856703404,0.8408805110311028,0.8428260198593026,21.45,1029.19
1790971751.6142058,69.65903891734148,0.8396267570548337,0.8407395875108663,0.8433603980726357,21.45,1029.185
1790971782.9565246,69.65889754972208,0.8405766110340281,0.8406472948437261,0.8433854113700308,21.45,1029.182
1790971814.3010066,69.65810438007884,0.8402291076657973,0.8406256924874221,0.8434537737631806,21.42,1029.184
1790971845.6478188,69.65712739796695,0.839953090638724,0.8404415816946673,0.8429190593805485,21.41,1029.18
1790971876.9981601,69.6540683128721,0.8394432431229158,0.8409727856703404,0.8428260198593026,21.42,1029.169
1790971908.3426888,69.6557403706229,0.8410651365411949,0.8402291076657973,0.8434537737631806,21.38,1029.164
1790971939.6903012,69.65931372953838,0.8420157871235386,0.8402291076657973,0.8437089082104038,21.4,1029.167
1790971971.035703,69.65829192499838,0.8396471462882376,0.8401580485582404,0.8432234621782574,21.38,1029.155
1790972002.3941796,69.66103190324772,0.8415280376829057,0.8401580485582404,0.8430613789171483,21.38,1029.161
1790972033.7356603,69.65843206742272,0.8401580485582404,0.8414579664707391,0.8428747203998486,21.42,1029.162
1790972065.0822735,69.65996540865696,0.8407613670657844,0.8399946964486632,0.8431548241174677,21.38,1029.163
1790972096.4356916,69.65824650547981,0.8398312090523488,0.8406906606409207,0.8428301976612516,21.4,1029.16
1790972127.7742982,69.65773518008518,0.8398312090523488,0.8400868717496655,0.8428301976612516,21.38,1029.174
1790972159.1217136,69.66112820239664,0.842294708300027,0.8405981971442993,0.8432234621782574,21.37,1029.169
1790972190.4663305,69.66112820239664,0.8398312090523488,0.8398312090523488,0.8436661495121014,21.37,1029.172
1790972221.8103106,69.65894289752644,0.8393916951532361,0.8404843475883318,0.8428747203998486,21.35,1029.18
1790972253.1592822,69.6567182322128,0.839534962186901,0.8406472948437261,0.8431986393159575,21.34,1029.175
1790972284.4868982,69.65500284019518,0.8398818915020568,0.8407395875108663,0.8434537737631806,21.34,1029.189
1790972315.8353865,69.65769874227645,0.8413426474893015,0.8399946964486632,0.8430367468136766,21.34,1029.19
1790972347.1758811,69.65751381528321,0.8405981971442993,0.8406906606409207,0.8431548241174677,21.34,1029.197
1790972378.5263968,69.65565141561807,0.8401078755562231,0.8410390753887964,0.8437598839601946,21.32,1029.193
1790972409.8657758,69.65546618187055,0.8407832007784456,0.8408758176522023,0.8428301976612516,21.35,1029.197
1790972441.2155073,69.65528100681223,0.8406198369535426,0.8407124244827013,0.843341946881953,21.4,1029.194
1790972472.562114,69.65681625447434,0.8407832007784456,0.8400155769473935,0.8439475860361192,21.37,1029.198
1790972503.9052856,69.65835213866629,0.8401078755562231,0.8393399334602439,0.8430172063574843,21.37,1029.192
1790972535.2529418,69.65853758459042,0.841131798350862,0.8410390753887964,0.8428301976612516,21.35,1029.194
1790972566.5814211,69.65853758459042,0.840527326168095,0.840527326168095,0.843341946881953,21.35,1029.204
1790972597.9069026,69.66179537744318,0.841736771982605,0.8401078755562231,0.8432732932324603,21.37,1029.206
1790972629.2414343,69.6633280842532,0.8416907553682488,0.8409244019632446,0.8432483467403157,21.38,1029.198
1790972660.5721304,69.66537253923218,0.8410169239381582,0.8399946964486632,0.8428058220447745,21.38,1029.191
1790972691.9144504,69.66639561367194,0.8417137350806787,0.8412021978607996,0.843341946881953,21.35,1029.184
1790972723.1949465,69.66262686231981,0.840527326168095,0.8424117018441608,0.8432732932324603,21.37,1029.194
1790972754.5274746,69.66328294988132,0.8396880769827979,0.839360033202045,0.8425050326075326,21.38,1029.195
1790972785.8680947,69.66072101848724,0.8392679300146545,0.8405488957116983,0.843298301886167,21.35,1029.184
1790972817.2014287,69.65867062255069,0.8401289316782491,0.8411541296465214,0.8424356271068617,21.37,1029.182
1790972848.5459483,69.65573894245742,0.839431990107822,0.8408978301544533,0.8426919265989298,21.41,1029.187
1790972879.8775096,69.65555340119174,0.8409685113576773,0.8410612819905158,0.84317964394014,21.37,1029.184
1790972911.215985,69.65676444871028,0.8412470544216571,0.8406415306623852,0.8426226187245752,21.35,1029.196
1790972942.566718,69.65984131990704,0.8415034603547209,0.8399650247563384,0.8432045255830658,21.37,1029.191
1790972973.9119604,69.66086651787532,0.8408978301544533,0.8403852311703173,0.8430418959531033,21.42,1029.204
1790973005.24354,69.66343164250038,0.8405705190245281,0.8392879567119987,0.8434860883580074,21.4,1029.204
1790973036.5900946,69.66398699131538,0.8406415306623852,0.8403638562548829,0.8430172063574843,21.42,1029.201
1790973067.930677,69.66635757448746,0.8420391514276532,0.8408538598416161,0.8436661495121014,21.45,1029.204
1790973099.2691813,69.6640850659882,0.8394835827039157,0.8406198369535426,0.8430860722716021,21.41,1029.206
1790973130.6257174,69.66510814042796,0.8414579664707391,0.8409464292508602,0.84317964394014,21.4,1029.213
1790973161.9690814,69.66357289276586,0.8397597023370428,0.840527326168095,0.84317964394014,21.4,1029.211
1790973193.3566153,69.66050112438194,0.8395959141589037,0.841131798350862,0.8432732932324603,21.38,1029.219
1790973224.6902704,69.65998873810312,0.840805088851107,0.8410612819905158,0.8432045255830658,21.4,1029.226
1790973256.0346735,69.65863593917302,0.8402214306894021,0.8408978301544533,0.843298301886167,21.4,1029.221
1790973287.3771195,69.65896359929391,0.8404778366224659,0.8403140065620222,0.8430418959531033,21.35,1029.218
1790973318.725656,69.65742516369554,0.8407342425555298,0.8415034603547209,0.8430418959531033,21.38,1029.229
1790973350.0623436,69.65709783461277,0.8403852311703173,0.8405488957116983,0.8432045255830658,21.34,1029.235
1790973381.4217684,69.65570120905433,0.8403852311703173,0.8410835439495399,0.843460825075134,21.35,1029.229
1790973412.764285,69.65416277345595,0.8404778366224659,0.8412470544216571,0.8439051810371045,21.32,1029.232
1790973444.1068642,69.65537476867382,0.8411765166334645,0.8405705190245281,0.8433921561120928,21.38,1029.235
1790973475.4433305,69.65896147262555,0.8405488957116983,0.838755543735837,0.8432045255830658,21.37,1029.237
1790973506.7988534,69.65709837738932,0.8402002507327496,0.841131798350862,0.8429236632414802,21.37,1029.246
1790973538.1423814,69.65775191354572,0.8412245982326532,0.8408978301544533,0.8432732932324603,21.35,1029.243
1790973569.4907963,69.65448760539181,0.8398009816370104,0.8414331357139693,0.8430666471468955,21.35,1029.242
1790973600.8372686,69.65639692469017,0.8406632784724548,0.8397086188232747,0.8437427074385123,21.32,1029.237
1790973632.167763,69.65928730769069,0.8419230281227256,0.8404778366224659,0.8437171245672019,21.35,1029.252
1790973663.515447,69.66031293142295,0.8415034603547209,0.8409906484885934,0.8433670202451945,21.37,1029.251
1790973694.8759086,69.66152397894149,0.8412470544216571,0.8406415306623852,0.8438111137522946,21.38,1029.243
1790973726.2143872,69.66170940272778,0.8407342425555298,0.8406415306623852,0.8431356436495869,21.38,1029.237
1790973757.5620914,69.65933322512824,0.8400365094328809,0.8412245982326532,0.843460825075134,21.37,1029.245
1790973788.8933494,69.66003088130843,0.8406415306623852,0.8402927025722895,0.8432045255830658,21.35,1029.25
1790973820.2339776,69.66170973273604,0.8415736682693333,0.8407342425555298,0.8431108271057859,21.38,1029.253
1790973851.583587,69.66269143508417,0.8411541296465214,0.8406632784724548,0.8440675196853582,21.42,1029.233
1790973882.9069154,69.65942813378886,0.8402214306894021,0.8418530813370576,0.8435547078192307,21.4,1029.24
1790973914.240492,69.65756322045901,0.839872632186181,0.840805088851107,0.8433921561120928,21.41,1029.239
1790973945.5690854,69.65639580961592,0.839872632186181,0.8404563376077255,0.8431108271057859,21.38,1029.256
1790973976.9195285,69.65760643137048,0.8407342425555298,0.8401289316782491,0.843460825075134,21.4,1029.254
1790974008.259062,69.65574124633824,0.8404778366224659,0.8414104291385894,0.8435547078192307,21.38,1029.253
1790974039.61067,69.65956078364692,0.8423661062620693,0.8404563376077255,0.8433670202451945,21.37,1029.251
1790974070.955099,69.66077103881125,0.8408978301544533,0.8402927025722895,0.8437171245672019,21.35,1029.241
1790974102.2875984,69.66267964710715,0.8416667286306575,0.8407124244827013,0.8435293801074363,21.32,1029.249
1790974133.6282167,69.66253818950496,0.840805088851107,0.8408758176522023,0.8434356246387996,21.37,1029.25
1790974164.9744985,69.66887066588552,0.8420860545481508,0.8389198163578702,0.8435293801074363,21.4,1029.246
1790974196.3140864,69.6709185114748,0.8418997404468412,0.8408758176522023,0.8435978214923037,21.41,1029.246
1790974227.665614,69.66901084884321,0.8406198369535426,0.8415736682693333,0.8432732932324603,21.42,1029.247
1790974259.0121672,69.6691513607813,0.8414806851076291,0.8414104291385894,0.844041553857388,21.44,1029.249
1790974290.354586,69.67427735062266,0.8411541296465214,0.8385911347258408,0.8435547078192307,21.41,1029.25
1790974321.706112,69.66966395976543,0.839360033202045,0.8416667286306575,0.8436232133846033,21.42,1029.269
1790974353.0288155,69.66281845951946,0.8396880769827979,0.8431108271057859,0.8433670202451945,21.41,1029.265
1790974384.3801916,69.65937375520788,0.8396880769827979,0.8414104291385894,0.8436232133846033,21.37,1029.276
1790974415.71458,69.65579299466873,0.8399233548111021,0.8417137350806787,0.8440156525701341,21.38,1029.28
1790974447.0623438,69.65630453188861,0.8414579664707391,0.8412021978607996,0.8441095707130052,21.41,1029.275
1790974478.4127536,69.6518853531831,0.8402714515577442,0.8424810409104971,0.8437598839601946,21.38,1029.276
1790974509.7091336,69.65086227874335,0.8409464292508602,0.8414579664707391,0.8435978214923037,21.37,1029.282
1790974541.043799,69.6506773517501,0.8405981971442993,0.8406906606409207,0.8437598839601946,21.37,1029.296
1790974572.3970938,69.65123276839613,0.8410390753887964,0.8407613670657844,0.8437598839601946,21.37,1029.299
1790974603.7446291,69.65448507136594,0.8416208479335666,0.8399946964486632,0.8436916053374593,21.34,1029.297
1790974635.0873072,69.65601841260018,0.841272480810532,0.8405058101934106,0.8440836064066434,21.35,1029.301
1790974666.43774,69.6542996625145,0.8405058101934106,0.8413651852362498,0.8439218122094183,21.35,1029.308
1790974697.7773104,69.65411467696283,0.8407613670657844,0.8408538598416161,0.843316935789522,21.37,1029.319
1790974729.1277134,69.65578858409654,0.8420391514276532,0.8412021978607996,0.844177474906735,21.37,1029.329
1790974760.472387,69.65578858409654,0.8414579664707391,0.8414579664707391,0.8441095707130052,21.38,1029.336
1790974791.803879,69.65713923454099,0.8407832007784456,0.8401078755562231,0.8435978214923037,21.34,1029.33
1790974823.1473625,69.65728012884126,0.8411095225389329,0.8410390753887964,0.8435978214923037,21.32,1029.328
1790974854.4948592,69.6618782492713,0.8424571087732531,0.8401580485582404,0.8436661495121014,21.31,1029.326
1790974885.8373682,69.66020553637084,0.8406689508282432,0.8415053072784697,0.84380246658128,21.32,1029.335
1790974917.184746,69.66090060155018,0.8409948274334007,0.8406472948437261,0.8440577065038145,21.32,1029.336
1790974948.5173523,69.66108560878571,0.8412500673559352,0.8411575637381725,0.84380246658128,21.34,1029.336
1790974979.8618329,69.66039027472097,0.8413201656002439,0.8416678326326187,0.8439640426576268,21.34,1029.328
1790975011.207407,69.66141039095716,0.8418302237183419,0.8413201656002439,0.8440577065038145,21.32,1029.333
1790975042.5428517,69.65987958427382,0.8406472948437261,0.8414126981853955,0.8442191771048501,21.34,1029.338
1790975073.8912997,69.66159304481438,0.8409727856703404,0.8401160554000607,0.844193152098952,21.34,1029.342
1790975105.2429376,69.66159304481438,0.8416449666621449,0.8416449666621449,0.8434286964679099,21.35,1029.332
1790975136.5924242,69.66177732535151,0.840555078423097,0.8404629381545322,0.8435220232493813,21.37,1029.324
1790975167.937832,69.65973456147078,0.8405766110340281,0.8415979929743928,0.8438704561907338,21.37,1029.323
1790975199.278317,69.66094068142766,0.8413426474893015,0.8407395875108663,0.8443129464263489,21.4,1029.318
1790975230.6090357,69.6597347725959,0.8404843475883318,0.8410873020042106,0.8435472266587455,21.34,1029.309
1790975261.9474857,69.65634594057181,0.8405766110340281,0.8422710270460732,0.8430367468136766,21.32,1029.298
1790975293.295955,69.65550993002329,0.8410873020042106,0.8415053072784697,0.8440577065038145,21.3,1029.297
1790975324.63861,69.65504356997913,0.8408319565191194,0.8410651365411949,0.8432919867362111,21.32,1029.284
1790975355.9928682,69.65471863480732,0.8413201656002439,0.8414826331861487,0.8436154271316847,21.31,1029.273
1790975387.316377,69.65471863480732,0.840555078423097,0.840555078423097,0.8435220232493813,21.28,1029.267
1790975418.6649685,69.65694335841914,0.8418302237183419,0.8407178619124362,0.8434286964679099,21.28,1029.255
1790975450.0104487,69.65522926659324,0.8408805110311028,0.8417375569440526,0.8436835150115906,21.3,1029.248
1790975481.3549087,69.65402523271159,0.8406256924874221,0.8412277094282445,0.8436835150115906,21.3,1029.244
1790975512.696538,69.6564339897405,0.8422474044598609,0.8410430259454039,0.8438448735243876,21.3,1029.244
1790975544.0449858,69.65661874944743,0.8412277094282445,0.8411353295747835,0.8432670994914772,21.28,1029.239
1790975575.3964264,69.65694314851157,0.8418071661942176,0.8416449666621449,0.8434286964679099,21.3,1029.234
1790975606.7509568,69.65879798929633,0.8408805110311028,0.839953090638724,0.8435220232493813,21.3,1029.229
1790975638.0875592,69.66389436016995,0.8426642408368678,0.8401160554000607,0.8435220232493813,21.28,1029.237
1790975669.4160573,69.66185665283977,0.8405335991128614,0.8415524527779464,0.843335446691845,21.28,1029.23
1790975700.7635424,69.66083863915391,0.8406041435603724,0.8411131504033016,0.8432422738259185,21.3,1029.23
1790975732.1011574,69.65912632381989,0.8404415816946673,0.8412977393616752,0.8437514905770551,21.27,1029.24
1790975763.444613,69.66014517748498,0.8407883125291327,0.8402788856965901,0.8434286964679099,21.28,1029.228
1790975794.7920918,69.66046925167535,0.8418766606676956,0.8417146235725087,0.8438448735243876,21.3,1029.235
1790975826.123514,69.65843322430364,0.8408586469818371,0.8418766606676956,0.8430807332755739,21.28,1029.238
1790975857.4710758,69.6579242174607,0.8411131504033016,0.8413676538247663,0.8430807332755739,21.28,1029.225
1790975888.8176558,69.65672262389626,0.8406745717849948,0.8412753685672193,0.8434968822014869,21.3,1029.226
1790975920.1530967,69.65667788230735,0.8412753685672193,0.8412977393616752,0.8438193541057517,21.27,1029.228
1790975951.4815967,69.6583498231281,0.8407178619124362,0.8398818915020568,0.8436154271316847,21.24,1029.228
1790975982.8330197,69.65853431426753,0.840810107482146,0.8407178619124362,0.8436154271316847,21.27,1029.23
1790976014.1885107,69.66043312846001,0.842409422293187,0.8414600151969405,0.8436835150115906,21.27,1029.225
1790976045.5411654,69.65909062076737,0.8412054068213722,0.8418766606676956,0.8436581846179482,21.27,1029.223
1790976076.889692,69.66098756428022,0.8422238403236453,0.8412753685672193,0.8434968822014869,21.24,1029.223
1790976108.236189,69.65978518981449,0.841020970013366,0.841622157246231,0.8437514905770551,21.27,1029.23
1790976139.5788693,69.65960040956416,0.8415297671210724,0.841622157246231,0.8433105569980452,21.25,1029.232
1790976170.924114,69.65876717612862,0.8411131504033016,0.8415297671210724,0.8433105569980452,21.24,1029.227
1790976202.2696967,69.6614961516527,0.8418766606676956,0.8405121729056595,0.8436581846179482,21.24,1029.225
1790976233.6142957,69.6618210654759,0.8408586469818371,0.8406961900702355,0.84435430035693,21.25,1029.225
1790976264.9597538,69.66302422172252,0.841969231948077,0.8413676538247663,0.8440060989526235,21.25,1029.222
1790976296.2922447,69.66219051096459,0.8409507984458039,0.8413676538247663,0.8439126880394129,21.27,1029.236
1790976327.5897624,69.66302395413535,0.8412753685672193,0.8408586469818371,0.8436581846179482,21.3,1029.236
1790976358.9162602,69.66455223463298,0.8415524527779464,0.8407883125291327,0.8436835150115906,21.28,1029.241
1790976390.2627056,69.66112462393897,0.8405335991128614,0.8422474044598609,0.8436835150115906,21.31,1029.247
1790976421.6082826,69.65825071940795,0.8402080143966282,0.8416449666621449,0.8439383335552713,21.31,1029.248
1790976452.9508827,69.65774171256501,0.8408586469818371,0.8411131504033016,0.8440995869406588,21.31,1029.257
1790976484.3003528,69.65926936281842,0.8417146235725087,0.8409507984458039,0.8435901601081163,21.3,1029.26
1790976515.6339676,69.66250770680394,0.8409507984458039,0.839331626453049,0.843335446691845,21.31,1029.261
1790976546.9902163,69.661998699961,0.8411131504033016,0.8413676538247663,0.8434036811964835,21.31,1029.254
1790976578.3337224,69.66112196202207,0.8404202780123675,0.8408586469818371,0.8434036811964835,21.3,1029.265
1790976609.680266,69.66264898255085,0.8411131504033016,0.8403496401389077,0.8437514905770551,21.28,1029.272
1790976641.010801,69.66602378179758,0.8423619714083603,0.8406745717849948,0.8436329167967598,21.27,1029.271
1790976672.3562748,69.66398943161656,0.8406745717849948,0.8416917468755037,0.8435649555518985,21.24,1029.275
1790976703.6838012,69.66278741892721,0.8411831593302492,0.8417841656749258,0.8438193541057517,21.25,1029.267
1790976735.0213468,69.66482344629893,0.8406041435603724,0.8395861298745138,0.8439126880394129,21.25,1029.269
1790976766.3408992,69.66635046682771,0.8421311640891602,0.8413676538247663,0.8439126880394129,21.25,1029.268
1790976797.6844542,69.66806200019263,0.8412054068213722,0.8403496401389077,0.8438193541057517,21.3,1029.277
1790976829.0329304,69.66704440597722,0.8407665714595127,0.8412753685672193,0.8438193541057517,21.3,1029.277
1790976860.3623755,69.6632994555616,0.8399116904671131,0.8417841656749258,0.8435649555518985,21.3,1029.285
1790976891.7168372,69.66038752884629,0.8399116904671131,0.8413676538247663,0.8436581846179482,21.3,1029.29
1790976923.0523794,69.6568274160295,0.8401659842397404,0.8419460406481308,0.8435649555518985,21.3,1029.286
1790976954.3858778,69.65816896975377,0.8416917468755037,0.841020970013366,0.8430561584441919,21.31,1029.295
1790976985.7282856,69.65562393553913,0.8406041435603724,0.8418766606676956,0.8436581846179482,21.28,1029.292
1790977017.0729718,69.65511513843141,0.8412753685672193,0.8415297671210724,0.8440060989526235,21.27,1029.289
1790977048.4023485,69.65613273264682,0.8407665714595127,0.8402577743518063,0.8438193541057517,21.3,1029.286
1790977079.7378786,69.65678217664133,0.840928865557622,0.8406041435603724,0.8435649555518985,21.3,1029.282
1790977111.0774446,69.65645726281812,0.8406961900702355,0.8408586469818371,0.8437514905770551,21.3,1029.284
1790977142.4098501,69.65645726281812,0.8412977393616752,0.8412977393616752,0.8439383335552713,21.3,1029.285
1790977173.750418,69.66071550966336,0.8432422738259185,0.8411131504033016,0.8440995869406588,21.3,1029.28
1790977205.0978138,69.66071550966336,0.841020970013366,0.841020970013366,0.8437260970565215,21.3,1029.27
1790977236.4454126,69.65951391609892,0.8406745717849948,0.8412753685672193,0.8436581846179482,21.3,1029.278
1790977267.787817,69.6590051189912,0.8407665714595127,0.841020970013366,0.8438193541057517,21.31,1029.28
1790977299.134352,69.6603475690049,0.8412753685672193,0.8406041435603724,0.8438193541057517,21.3,1029.282
1790977330.4717424,69.66187333164066,0.8414374531028764,0.8406745717849948,0.8433105569980452,21.32,1029.285
1790977361.8143382,69.66423337586977,0.8417841656749258,0.8406041435603724,0.8433105569980452,21.37,1029.286
1790977393.1548219,69.66270698454665,0.8402577743518063,0.841020970013366,0.8442346846017759,21.38,1029.289
1790977424.4852536,69.6620141880899,0.8406745717849948,0.841020970013366,0.8435649555518985,21.38,1029.293
1790977455.8318455,69.66335532268927,0.8422003344207581,0.8415297671210724,0.8438193541057517,21.4,1029.291
1790977487.1754174,69.664557697155,0.841622157246231,0.841020970013366,0.8437260970565215,21.37,1029.296
1790977518.5177546,69.66132013425845,0.840003375797953,0.841622157246231,0.8441671914608775,21.34,1029.289
1790977549.8693597,69.66011817926316,0.8405121729056595,0.8411131504033016,0.8439126880394129,21.32,1029.294
1790977581.2097108,69.66247780402183,0.8422929627826322,0.8411131504033016,0.8439126880394129,21.34,1029.299
1790977612.549414,69.65993276980718,0.8406041435603724,0.8418766606676956,0.8440060989526235,21.32,1029.295
1790977643.8898535,69.65942355305604,0.8406961900702355,0.8409507984458039,0.8434036811964835,21.31,1029.294
1790977675.2282684,69.65909905904925,0.8412054068213722,0.8413676538247663,0.8438193541057517,21.3,1029.297
1790977706.579906,69.65822148251496,0.840928865557622,0.8413676538247663,0.8436581846179482,21.31,1029.3
1790977737.9123902,69.65549229725566,0.8407665714595127,0.8421311640891602,0.8440060989526235,21.3,1029.294
1790977769.2548208,69.6580362827942,0.8422929627826322,0.841020970013366,0.8436581846179482,21.3,1029.297
1790977800.598486,69.6580362827942,0.841020970013366,0.841020970013366,0.8435649555518985,21.27,1029.297
1790977831.9437943,69.65942317026905,0.8414600151969405,0.8407665714595127,0.8439126880394129,21.32,1029.296
1790977863.283381,69.66330960582128,0.8425473613364854,0.8406041435603724,0.8438193541057517,21.32,1029.288
1790977894.6319847,69.66654758818828,0.8421311640891602,0.8405121729056595,0.8436581846179482,21.31,1029.284
1790977925.982267,69.6633098155565,0.8402577743518063,0.8418766606676956,0.8440737526596049,21.32,1029.281
1790977957.3229563,69.66381861266422,0.842038564228779,0.8417841656749258,0.8435649555518985,21.34,1029.279
1790977988.671314,69.66145967428697,0.8407665714595127,0.8419460406481308,0.8444216948823421,21.32,1029.286
1790978020.0069828,69.65974850271354,0.8407665714595127,0.841622157246231,0.8439126880394129,21.32,1029.283
1790978051.3483753,69.65836161523869,0.8407665714595127,0.8414600151969405,0.8433105569980452,21.32,1029.272
1790978082.692812,69.66058137418462,0.8413676538247663,0.8402577743518063,0.8439126880394129,21.3,1029.277
1790978113.9673645,69.65970328381746,0.841020970013366,0.8414600151969405,0.8441671914608775,21.3,1029.275
1790978145.2989683,69.66275732487505,0.841622157246231,0.8400951367174431,0.8438193541057517,21.3,1029.285
1790978176.6499124,69.66340604547445,0.8415297671210724,0.8412054068213722,0.8433105569980452,21.32,1029.285
1790978207.9978936,69.66206311796539,0.8406961900702355,0.8413676538247663,0.8437514905770551,21.34,1029.274
1790978239.3242857,69.66275648558819,0.8413676538247663,0.841020970013366,0.8434036811964835,21.35,1029.28
1790978270.6678355,69.66581052664577,0.8421311640891602,0.8406041435603724,0.8437514905770551,21.4,1029.286
1790978302.0003948,69.67076025280487,0.8422238403236453,0.8397489772440998,0.8434036811964835,21.4,1029.285
1790978333.339961,69.6661810788355,0.840003375797953,0.8422929627826322,0.8436581846179482,21.42,1029.284
1790978364.6905012,69.66377732036779,0.8404202780123675,0.841622157246231,0.8438193541057517,21.4,1029.285
1790978396.0330527,69.66326852326007,0.8417841656749258,0.842038564228779,0.8440737526596049,21.37,1029.291
1790978427.3333955,69.66141658890808,0.8406961900702355,0.841622157246231,0.8438193541057517,21.35,1029.291
1790978458.683185,69.66104657101211,0.841622157246231,0.8418071661942176,0.84435430035693,21.31,1029.296
1790978490.0345116,69.66104657101211,0.8412054068213722,0.8412054068213722,0.84435430035693,21.28,1029.306
1790978521.3728673,69.65933305249126,0.8410430259454039,0.8418997852058256,0.8435901601081163,21.28,1029.305
1790978552.7104387,69.66206584518683,0.842409422293187,0.8410430259454039,0.8440995869406588,21.28,1029.305
1790978584.0559578,69.6637326946418,0.8421311640891602,0.8412977393616752,0.8437514905770551,21.3,1029.307
1790978615.4035692,69.66086184913418,0.8410430259454039,0.8424784486992136,0.8438448735243876,21.28,1029.326
1790978646.7529185,69.66715816563546,0.8425713064430314,0.839423148192394,0.8439383335552713,21.28,1029.33
1790978678.079607,69.6639169395596,0.8412054068213722,0.8428260198593026,0.8442607073281918,21.3,1029.331
1790978709.411916,69.6639169395596,0.8409507984458039,0.8409507984458039,0.8434968822014869,21.3,1029.338
1790978740.7535415,69.66525986706866,0.8413676538247663,0.8406961900702355,0.8440060989526235,21.3,1029.346
1790978772.098109,69.66303692171527,0.8407883125291327,0.8418997852058256,0.8437514905770551,21.32,1029.358
1790978803.4424856,69.65910166085446,0.840186973319099,0.8421546037495063,0.844193152098952,21.32,1029.36
1790978834.787935,69.6572050424193,0.8406041435603724,0.8415524527779464,0.8438448735243876,21.34,1029.369
1790978866.1155283,69.65785567467229,0.8406961900702355,0.8403708739437413,0.8435901601081163,21.35,1029.377
1790978897.4651008,69.65665158298398,0.8412977393616752,0.8418997852058256,0.843335446691845,21.34,1029.384
1790978928.8015158,69.6556327293189,0.8405335991128614,0.8410430259454039,0.8436835150115906,21.31,1029.381
1790978960.192938,69.65461345514417,0.8408805110311028,0.8413901481184642,0.844193152098952,21.3,1029.389
1790978991.525457,69.65632739417465,0.842409422293187,0.8415524527779464,0.843335446691845,21.32,1029.394
1790979022.8699696,69.65600236434605,0.8408805110311028,0.8410430259454039,0.8440995869406588,21.32,1029.392
1790979054.223561,69.6578558849271,0.8415524527779464,0.8406256924874221,0.8435901601081163,21.32,1029.399
1790979085.5691097,69.66007946104494,0.8426642408368678,0.8415524527779464,0.844193152098952,21.34,1029.399
1790979116.90045,69.66637577754622,0.8425713064430314,0.839423148192394,0.8439383335552713,21.32,1029.407
1790979148.2449727,69.66568174345493,0.8407883125291327,0.8411353295747835,0.844193152098952,21.28,1029.407
1790979179.5904264,69.66841516691495,0.8431738779242292,0.8418071661942176,0.8440318707651895,21.28,1029.407
1790979210.9349287,69.66586698147815,0.8408805110311028,0.8421546037495063,0.844193152098952,21.28,1029.403
1790979242.2794273,69.66364424637958,0.8405335991128614,0.8416449666621449,0.8439383335552713,21.28,1029.406
1790979273.627975,69.66109606094277,0.8403708739437413,0.8416449666621449,0.844193152098952,21.27,1029.404
1790979304.9733038,69.66128066820153,0.8411353295747835,0.8410430259454039,0.8442867945230935,21.3,1029.409
1790979336.3068328,69.66058564012191,0.8416449666621449,0.8419924807019568,0.8437769470072854,21.34,1029.408
1790979367.6592977,69.66382806990484,0.8426642408368678,0.8410430259454039,0.844193152098952,21.3,1029.407
1790979398.9866967,69.66484776493645,0.8414826331861487,0.8409727856703404,0.8438704561907338,21.28,1029.402
1790979430.3321877,69.66248280789455,0.840555078423097,0.8417375569440526,0.8442867945230935,21.28,1029.398
1790979461.6817675,69.65877274114646,0.8406472948437261,0.8425023282177649,0.8440318707651895,21.3,1029.399
1790979492.957156,69.65622139667423,0.84013702594928,0.8414126981853955,0.8437089082104038,21.3,1029.395
1790979524.3168674,69.65979180350091,0.8420852527773909,0.840300049364048,0.8444743115520732,21.25,1029.399
1790979555.6552267,69.66030165101672,0.8412277094282445,0.8409727856703404,0.8448905724269297,21.28,1029.401
1790979587.0017262,69.65997665806893,0.8414126981853955,0.841575194659293,0.8438704561907338,21.3,1029.401
1790979618.3422468,69.65932651917298,0.8411575637381725,0.8414826331861487,0.8446355433678806,21.25,1029.4
1790979649.6888423,69.65918664917147,0.8414126981853955,0.8414826331861487,0.8445417182809977,21.27,1029.398
1790979681.0302649,69.65881697712055,0.8411353295747835,0.8413201656002439,0.8447966420389017,21.25,1029.407
1790979712.3636298,69.65761194854036,0.8412277094282445,0.8418302237183419,0.8442867945230935,21.25,1029.411
1790979743.7053027,69.66016118611941,0.8422474044598609,0.8409727856703404,0.8442867945230935,21.24,1029.414
1790979775.0367742,69.66048543221451,0.8421546037495063,0.8419924807019568,0.8442867945230935,21.23,1029.409
1790979806.384256,69.6590957596686,0.8407178619124362,0.8414126981853955,0.8442191771048501,21.23,1029.4
1790979837.7167985,69.66113514973183,0.8417375569440526,0.8407178619124362,0.8445417182809977,21.24,1029.41
1790979869.0593061,69.65942027363583,0.8409727856703404,0.8418302237183419,0.8436154271316847,21.25,1029.415
1790979900.3966684,69.65770518693753,0.8412277094282445,0.8420852527773909,0.8443805143088317,21.24,1029.411
1790979931.6861887,69.65687013587164,0.8414126981853955,0.8418302237183419,0.8443805143088317,21.21,1029.416
1790979963.0367527,69.65941937345069,0.8427572519756691,0.8414826331861487,0.8443805143088317,21.21,1029.417
1790979994.3810654,69.65701031098885,0.8406256924874221,0.8418302237183419,0.8437769470072854,21.23,1029.423
1790980025.7077816,69.6577056450536,0.8416678326326187,0.8413201656002439,0.8446355433678806,21.21,1029.422
1790980057.0393054,69.6561754706993,0.840810107482146,0.841575194659293,0.8444743115520732,21.21,1029.415
1790980088.3757274,69.6578903467953,0.8418302237183419,0.8409727856703404,0.8442191771048501,21.2,1029.406
1790980119.725215,69.65450437280987,0.8406472948437261,0.8423402818364398,0.8441254852497827,21.21,1029.406
1790980151.0666738,69.65844843680877,0.8435472266587455,0.841575194659293,0.8446355433678806,21.18,1029.405
1790980182.4105303,69.66016388710972,0.8416678326326187,0.840810107482146,0.8445681863488834,21.18,1029.41
1790980213.7636511,69.65724204798187,0.840810107482146,0.8422710270460732,0.8439640426576268,21.21,1029.417
1790980245.093231,69.65928312355965,0.8416678326326187,0.8406472948437261,0.8448905724269297,21.21,1029.41
1790980276.4397502,69.65928312355965,0.8413201656002439,0.8413201656002439,0.8444743115520732,21.21,1029.411
1790980307.7601511,69.65756788403505,0.840555078423097,0.8414126981853955,0.8437089082104038,21.23,1029.408
1790980339.108666,69.656221662686,0.8407395875108663,0.8414126981853955,0.8441254852497827,21.2,1029.404
1790980370.4553308,69.65705650297554,0.8420852527773909,0.8416678326326187,0.8443805143088317,21.18,1029.397
1790980401.8068202,69.66081019529311,0.8430121757335731,0.8411353295747835,0.8443805143088317,21.21,1029.399
1790980433.1482215,69.65941895224653,0.8413201656002439,0.8420157871235386,0.8442867945230935,21.17,1029.399
1790980464.4776874,69.66210775241775,0.8436154271316847,0.8422710270460732,0.8439640426576268,21.18,1029.394
1790980495.8222742,69.66368390780835,0.8420157871235386,0.8412277094282445,0.8442191771048501,21.21,1029.386
1790980527.1687539,69.66349857425978,0.8417375569440526,0.8418302237183419,0.8444743115520732,21.25,1029.392
1790980558.5182562,69.66451911204867,0.8421781015270651,0.8416678326326187,0.8440318707651895,21.27,1029.381
1790980589.856812,69.66261823261095,0.840810107482146,0.8417605472010041,0.8442191771048501,21.3,1029.391
1790980621.2082174,69.66224626234661,0.8423402818364398,0.8425262669686077,0.8441254852497827,21.25,1029.399
1790980652.5358355,69.66377770188183,0.8430367468136766,0.8422710270460732,0.8444743115520732,21.21,1029.409
1790980683.8681283,69.66479866157196,0.8415053072784697,0.8409948274334007,0.8444743115520732,21.27,1029.412
1790980715.2057915,69.66340784025235,0.8410651365411949,0.8417605472010041,0.8442191771048501,21.24,1029.413
1790980746.5432646,69.66373268001003,0.8419229670798419,0.8417605472010041,0.8439640426576268,21.24,1029.414
1790980777.882807,69.6642431598551,0.8412500673559352,0.8409948274334007,0.8446621387954865,21.24,1029.428
1790980809.2093174,69.66289757135792,0.8415053072784697,0.8421781015270651,0.8445007178532644,21.25,1029.427
1790980840.5569534,69.65964889864543,0.8404843475883318,0.842108683944575,0.8445681863488834,21.24,1029.434
1790980871.9042735,69.65862793895529,0.8404843475883318,0.8409948274334007,0.8444067933103954,21.21,1029.439
1790980903.2497876,69.65997400709865,0.8422710270460732,0.8415979929743928,0.8442191771048501,21.2,1029.437
1790980934.5804431,69.6632263679412,0.843316935789522,0.8416907553682488,0.8439898155832616,21.24,1029.429
1790980965.9221458,69.66596419630332,0.8430367468136766,0.8416678326326187,0.8456169476408859,21.21,1029.426
1790980997.2692425,69.66480355712224,0.8413426474893015,0.8419229670798419,0.8443129464263489,21.25,1029.423
1790981028.6178048,69.66257684145707,0.8409024292909494,0.8420157871235386,0.8443129464263489,21.3,1029.433
1790981059.9610791,69.66870006819042,0.8419229670798419,0.8388613537131644,0.8440577065038145,21.3,1029.437
1790981091.2996502,69.6666573043097,0.8410873020042106,0.842108683944575,0.8445681863488834,21.31,1029.431
1790981122.6581433,69.66614682446462,0.8417605472010041,0.8420157871235386,0.8445681863488834,21.31,1029.423
1790981153.99249,69.66633204265077,0.8415053072784697,0.8414126981853955,0.843896102340213,21.31,1029.428
1790981185.3330355,69.66753858485787,0.841853338459484,0.8412500673559352,0.84380246658128,21.34,1029.418
1790981216.6734595,69.66567975038019,0.8416208479335666,0.8425502651724008,0.8447561689882658,21.32,1029.418
1790981248.019018,69.6626130679117,0.8405058101934106,0.8420391514276532,0.8445947201513908,21.32,1029.421
1790981279.3553545,69.65954765429169,0.8401580485582404,0.8416907553682488,0.8442452667182629,21.32,1029.408
1790981310.7068605,69.66075598310474,0.8428058220447745,0.8422016576382517,0.8445947201513908,21.3,1029.398
1790981342.056561,69.65546001318218,0.8406689508282432,0.843316935789522,0.8445007178532644,21.25,1029.404
1790981373.403751,69.65309081532006,0.8401580485582404,0.8413426474893015,0.8445007178532644,21.25,1029.404
1790981404.7413805,69.65072044379787,0.8411095225389329,0.842294708300027,0.8446888003013688,21.24,1029.404
1790981436.0849555,69.6470025051603,0.8414579664707391,0.843316935789522,0.8440836064066434,21.25,1029.401
1790981467.437292,69.64904696013929,0.841272480810532,0.840250253321037,0.8444331376040519,21.24,1029.403
1790981498.7847552,69.65276255306267,0.8428747203998486,0.8410169239381582,0.8445947201513908,21.27,1029.405
1790981530.1261742,69.65257635511796,0.8421321733282003,0.8422252723005577,0.8447829583999527,21.25,1029.423
1790981561.460706,69.65373914850692,0.8417835945552795,0.8412021978607996,0.844177474906735,21.25,1029.417
1790981592.8051448,69.65852769865383,0.8427368095204366,0.8403425344469824,0.8446213199337067,21.27,1029.419
1790981624.143625,69.65783038713973,0.8416208479335666,0.8419695036906181,0.8439218122094183,21.28,1029.425
1790981655.4911501,69.65917837720416,0.842643498722834,0.8419695036906181,0.8445271897900131,21.28,1029.419
1790981686.8207698,69.66550111536021,0.8429925781303761,0.8398312090523488,0.8444331376040519,21.25,1029.423
1790981718.098269,69.66601244075486,0.842643498722834,0.8423878360255171,0.844177474906735,21.24,1029.419
1790981749.4336264,69.66382699640127,0.8409464292508602,0.8420391514276532,0.844177474906735,21.28,1029.414
1790981780.7681491,69.66484922389077,0.8425502651724008,0.8420391514276532,0.8442452667182629,21.25,1029.418
1790981812.1275086,69.66299017776322,0.8413651852362498,0.842294708300027,0.8445271897900131,21.25,1029.426
1790981843.469987,69.66178190647263,0.8415280376829057,0.8421321733282003,0.844177474906735,21.25,1029.426
1790981874.8065696,69.6629911788571,0.8427368095204366,0.8421321733282003,0.8447829583999527,21.25,1029.417
1790981906.1421046,69.66368928035779,0.8425743230509007,0.8422252723005577,0.8443654453233559,21.25,1029.403
1790981937.4914746,69.66587782983208,0.8418066992198486,0.8407124244827013,0.8444595474334385,21.24,1029.404
1790981968.8220055,69.66420122187833,0.8416667286306575,0.8425050326075326,0.8442976407323639,21.28,1029.391
1790982000.167471,69.66420122187833,0.8408978301544533,0.8408978301544533,0.8443917928028296,21.28,1029.386
1790982031.5089738,69.66285002936529,0.840805088851107,0.8414806851076291,0.8443917928028296,21.27,1029.396
1790982062.8564951,69.65907921335204,0.841131798350862,0.8430172063574843,0.8448098144823156,21.28,1029.384
1790982094.1970162,69.65600744496813,0.8406198369535426,0.842155721145501,0.8447155281320984,21.27,1029.386
1790982125.5405095,69.65326240423401,0.8407832007784456,0.842155721145501,0.8448098144823156,21.23,1029.382
1790982156.8928924,69.65275023048406,0.841736771982605,0.8419928588575809,0.8443654453233559,21.25,1029.367
1790982188.2185469,69.65288871391576,0.8426676825428204,0.8425984408269683,0.8442976407323639,21.27,1029.362
1790982219.5569854,69.65270296012122,0.8412245982326532,0.8413174751299246,0.8443917928028296,21.24,1029.367
1790982250.9114106,69.65270296012122,0.8413174751299246,0.8413174751299246,0.8446479859422383,21.23,1029.372
1790982282.237914,69.65237626915442,0.8411541296465214,0.8413174751299246,0.8445803315514857,21.2,1029.368
1790982313.5733879,69.65391342799087,0.841829861408742,0.8410612819905158,0.8438794065240122,21.24,1029.367
1790982344.9169185,69.65526467881,0.8420860545481508,0.8414104291385894,0.8441355996634208,21.24,1029.369
1790982376.2664263,69.65801458769091,0.8425290840869758,0.8411541296465214,0.8442297235513381,21.24,1029.381
1790982407.6269417,69.6583409113608,0.8419230281227256,0.8417598662877845,0.8448367374845493,21.23,1029.389
1790982438.9524138,69.6603921588253,0.8417598662877845,0.8407342425555298,0.8445803315514857,21.21,1029.387
1790982470.2878878,69.66001883350299,0.8418530813370576,0.8420397439982119,0.8450258028410361,21.23,1029.389
1790982501.6363454,69.6588533160225,0.8415965688745517,0.8421793276147935,0.8442559455995218,21.24,1029.38
1790982532.9878466,69.6602057476401,0.8420162722208483,0.8413400564120458,0.8440675196853582,21.21,1029.383
1790982564.3313751,69.66001953060045,0.8415034603547209,0.8415965688745517,0.8447691837605313,21.25,1029.379
1790982595.6817343,69.66398298454746,0.8433921561120928,0.8414104291385894,0.8442559455995218,21.23,1029.383
1790982627.008303,69.66622066211052,0.8418530813370576,0.8407342425555298,0.8444182059621163,21.23,1029.368
1790982658.3588078,69.66468158733548,0.8413400564120458,0.8421095937995634,0.8442297235513381,21.25,1029.37
1790982689.6834652,69.66225530901447,0.8413400564120458,0.8425531955725537,0.8440935502955792,21.23,1029.372
1790982721.025841,69.661415689263,0.8413400564120458,0.8417598662877845,0.8442297235513381,21.2,1029.382
1790982752.377202,69.66020231768535,0.8410128408495282,0.8416195266383514,0.843999326519017,21.24,1029.378
1790982783.7138946,69.66052935921893,0.8418763592209664,0.8417128384541765,0.8442822331236531,21.24,1029.363
1790982815.066394,69.66225719211494,0.8419697779211243,0.8411058614731216,0.8441196459307919,21.23,1029.366
1790982846.3987284,69.660388941317,0.8414558989872291,0.8423900243861961,0.8443766923710722,21.21,1029.36
1790982877.7372055,69.66057482791014,0.8410128408495282,0.8409198975529596,0.8444446850471157,21.2,1029.358
1790982909.0808623,69.65936139792832,0.8416897547944739,0.8422964697853829,0.84435027608275,21.18,1029.356
1790982940.426219,69.65525207660649,0.8411058614731216,0.8431605221340409,0.8441878524645007,21.2,1029.357
1790982971.758739,69.65763533408777,0.842226717388072,0.8410350886474304,0.8443766923710722,21.2,1029.361
1790983003.1034377,69.65814942696834,0.8412921350877105,0.8410350886474304,0.8437683541897579,21.2,1029.353
1790983034.4357831,69.66071775279448,0.8418763592209664,0.8405921963078916,0.8447015176297304,21.23,1029.347
1790983065.7633247,69.65880407274915,0.8418530813370576,0.8428099213597245,0.8447691837605313,21.21,1029.347
1790983097.1097767,69.6586174491175,0.8416195266383514,0.8417128384541765,0.8441878524645007,21.2,1029.343
1790983128.4461167,69.65960003285511,0.8416195266383514,0.8411282347695497,0.8441196459307919,21.21,1029.344
1790983159.7976604,69.662172639399,0.8417359798253838,0.8404496765534372,0.8450803683324452,21.21,1029.351
1790983191.1450274,69.66713829697413,0.842789509708143,0.8403066809205827,0.8444031747303409,21.21,1029.358
1790983222.4885173,69.66713829697413,0.8415951316981338,0.8415951316981338,0.8440774229373301,21.23,1029.36
1790983253.835969,69.67163188543577,0.8415951316981338,0.8393483374673146,0.8444297234087462,21.23,1029.368
1790983285.1675093,69.67027302996041,0.8410797513871133,0.8417591791247934,0.844172033253236,21.25,1029.366
1790983316.4980006,69.67116186823866,0.8417591791247934,0.8413147599856726,0.844172033253236,21.27,1029.372
1790983347.8373723,69.6687752211869,0.8405426562995056,0.8417359798253838,0.8440513257148877,21.27,1029.382
1790983379.1789184,69.67017614668637,0.8412214585166051,0.8405209957668701,0.8443085863692771,21.27,1029.385
1790983410.5133843,69.67171842532805,0.8420632744085509,0.8412921350877105,0.8439569232995089,21.27,1029.391
1790983441.8519046,69.67153213308382,0.8410350886474304,0.8411282347695497,0.8440252936567056,21.25,1029.394
1790983473.204587,69.66891055200952,0.8414787191709945,0.842789509708143,0.8441458068349518,21.24,1029.389
1790983504.536112,69.66498034103142,0.8405426562995056,0.8425077617885518,0.8443085863692771,21.23,1029.388
1790983535.8304346,69.66512021339676,0.8422505011341624,0.842180564951493,0.8444031747303409,21.21,1029.388
1790983567.1838355,69.66165511915925,0.8415721278810616,0.8433046749998179,0.8442403667581682,21.24,1029.397
1790983598.5374327,69.66076489428124,0.8419230897256585,0.8423682021646646,0.8444297234087462,21.2,1029.406
1790983629.8829103,69.66109332208799,0.8416887450292488,0.8415245311258748,0.8448501708748424,21.21,1029.413
1790983661.2274053,69.65902921629862,0.8413601799716649,0.8423922328663509,0.8448773019019651,21.2,1029.417
1790983692.5769472,69.6576204356629,0.8417119335807721,0.8424163238986312,0.844551265605406,21.2,1029.423
1790983723.9223769,69.66006095479763,0.8425804395390257,0.8413601799716649,0.8448093866985545,21.2,1029.423
1790983755.24785,69.66208007825895,0.8424862968602177,0.8414767351295549,0.8439663465161258,21.21,1029.42
1790983786.579416,69.66142216207135,0.8413829754869682,0.8417119335807721,0.8440350234191089,21.24,1029.417
1790983817.9046814,69.66057770799728,0.8410087202372455,0.8414309472742837,0.8445245203338652,21.24,1029.411
1790983849.2503512,69.66071838072769,0.841946542784214,0.841876206419008,0.8446193964576505,21.21,1029.403
1790983880.5799148,69.659358056642,0.8413601799716649,0.8420403420145041,0.8443614910133359,21.21,1029.401
1790983911.9273229,69.65940404104543,0.8415475233275903,0.8415245311258748,0.8441983254320513,21.2,1029.401
1790983943.257727,69.65921612879666,0.8421342196426793,0.8422281757670692,0.844551265605406,21.2,1029.392
1790983974.6023736,69.65780895753174,0.8411021667479934,0.8418057523804492,0.8445780780507469,21.18,1029.382
1790984005.9356334,69.66072055984169,0.8425804395390257,0.8411246383840524,0.8440350234191089,21.2,1029.373
1790984037.2762609,69.6634439943852,0.8430968976447435,0.8417351803729876,0.8443880429090378,21.18,1029.366
1790984068.6207705,69.66175206044677,0.8413120198265032,0.8421579867957155,0.844509769859397,21.15,1029.366
1790984099.97119,69.66161067990096,0.8416644901000826,0.8417351803729876,0.8447684316556984,21.17,1029.357
1790984131.313601,69.66264532708617,0.8416644901000826,0.8411471665074799,0.8445780780507469,21.14,1029.35
1790984162.6411517,69.660061956057,0.8408663012811366,0.8421579867957155,0.8444830207219574,21.15,1029.34
1790984193.9907067,69.66368018946507,0.8432858518335836,0.8414767351295549,0.8443196328073143,21.14,1029.335
1790984225.3371408,69.66020117107414,0.8412182898861221,0.8429577990815891,0.8443196328073143,21.17,1029.344
1790984256.6805456,69.6634900332805,0.843027406590151,0.8413829754869682,0.844414661520782,21.15,1029.344
1790984288.023236,69.66208030925998,0.8412182898861221,0.8419231518963838,0.8443461877143974,21.17,1029.342
1790984319.3685925,69.66278611638135,0.8426991372852878,0.842346233724596,0.8446732149953052,21.14,1029.339
1790984350.7140074,69.66208080173774,0.8414058283037812,0.8417584856255883,0.844509769859397,21.15,1029.341
1790984382.0597131,69.66245643010907,0.8418291267755496,0.8416413125898838,0.8440611875638816,21.15,1029.336
1790984413.4031057,69.66433576450792,0.8412892942747313,0.8403496270753051,0.8442246836190416,21.21,1029.327
1790984444.737504,69.66311290944655,0.8414058283037812,0.8420172558344692,0.8437337844704931,21.23,1029.318
1790984476.076205,69.66297018493097,0.8410045615816575,0.841075923839446,0.8441137134925222,21.23,1029.311
1790984507.4225178,69.66122639275747,0.8410984378972166,0.8419703339839669,0.8447273046702434,21.21,1029.301
1790984538.770111,69.65811201296947,0.8411210087393122,0.8426781986333102,0.8451777661650621,21.2,1029.297
1790984570.127547,69.65985440141029,0.8420409455519458,0.841169751331534,0.8442088951312395,21.2,1029.312
1790984601.4850667,69.6612205127663,0.8419467132522395,0.8412636575742296,0.8446319054776664,21.2,1029.32
1790984632.8455267,69.66004280652047,0.8416168474362206,0.8422057005591412,0.8443728094850943,21.15,1029.311
1790984664.1859272,69.6607486533075,0.8416877259453377,0.8413348025518222,0.8447002258127138,21.17,1029.314
1790984695.570629,69.66103347227005,0.8413348025518222,0.841192393070548,0.8441824683879612,21.17,1029.316
1790984726.9199417,69.66206942149766,0.8414287386384359,0.8409107640246324,0.8443728094850943,21.18,1029.314
1790984758.2646224,69.66051680024438,0.8412409452078263,0.8420172558344692,0.8443461877143974,21.23,1029.302
1790984789.6160383,69.66155058121811,0.8419936256164202,0.8414767351295549,0.844414661520782,21.21,1029.297
1790984820.9455001,69.65811643982026,0.8407234047900646,0.8424404754889865,0.844414661520782,21.2,1029.286
1790984852.2749813,69.65811643982026,0.8423944617447262,0.8423944617447262,0.8447273046702434,21.21,1029.281
1790984883.6206555,69.6595311776617,0.8417343735241752,0.8410270046034553,0.8439758568783085,21.25,1029.266
1790984914.9609456,69.66000313799853,0.8418760522057224,0.8416400720373115,0.8444949201763079,21.21,1029.253
1790984946.3154478,69.66038097742866,0.8424889612595795,0.8423000415445178,0.8443041567242237,21.23,1029.251
1790984977.6679432,69.66160701327298,0.8427482748973858,0.8421352569752243,0.8445634703620299,21.18,1029.245
1790985009.0045857,69.65991077889113,0.8417110203461606,0.8425591375370899,0.8442775990143555,21.21,1029.234
1790985040.346898,69.6571295144298,0.8413576426667186,0.8427482748973858,0.8448227839998361,21.2,1029.235
1790985071.692378,69.65877874608726,0.842464687866043,0.8416400720373115,0.8447273046702434,21.23,1029.234
1790985103.036004,69.65863607556503,0.8412150919399362,0.8412864272010557,0.8444949201763079,21.21,1029.236
1790985134.3833551,69.6608545632571,0.842064694993857,0.8409554511478164,0.8447544518253075,21.23,1029.235
1790985165.7258558,69.65844812745001,0.8408614770903124,0.842064694993857,0.84510970382173,21.18,1029.23
1790985197.0704951,69.65920047719477,0.8413092543051182,0.8409330794327418,0.8443307814453712,21.2,1029.226
1790985228.411809,69.66481446705521,0.8440448430864173,0.8412378481562013,0.8443041567242237,21.23,1029.228
1790985259.750245,69.66415422398765,0.8426325305249479,0.8429626520587266,0.8441665046029538,21.21,1029.231
1790985291.1032376,69.66405561957586,0.8408837772268485,0.8409330794327418,0.8446589209698613,21.24,1029.225
1790985322.3882325,69.66386691766265,0.8415690043321942,0.8416633552888028,0.8442353885273082,21.27,1029.22
1790985353.7326794,69.66334719895468,0.8414034959348181,0.8416633552888028,0.8441665046029538,21.25,1029.219
1790985385.0781736,69.66042054899546,0.840695810355697,0.8421591353353108,0.8445904222374908,21.23,1029.216
1790985416.4135761,69.66316229405658,0.8424429333507569,0.8410720608202019,0.8447816675366197,21.21,1029.2
1790985447.744033,69.66283103766287,0.8417812571038821,0.841946885300733,0.8443842329385818,21.25,1029.202
1790985479.0896068,69.66401221287417,0.8427976607939738,0.8422070731883211,0.8441930002296939,21.28,1029.195
1790985510.4169688,69.66335065622577,0.8418522956725749,0.8421830739967723,0.8447131567979426,21.28,1029.198
1790985541.7604835,69.6649131004571,0.8413550818176918,0.8405738597020307,0.8444110602224029,21.28,1029.196
1790985573.0991,69.66496135850264,0.8423018522708219,0.8422777232480497,0.8445487641766136,21.31,1029.195
1790985604.4516404,69.66287897783488,0.8410003643534721,0.842041554687352,0.8443842329385818,21.3,1029.189
1790985635.7929168,69.65904973800554,0.8407179106102772,0.8426325305249479,0.8445487641766136,21.24,1029.182
1790985667.1433892,69.65658820043282,0.8410003643534721,0.842231133139828,0.8442195629084491,21.24,1029.173
1790985698.4730206,69.65800910615421,0.842917526049014,0.8422070731883211,0.8444799702803362,21.24,1029.172
1790985729.8054247,69.66184320996847,0.8426571186771269,0.8407400667700021,0.8444799702803362,21.23,1029.163
1790985761.1469243,69.66543842051948,0.8431526870931966,0.8413550818176918,0.8445487641766136,21.25,1029.158
1790985792.4813416,69.66368653763735,0.8410946744458048,0.8419706158868717,0.844315271163479,21.28,1029.152
1790985823.8319254,69.66368653763735,0.8417100986339153,0.8417100986339153,0.8440547539105226,21.23,1029.139
1790985855.1833348,69.66240788801457,0.8413550818176918,0.8419944066290765,0.8444110602224029,21.21,1029.129
1790985886.5298247,69.65857082793676,0.8404075123691334,0.8423260424080402,0.844767667481116,21.21,1029.128
1790985917.8663576,69.65752831902958,0.8418047879544495,0.8423260424080402,0.844767667481116,21.18,1029.124
1790985949.200903,69.6623665928088,0.8426817691329443,0.8402626322433364,0.8445069301875945,21.23,1029.109
1790985980.5452402,69.66269836864244,0.8421602945459015,0.8419944066290765,0.8446028811616011,21.24,1029.111
1790986011.8898127,69.66355205970206,0.84189955725238,0.8414727117225715,0.8445069301875945,21.25,1029.102
1790986043.2402751,69.66393193849412,0.8421843460251041,0.8419944066290765,0.8446989132471431,21.27,1029.102
1790986074.5838454,69.66668355273478,0.8427769489888338,0.8414011418685009,0.8440811862550961,21.27,1029.104
1790986105.916351,69.66706323053695,0.8422552540823289,0.8420654151812449,0.8451929419027889,21.27,1029.096
1790986137.263824,69.6672059290472,0.841733559175824,0.841662209920702,0.8440118223905112,21.3,1029.091
1790986168.604313,69.66493093237007,0.8412835335008588,0.8424210318394229,0.8436550824227179,21.27,1029.089
1790986199.9427612,69.66350874566072,0.8415441607276541,0.8422552540823289,0.8443420337083486,21.24,1029.088
1790986231.2942772,69.6636993678644,0.8428017932313429,0.8427064821295062,0.8445339584949134,21.23,1029.084
1790986262.638808,69.6602334911849,0.8409735437897574,0.8427064821295062,0.844299655811815,21.23,1029.089
1790986293.9902194,69.65710067455848,0.841662209920702,0.8432286182339082,0.8448912211645835,21.21,1029.081
1790986325.3156707,69.6552004827137,0.8410681618339895,0.8420182577563776,0.8448224551140456,21.21,1029.078
1790986356.6581447,69.65814516745922,0.8428017932313429,0.8413294508585764,0.8437768565095843,21.23,1029.073
1790986388.012832,69.65610289925176,0.8417806591276102,0.8428017932313429,0.8445610554629303,21.23,1029.073
1790986419.3501372,69.65472427955848,0.841519148756251,0.8422084586028925,0.8449187835839204,21.23,1029.074
1790986450.7015228,69.65543899476415,0.8422568679878601,0.8418995103850211,0.8449187835839204,21.21,1029.073
1790986482.0411217,69.65805409847775,0.8425651902416877,0.8412576383848918,0.8447535725060422,21.25,1029.076
1790986513.3896763,69.65867490352733,0.8417091683254381,0.8413987658006487,0.8443264892601388,21.21,1029.077
1790986544.7371306,69.65729382335343,0.8413756020012709,0.8420661420882173,0.8443264892601388,21.21,1029.079
1790986576.0646973,69.65724640223647,0.8418520289077502,0.8418757394662281,0.8447535725060422,21.21,1029.077
1790986607.400965,69.65720167061914,0.8407569266103373,0.8407792924190006,0.8442570981118972,21.23,1029.083
1790986638.7496505,69.65805833765862,0.8422326325123782,0.8418042989926412,0.8443533910477596,21.24,1029.085
1790986670.099255,69.66158081622923,0.8433753575660972,0.8416141182807904,0.8447810064956475,21.28,1029.09
1790986701.4466062,69.66453017036518,0.8431838453934163,0.8417091683254381,0.8445190523037723,21.25,1029.092
1790986732.7880402,69.66852734013928,0.8421373606516658,0.8401387757646176,0.8442303301351669,21.27,1029.087
1790986764.1245995,69.67162405852496,0.8425898282793692,0.8410414690865337,0.8446154564302469,21.25,1029.077
1790986795.4680684,69.66866515856664,0.8408017152856745,0.8422811652648322,0.8442839343191048,21.24,1029.079
1790986826.8105764,69.66641908096886,0.8408241954289808,0.8419472342278669,0.8441179619146735,21.23,1029.079
1790986858.152033,69.66503327716445,0.8413498881643023,0.8420427900665101,0.8438819316608742,21.21,1029.077
1790986889.502419,69.66436496862441,0.8416846114734079,0.8420187657434263,0.8441179619146735,21.24,1029.073
1790986920.8470025,69.66322073217219,0.8414706718403978,0.8420427900665101,0.844766890943892,21.21,1029.07
1790986952.181402,69.66484598243558,0.8423299461712423,0.8415173210395489,0.8444345090671078,21.23,1029.069
1790986983.5370033,69.66207453718725,0.8414452709827869,0.8428309936069518,0.8442411982085706,21.23,1029.074
1790987014.8675003,69.66221794537634,0.8418517596475721,0.8417800555530294,0.8444768705523166,21.25,1029.066
1790987046.2128654,69.66383905118265,0.8415173210395489,0.8407067681363967,0.8444074006878353,21.28,1029.065
1790987077.5516179,69.66588965279995,0.8422568679878601,0.8412315671792086,0.8444497657644634,21.28,1029.065
1790987108.8488693,69.66274219623436,0.8406119016592516,0.8421856299420458,0.844546222366237,21.3,1029.066
1790987140.1974697,69.66426773512268,0.842614529091732,0.8418517596475721,0.8446154564302469,21.28,1029.066
1790987171.544828,69.66053993705444,0.8407291174991072,0.8425930165332255,0.8448637291053601,21.24,1029.073
1790987202.894325,69.66240705216741,0.8418755808996239,0.8409420233431345,0.8445040445762313,21.23,1029.068
1790987234.233922,69.6629340911632,0.8424504454129436,0.8421869259150495,0.8452519080499358,21.25,1029.063
1790987265.5824974,69.66274244934165,0.8419952022967403,0.8420910232075097,0.8445586013960961,21.21,1029.053
1790987296.9287858,69.66010612912565,0.8404374863729428,0.8417556464809425,0.8442251896298499,21.21,1029.04
1790987328.2742867,69.66187982924679,0.8421152324983068,0.8412283824377427,0.8444889342712928,21.24,1029.032
1790987359.611787,69.66202436341538,0.8415877432154211,0.841515476131119,0.8444191480014835,21.27,1029.022
1790987390.9491494,69.66240707036312,0.841178889264922,0.8409875357910527,0.8439880854731058,21.28,1029.02
1790987422.2797222,69.65886408626568,0.8404154338663316,0.8421869259150495,0.8446281496807548,21.27,1029.023
1790987453.6252565,69.65886408626568,0.8412283824377427,0.8412283824377427,0.844295081898202,21.25,1029.021
1790987484.9525301,69.66135769555953,0.8431702110640784,0.8419234064171554,0.8447803347101887,21.24,1029.023
1790987516.297089,69.66087913544214,0.8417319075583389,0.8419711876170289,0.8444345090671078,21.23,1029.012
1790987547.62474,69.65829843612256,0.8418994630781375,0.8431898127379276,0.844766890943892,21.23,1029.001
1790987578.9661767,69.66021241770432,0.8429521930876146,0.8419952022967403,0.844697579429091,21.25,1028.994
1790987610.321488,69.65844055812516,0.8417319075583389,0.842617837347914,0.8441982797691271,21.24,1028.985
1790987641.6681316,69.65800663979707,0.8422829105241424,0.8424998696881891,0.8444889342712928,21.23,1028.977
1790987673.0246527,69.65925262539562,0.8415877432154211,0.8409647504161426,0.844391966696942,21.18,1028.969
1790987704.3729162,69.6597344352928,0.8409420233431345,0.8407011183945426,0.8447250939095314,21.15,1028.964
1790987735.7144282,69.66045338208785,0.8418514878568639,0.8414920144593425,0.8445859847273814,21.17,1028.953
1790987767.0591023,69.6581530318391,0.8413963674213673,0.8425465425457423,0.844295081898202,21.18,1028.947
1790987798.4065354,69.66059885709564,0.8429064664226354,0.841683553794374,0.8446134383654166,21.15,1028.937
1790987829.750852,69.65867734005715,0.8418033072536002,0.8427640657728426,0.8446409625813185,21.18,1028.932
1790987861.095505,69.65949426805079,0.8424282600981087,0.8420197961012872,0.84447372033368,21.2,1028.928
1790987892.4208674,69.66064608668856,0.841995605755708,0.8414196964368279,0.8448358597807648,21.18,1028.925
1790987923.7613719,69.66573003465614,0.8434339557055213,0.8408919817217356,0.8445859847273814,21.18,1028.926
1790987955.0989716,69.66496387689656,0.8413963674213673,0.8417794463011521,0.8445859847273814,21.2,1028.918
1790987986.4403257,69.66390709255795,0.8422356736035358,0.8427640657728426,0.8446831181715168,21.21,1028.917
1790988017.7857013,69.66376241316736,0.8415389980665654,0.8416113377618573,0.844516251631161,21.18,1028.913
1790988049.1352665,69.66251149786159,0.841731070073147,0.8423565277260368,0.84447372033368,21.21,1028.91
1790988080.4657536,69.66039430525394,0.8415625804981706,0.8426211768019921,0.8451006223473685,21.23,1028.905
1790988111.7621982,69.6630385291169,0.8432215272569958,0.8418994153255173,0.8446409625813185,21.2,1028.9
1790988143.1076996,69.66217373491112,0.842163837711813,0.8425962348147042,0.8447107083109817,21.18,1028.889
1790988174.4462354,69.660393975027,0.8412019987080249,0.8420918786500813,0.8447107083109817,21.18,1028.876
1790988205.7907064,69.6602516783028,0.8416113377618573,0.8416824861239632,0.8449750174980165,21.18,1028.869
1790988237.1421268,69.65957685258124,0.8412251676373934,0.8415625804981706,0.84486372960387,21.17,1028.866
1790988268.4886642,69.66063635719976,0.8422846722559185,0.841754919946656,0.8443063346475572,21.14,1028.866
1790988299.8312242,69.66227155910134,0.8429571048707002,0.8421395039199124,0.8450724839610659,21.13,1028.861
1790988331.1807265,69.66116740248393,0.8420192785025425,0.8425713568112515,0.8447526789127358,21.13,1028.849
1790988362.5142932,69.6619824406828,0.8425713568112515,0.842163837711813,0.8443492422807631,21.14,1028.847
1790988393.8645217,69.66716511977802,0.8432924579421494,0.8407011183945426,0.8450444177892162,21.11,1028.837
1790988425.2131019,69.66533996394607,0.8418514878568639,0.8427640657728426,0.8446134383654166,21.18,1028.833
1790988456.5596404,69.6625947968007,0.8407912541391301,0.842163837711813,0.8450030184855908,21.2,1028.83
1790988487.9099345,69.66586653890319,0.8429571048707002,0.8413212338194569,0.8453369063473617,21.17,1028.832
1790988519.2414887,69.66909956257945,0.8432989979620913,0.8416824861239632,0.8450874552168329,21.14,1028.831
1790988550.576077,69.6686623112546,0.8424059222349375,0.842624547897366,0.8444858678452756,21.15,1028.831
1790988581.9064407,69.66493646205096,0.8409557902646076,0.8428187148664251,0.8451157463179026,21.18,1028.837
1790988613.2498813,69.66160529189048,0.8404750056716569,0.8421405907518935,0.8439979111332012,21.2,1028.839
1790988644.6015596,69.66126752651769,0.8421650411288311,0.8423339238152261,0.8449196852113238,21.17,1028.841
1790988675.9270203,69.65731473255056,0.8405262642989669,0.8425026612825341,0.8446962238381788,21.17,1028.843
1790988707.277508,69.65784493979722,0.8419475897472887,0.8416824861239632,0.8447939055823331,21.18,1028.841
1790988738.6091232,69.65615797506307,0.84124839628301,0.8420918786500813,0.8447939055823331,21.18,1028.84
1790988769.938435,69.65587219712137,0.8426211768019921,0.8427640657728426,0.8448080615747702,21.2,1028.837
1790988801.284955,69.65976147358376,0.8419714775188823,0.8400268392876915,0.8445859847273814,21.17,1028.842
1790988832.6214068,69.65730775539974,0.8410332823462597,0.8422601414382691,0.844571097214161,21.2,1028.829
1790988863.9598398,69.65947762909047,0.8422372157226816,0.841152278877312,0.8445285740992892,21.2,1028.825
1790988895.3132997,69.65913940662486,0.8416336931128308,0.8418028043456348,0.844360780201501,21.21,1028.821
1790988926.593947,69.65643295255177,0.8411023450968305,0.8424555721333777,0.8445561072008325,21.2,1028.816
1790988957.9423394,69.65406023794374,0.8412219223505816,0.8424082796545982,0.8449759306313265,21.18,1028.808
1790988989.2908726,69.65638262792055,0.8428187148664251,0.8416575198780203,0.8440786637804801,21.21,1028.805
1790989020.6344519,69.65938029535805,0.8431563535967687,0.8416575198780203,0.8448497288994501,21.2,1028.807
1790989051.976733,69.66233663441925,0.8416575198780203,0.840179350347422,0.8448497288994501,21.2,1028.801
1790989083.3193734,69.65982074401228,0.8411254850411154,0.8423834302445962,0.8448497288994501,21.18,1028.804
1790989114.6688282,69.65836574562765,0.8420446871244959,0.842772186316808,0.8449058415937374,21.21,1028.799
1790989146.017213,69.65874701226964,0.841462318197044,0.8412716848760436,0.8444858678452756,21.21,1028.798
1790989177.3437338,69.65715639052969,0.8414173825006376,0.8422126933706143,0.8449334338022313,21.24,1028.795
1790989208.6692936,69.65932241856962,0.8425495484105499,0.8414665343905859,0.8449334338022313,21.2,1028.79
1790989240.0047784,69.66211398274146,0.8428858258779476,0.8414900437920247,0.84447372033368,21.18,1028.781
1790989271.3482137,69.664136225885,0.8431761627006003,0.8421650411288311,0.8449895211631818,21.2,1028.777
1790989302.6925588,69.66089677935895,0.8409328595174279,0.8425525827804513,0.8450176735446784,21.23,1028.776
1790989334.0312045,69.65576436065254,0.8406159614485713,0.8431821708017766,0.8446113872161584,21.2,1028.773
1790989365.3885648,69.65799269997792,0.8431105938542525,0.8419964241915591,0.8449759306313265,21.18,1028.769
1790989396.7310584,69.65518594767643,0.8410521959826288,0.8424555721333777,0.8450176735446784,21.14,1028.77
1790989428.0525296,69.66035472673106,0.8433249549337655,0.8407405654064526,0.8447239614283863,21.13,1028.774
1790989459.4021657,69.65721188331503,0.8411754334832721,0.8427468551912844,0.8450592370653771,21.14,1028.778
1790989490.746515,69.65721188331503,0.8417302246562071,0.8417302246562071,0.8450176735446784,21.15,1028.774
1790989522.0911255,69.65614781364121,0.8419235372964728,0.8424555721333777,0.8451441106518366,21.2,1028.777
1790989553.4314394,69.65759547362329,0.8425026612825341,0.8417788312914974,0.8447239614283863,21.18,1028.776
1790989584.782956,69.65788041504992,0.8431504749539029,0.843008004240591,0.8450310915817436,21.17,1028.779
1790989616.1324415,69.66438640484294,0.8425495484105499,0.8392965535140332,0.8445986259805444,21.18,1028.781
1790989647.4768813,69.66134891088105,0.8408871752539865,0.8424059222349375,0.844431006333935,21.2,1028.788
1790989678.8264022,69.65917468011166,0.8406670711378349,0.8417541865225295,0.8446816394682426,21.17,1028.787
1790989710.1740193,69.6614957570807,0.8424555721333777,0.8412950336488589,0.8452139036401904,21.15,1028.785
1790989741.523398,69.66071899502698,0.8418750961619543,0.8422634771888166,0.8448777489339976,21.18,1028.78
1790989772.8658462,69.66159207184973,0.8429670685974471,0.8425305301860742,0.8444705183806545,21.2,1028.784
1790989804.2173321,69.66100685285843,0.8427001310624923,0.8429927405581351,0.8443999011668771,21.23,1028.785
1790989835.5649087,69.66299891728298,0.8431622882048552,0.8421662559925829,0.8451310143323588,21.25,1028.781
1790989866.8883233,69.65931366307747,0.8402755456840229,0.8421181727867744,0.8447652995617873,21.24,1028.777
1790989898.220826,69.65552588704037,0.8408315683178091,0.8427254563363572,0.8452296459054093,21.23,1028.771
1790989929.5634618,69.66052682153426,0.8441328481696195,0.8416323809226733,0.8452010601586498,21.24,1028.775
1790989960.895846,69.66227490578677,0.8431622882048552,0.8422882460786005,0.8451310143323588,21.23,1028.769
1790989992.2362106,69.66120437854559,0.8424832156681944,0.8430184792887858,0.8453283629513877,21.24,1028.77
1790990023.593882,69.66251344390783,0.8423359410010485,0.8416814083199278,0.8446113872161584,21.18,1028.766
1790990054.93437,69.6582589983126,0.8404973250997548,0.842624547897366,0.8450874552168329,21.2,1028.761
1790990086.2747808,69.65975651531959,0.8425275897949862,0.8417788312914974,0.8441928419587951,21.23,1028.759
1790990117.627349,69.65724391541792,0.8411023450968305,0.8423586450476646,0.8448497288994501,21.21,1028.758
1790990148.9836361,69.65472848387884,0.8408594676226628,0.8421171833922028,0.8446816394682426,21.2,1028.764
1790990180.331256,69.65521257383551,0.842311163806935,0.8420691188285978,0.8450741971178175,21.17,1028.756
1790990211.6697705,69.65676202156017,0.8435723070456566,0.8427975831833318,0.8449340071613922,21.17,1028.755
1790990243.0202763,69.65719938649752,0.8420936139669003,0.8418749314982247,0.8443999011668771,21.17,1028.756
1790990274.352627,69.65744514160019,0.8426785236141874,0.8425556460628557,0.8449201471784429,21.18,1028.75
1790990305.6971858,69.656375078212,0.8415831410926722,0.8421181727867744,0.845427165581447,21.2,1028.743
1790990337.042671,69.65963021856561,0.8421181727867744,0.8404906026099681,0.8446948459368987,21.2,1028.741
1790990368.380057,69.65841565146644,0.8421181727867744,0.8427254563363572,0.8447933312572855,21.2,1028.742
1790990399.7254689,69.65496657107775,0.8410985058527638,0.8428230460471111,0.8446669541641347,21.21,1028.745
1790990431.0730398,69.6575287597336,0.8431563535967687,0.8418752592688495,0.8446538968317308,21.17,1028.733
1790990462.4575746,69.66385014049379,0.84337013631696,0.8402094459368613,0.8448916713212058,21.18,1028.741
1790990493.8020232,69.6613367500988,0.8409328595174279,0.8421895547149254,0.8449196852113238,21.17,1028.73
1790990525.1464655,69.66008053349367,0.8416336931128308,0.8422618014153933,0.8450176735446784,21.2,1028.729
1790990556.4759564,69.66046472338279,0.8424555721333777,0.8422634771888166,0.8454800357261644,21.2,1028.719
1790990587.8225713,69.65861911800103,0.8413654433877186,0.8422882460786005,0.8451310143323588,21.21,1028.711
1790990619.1619735,69.65910542891518,0.8425083244421699,0.8422651689850928,0.8449484660503193,21.21,1028.711
1790990650.4934657,69.66096129980126,0.8431682795811756,0.8422403441381395,0.8452870408315495,21.18,1028.706
1790990681.826977,69.65745527035631,0.8416310561915031,0.8433840709139749,0.8452870408315495,21.18,1028.701
1790990713.1043217,69.65570449278721,0.842045331543376,0.8429207203279278,0.8455958787984388,21.13,1028.689
1790990744.446987,69.65482783820956,0.842337977457377,0.8427763047462001,0.8452167957568419,21.14,1028.685
1790990775.7773626,69.65960393040315,0.8438482259623215,0.8414601798655249,0.8450892999620758,21.14,1028.683
1790990807.104946,69.65985053997105,0.8428018283981382,0.8426785236141874,0.8450189441611702,21.18,1028.67
1790990838.4533615,69.6619459907525,0.8428741707981358,0.8418264454074116,0.8452167957568419,21.15,1028.665
1790990869.7858794,69.65835528202516,0.8414386517687272,0.8432340061324018,0.8454392554129697,21.15,1028.66
1790990901.1303804,69.6587441621748,0.8428441171718134,0.8426496770969897,0.8451725485033535,21.17,1028.664
1790990932.4598644,69.65597972018305,0.8417541865225295,0.8431364075184007,0.8448497288994501,21.17,1028.663
1790990963.781217,69.65665875380203,0.8423359410010485,0.8419964241915591,0.8447373405531052,21.18,1028.662
1790990995.1337998,69.65359744663081,0.8417293711943016,0.843260024779913,0.844962245921154,21.15,1028.661
1790991026.4652603,69.65466751001901,0.8423856886338256,0.8418506569397234,0.8449905581586935,21.17,1028.655
1790991057.8057313,69.65447291980325,0.8418506569397234,0.8419479520476031,0.845526053906933,21.14,1028.665
1790991089.1521857,69.65272357343152,0.8411217510056894,0.8419964241915591,0.8447652995617873,21.14,1028.661
1790991120.4986699,69.65228518969981,0.8419236036710233,0.8421427955368789,0.8457938017810528,21.15,1028.666
1790991151.850274,69.65657101431827,0.8434821157301502,0.8413392034209162,0.8453283629513877,21.15,1028.662
1790991183.1867814,69.6613862995652,0.8439907837161321,0.8415831410926722,0.8452996366807647,21.18,1028.666
1790991214.521091,69.6589069531075,0.8421181727867744,0.8433578460156218,0.8453982985541368,21.14,1028.668
1790991245.8667529,69.66138373346143,0.8413654433877186,0.8401270532107562,0.8452010601586498,21.17,1028.664
1790991277.2090898,69.66352015743949,0.8419964241915591,0.8409282122025289,0.8444274459526433,21.21,1028.658
1790991308.5517836,69.66172518080182,0.8410018301387948,0.841899318457628,0.8451025688770852,21.17,1028.664
1790991339.903208,69.66002351131078,0.8416323809226733,0.8424832156681944,0.8443999011668771,21.18,1028.663
1790991371.2295432,69.66075393504603,0.8421427955368789,0.8417775836692564,0.8441873145363342,21.2,1028.668
1790991402.564328,69.65626981987958,0.8414364032260486,0.8436784608092737,0.8453860401211624,21.2,1028.667
1790991433.9196308,69.65997193895687,0.8434821157301502,0.8416310561915031,0.8451881274824731,21.23,1028.668
1790991465.2450225,69.65714442316394,0.8417285095720476,0.843142267468515,0.8456542532589952,21.21,1028.672
1790991496.595899,69.654266452475,0.8413628430536704,0.8428018283981382,0.8447508474907908,21.18,1028.677
1790991527.9369686,69.6569002908403,0.8426060741277565,0.8412891549451094,0.8448496138454968,21.23,1028.675
1790991559.2865844,69.6561682583914,0.8421674824671688,0.8425334986916155,0.8450474042172416,21.23,1028.672
1790991590.618132,69.65636356798397,0.842094494074852,0.8419968392785702,0.8457534551698872,21.23,1028.676
1790991621.9454134,69.65865560906529,0.8436068175177062,0.8424607969770437,0.8455842969704034,21.18,1028.671
1790991653.2740703,69.66153759143131,0.8430960987156373,0.8416551075326244,0.8452455388862925,21.15,1028.676
1790991684.6165931,69.66051702497099,0.8413890352274673,0.841899318457628,0.8449340071613922,21.18,1028.671
1790991715.9649131,69.66104974840667,0.8422141317556061,0.841947770037767,0.8447796519161374,21.17,1028.673
1790991747.3115728,69.6613887420769,0.8417541865225295,0.8415846896874157,0.8446816394682426,21.15,1028.671
1790991778.6330726,69.6630841280374,0.8428441171718134,0.8419964241915591,0.8444705183806545,21.21,1028.67
1790991809.9715335,69.65967888380405,0.8407805935515189,0.8424832156681944,0.8450608471043366,21.2,1028.67
1790991841.3150554,69.66002021227109,0.8416070674595704,0.8414364032260486,0.8458232341723081,21.18,1028.67
1790991872.6499636,69.66075162764912,0.8436518187880946,0.8432861110990815,0.8456947973917427,21.13,1028.673
1790991903.9899132,69.66391771857968,0.841218646141579,0.8396356006762982,0.845427165581447,21.13,1028.67
1790991935.3304765,69.66406386512061,0.8418506569397234,0.8417775836692564,0.8450608471043366,21.14,1028.663
1790991966.6727858,69.66240453293447,0.8410207085685285,0.8418503746615946,0.8455142189076245,21.15,1028.654
1790991998.026426,69.66352701391851,0.8416792217283635,0.8411179812363447,0.8445383446244938,21.14,1028.659
1790992029.3539336,69.66025419851522,0.8412891549451094,0.8429255626467543,0.8450474042172416,21.14,1028.652
1790992060.693416,69.6642659013715,0.8426094168639099,0.840603565435776,0.8451045476523502,21.17,1028.649
1790992092.0299067,69.66597866574283,0.8431943596430442,0.842337977457377,0.8452167957568419,21.15,1028.634
1790992123.3784025,69.65868449748939,0.8402455618574167,0.8438926459841326,0.84462427015056,21.14,1028.626
1790992154.715892,69.65468686004459,0.8410713393822619,0.8430701581046608,0.8451595337711513,21.17,1028.619
1790992186.0674806,69.65468686004459,0.8433122653542608,0.8433122653542608,0.8453860401211624,21.13,1028.615
1790992217.4097743,69.65161681973817,0.8406324623139576,0.8421674824671688,0.8451178269833296,21.14,1028.605
1790992248.7562263,69.65464533034867,0.8421922338289038,0.8406779785236503,0.8447789578406608,21.17,1028.606
1790992280.1008701,69.6548409365219,0.8425334986916155,0.8424356956050016,0.8448496138454968,21.15,1028.599
1790992311.4523017,69.65264413893354,0.8420698807869978,0.8431682795811756,0.8455842969704034,21.17,1028.593
1790992342.7878115,69.64874224526426,0.8415576013216902,0.8435085481563328,0.8453860401211624,21.18,1028.597
1790992374.1313367,69.652796992313,0.8439021387796332,0.8418747652552635,0.8452743571643868,21.15,1028.594
1790992405.4817102,69.6547543812045,0.8429513593876257,0.8419726649418795,0.8450053259123509,21.17,1028.586
1790992436.833239,69.65372688773495,0.8418012666572157,0.8423150133919916,0.8453736961854408,21.15,1028.586
1790992468.1556578,69.6509859181431,0.8421191716578845,0.8434896564538068,0.8460116536885456,21.17,1028.58
1790992499.5041718,69.65123058290173,0.8421191716578845,0.8419968392785702,0.8450474042172416,21.18,1028.577
1790992530.7836413,69.65093795063005,0.8418260476982711,0.8419723638341092,0.8453158505938225,21.15,1028.584
1790992562.1251376,69.65079165586684,0.8418017841166185,0.8418749314982247,0.8451595337711513,21.17,1028.581
1790992593.4745882,69.65483362623345,0.8430184792887858,0.8409974941054806,0.8445535718847673,21.18,1028.578
1790992624.8142145,69.65649506213784,0.8426567656504643,0.8418260476982711,0.8452455388862925,21.2,1028.576
1790992656.166577,69.65522364941171,0.8421191716578845,0.8427548780209511,0.844906190606126,21.2,1028.567
1790992687.4920485,69.65825656611703,0.8416792217283635,0.840162763375704,0.8452743571643868,21.18,1028.563
1790992718.8266308,69.6580064251258,0.8433189945241015,0.8434440650197134,0.8451332316162825,21.18,1028.558
1790992750.1719975,69.65736959100012,0.8416297187386692,0.8419481358015104,0.844198232156243,21.18,1028.561
1790992781.5134785,69.65961941934594,0.8421922338289038,0.8410673196559918,0.8450053259123509,21.17,1028.56
1790992812.8580003,69.65893284513045,0.8408956012761019,0.8412388883838477,0.8449345900227679,21.17,1028.565
1790992844.205507,69.65888461673897,0.8416551075326244,0.8416792217283635,0.8444394988222969,21.2,1028.567
1790992875.5419524,69.65756295229052,0.8420213786303099,0.8426822108545352,0.8451751046792729,21.2,1028.562
1790992906.8734117,69.66213814530975,0.842094494074852,0.8398068975652375,0.8450759386170738,21.2,1028.565
1790992938.2132068,69.66048656292594,0.8416323809226733,0.8424581721145792,0.8439637938833212,21.18,1028.566
1790992969.558686,69.65869089411325,0.841802296656147,0.8427001310624923,0.8443999011668771,21.21,1028.566
1790993000.8969963,69.65557557690401,0.841218646141579,0.8427763047462001,0.8443566383402642,21.23,1028.575
1790993032.2426078,69.65215780670447,0.8415576013216902,0.8432664864214631,0.8454149916065813,21.21,1028.579
1790993063.5699878,69.64966812181741,0.8413865443844846,0.8426313868280138,0.8455842969704034,21.18,1028.582
1790993094.9223466,69.65371009218403,0.8430184792887858,0.8409974941054806,0.8447228102845737,21.18,1028.589
1790993126.2540226,69.65351454925135,0.8422651689850928,0.8423629404514328,0.8449484660503193,21.2,1028.592
1790993157.5934439,69.65718887368573,0.8439563338750667,0.8421191716578845,0.8448353991192596,21.2,1028.609
1790993188.9418144,69.65416352677967,0.8412891549451094,0.8428018283981382,0.8446801363437966,21.18,1028.607
1790993220.2834847,69.65806694674983,0.8436068175177062,0.8416551075326244,0.8454851254633645,21.14,1028.619
1790993251.6329265,69.65606571252678,0.8414601798655249,0.8424607969770437,0.8449484660503193,21.13,1028.617
1790993282.9722672,69.65562606459558,0.8416551075326244,0.8418749314982247,0.8445105114640798,21.13,1028.629
1790993314.3237927,69.65567490840115,0.8420208460943451,0.8419964241915591,0.8447652995617873,21.17,1028.63
1790993345.6724398,69.65693922470977,0.8428230460471111,0.8421908878928012,0.8452296459054093,21.17,1028.624
1790993376.999808,69.6547035130939,0.8410249397289454,0.8421427955368789,0.845427165581447,21.2,1028.627
1790993408.3322868,69.6547035130939,0.8425808272916157,0.8425808272916157,0.8443566383402642,21.2,1028.629
1790993439.6868443,69.65450824645544,0.8422403441381395,0.842337977457377,0.8451881274824731,21.17,1028.626
1790993471.0345,69.65358043773375,0.8421674824671688,0.8426313868280138,0.8452167957568419,21.2,1028.625
1790993502.361841,69.65338478808827,0.8421922338289038,0.8422900586516416,0.8447081788436288,21.2,1028.617
1790993533.7114294,69.65534234761832,0.8417769508879196,0.8407981711229012,0.8455433884164227,21.17,1028.611
1790993565.0450416,69.65387244785816,0.8425840446440274,0.8433189945241015,0.8452743571643868,21.18,1028.606
1790993596.3824153,69.65617190829549,0.8422170498746573,0.8410673196559918,0.8455433884164227,21.17,1028.601
1790993627.712869,69.65905791349275,0.8433911384001351,0.8419481358015104,0.8450053259123509,21.21,1028.6
1790993659.0515451,69.65817805780044,0.8430497286076571,0.8434896564538068,0.8456428447185312,21.21,1028.592
1790993690.403941,69.65876404722096,0.8426060741277565,0.8423130794174958,0.8451178269833296,21.18,1028.583
1790993721.7484875,69.65983364715798,0.8417534461100897,0.841218646141579,0.8450608471043366,21.18,1028.585
1790993753.0930178,69.6599790113943,0.8424106595755331,0.842337977457377,0.8450189441611702,21.17,1028.579
1790993784.4404001,69.65900625861505,0.8419968392785702,0.8424832156681944,0.8449484660503193,21.18,1028.574
1790993815.7829766,69.6603691217182,0.8424832156681944,0.8418017841166185,0.8451881274824731,21.18,1028.566
1790993847.129303,69.65905014358529,0.8422403441381395,0.8428998332045946,0.8447508474907908,21.2,1028.557
1790993878.4700754,69.66027134932821,0.8425587386729736,0.8419481358015104,0.8453736961854408,21.24,1028.548
1790993909.8154924,69.66559793408794,0.842094494074852,0.8394312016949852,0.8445383446244938,21.24,1028.545
1790993941.1629186,69.65973426397028,0.8403346513626292,0.8432664864214631,0.8442971020530785,21.25,1028.544
1790993972.513436,69.66115199197561,0.8421191716578845,0.8414103076552166,0.8451751046792729,21.25,1028.538
1790994003.8528817,69.6587100472048,0.8417769508879196,0.8429979232733232,0.844736294660315,21.24,1028.543
1790994035.1884933,69.65744135534287,0.8421674824671688,0.8428018283981382,0.8447789578406608,21.28,1028.536
1790994066.5297618,69.65397325212082,0.8409698571318117,0.8427039087428344,0.8451464284584416,21.27,1028.537
1790994097.8773994,69.65309625929507,0.8410713393822619,0.8415098357951365,0.8456250280393843,21.25,1028.533
1790994129.2208645,69.65401805392355,0.8421662559925829,0.8417053586783434,0.8452010601586498,21.27,1028.532
1790994160.5733845,69.65727306691402,0.8436966253238325,0.8420691188285978,0.8450041627255559,21.28,1028.532
1790994191.925828,69.65688418176084,0.8415831410926722,0.8417775836692564,0.8448214359234215,21.27,1028.531
1790994223.2753832,69.65751606193817,0.8427039087428344,0.8423879686541745,0.8449905581586935,21.25,1028.537
1790994254.6089456,69.65639287910412,0.8413865443844846,0.8419481358015104,0.8456135326096537,21.25,1028.539
1790994285.9333458,69.6576631852446,0.8421191716578845,0.841484018587646,0.8454149916065813,21.2,1028.539
1790994317.2068646,69.65712629249144,0.8426313868280138,0.8428998332045946,0.8454149916065813,21.21,1028.542
1790994348.5584896,69.65619629345572,0.8427293601251834,0.8431943596430442,0.8453447356133637,21.23,1028.543
1790994379.8987696,69.6574692200091,0.8432205079207162,0.8425840446440274,0.8459119932516218,21.17,1028.55
1790994411.2483559,69.65859310469317,0.8422170498746573,0.8416551075326244,0.8451464284584416,21.13,1028.545
1790994442.582938,69.66000860019015,0.8432664864214631,0.8425587386729736,0.8455142189076245,21.08,1028.549
1790994473.9263353,69.66274443441563,0.8438036127177426,0.8424356956050016,0.8448496138454968,21.11,1028.553
1790994505.2617855,69.66313513734936,0.8424356956050016,0.8422403441381395,0.8449484660503193,21.15,1028.551
1790994536.6116457,69.66017401730473,0.8417534461100897,0.8432340061324018,0.8453283629513877,21.13,1028.547
1790994567.9418263,69.65726175377482,0.8416085044156324,0.8430646361805892,0.8449340071613922,21.11,1028.553
1790994599.2832613,69.65920432307435,0.8434294567643438,0.8424581721145792,0.8445964458888028,21.13,1028.54
1790994630.638904,69.6580792581394,0.8430442850502305,0.8436068175177062,0.8450892999620758,21.14,1028.542
1790994661.9662063,69.65627327028734,0.8419968392785702,0.8428998332045946,0.8455142189076245,21.1,1028.531
1790994693.3076117,69.6553950277137,0.8418260476982711,0.8422651689850928,0.8455842969704034,21.14,1028.538
1790994724.6571786,69.65319962895015,0.8415336874462391,0.8426313868280138,0.8446801363437966,21.13,1028.535
1790994756.0031986,69.65153791611979,0.8416551075326244,0.8424859639478042,0.8456135326096537,21.15,1028.538
1790994787.3490844,69.65392695117862,0.8423629404514328,0.8411684229220182,0.8446801363437966,21.17,1028.544
1790994818.6886864,69.65485418698785,0.8425334986916155,0.8420698807869978,0.844581400707664,21.15,1028.547
1790994850.039301,69.6547085303421,0.8423879686541745,0.8424607969770437,0.8454440187524198,21.17,1028.541
1790994881.3715792,69.65529982703723,0.8437588049868974,0.8434631566393341,0.8453736961854408,21.13,1028.539
1790994912.7160819,69.65769210535063,0.8429979232733232,0.8418017841166185,0.844906190606126,21.14,1028.54
1790994944.0706694,69.65515997051956,0.8416803202373073,0.8429463876528417,0.8445535718847673,21.17,1028.54
1790994975.4211166,69.65589039425481,0.8421427955368789,0.8417775836692564,0.8452167957568419,21.15,1028.528
1790995006.763556,69.65287578437743,0.8415831410926722,0.8430904460313665,0.8453283629513877,21.17,1028.53
1790995038.1055799,69.65204716203596,0.8416070674595704,0.8420213786303099,0.845427165581447,21.13,1028.517
1790995069.4526103,69.65351475506425,0.8434631566393341,0.8427293601251834,0.8448778653103017,21.13,1028.512
1790995100.791183,69.6562978108642,0.8436334587583012,0.8422419308583239,0.8450759386170738,21.13,1028.514
1790995132.1446996,69.65600552113763,0.842143913788354,0.8422900586516416,0.8448071416207839,21.14,1028.498
1790995163.487127,69.6548801891102,0.8420213786303099,0.8425840446440274,0.8446093021621619,21.17,1028.497
1790995194.83452,69.65419587530631,0.8416792217283635,0.8420213786303099,0.844566250586169,21.17,1028.489
1790995226.1830258,69.66266351012224,0.8428788002661411,0.8386449828581768,0.8449345900227679,21.21,1028.491
1790995257.5234623,69.66300530351506,0.8429513593876257,0.8427804626912127,0.844566250586169,21.17,1028.484
1790995288.875047,69.66084929559038,0.8413602177480836,0.842438221710426,0.844693445169903,21.18,1028.491
1790995320.2015882,69.65937359753546,0.8422185300068431,0.8429563790343053,0.8456608330944623,21.15,1028.489
1790995351.5522084,69.6572147625563,0.8427333014520477,0.8438127189416356,0.8461715372759984,21.15,1028.489
1790995382.8964717,69.6554119574642,0.8422668770351291,0.8431682795811756,0.8453447356133637,21.13,1028.489
1790995414.2309806,69.65735854781201,0.8436518187880946,0.8426785236141874,0.8452870408315495,21.13,1028.488
1790995445.5807707,69.6552184210356,0.8418506569397234,0.8429207203279278,0.8451595337711513,21.13,1028.493
1790995476.9310398,69.65322408195088,0.8414860461258344,0.8424832156681944,0.8448637301105808,21.18,1028.495
1790995508.2726946,69.65376027529165,0.8420698807869978,0.8418017841166185,0.844581400707664,21.17,1028.488
1790995539.6091344,69.65463798794451,0.8424356956050016,0.8419968392785702,0.8454851254633645,21.13,1028.494
1790995570.9476595,69.65531983549393,0.8432664864214631,0.8429255626467543,0.8456135326096537,21.11,1028.483
1790995602.2800965,69.65424417920134,0.8419481358015104,0.8424859639478042,0.8444672634082789,21.15,1028.487
1790995633.6216843,69.65419159734977,0.8433384878111835,0.8433647787369692,0.8453447356133637,21.11,1028.488
1790995664.9711652,69.65610024916049,0.8425840446440274,0.8416297187386692,0.8454440187524198,21.11,1028.482
1790995696.310712,69.65732206990715,0.8431221071480993,0.8425111967747683,0.844906190606126,21.13,1028.474
1790995727.6570804,69.65559851341104,0.8425364957167707,0.8433982739648261,0.8444238264882613,21.14,1028.48
1790995758.9865904,69.65937482406851,0.8434440650197134,0.8415559096909775,0.8447216400129348,21.18,1028.469
1790995790.3321788,69.66015947616859,0.8421935927072539,0.8418012666572157,0.8451332316162825,21.18,1028.466
1790995821.6777225,69.65752118051316,0.8417769508879196,0.8430960987156373,0.8447081788436288,21.2,1028.461
1790995853.0190597,69.65255041469585,0.8413628430536704,0.8438482259623215,0.8448496138454968,21.17,1028.455
1790995884.3695147,69.65430448552958,0.8427763047462001,0.841899269329336,0.8452870408315495,21.2,1028.455
1790995915.7151642,69.65405884649024,0.842337977457377,0.8424607969770437,0.8447789578406608,21.18,1028.454
1790995947.0646946,69.65567092661824,0.8430960987156373,0.8422900586516416,0.8449768588649605,21.17,1028.441
1790995978.4231858,69.6540595477294,0.8416551075326244,0.8424607969770437,0.8452455388862925,21.21,1028.44
1790996009.7676785,69.65493927698732,0.8427548780209511,0.8423150133919916,0.8451751046792729,21.21,1028.442
1790996041.1220105,69.65420481873302,0.8427548780209511,0.8431221071480993,0.8452743571643868,21.17,1028.447
1790996072.4757123,69.65288317450667,0.8418503746615946,0.8425111967747683,0.8447644840817609,21.2,1028.451
1790996103.8073184,69.65454558918704,0.8427548780209511,0.841923670680764,0.8452455388862925,21.18,1028.45
1790996135.0936565,69.65508412101993,0.8422419308583239,0.8419726649418795,0.8449345900227679,21.21,1028.451
1790996166.4231746,69.65753344104569,0.8424130623214446,0.841188402308563,0.8450338674839923,21.23,1028.456
1790996197.8165307,69.65719015243131,0.8419237383348569,0.842095382642045,0.8450911753736892,21.24,1028.451
1790996229.1660094,69.65753331254614,0.8418992197292549,0.841727639671846,0.8447927473973817,21.23,1028.459
1790996260.5094924,69.65978692262226,0.8431481836683725,0.8420213786303099,0.8449345900227679,21.2,1028.448
1790996291.8501477,69.65910523867225,0.8421674824671688,0.8425083244421699,0.8446521668744125,21.24,1028.452
1790996323.183635,69.65554930921061,0.8411684229220182,0.8429463876528417,0.8446521668744125,21.23,1028.45
1790996354.5340853,69.65691929558879,0.8414601798655249,0.8407751866764349,0.8451881274824731,21.21,1028.442
1790996385.8805363,69.65652651371028,0.8432403350185,0.8434367259577563,0.8449484660503193,21.2,1028.434
1790996417.2289774,69.65955655538592,0.8434631566393341,0.8419481358015104,0.8450759386170738,21.2,1028.425
1790996448.5696034,69.6605842405703,0.8424130623214446,0.8418992197292549,0.8448353991192596,21.2,1028.425
1790996479.8930898,69.65676443249909,0.8410673196559918,0.8429772236915974,0.8449345900227679,21.2,1028.421
1790996511.2386136,69.65440853361127,0.8416538839624601,0.8428318334063704,0.8453322203484491,21.17,1028.409
1790996542.5872827,69.64949079095516,0.8421201801423392,0.8445790514703995,0.8461015438874865,21.11,1028.412
1790996573.933525,69.65155355754926,0.842587292988028,0.8415559096909775,0.8454902999588101,21.13,1028.403
1790996605.2840807,69.65135619424395,0.8431743285441796,0.8432730101968416,0.8453322203484491,21.11,1028.396
1790996636.615611,69.65468677930012,0.8438575263569904,0.8421922338289038,0.8451751046792729,21.13,1028.388
1790996667.970023,69.65541891801827,0.841923670680764,0.8415576013216902,0.8453158505938225,21.14,1028.384
1790996699.314476,69.65541891801827,0.8418503746615946,0.8418503746615946,0.8450759386170738,21.15,1028.374
1790996730.6579182,69.65668905400268,0.8425587386729736,0.841923670680764,0.8449768588649605,21.13,1028.375
1790996762.0045884,69.65482772507342,0.8419481358015104,0.8428788002661411,0.8450338674839923,21.13,1028.367
1790996793.3541753,69.65790957079784,0.8412624998527528,0.839721576990539,0.8452038559392123,21.14,1028.36
1790996824.6965501,69.66353292665815,0.8434896564538068,0.8406779785236503,0.8449345900227679,21.18,1028.362
1790996856.0501046,69.65951862326736,0.8418503746615946,0.8438575263569904,0.8451751046792729,21.17,1028.355
1790996887.406595,69.6570241740438,0.842143913788354,0.8433911384001351,0.8454731218556568,21.15,1028.355
1790996918.7469695,69.65609316789269,0.842143913788354,0.8426094168639099,0.8453032508862236,21.17,1028.358
1790996950.0765212,69.65756409657062,0.8428061143984121,0.842070650059447,0.8445942296351112,21.18,1028.356
1790996981.4099789,69.66049894677366,0.8418992197292549,0.8404317946277399,0.8442257172772981,21.17,1028.356
1790997012.7574334,69.65613943180628,0.8413364681890824,0.8435162256727686,0.8441267922734347,21.17,1028.349
1790997044.1091714,69.65329753147518,0.8405517147763267,0.8419726649418795,0.8447644840817609,21.21,1028.351
1790997075.4414937,69.65759080677954,0.8425334986916155,0.8403868610394344,0.8451881274824731,21.23,1028.353
1790997106.7749267,69.65617871975013,0.8422403441381395,0.8429463876528417,0.8446521668744125,21.24,1028.355
1790997138.1213825,69.655106798534,0.8422403441381395,0.8427763047462001,0.8451881274824731,21.24,1028.358
1790997169.468008,69.65632454945184,0.8424106595755331,0.8418017841166185,0.8449201471784429,21.25,1028.354
1790997200.8043556,69.65788474835787,0.8430701581046608,0.8422900586516416,0.8451178269833296,21.23,1028.359
1790997232.1528957,69.65700708039633,0.8433647787369692,0.8438036127177426,0.8450759386170738,21.15,1028.36
1790997263.4894836,69.6539788035322,0.8409466585449823,0.8424607969770437,0.8452455388862925,21.2,1028.363
1790997294.8438225,69.65426820990493,0.8429721218806672,0.8428274186943056,0.8450474042172416,21.18,1028.363
1790997326.1964502,69.6566141719304,0.8431943596430442,0.8420213786303099,0.8448778653103017,21.21,1028.367
1790997357.5329263,69.65808048845881,0.8430960987156373,0.8423629404514328,0.8445105114640798,21.21,1028.376
1790997388.8753874,69.65778878833223,0.842094494074852,0.8422403441381395,0.8447508474907908,21.2,1028.372
1790997420.2308865,69.65705715869622,0.8420698807869978,0.8424356956050016,0.8447789578406608,21.18,1028.373
1790997451.5774715,69.65296211652577,0.8413628430536704,0.8434103641388944,0.8452870408315495,21.14,1028.371
1790997482.917948,69.64886730729023,0.8416310561915031,0.8436784608092737,0.8456542532589952,21.14,1028.368
1790997514.2516336,69.65213621465743,0.8436068175177062,0.8419723638341092,0.8453860401211624,21.15,1028.367
1790997545.5823286,69.64911624580384,0.8414364032260486,0.8429463876528417,0.8444827508204116,21.11,1028.366
1790997576.9174218,69.65057806579945,0.842337977457377,0.8416070674595704,0.8445535718847673,21.11,1028.369
1790997608.2671442,69.64945645254222,0.8415336874462391,0.842094494074852,0.8446521668744125,21.11,1028.369
1790997639.61267,69.65306605327211,0.8433384878111835,0.8415336874462391,0.8448496138454968,21.14,1028.366
1790997670.963068,69.65306605327211,0.8425808272916157,0.8425808272916157,0.8452583060328133,21.14,1028.371
1790997702.3096316,69.65140782294904,0.8417043835300789,0.8425334986916155,0.8451178269833296,21.13,1028.376
1790997733.6506076,69.64999315430246,0.842094494074852,0.8428018283981382,0.8449484660503193,21.14,1028.373
1790997765.0037067,69.65072541988874,0.8428018283981382,0.8424356956050016,0.8447789578406608,21.15,1028.378
1790997796.356045,69.65228659603349,0.8424356956050016,0.8416551075326244,0.8445105114640798,21.17,1028.372
1790997827.68456,69.65209141388078,0.8416551075326244,0.841752698608978,0.8450474042172416,21.2,1028.371
1790997859.0311766,69.65404450316682,0.8429979232733232,0.8420213786303099,0.8452167957568419,21.21,1028.37
1790997890.378577,69.65731634086704,0.8430960987156373,0.8414601798655249,0.8454149916065813,21.2,1028.373
1790997921.6611865,69.65751247596701,0.8432403350185,0.843142267468515,0.8442146541500323,21.2,1028.363
1790997952.989558,69.65517706319537,0.8415831410926722,0.8427508474784902,0.8453571640007301,21.17,1028.354
1790997984.3281722,69.65356987896344,0.8424106595755331,0.8432142516914959,0.8451881274824731,21.14,1028.351
1790998015.678847,69.65337427279022,0.8424356956050016,0.8425334986916155,0.8447789578406608,21.15,1028.356
1790998047.019192,69.65625602140986,0.8428274186943056,0.8413865443844846,0.8452455388862925,21.17,1028.354
1790998078.370593,69.65444963009915,0.8415576013216902,0.8424607969770437,0.8449768588649605,21.17,1028.347
1790998109.7181304,69.65703709259529,0.8428274186943056,0.8415336874462391,0.8439736187109181,21.2,1028.349
1790998141.0617568,69.65395869593888,0.8423629404514328,0.8439021387796332,0.8444394988222969,21.18,1028.352
1790998172.404114,69.65087810548478,0.8413127806690147,0.8428530758960633,0.8450759386170738,21.2,1028.353
1790998203.7336028,69.6498024491922,0.8422170498746573,0.8427548780209511,0.8455433884164227,21.17,1028.345
1790998235.0801716,69.65087623469852,0.8423629404514328,0.8418260476982711,0.8454149916065813,21.14,1028.343
1790998266.4286568,69.65263242326513,0.8424356956050016,0.8415576013216902,0.8450474042172416,21.15,1028.344
1790998297.772274,69.65619905935837,0.8430960987156373,0.8413127806690147,0.8446093021621619,21.18,1028.342
1790998329.1196659,69.65766274040779,0.8434103641388944,0.8426785236141874,0.8441434769307513,21.21,1028.346
1790998360.4672668,69.6571756879927,0.841899269329336,0.8421427955368789,0.8450189441611702,21.18,1028.348
1790998391.8047233,69.6555187070757,0.8417775836692564,0.8426060741277565,0.8444550624104539,21.24,1028.345
1790998423.1561203,69.65766441217836,0.841899269329336,0.8408264167780047,0.8441434769307513,21.24,1028.35
1790998454.49676,69.65552056974612,0.8414364032260486,0.8425083244421699,0.8446521668744125,21.25,1028.357
1790998485.843314,69.65464368243578,0.8420698807869978,0.8425083244421699,0.8447508474907908,21.28,1028.358
1790998517.1876397,69.65283943318335,0.8418017841166185,0.8427039087428344,0.8448778653103017,21.24,1028.361
1790998548.5433187,69.6495642359141,0.8416551075326244,0.8432927061672448,0.8455433884164227,21.2,1028.367
1790998579.9017475,69.65303538099835,0.8435616202403917,0.8418260476982711,0.8455842969704034,21.17,1028.37
1790998611.2432144,69.656796901297,0.8436334587583012,0.841752698608978,0.8446093021621619,21.18,1028.381
1790998642.5709774,69.65718781726552,0.8423629404514328,0.8421674824671688,0.8450474042172416,21.18,1028.389
1790998673.909221,69.65752865545338,0.8433647787369692,0.8431943596430442,0.8447081788436288,21.15,1028.389
1790998705.257707,69.65675250098009,0.8425840446440274,0.8429721218806672,0.844736294660315,21.18,1028.394
1790998736.6042619,69.65514601373538,0.8417775836692564,0.8425808272916157,0.8450892999620758,21.2,1028.391
1790998767.9577384,69.65514601373538,0.8435537429093772,0.8435537429093772,0.8451595337711513,21.23,1028.396
1790998799.2993557,69.65553662962736,0.8426785236141874,0.8424832156681944,0.8456250280393843,21.18,1028.394
1790998830.630849,69.65694842121414,0.8425808272916157,0.8418749314982247,0.8450892999620758,21.17,1028.395
1790998861.9720967,69.65636281091217,0.8419723638341092,0.8422651689850928,0.844581400707664,21.21,1028.391
1790998893.3196337,69.65328893745075,0.8420698807869978,0.8436068175177062,0.8449201471784429,21.21,1028.394
1790998924.6641295,69.65514294404662,0.8426313868280138,0.8417043835300789,0.8454851254633645,21.23,1028.395
1790998956.008656,69.65621579659795,0.841899269329336,0.8413628430536704,0.8449484660503193,21.25,1028.397
1790998987.354267,69.65850747848525,0.8432403350185,0.842094494074852,0.8453860401211624,21.24,1028.398
1790999018.69966,69.66246097372236,0.841923670680764,0.839946923062205,0.8453158505938225,21.24,1028.397
1790999050.0463336,69.66104789307126,0.8418017841166185,0.8425083244421699,0.8450189441611702,21.23,1028.393
1790999081.37767,69.65934209396731,0.8414601798655249,0.8423130794174958,0.844581400707664,21.21,1028.398
1790999112.7152796,69.66328479520479,0.8413392034209162,0.8393678528021783,0.8453571640007301,21.2,1028.401
1790999144.0636666,69.6593386713381,0.8413392034209162,0.8433122653542608,0.8454561077865035,21.21,1028.4
1790999175.4052615,69.65617451921263,0.8414364032260486,0.8430184792887858,0.8452870408315495,21.18,1028.405
1790999206.7586207,69.65544409547738,0.8417775836692564,0.8421427955368789,0.8452583060328133,21.14,1028.41
1790999238.1003106,69.65437449554035,0.8417534461100897,0.8422882460786005,0.8444550624104539,21.15,1028.411
1790999269.4285836,69.65535126976783,0.8418749314982247,0.8413865443844846,0.8445105114640798,21.18,1028.412
1790999300.7822125,69.65393660112126,0.842094494074852,0.8428018283981382,0.8447789578406608,21.18,1028.409
1790999332.1317327,69.65559720536885,0.8431682795811756,0.842337977457377,0.8450474042172416,21.17,1028.406
1790999363.4822598,69.65150747038273,0.8413392034209162,0.8433840709139749,0.845526053906933,21.2,1028.408
1790999394.8276398,69.65009438973162,0.8418017841166185,0.8425083244421699,0.8454561077865035,21.21,1028.41
1790999426.1801078,69.65169948481393,0.8429207203279278,0.8421181727867744,0.8455958787984388,21.2,1028.409
1790999457.5237305,69.65223498056217,0.8428485751657353,0.8425808272916157,0.8445535718847673,21.2,1028.399
1790999488.8690965,69.65506025416119,0.8423130794174958,0.8409004426179879,0.8452583060328133,21.23,1028.402
1790999520.2267847,69.65311389614244,0.8429463876528417,0.8439195666622145,0.8454561077865035,21.24,1028.393
1790999551.5683374,69.65238277542,0.8425808272916157,0.8429463876528417,0.8452870408315495,21.18,1028.391
1790999582.9097874,69.65184658207923,0.8428741707981358,0.843142267468515,0.8455551375019287,21.18,1028.382
1790999614.2571409,69.65111592601491,0.842045331543376,0.8424106595755331,0.8457240880905338,21.17,1028.375
1790999645.6097882,69.65252678828541,0.8436518187880946,0.8429463876528417,0.8449905581586935,21.18,1028.373
1790999676.9443343,69.65335351687494,0.8427763047462001,0.8423629404514328,0.8452167957568419,21.18,1028.366
1790999708.2507942,69.65155013567959,0.8417043835300789,0.8426060741277565,0.8456542532589952,21.18,1028.359
1790999739.5944846,69.649352127771,0.8421674824671688,0.8432664864214631,0.8455842969704034,21.14,1028.358
1790999770.9377337,69.65008503013708,0.8431682795811756,0.8428018283981382,0.844411806637274,21.17,1028.348
1790999802.283375,69.64856987186671,0.8422403441381395,0.8429979232733232,0.8460217848764099,21.15,1028.353
1790999833.6297758,69.64871584865135,0.8421674824671688,0.842094494074852,0.8448778653103017,21.15,1028.346
1790999864.9802976,69.64939719286438,0.8428741707981358,0.8425334986916155,0.8451178269833296,21.2,1028.347
1790999896.3058512,69.65139598822742,0.8415576013216902,0.840558203640172,0.8453158505938225,21.2,1028.341
1790999927.6344473,69.65159170127865,0.8424607969770437,0.8423629404514328,0.8451464284584416,21.23,1028.336
1790999958.980777,69.65178701087122,0.842094494074852,0.8419968392785702,0.8449484660503193,21.18,1028.335
1790999990.3263466,69.65880764249484,0.8436068175177062,0.8400965017058969,0.8455842969704034,21.15,1028.335
1791000021.6718774,69.65939261607235,0.8424106595755331,0.8421181727867744,0.8451595337711513,21.17,1028.331
1791000053.0123575,69.6596835171558,0.8422882460786005,0.8421427955368789,0.8454561077865035,21.17,1028.334
1791000084.3649108,69.66095053557444,0.8427763047462001,0.8421427955368789,0.8457240880905338,21.2,1028.338
1791000115.7092738,69.66095053557444,0.8431163230398551,0.8431163230398551,0.845427165581447,21.18,1028.335
1791000147.0418022,69.65739530370506,0.8419723638341092,0.8437499797688045,0.845526053906933,21.18,1028.347
1791000178.3854084,69.6555405785695,0.8421427955368789,0.8430701581046608,0.8454851254633645,21.15,1028.348
1791000209.7278485,69.65715055680863,0.8433384878111835,0.8425334986916155,0.8448778653103017,21.15,1028.346
1791000241.0534494,69.65519723377622,0.841752698608978,0.8427293601251834,0.8448778653103017,21.2,1028.355
1791000272.4029744,69.65237183336302,0.8415336874462391,0.8429463876528417,0.8452167957568419,21.21,1028.356
1791000303.749352,69.65310375880765,0.843142267468515,0.8427763047462001,0.8454561077865035,21.15,1028.366
1791000335.0949683,69.65383602439393,0.8428018283981382,0.8424356956050016,0.8457534551698872,21.14,1028.366
1791000366.4274924,69.65315434044392,0.8421674824671688,0.8425083244421699,0.8453860401211624,21.13,1028.367
1791000397.7648947,69.65544437188571,0.8430442850502305,0.841899269329336,0.8452870408315495,21.13,1028.363
1791000429.1124766,69.6554959834086,0.8430442850502305,0.8430184792887858,0.8453571640007301,21.17,1028.362
1791000460.4609363,69.65228300891916,0.8415098357951365,0.8431163230398551,0.8456947973917427,21.15,1028.367
1791000491.8065066,69.6550543671485,0.8438213747196729,0.8424356956050016,0.8450892999620758,21.18,1028.362
1791000523.1478577,69.65023072167595,0.8414364032260486,0.8438482259623215,0.8462600486985944,21.18,1028.362
1791000554.4973016,69.64989044917455,0.8423130794174958,0.8424832156681944,0.8453571640007301,21.2,1028.365
1791000585.847038,69.64749999596168,0.8418749314982247,0.8430701581046608,0.8457938017810528,21.23,1028.372
1791000617.1713934,69.64823215413901,0.8434103641388944,0.8430442850502305,0.8458232341723081,21.17,1028.367
1791000648.5198874,69.64823215413901,0.8425083244421699,0.8425083244421699,0.8455551375019287,21.14,1028.368
1791000679.8623786,69.65120177570643,0.8437499797688045,0.8422651689850928,0.8456542532589952,21.13,1028.37
1791000711.2089615,69.65480870795612,0.8427039087428344,0.8409004426179879,0.8450189441611702,21.14,1028.373
1791000742.5586138,69.65924304749775,0.8438482259623215,0.8416310561915031,0.8451178269833296,21.15,1028.371
1791000773.8818703,69.65885259800672,0.841899269329336,0.842094494074852,0.8452870408315495,21.2,1028.378
1791000805.2304778,69.65865688495549,0.8423629404514328,0.8424607969770437,0.8450474042172416,21.15,1028.384
1791000836.5751765,69.65528706744317,0.8415815776653047,0.8432664864214631,0.8458527433469842,21.13,1028.384
1791000867.9203455,69.6551425977805,0.8429979232733232,0.8430701581046608,0.8452167957568419,21.11,1028.389
1791000899.2600005,69.65616696571766,0.8419723638341092,0.8414601798655249,0.8452167957568419,21.11,1028.392
1791000930.6095083,69.65743368810686,0.8418017841166185,0.8411684229220182,0.8450189441611702,21.14,1028.389
1791000961.9518497,69.65548441411501,0.8415336874462391,0.8425083244421699,0.844581400707664,21.14,1028.391
1791000993.3034034,69.6534853636895,0.8417043835300789,0.8427039087428344,0.8450189441611702,21.17,1028.387
1791001024.631995,69.6538754740134,0.8419968392785702,0.8418017841166185,0.8448496138454968,21.2,1028.386
1791001055.9623601,69.65802080201176,0.8430701581046608,0.8409974941054806,0.8450189441611702,21.2,1028.389
1791001087.3039806,69.65606900727191,0.8415576013216902,0.8425334986916155,0.8449484660503193,21.21,1028.39
1791001118.6476314,69.65787586566886,0.8429979232733232,0.842094494074852,0.8450474042172416,21.2,1028.392
1791001149.9959927,69.65738894211665,0.8421922338289038,0.8424356956050016,0.8449484660503193,21.21,1028.383
1791001181.3244019,69.65958643911742,0.8434367259577563,0.842337977457377,0.8446093021621619,21.23,1028.385
1791001212.6698809,69.66256357947046,0.8427039087428344,0.8412153385663141,0.8450189441611702,21.2,1028.384
1791001244.0144584,69.66637347784297,0.8436334587583012,0.8417285095720476,0.8450759386170738,21.18,1028.387
1791001275.316018,69.66422590683032,0.8426313868280138,0.8437051723343373,0.8450474042172416,21.18,1028.39
1791001306.6584961,69.66066436719146,0.8418260476982711,0.8436068175177062,0.8453158505938225,21.18,1028.381
1791001338.0039196,69.65441596594603,0.840849418088205,0.8439736187109181,0.8448778653103017,21.18,1028.387
1791001369.3515356,69.65085711711635,0.8413628430536704,0.843142267468515,0.8452870408315495,21.2,1028.386
1791001400.6969004,69.64890655191215,0.8419968392785702,0.8429721218806672,0.8450189441611702,21.2,1028.382
1791001432.041567,69.64763999855501,0.8416070674595704,0.8422403441381395,0.8448496138454968,21.23,1028.378
1791001463.3778875,69.64924648579972,0.842045331543376,0.8412420879210167,0.8448214359234215,21.21,1028.378
1791001494.7166584,69.6540680384955,0.8421427955368789,0.8397320191889904,0.8445535718847673,21.23,1028.379
1791001526.0099437,69.6537274076207,0.8422403441381395,0.8424106595755331,0.8454561077865035,21.2,1028.381
1791001557.3524456,69.65104644091691,0.8420698807869978,0.8434103641388944,0.8451178269833296,21.2,1028.383
1791001588.7021468,69.65124228022752,0.8428018283981382,0.8427039087428344,0.8451178269833296,21.2,1028.378
1791001620.0485127,69.65392208326783,0.8433122653542608,0.8419723638341092,0.8449201471784429,21.21,1028.386
1791001651.3960836,69.65665293361201,0.8428018283981382,0.8414364032260486,0.8448496138454968,21.21,1028.379
1791001682.7275105,69.65465341751889,0.8419723638341092,0.8429721218806672,0.8449484660503193,21.23,1028.386
1791001714.0530074,69.65572627007022,0.8429721218806672,0.8424356956050016,0.8448496138454968,21.27,1028.379
1791001745.3834972,69.65484931968395,0.8424356956050016,0.8428741707981358,0.8447508474907908,21.24,1028.389
1791001776.7310364,69.65323864142447,0.8423629404514328,0.8431682795811756,0.8450189441611702,21.23,1028.385
1791001808.0576842,69.64894723121914,0.8413628430536704,0.8435085481563328,0.8450189441611702,21.21,1028.38
1791001839.4061522,69.64914260425499,0.8422651689850928,0.8421674824671688,0.8455842969704034,21.2,1028.378
1791001870.750581,69.64875190132126,0.8422403441381395,0.8424356956050016,0.8460217848764099,21.15,1028.372
1791001902.0743134,69.65123836346943,0.8426060741277565,0.8413628430536704,0.8455551375019287,21.15,1028.373
1791001933.426715,69.65109228045257,0.8419968392785702,0.8420698807869978,0.8451178269833296,21.17,1028.373
1791001964.7951753,69.65504380310497,0.8436068175177062,0.8416310561915031,0.8450474042172416,21.18,1028.382
1791001996.1456666,69.65509485040884,0.8428018283981382,0.8427763047462001,0.8453860401211624,21.18,1028.381
1791002027.4901538,69.65489971051038,0.841899269329336,0.8419968392785702,0.8451178269833296,21.17,1028.384
1791002058.8336003,69.65426854418487,0.8423629404514328,0.8426785236141874,0.8451881274824731,21.18,1028.386
1791002090.1682115,69.65928682179843,0.8441162062663519,0.8416070674595704,0.8455551375019287,21.17,1028.385
1791002121.4957047,69.65640791855998,0.8424356956050016,0.8438751472242286,0.8454851254633645,21.17,1028.38
1791002152.836139,69.65533506600865,0.8432403350185,0.8437767612941656,0.8457534551698872,21.14,1028.387
1791002184.1676385,69.65191839989711,0.8419968392785702,0.8437051723343373,0.8458527433469842,21.14,1028.371
1791002215.5151672,69.64976895972646,0.8420213786303099,0.8430960987156373,0.8457828989289563,21.11,1028.379
1791002246.862795,69.65240387871782,0.8430701581046608,0.841752698608978,0.8454149916065813,21.14,1028.382
1791002278.2081234,69.65084382585884,0.8418260476982711,0.8426060741277565,0.8451464284584416,21.17,1028.377
1791002309.5608938,69.65118504877417,0.8420698807869978,0.841899269329336,0.8451178269833296,21.18,1028.382
1791002340.9012573,69.65391520031336,0.8425334986916155,0.8411684229220182,0.8447508474907908,21.23,1028.377
1791002372.241701,69.65211205185071,0.8414364032260486,0.842337977457377,0.8454851254633645,21.24,1028.371
1791002403.5883,69.65138048567657,0.8416310561915031,0.8419968392785702,0.8454851254633645,21.23,1028.374
1791002434.9306867,69.65333081774338,0.8432403350185,0.8422651689850928,0.8446801363437966,21.21,1028.374
1791002466.281233,69.65727624401781,0.8425083244421699,0.8405356113049532,0.8445535718847673,21.21,1028.368
1791002497.6287513,69.6576668599098,0.8426785236141874,0.8424832156681944,0.8451881274824731,21.21,1028.373
1791002528.9543014,69.65644874968413,0.841899269329336,0.8425083244421699,0.8456542532589952,21.21,1028.374
1791002560.3016126,69.6557159553736,0.8434103641388944,0.8437767612941656,0.8454561077865035,21.15,1028.375
1791002591.6497295,69.65854512275119,0.8436068175177062,0.8421922338289038,0.8456542532589952,21.15,1028.377
1791002622.993684,69.65439247329897,0.842094494074852,0.8441708188009649,0.8451464284584416,21.15,1028.374
1791002654.3361776,69.65444238277966,0.8423150133919916,0.8422900586516416,0.8457129328255667,21.15,1028.382
1791002685.6837184,69.6608850958176,0.8437051723343373,0.8404838158153668,0.8454149916065813,21.15,1028.382
1791002717.0233915,69.65747023257825,0.8416310561915031,0.8433384878111835,0.8452167957568419,21.14,1028.383
1791002748.355703,69.65264449251143,0.8412655907758598,0.8436784608092737,0.8453860401211624,21.13,1028.382
1791002779.690308,69.6519121016014,0.8433122653542608,0.8436784608092737,0.8449201471784429,21.1,1028.38
1791002811.0207407,69.65103544702374,0.842337977457377,0.8427763047462001,0.8452870408315495,21.13,1028.378
1791002842.3782442,69.65049948641568,0.8433122653542608,0.8435802456582912,0.8456542532589952,21.11,1028.376
1791002873.7187595,69.65405810231047,0.8434103641388944,0.8416310561915031,0.8451178269833296,21.15,1028.372
1791002905.067373,69.65639901077347,0.8432403350185,0.8420698807869978,0.8450189441611702,21.15,1028.38
1791002936.4137073,69.65352127322191,0.8410946299158376,0.8425334986916155,0.8447508474907908,21.18,1028.38
1791002967.7443376,69.65473906171067,0.8436068175177062,0.8429979232733232,0.8448778653103017,21.2,1028.379
1791002999.0888743,69.65748143744972,0.8440279535199879,0.8426567656504643,0.8456428447185312,21.2,1028.375
1791003030.4183946,69.65606676880314,0.842094494074852,0.8428018283981382,0.8455842969704034,21.2,1028.375
1791003061.7627633,69.65392199544011,0.8415336874462391,0.8426060741277565,0.8460217848764099,21.2,1028.371
1791003093.0993352,69.65226446392202,0.8414364032260486,0.8422651689850928,0.8455551375019287,21.23,1028.38
1791003124.446909,69.64865660033712,0.8414364032260486,0.8432403350185,0.8458232341723081,21.18,1028.373
1791003155.7993834,69.64973038584344,0.8426313868280138,0.842094494074852,0.8455142189076245,21.14,1028.379
1791003187.147777,69.65153684037573,0.8434367259577563,0.8425334986916155,0.8453860401211624,21.15,1028.376
1791003218.4903984,69.65134163701538,0.8420698807869978,0.8421674824671688,0.8454851254633645,21.15,1028.379
1791003249.8217733,69.65012399245731,0.8421674824671688,0.8427763047462001,0.8457240880905338,21.15,1028.38
1791003281.163271,69.6517318742815,0.8419723638341092,0.8411684229220182,0.8458232341723081,21.15,1028.375
1791003312.4578338,69.65416319012026,0.8439195666622145,0.8427039087428344,0.8454561077865035,21.17,1028.383
1791003343.8063912,69.65269628089409,0.8430701581046608,0.8438036127177426,0.8456835547547211,21.18,1028.392
1791003375.1547766,69.65572215790496,0.8437051723343373,0.8421922338289038,0.8461211897235651,21.17,1028.391
1791003406.4822836,69.65684512642495,0.8428018283981382,0.8422403441381395,0.8449484660503193,21.15,1028.394
1791003437.810845,69.65806158848015,0.8428485751657353,0.8422403441381395,0.8453571640007301,21.2,1028.399
1791003469.1603444,69.65752562787209,0.8427763047462001,0.8430442850502305,0.8453571640007301,21.2,1028.4
1791003500.510799,69.65713513782273,0.8423130794174958,0.8425083244421699,0.8457240880905338,21.2,1028.41
1791003531.8612103,69.65859915897539,0.8432403350185,0.8425083244421699,0.8450189441611702,21.18,1028.408
1791003563.204778,69.6577212768495,0.8413628430536704,0.8418017841166185,0.8455551375019287,21.17,1028.409
1791003594.5545144,69.66006085138561,0.8428741707981358,0.8417043835300789,0.8453860401211624,21.18,1028.41
1791003625.8998096,69.65723743722587,0.8419723638341092,0.8433840709139749,0.8450892999620758,21.17,1028.41
1791003657.2304313,69.65816342302347,0.8425083244421699,0.842045331543376,0.8454561077865035,21.17,1028.407
1791003688.5541453,69.65709150180734,0.8419723638341092,0.8425083244421699,0.8449201471784429,21.17,1028.408
1791003719.8893952,69.6576274624154,0.8427763047462001,0.8425083244421699,0.8457240880905338,21.21,1028.407
1791003751.2309494,69.65889604666619,0.8439465574796529,0.8433122653542608,0.8455551375019287,21.21,1028.412
1791003782.574593,69.65742786097977,0.8434367259577563,0.8441708188009649,0.8456835547547211,21.2,1028.408
1791003813.9238846,69.65225131267691,0.8412153385663141,0.8438036127177426,0.8460515789502882,21.14,1028.407
1791003845.2555344,69.65405823388943,0.8439736187109181,0.8430701581046608,0.8454851254633645,21.15,1028.401
1791003876.5821102,69.64922829917202,0.8422651689850928,0.8446801363437966,0.8460217848764099,21.15,1028.401
1791003907.9134007,69.6483512859313,0.8428018283981382,0.8432403350185,0.8456542532589952,21.17,1028.396
1791003939.2510753,69.64874360133231,0.8431682795811756,0.8429721218806672,0.8461211897235651,21.21,1028.403
1791003970.5847023,69.64854752888432,0.8429721218806672,0.8430701581046608,0.8458527433469842,21.18,1028.405
1791004001.9319482,69.65283707561039,0.8442146541500323,0.8420698807869978,0.8457534551698872,21.14,1028.4
1791004033.283585,69.65571307621997,0.8434103641388944,0.8419723638341092,0.8453571640007301,21.2,1028.405
1791004064.619176,69.65624903682803,0.8422403441381395,0.8419723638341092,0.8459920683945641,21.18,1028.407
1791004095.9524634,69.65537214951769,0.8420698807869978,0.8425083244421699,0.8451881274824731,21.2,1028.407
1791004127.2991307,69.65595883653073,0.8428741707981358,0.8425808272916157,0.846160756116693,21.2,1028.405
1791004158.639637,69.66233651039127,0.8417534461100897,0.838564609179819,0.8457938017810528,21.21,1028.41
1791004189.9760818,69.6601392025033,0.841899269329336,0.8429979232733232,0.8455551375019287,21.23,1028.406
1791004221.3175743,69.66175198448104,0.844000750631914,0.8431943596430442,0.8461511266022335,21.21,1028.405
1791004252.661135,69.65657156683508,0.8419481358015104,0.8445383446244938,0.8455142189076245,21.24,1028.408
1791004283.9916198,69.65066060636578,0.841752698608978,0.8447081788436288,0.8463202589716201,21.23,1028.409
1791004315.328123,69.6517334589171,0.8429721218806672,0.8424356956050016,0.8460217848764099,21.18,1028.406
1791004346.6697118,69.64944167039265,0.8414601798655249,0.8426060741277565,0.845922466396828,21.21,1028.404
1791004378.0142221,69.65421958270858,0.8439465574796529,0.8415576013216902,0.8452870408315495,21.24,1028.403
1791004409.340568,69.65212538997024,0.8422651689850928,0.8433122653542608,0.8455551375019287,21.23,1028.409
1791004440.689108,69.65319731118636,0.8430442850502305,0.8425083244421699,0.8457240880905338,21.25,1028.409
1791004472.034629,69.65714406934856,0.8420698807869978,0.8400965017058969,0.8458232341723081,21.23,1028.405
1791004503.3791487,69.65982387238887,0.8438482259623215,0.8425083244421699,0.8453571640007301,21.24,1028.416
1791004534.7085207,69.65568108568947,0.8416070674595704,0.8436784608092737,0.8454561077865035,21.2,1028.417
1791004566.053146,69.65207148495958,0.8415336874462391,0.8433384878111835,0.8456542532589952,21.18,1028.421
1791004597.3715832,69.64806876071285,0.8415336874462391,0.8435350495696029,0.8460217848764099,21.17,1028.413
1791004628.723095,69.64767669698026,0.8426313868280138,0.8428274186943056,0.845952117902861,21.17,1028.413
1791004660.0686882,69.64655075135019,0.8426313868280138,0.8431943596430442,0.8461511266022335,21.14,1028.418
1791004691.418152,69.64850413756587,0.8436334587583012,0.8426567656504643,0.8460515789502882,21.11,1028.416
1791004722.7606037,69.6499183395322,0.8433384878111835,0.8426313868280138,0.8455842969704034,21.13,1028.411
1791004754.112208,69.65045499894525,0.8425334986916155,0.8422651689850928,0.8457534551698872,21.11,1028.407
1791004785.4406521,69.65059921767296,0.843142267468515,0.8430701581046608,0.8457534551698872,21.17,1028.404
1791004816.781161,69.64952636512163,0.841899269329336,0.8424356956050016,0.8453860401211624,21.17,1028.405
1791004848.1226933,69.65294035907087,0.8440449744319984,0.842337977457377,0.845922466396828,21.18,1028.401
1791004879.4781332,69.65001070267847,0.8422403441381395,0.8437051723343373,0.8454851254633645,21.15,1028.405
1791004910.8176925,69.64859580069178,0.8418260476982711,0.8425334986916155,0.8455842969704034,21.14,1028.399
1791004942.1530826,69.64859580069178,0.8423629404514328,0.8423629404514328,0.8453158505938225,21.15,1028.394
1791004973.4947207,69.65040202188395,0.8431682795811756,0.8422651689850928,0.8447789578406608,21.15,1028.397
1791005004.83829,69.65347833457328,0.844242065087499,0.8427039087428344,0.8452455388862925,21.15,1028.39
1791005036.1778355,69.65376939464817,0.8425334986916155,0.8423879686541745,0.8457129328255667,21.17,1028.397
1791005067.5301158,69.65484505094075,0.8435616202403917,0.8430237920940978,0.8456835547547211,21.14,1028.39
1791005098.876713,69.65254876444607,0.8423150133919916,0.8434631566393341,0.8453736961854408,21.14,1028.386
1791005130.1582615,69.65005901635652,0.8425587386729736,0.8438036127177426,0.8457828989289563,21.15,1028.382
1791005161.5068178,69.65254747050942,0.8428018283981382,0.8415576013216902,0.8453158505938225,21.13,1028.379
1791005192.8342066,69.65240196020228,0.8423629404514328,0.8424356956050016,0.8456542532589952,21.13,1028.38
1791005224.1766987,69.65040047342238,0.8426060741277565,0.8436068175177062,0.8451178269833296,21.13,1028.372
1791005255.5241127,69.64952180729203,0.8426567656504643,0.8430960987156373,0.8457828989289563,21.13,1028.37
1791005286.844613,69.64844568228389,0.8423150133919916,0.8428530758960633,0.8458823296059436,21.07,1028.359
1791005318.1961672,69.64737049429873,0.8421191716578845,0.8426567656504643,0.8453447356133637,21.08,1028.355
1791005349.543741,69.64737049429873,0.8430960987156373,0.8430960987156373,0.8457828989289563,21.07,1028.352
1791005380.8921301,69.64737049429873,0.24157994966343424,0.26961560199487744,0.844000750631914,21.07,1028.357
1791005412.2166483,69.64737049429873,0.2388523724335643,0.2727509908481316,0.2787727852875473,21.08,1028.341
1791005443.5493262,69.64737049429873,0.24002898803252987,0.2683079267331643,0.2743602696751284,21.14,1028.34
1791005474.8746133,69.64737049429873,0.23949256175686423,0.27367452086361715,0.27406196122972015,21.07,1028.348
1791005506.223204,69.64737049429873,0.24163826685952666,0.2692642200563052,0.2726012020375265,21.08,1028.344
1791005537.561862,69.64737049429873,0.23996927140394902,0.27003526558100704,0.2738238433994628,21.07,1028.336
1791005568.9132578,69.64737049429873,0.24114790829205998,0.2720326703281355,0.27421118027666236,21.05,1028.343
1791005600.239654,69.64737049429873,0.24001389996844646,0.2688575383054647,0.28155485413198694,21.05,1028.343
1791005631.5892346,69.64737049429873,0.24173192453768558,0.2808952542167485,0.2798210016241894,21.08,1028.348
1791005662.9227839,69.64737049429873,0.24077461053369165,0.27325662209997753,0.2818469061505655,21.11,1028.348
1791005694.276267,69.64737049429873,0.23904278380621682,0.2711616653196935,0.27498686495767316,21.1,1028.358
1791005725.6209,69.64737049429873,0.23829737069755266,0.2673148130013968,0.27450965750036643,21.11,1028.359
1791005756.9642878,69.64737049429873,0.24125285093220344,0.27200074252694784,0.27319487109586993,21.11,1028.361
1791005788.3148153,69.64737049429873,0.23984952602565748,0.2696989881449605,0.2742705273884574,21.1,1028.356
1791005819.6472723,69.64737049429873,0.24162668194618603,0.27038796054920833,0.2746887124898471,21.11,1028.37
1791005850.9906886,69.64737049429873,0.23908627802285537,0.271613693342707,0.27803532441251366,21.14,1028.358
1791005882.3361917,69.64737049429873,0.24340229110285855,0.2706567575454982,0.2773766824527464,21.13,1028.356
1791005913.6738188,69.64737049429873,0.24001389996844646,0.26996790221810746,0.2743004935560259,21.1,1028.352
1791005945.0183644,69.64737049429873,0.24055149396102635,0.26939583537164585,0.27292595702272304,21.08,1028.351
1791005976.3647547,69.64737049429873,0.2421062900998121,0.27223779032783724,0.2768113216124482,21.11,1028.341
1791006007.7191777,69.64737049429873,0.24318241510795588,0.2683544177792262,0.27546616535226853,21.13,1028.334
1791006039.0588393,69.64737049429873,0.23811306225668016,0.27089263406765757,0.2737326992421637,21.1,1028.323
1791006070.4033625,69.64737049429873,0.2406562682450981,0.26990030371998364,0.2804309252283587,21.07,1028.32
1791006101.7476604,69.64737049429873,0.24080689627899401,0.2730137834948504,0.2743301335559013,21.04,1028.315
1791006133.0852592,69.64737049429873,0.2410762796812254,0.2712472207311406,0.2781298359072941,21.05,1028.313
1791006164.4197104,69.64737049429873,0.24165038918063847,0.2695626144809593,0.2747195521796971,21.03,1028.316
1791006195.7673244,69.64737049429873,0.23939950488465603,0.2729201553409873,0.2726501829686209,21.04,1028.314
1791006227.118856,69.64737049429873,0.24046379482486188,0.2732476016495473,0.27954722625964584,21.04,1028.307
1791006258.44426,69.64737049429873,0.23927823865386133,0.27534990669228454,0.27610280802541715,21.08,1028.311
1791006289.7747614,69.64737049429873,0.24145101270445352,0.2717537466816402,0.27888562172770787,21.08,1028.316
1791006321.1232502,69.64737049429873,0.24253866675712618,0.27062360281562164,0.27594713949941513,21.08,1028.321
1791006352.4628181,69.64737049429873,0.24080689627899401,0.26981650905951376,0.2820458164269021,21.08,1028.324
1791006383.792177,69.64737049429873,0.24092518231824497,0.27250682157987316,0.2770803528644841,21.07,1028.341
1791006415.1368492,69.64737049429873,0.24781086473701,0.2704056532734325,0.2770803528644841,21.05,1028.35
1791006446.4883184,69.64737049429873,0.24041834226209044,0.2731279085592445,0.27625224419069055,21.1,1028.354
1791006477.8297503,69.64737049429873,0.23917360879519248,0.2705419624140425,0.2816350832796122,21.11,1028.361
1791006509.164192,69.64737049429873,0.2416387393602369,0.2697802730611493,0.2733983539652602,21.08,1028.364
1791006540.5057118,69.64737049429873,0.24402025614634282,0.2711690302855106,0.27411880222574825,21.07,1028.37
1791006571.8482745,69.64737049429873,0.2416975419264584,0.2699668863087191,0.27863252696541363,21.04,1028.375
1791006603.1957452,69.64737049429873,0.23951576261381477,0.27152647409096026,0.2756537129896749,21.04,1028.376
1791006634.5423546,69.64737049429873,0.24254825185141105,0.272731417381102,0.2761381867613965,21.03,1028.381
1791006665.867877,69.64737049429873,0.24043523819195992,0.269864683225656,0.2747818006818564,21.03,1028.384
1791006697.198351,69.64737049429873,0.2418397473347071,0.2780909244243702,0.2770077193422834,21.01,1028.385
1791006728.5518928,69.64737049429873,0.24468004816540678,0.2748395745947026,0.2832361485642826,21.03,1028.39
1791006759.8882213,69.64737049429873,0.2391127514140357,0.2704234544990876,0.27630897379088265,21.05,1028.391
1791006791.2317193,69.64737049429873,0.24310846849150283,0.27086490535229907,0.2737887294966483,21.05,1028.395
1791006822.579456,69.64737049429873,0.24109689915977311,0.2706792306752295,0.27818617331755985,21.04,1028.406
1791006853.9237442,69.64737049429873,0.23933288840478203,0.2712222623082785,0.27571677848261933,21.04,1028.414
1791006885.2572877,69.64737049429873,0.24081249085753434,0.27297140257267993,0.2777386419048666,21.04,1028.416
1791006916.5457346,69.64737049429873,0.24162703830710783,0.2779831406863781,0.2779831406863781,21.05,1028.425
1791006947.900316,69.64737049429873,0.24036065187960104,0.27042564809302233,0.2776840817630639,21.03,1028.429
1791006979.2327938,69.64737049429873,0.24040642939245446,0.27544953354299173,0.27544953354299173,21.01,1028.432
1791007010.556304,69.64737049429873,0.24128374503525826,0.2710368144339616,0.2808990221632,21.05,1028.436
1791007041.8837101,69.64737049429873,0.2412368483587393,0.2722120466524007,0.2750556700741624,21.05,1028.432
1791007073.2113082,69.64737049429873,0.2412027408041856,0.27544126321389245,0.27874566609297496,21.07,1028.444
1791007104.5669785,69.64737049429873,0.24473601222044136,0.2751415491144007,0.2812412707397153,21.1,1028.441
1791007135.9033391,69.64737049429873,0.23969767512928797,0.27868518712108487,0.27880726208557405,21.08,1028.446
1791007167.2508194,69.64737049429873,0.2387200339313825,0.2739679690341324,0.28463238095093757,21.1,1028.446
1791007198.6002793,69.64737049429873,0.24569977555497532,0.27348368498313874,0.28358727593207417,21.11,1028.453
1791007229.9358003,69.64737049429873,0.24373493314292066,0.2807257474611717,0.2782702265312313,21.11,1028.457
1791007261.2884042,69.64737049429873,0.24187619628806958,0.27330098322582974,0.2827834677708319,21.13,1028.466
1791007292.6289313,69.64737049429873,0.24618612125058306,0.27293993597221045,0.28364588067340574,21.13,1028.469
1791007323.98427,69.64737049429873,0.24025471489060582,0.27124271079557644,0.27852665036083923,21.11,1028.485
1791007355.3258312,69.64737049429873,0.24193517852871133,0.2737247563723189,0.2794649241033494,21.1,1028.479
1791007386.6683583,69.64737049429873,0.24362746159988818,0.2719950063769391,0.2771400932047904,21.08,1028.497
1791007418.013783,69.64737049429873,0.24154415346075936,0.27184230066368814,0.27705644976324517,21.07,1028.499
1791007449.3562381,69.64737049429873,0.24264551620618183,0.27311779746942594,0.27484481975587033,21.07,1028.506
1791007480.7057357,69.64737049429873,0.2433631576743022,0.2717977513068683,0.27762932899107506,21.08,1028.504
1791007512.0492754,69.64737049429873,0.23928862855984653,0.2723403057386843,0.27776585005684457,21.03,1028.508
1791007543.3957918,69.64737049429873,0.24064680493133173,0.27300281384487635,0.28035543789985934,21.03,1028.512
1791007574.7443075,69.64737049429873,0.24185099156404338,0.2717977513068683,0.28005912190300825,21.07,1028.506
1791007606.0879004,69.64737049429873,0.24129623766024588,0.2727247892328877,0.27423924625004037,21.04,1028.516
1791007637.4173014,69.64737049429873,0.24143741258212506,0.269574065927754,0.276266956836023,21.04,1028.515
1791007668.757785,69.64737049429873,0.24055868072251865,0.27099008811460185,0.2765394312670334,21.1,1028.523
1791007700.101361,69.64737049429873,0.24230431430478921,0.27184230066368814,0.2755125380070509,21.05,1028.524
1791007731.4931118,69.64737049429873,0.24137791175262488,0.2774517195545845,0.277997390872349,21.08,1028.526
1791007762.832285,69.64737049429873,0.2429089348662967,0.2717221707180568,0.277601880049682,21.07,1028.524
1791007794.174901,69.64737049429873,0.2396334594930071,0.27144933505917457,0.2769060482368199,21.08,1028.522
1791007825.5223222,69.64737049429873,0.24165098876266025,0.27274996624586634,0.277574382566945,21.08,1028.52
1791007856.8496795,69.64737049429873,0.2424602682762364,0.2761808471849489,0.27630311049722894,21.1,1028.52
1791007888.1882782,69.64737049429873,0.24186494313786783,0.2763317690371571,0.2759076493391412,21.1,1028.507
1791007919.5388587,69.64737049429873,0.24144958845303008,0.2717002076220554,0.27866620769137485,21.07,1028.506
1791007950.8863575,69.64737049429873,0.24362746159988818,0.273243037846977,0.2791670395400771,21.05,1028.503
1791007982.2277532,69.64737049429873,0.24070663465573422,0.2705266851040065,0.2811447077581054,21.07,1028.504
1791008013.5773127,69.64737049429873,0.23981618359288653,0.27042564809302233,0.2736350632906883,21.04,1028.498
1791008044.9177926,69.64737049429873,0.24514877800669055,0.2720274185335269,0.2753280243083471,21.07,1028.508
1791008076.259212,69.64737049429873,0.24055868072251865,0.27438987897726447,0.2775468364139876,21.08,1028.513
1791008107.605827,69.64737049429873,0.24236302230408177,0.27332792192676764,0.27918602348883403,21.1,1028.517
1791008138.9512258,69.64737049429873,0.24077166798360242,0.27290247303525605,0.2757856150170863,21.1,1028.518
1791008170.2966812,69.64737049429873,0.24180571571757142,0.26958948614632783,0.2745114032384893,21.05,1028.53
1791008201.6444867,69.64737049429873,0.24213826192643417,0.27666152901109786,0.2781473103361189,21.08,1028.537
1791008232.9907231,69.64737049429873,0.2393160504565554,0.27499619862464403,0.27762932899107506,21.08,1028.544
1791008264.3231974,69.64737049429873,0.24295821829213327,0.2701704945771786,0.2789391639724823,21.11,1028.552
1791008295.6657128,69.64737049429873,0.2408783031087194,0.2683768656288046,0.27287076420776885,21.1,1028.563
1791008327.0131946,69.64737049429873,0.2425189421394399,0.27508805580171797,0.28082521056368054,21.13,1028.567
1791008358.342738,69.64737049429873,0.24181710974186682,0.27160214689887685,0.27563445149333343,21.11,1028.567
1791008389.6731536,69.64737049429873,0.24079894320738163,0.2720920714219914,0.2743596358189501,21.08,1028.576
1791008421.0198014,69.64737049429873,0.2419940567397446,0.2717221707180568,0.2752361332508332,21.11,1028.579
1791008452.3633037,69.64737049429873,0.2424702197927665,0.2706832455001415,0.27702847000473,21.11,1028.583
1791008483.7046895,69.64737049429873,0.24405149344639868,0.2716894598665552,0.2768497480743617,21.13,1028.581
1791008515.0503418,69.64737049429873,0.24110483474258945,0.27411656018869807,0.2815202322278299,21.11,1028.585
1791008546.3967843,69.64737049429873,0.247768271220944,0.2725973243693154,0.2759076493391412,21.11,1028.589
1791008577.736213,69.64737049429873,0.24191290375587102,0.27193000988016724,0.28502835302415797,21.13,1028.591
1791008609.0817742,69.64737049429873,0.24043791073951487,0.27533172275384954,0.2775192414614769,21.13,1028.59
1791008640.4302166,69.64737049429873,0.2408783031087194,0.272323884530862,0.2775192414614769,21.13,1028.598
1791008671.7657475,69.64737049429873,0.2409850327307375,0.2765479621602074,0.28475479202854664,21.1,1028.591
1791008703.1114645,69.64737049429873,0.24683918443915945,0.27295999731638,0.2772458016230234,21.08,1028.598
1791008734.4028518,69.64737049429873,0.24142518278562622,0.27533172275384954,0.27791576713826394,21.08,1028.596
1791008765.7453508,69.64737049429873,0.2401187315383273,0.2717548237995521,0.2782163420171935,21.08,1028.599
1791008797.080735,69.64737049429873,0.24950659627579477,0.27236418558037934,0.27411768565590156,21.11,1028.603
1791008828.4273512,69.64737049429873,0.2409184402056288,0.27185243795035396,0.27701805355417225,21.13,1028.604
1791008859.7587328,69.64737049429873,0.24019432809851943,0.27205977349813054,0.2771400932047904,21.14,1028.62
1791008891.1182616,69.64737049429873,0.2401338346584797,0.27290247303525605,0.27871922671511673,21.11,1028.616
1791008922.4577882,69.64737049429873,0.24016434974390355,0.27135030324359255,0.27630311049722894,21.08,1028.616
1791008953.8001878,69.64737049429873,0.2415321547219601,0.27052962025675864,0.27560516259230294,21.1,1028.626
1791008985.1478302,69.64737049429873,0.24125859372634878,0.2706495410750536,0.2799802000075576,21.13,1028.627
1791009016.4932814,69.64737049429873,0.2398297578068126,0.2714705878556017,0.2761520422692098,21.11,1028.642
1791009047.8438544,69.64737049429873,0.23978454375490574,0.27080318125236996,0.2824178782629094,21.11,1028.644
1791009079.1891637,69.64737049429873,0.24125859372634878,0.270375858814871,0.28147206008121095,21.1,1028.65
1791009110.5277255,69.64737049429873,0.2416392214956883,0.2730232850344327,0.28199551718262567,21.1,1028.652
1791009141.8803093,69.64737049429873,0.24115174294717281,0.27420741045742864,0.2776697044400608,21.08,1028.653
1791009173.2207417,69.64737049429873,0.24165098876266025,0.2722678420358214,0.27697236178457,21.07,1028.65
1791009204.5613585,69.64737049429873,0.2408452808046697,0.2735422125259189,0.27599448240501256,21.08,1028.655
1791009235.9137847,69.64737049429873,0.2405126205719775,0.2709370395976278,0.27529855534122405,21.11,1028.666
1791009267.2452366,69.64737049429873,0.2411645769232428,0.2733591846713504,0.28099858312005394,21.11,1028.659
1791009298.587949,69.64737049429873,0.24089174126436053,0.2704436924229864,0.2788158978489958,21.11,1028.658
1791009329.938277,69.64737049429873,0.2407114717351262,0.2745114032384893,0.27645404503075666,21.05,1028.669
1791009361.2669015,69.64737049429873,0.24318189114740418,0.27184230066368814,0.28162083903827806,21.08,1028.673
1791009392.60346,69.64737049429873,0.24236302230408177,0.2732070820692255,0.27812029512915987,21.08,1028.674
1791009423.955706,69.64737049429873,0.24083175773255405,0.272323884530862,0.2756636885991927,21.07,1028.67
1791009455.2923467,69.64737049429873,0.24875496026043828,0.2720179523759671,0.27888644065374396,21.08,1028.671
1791009486.6439645,69.64737049429873,0.24454132567368447,0.27162386423920387,0.28380835774590535,21.11,1028.679
1791009517.9852767,69.64737049429873,0.24141289870449265,0.2701878021843462,0.27530213949815946,21.1,1028.679
1791009549.323812,69.64737049429873,0.24147257960067542,0.27006792661044665,0.2756393866580343,21.07,1028.685
1791009580.6652365,69.64737049429873,0.24349719073307854,0.2738123522040944,0.27445072840465173,21.05,1028.69
1791009612.0118623,69.64737049429873,0.24338920502684874,0.27198540239541136,0.2769442330592556,21.05,1028.689
1791009643.3503695,69.64737049429873,0.24174638323298592,0.2721709862304265,0.27925748085952096,21.05,1028.7
1791009674.6947007,69.64737049429873,0.24093832507575053,0.27039185012967826,0.28162083903827806,21.01,1028.702
1791009706.0481987,69.64737049429873,0.23936050321189964,0.27099008811460185,0.2759076493391412,21.0,1028.705
1791009737.39375,69.64737049429873,0.2447064608470672,0.27174427011578445,0.2780932321056031,21.01,1028.702
1791009768.72416,69.64737049429873,0.24300763279660179,0.273507604581001,0.281870513742544,21.03,1028.71
1791009800.07683,69.64737049429873,0.2403167119052601,0.2741768032925139,0.28020315575954585,21.01,1028.712
1791009831.4262924,69.64737049429873,0.2398297578068126,0.27186478278713816,0.28075100598382147,21.03,1028.72
1791009862.7756417,69.64737049429873,0.23999712793459219,0.27490659618653956,0.28075100598382147,21.04,1028.721
1791009894.1153162,69.64737049429873,0.24125859372634878,0.2709566853385949,0.2811984990855997,21.03,1028.72
1791009925.4636137,69.64737049429873,0.2394050740407706,0.27208287949783283,0.27520983534296356,21.03,1028.73
1791009956.8122265,69.64737049429873,0.24081817471514025,0.27432901547793237,0.2775468364139876,21.07,1028.737
1791009988.1346161,69.64737049429873,0.24240149028452726,0.272533252619687,0.27898367722721046,21.07,1028.734
1791010019.4691339,69.64737049429873,0.23890239889386142,0.27099008811460185,0.27530213949815946,21.05,1028.736
1791010050.806706,69.64737049429873,0.24198308389988962,0.2717548237995521,0.27536125364752567,21.05,1028.743
1791010082.1520448,69.64737049429873,0.2395886451905302,0.27023857118278477,0.2817164454562312,21.05,1028.748
1791010113.4955618,69.64737049429873,0.24143741258212506,0.2726930074717505,0.2756928740471531,21.04,1028.76
1791010144.8480673,69.64737049429873,0.24083175773255405,0.2712963881014732,0.27812029512915987,21.07,1028.769
1791010176.191578,69.64737049429873,0.24122421359437873,0.27035799242364544,0.27457186347476287,21.07,1028.774
1791010207.5350912,69.64737049429873,0.2429089348662967,0.27448077113929975,0.2749663839869801,21.04,1028.786
1791010238.8646042,69.64737049429873,0.24334726219430097,0.27596558919037156,0.27980912443915834,21.05,1028.797
1791010270.2070448,69.64737049429873,0.2430744265354187,0.2732070820692255,0.28303350818909434,21.07,1028.803
1791010301.5556707,69.64737049429873,0.24236302230408177,0.273600998936803,0.2815202322278299,21.07,1028.821
1791010332.9021075,69.64737049429873,0.2430163738128373,0.27102343182036576,0.27906253913751117,21.1,1028.826
1791010364.249557,69.64737049429873,0.24083175773255405,0.27078400146922166,0.2755125380070509,21.08,1028.848
1791010395.5920703,69.64737049429873,0.24268489950356692,0.2706832455001415,0.27469330697694466,21.08,1028.85
1791010426.927585,69.64737049429873,0.24295821829213327,0.26952007638617104,0.27682152315581876,21.04,1028.857
1791010458.2501416,69.64737049429873,0.24284159776222783,0.27709508415143,0.2758203539653408,21.05,1028.88
1791010489.5976543,69.64737049429873,0.24154415346075936,0.2721152569447956,0.27505828291539614,21.03,1028.89
1791010520.883979,69.64737049429873,0.24022503040646967,0.27150356501550177,0.27508805580171797,21.05,1028.904
1791010552.2365696,69.64737049429873,0.2368403573886344,0.2723882132259031,0.2795829359600253,21.07,1028.913
1791010583.5852153,69.64737049429873,0.2412711971796519,0.27208287949783283,0.2759366448803001,21.08,1028.921
1791010614.9134748,69.64737049429873,0.24180571571757142,0.27186478278713816,0.2760297917086626,21.08,1028.933
1791010646.2418718,69.64737049429873,0.24826117874696155,0.2717770048539552,0.2763968685388902,21.08,1028.936
1791010677.5755765,69.64737049429873,0.24339710568802017,0.27438987897726447,0.28464998040498884,21.1,1028.954
1791010708.916862,69.64737049429873,0.2415321547219601,0.2734176438846756,0.27682152315581876,21.04,1028.963
1791010740.2605197,69.64737049429873,0.24454132567368447,0.2747246535167895,0.2840817975843588,21.05,1028.965
1791010771.6071043,69.64737049429873,0.24312390784221244,0.27387407594683844,0.28326147806899854,21.07,1028.973
1791010802.9535165,69.64737049429873,0.24252875521765413,0.2728135133535859,0.27866620769137485,21.08,1028.976
1791010834.2999914,69.64737049429873,0.24263597858518923,0.2730548449167322,0.27906253913751117,21.04,1028.989
1791010865.6236124,69.64737049429873,0.24257751215059697,0.2721152569447956,0.2774240770772987,21.05,1028.992
1791010896.9779775,69.64737049429873,0.24061890560547827,0.2705112863260032,0.2759366448803001,21.08,1028.994
1791010928.3125722,69.64737049429873,0.24198308389988962,0.2723882132259031,0.2778745951929004,21.08,1029.004
1791010959.662855,69.64737049429873,0.2424702197927665,0.27290247303525605,0.2797580328158047,21.1,1029.006
1791010990.9955485,69.64737049429873,0.24175791861317372,0.2715364838062173,0.28040289232572435,21.07,1029.008
1791011022.339958,69.64737049429873,0.2421971427827311,0.2764825574425151,0.2817933092378653,21.08,1029.015
1791011053.6695826,69.64737049429873,0.24104498677216873,0.27423796340003587,0.2778200342597954,21.11,1029.022
1791011084.9949682,69.64737049429873,0.24197206246253303,0.2721152569447956,0.2772458016230234,21.1,1029.027
1791011116.3444,69.64737049429873,0.24520098989312056,0.2737529946314404,0.2764825574425151,21.14,1029.032
1791011147.6859615,69.64737049429873,0.2423145925302778,0.2754201589039347,0.27866620769137485,21.13,1029.044
1791011179.0254438,69.64737049429873,0.24526086646003176,0.27127572894682767,0.28511196576431547,21.15,1029.049
1791011210.3749027,69.64737049429873,0.241556099269443,0.2705786417922571,0.28473481724683475,21.15,1029.052
1791011241.7234652,69.64737049429873,0.23990641577411456,0.27339039220340067,0.27938747635084543,21.11,1029.059
1791011273.0689454,69.64737049429873,0.2440579174338169,0.2717221707180568,0.27980912443915834,21.1,1029.059
1791011304.4123595,69.64737049429873,0.2478202466556913,0.2724202923285321,0.27678373462002676,21.11,1029.058
1791011335.76384,69.64737049429873,0.2476032142956563,0.27378386804462423,0.27487472861749784,21.13,1029.059
1791011367.1067023,69.64737049429873,0.24749389247579826,0.272484280795758,0.27596558919037156,21.11,1029.054
1791011398.4490073,69.64737049429873,0.24705756885030358,0.2719073659398564,0.2765677929461169,21.11,1029.059
1791011429.7985752,69.64737049429873,0.24107105736576956,0.27275651493911524,0.27844675228410626,21.13,1029.062
1791011461.127912,69.64737049429873,0.24030033194264883,0.27560037854253183,0.28008159887016876,21.13,1029.06
1791011492.4724398,69.64737049429873,0.24645847548476774,0.27214757718531374,0.2826815886313343,21.13,1029.059
1791011523.7999587,69.64737049429873,0.2423145925302778,0.2721243124558181,0.2754201589039347,21.1,1029.058
1791011555.1484551,69.64737049429873,0.24362746159988818,0.27490458468097095,0.2778336770705646,21.08,1029.057
1791011586.487055,69.64737049429873,0.24417192988660272,0.2717874192639459,0.2763889342771231,21.13,1029.059
1791011617.8225372,69.64737049429873,0.24296705686094325,0.27629555880275963,0.27874566609297496,21.07,1029.053
1791011649.1648953,69.64737049429873,0.24422878542924353,0.2760233246594023,0.27629555880275963,21.1,1029.061
1791011680.5074446,69.64737049429873,0.24144958845303008,0.2753574413226464,0.2772622404313617,21.07,1029.067
1791011711.843977,69.64737049429873,0.24079894320738163,0.2738454515125443,0.27850006460047416,21.07,1029.071
1791011743.1633937,69.64737049429873,0.24243162815770913,0.27306017901773916,0.2769621497134554,21.07,1029.077
1791011774.4989455,69.64737049429873,0.2426550118463989,0.2708316421346819,0.2804040245544315,21.07,1029.076
1791011805.8362846,69.64737049429873,0.24022404312731874,0.2716458315260048,0.2762880668080478,21.05,1029.085
1791011837.1859393,69.64737049429873,0.24548386136379102,0.27246002091732774,0.28141610422187974,21.07,1029.087
1791011868.5364027,69.64737049429873,0.24054097504100982,0.2758091019885332,0.2784307431203624,21.03,1029.098
1791011899.8758163,69.64737049429873,0.24162703830710783,0.27288286017050034,0.2892695190305026,21.05,1029.106
1791011931.2112744,69.64737049429873,0.24168598034107888,0.277643857171985,0.27996132270545687,21.1,1029.111
1791011962.5509732,69.64737049429873,0.24272241976116435,0.2732742103086506,0.28240067401392854,21.08,1029.109
1791011993.9003203,69.64737049429873,0.2367397536096668,0.27222069571623625,0.2768023643377166,21.1,1029.116
1791012025.241802,69.64737049429873,0.24244158575668134,0.2731541373864083,0.2770737608014909,21.11,1029.113
1791012056.5852664,69.64737049429873,0.2383688485088138,0.2697802730611493,0.27653096787394227,21.07,1029.116
1791012087.9357722,69.64737049429873,0.24162703830710783,0.27381700323619923,0.275294999556146,21.04,1029.112
1791012119.2822506,69.64737049429873,0.24156799249747649,0.27466215394261606,0.2787021395841367,21.03,1029.108
1791012150.620984,69.64737049429873,0.24102448282301528,0.2691685087325213,0.2767180121145859,21.1,1029.114
1791012181.9752324,69.64737049429873,0.24217006994015686,0.27435979616374784,0.2765026611385415,21.05,1029.117
1791012213.3167734,69.64737049429873,0.24157983349125595,0.27113606342508645,0.2811447077581054,21.08,1029.115
1791012244.654413,69.64737049429873,0.239139410836169,0.2703898916971899,0.2750826200885137,21.04,1029.111
1791012276.003667,69.64737049429873,0.23909554146924503,0.27032258920672414,0.27767111269107536,21.04,1029.119
1791012307.2983847,69.64737049429873,0.2403295942615388,0.27336330845345774,0.2756246981570629,21.04,1029.127
1791012338.6528468,69.64737049429873,0.24141470312517085,0.27330532800738594,0.2760808568257638,21.1,1029.129
1791012369.99426,69.64737049429873,0.24142685938145153,0.27399846395141514,0.2756246981570629,21.08,1029.132
1791012401.3237233,69.64737049429873,0.24174481887273488,0.27838831619700644,0.2778201231538485,21.1,1029.138
1791012432.6721966,69.64737049429873,0.23974229865861377,0.2714726218772175,0.28013446331743835,21.07,1029.145
1791012464.0116286,69.64737049429873,0.24126195163341868,0.2715591126429435,0.27944493077697874,21.05,1029.142
1791012495.356093,69.64737049429873,0.2424033143647928,0.27183015167721813,0.27616677622561214,21.04,1029.15
1791012526.6866908,69.64737049429873,0.24488522810540184,0.27297140257267993,0.27697989332843603,21.04,1029.148
1791012558.033103,69.64737049429873,0.24297585647448494,0.272484280795758,0.28722280515221876,21.04,1029.156
1791012589.3856914,69.64737049429873,0.24341280259183332,0.275265592314072,0.2832935429959676,21.04,1029.156
1791012620.7410445,69.64737049429873,0.2428198871257081,0.27285135720742554,0.2826029729192984,21.03,1029.16
1791012652.0927322,69.64737049429873,0.24222853477289488,0.2719817905862062,0.275294999556146,21.04,1029.16
1791012683.450198,69.64737049429873,0.24087214869335485,0.27475196792309703,0.2756246981570629,21.07,1029.164
1791012714.7896173,69.64737049429873,0.23941056890895643,0.27176529394132753,0.2792449325116853,21.05,1029.165
1791012746.1361604,69.64737049429873,0.24060087147744683,0.27140722149787394,0.27828167353791555,21.07,1029.165
1791012777.48555,69.64737049429873,0.24694875332254318,0.272731417381102,0.27589573719133753,21.07,1029.171
1791012808.829086,69.64737049429873,0.24168598034107888,0.2714399503857424,0.2755665153726706,21.08,1029.174
1791012840.1724908,69.64737049429873,0.24246137015743655,0.2728322214082064,0.28131651787683004,21.11,1029.173
1791012871.5200822,69.64737049429873,0.24133338777412336,0.271656685322168,0.2842803512383816,21.07,1029.17
1791012902.8654625,69.64737049429873,0.2397135535399252,0.27099737590953354,0.27952171951487526,21.1,1029.172
1791012934.2071173,69.64737049429873,0.24008851008059315,0.2697984623940934,0.2742398800955164,21.08,1029.168
1791012965.5436618,69.64737049429873,0.24013356902533026,0.270812526337593,0.2773609957102571,21.08,1029.176
1791012996.899039,69.64737049429873,0.23822131142716474,0.2733943888404745,0.27526217750731413,21.07,1029.18
1791013028.2448225,69.64737049429873,0.24005831704563077,0.2747818006818564,0.27830840448866057,21.04,1029.178
1791013059.574134,69.64737049429873,0.24157983349125595,0.2704413652273282,0.2793935133522926,21.0,1029.176
1791013090.9214478,69.64737049429873,0.24564720458306744,0.272826034602252,0.2737274249171405,20.98,1029.179
1791013122.263135,69.64737049429873,0.24197914340963408,0.27123479071713463,0.27637325343143276,20.98,1029.177
1791013153.6057217,69.64737049429873,0.24160336014648973,0.2724119463148994,0.280036822082415,21.01,1029.182
1791013184.9569087,69.64737049429873,0.2437062990108447,0.2718080019560293,0.27657882816327956,21.0,1029.183
1791013216.3035347,69.64737049429873,0.2411097351961064,0.2731018400898479,0.27721217559933403,21.03,1029.188
1791013247.6321335,69.64737049429873,0.2452757209652352,0.2728635211445289,0.27915535820324155,21.03,1029.194
1791013278.9656339,69.64737049429873,0.24112251515299182,0.27459963454648695,0.2782245950410371,21.03,1029.204
1791013310.3040617,69.64737049429873,0.24053751287676262,0.2766068829511879,0.2774430389824624,21.07,1029.208
1791013341.6415408,69.64737049429873,0.24457826391023338,0.27181817216946086,0.27888562172770787,21.07,1029.214
1791013372.995994,69.64737049429873,0.24035860055617042,0.2712472207311406,0.27705277224151653,21.03,1029.222
1791013404.3385067,69.64737049429873,0.24273169714970258,0.2724040977434145,0.2810435135319774,21.03,1029.224
1791013435.6859152,69.64737049429873,0.2421221496368308,0.271050091390806,0.27767111269107536,21.04,1029.234
1791013467.0636456,69.64737049429873,0.24121535064939303,0.2721653459553454,0.27688627277735556,21.04,1029.234
1791013498.4099574,69.64737049429873,0.23959267821329888,0.2716890957231343,0.2773060605028045,21.05,1029.24
1791013529.7555285,69.64737049429873,0.24068819663448737,0.26974861671594547,0.27603911941848575,21.05,1029.24
1791013561.1013358,69.64737049429873,0.24101721697450523,0.2711817407153409,0.2743301335559013,21.05,1029.238
1791013592.444561,69.64737049429873,0.2417090529340568,0.2722611582049287,0.2768765016328294,21.05,1029.236
1791013623.7880163,69.64737049429873,0.2427409340061939,0.2723802105962546,0.27645799344790467,21.04,1029.237
1791013655.1364343,69.64737049429873,0.24224923388521136,0.2760105433323707,0.2827628052218026,21.13,1029.244
1791013686.480928,69.64737049429873,0.24474086226818784,0.272744517578406,0.2780496304159481,21.08,1029.245
1791013717.8245802,69.64737049429873,0.24150967127085501,0.2722059857455172,0.2766348887757683,21.07,1029.24
1791013749.1551096,69.64737049429873,0.23952034819859389,0.2722059857455172,0.28243809057040464,21.1,1029.245
1791013780.4924242,69.64737049429873,0.24188442988791953,0.27265704294957616,0.27839910182373856,21.05,1029.247
1791013811.841947,69.64737049429873,0.23848650180801148,0.27160273688829834,0.2766907540467793,21.03,1029.256
1791013843.1893442,69.64737049429873,0.23960877914489964,0.2711160313376359,0.27942509467877524,21.05,1029.259
1791013874.532936,69.64737049429873,0.24592064537094893,0.27586113218850783,0.27655072428352523,21.05,1029.265
1791013905.8674538,69.64737049429873,0.24241327726358877,0.2739106961347725,0.2776310861858344,21.07,1029.272
1791013937.1968038,69.64737049429873,0.24173192453768558,0.2788420666319543,0.27864214940527154,21.07,1029.28
1791013968.5382917,69.64737049429873,0.238339852571309,0.27280713351581765,0.2796488088513949,21.07,1029.287
1791013999.8697333,69.64737049429873,0.2435649766253181,0.27304488408394506,0.2758840118273387,21.04,1029.292
1791014031.2052903,69.64737049429873,0.2457107644596767,0.27131247258384183,0.2751971341002326,21.05,1029.301
1791014062.5348012,69.64737049429873,0.24157994966343424,0.2711743162495183,0.2809933792171293,21.07,1029.3
1791014093.8862097,69.64737049429873,0.23970082502736814,0.27140992515896756,0.27933496966083915,21.04,1029.299
1791014125.167768,69.64737049429873,0.24796765922646058,0.27355563026163,0.2754331222264596,21.05,1029.311
1791014156.4992094,69.64737049429873,0.24372752067608125,0.27271972934681576,0.27540419311262454,21.08,1029.314
1791014187.8456614,69.64737049429873,0.24861180844317946,0.28026095870745005,0.28079738498311557,21.07,1029.315
1791014219.1831467,69.64737049429873,0.24223244341424333,0.271463148534368,0.2778470404669548,21.08,1029.32
1791014250.5287404,69.64737049429873,0.24188442988791953,0.2760961219713055,0.27642183997363245,21.05,1029.317
1791014281.8782282,69.64737049429873,0.24209569170107134,0.27717365558023105,0.2760961219713055,21.05,1029.318
1791014313.2267609,69.64737049429873,0.24091201072328225,0.27379113157473,0.2760961219713055,21.04,1029.31
1791014344.549327,69.64737049429873,0.24226975268397932,0.27158138665698867,0.27905933939585076,21.08,1029.315
1791014375.897567,69.64737049429873,0.24001389996844646,0.26976681920442613,0.2766907540467793,21.05,1029.312
1791014407.2220933,69.64737049429873,0.24995938883117377,0.27027029323604757,0.27671861374801293,21.03,1029.314
1791014438.5666726,69.64737049429873,0.24271111941085782,0.27072289409186806,0.28008956477232916,21.03,1029.319
1791014469.916018,69.64737049429873,0.24485682451352025,0.2724512829702349,0.2837477294992764,21.0,1029.321
1791014501.258569,69.64737049429873,0.24265373516975777,0.27090633594548796,0.2755816162755289,21.01,1029.324
1791014532.6101801,69.64737049429873,0.24217469313519221,0.2724512829702349,0.2746284828129612,21.03,1029.325
1791014563.9476726,69.64737049429873,0.2425482749069908,0.27191439021707314,0.28157845977398466,21.05,1029.335
1791014595.3020704,69.64737049429873,0.24314191915963312,0.27293171339655903,0.2803827635266831,21.05,1029.337
1791014626.6435757,69.64737049429873,0.2418014358077366,0.27796779616797934,0.27930944470059255,21.05,1029.345
1791014657.9880242,69.64737049429873,0.24272032879556185,0.27334884691298794,0.27706988293818546,21.04,1029.347
1791014689.3284318,69.64737049429873,0.24080138889238772,0.2730810990388682,0.2784622830500861,21.04,1029.348
1791014720.657862,69.64737049429873,0.24110184058386103,0.27215105338537077,0.2782889941696444,21.03,1029.344
1791014751.999433,69.64737049429873,0.24506563387220742,0.273313915335981,0.27549510347871686,21.03,1029.343
1791014783.3509514,69.64737049429873,0.24074759829286368,0.27528797176461134,0.28297662240329347,21.01,1029.346
1791014814.6834428,69.64737049429873,0.24076113383963246,0.2737326992421637,0.27705277224151653,21.03,1029.352
1791014846.0309234,69.64737049429873,0.24147495608090022,0.2696989881449605,0.27952705842306586,21.05,1029.347
1791014877.3644395,69.64737049429873,0.23844375406623164,0.2709584177355764,0.27552399125395277,21.01,1029.348
1791014908.7168336,69.64737049429873,0.2405061641571108,0.27280713351581765,0.2756150977541918,21.01,1029.348
1791014940.0604005,69.64737049429873,0.23893871198328676,0.2727509908481316,0.2771078854564565,21.01,1029.342
1791014971.4079037,69.64737049429873,0.23977637888230935,0.2714746117941495,0.2746580602019125,21.01,1029.343
1791015002.7403967,69.64737049429873,0.24157994966343424,0.2716459438404923,0.28123549859484137,21.01,1029.356
1791015034.0849023,69.64737049429873,0.2469488771950517,0.27200074252694784,0.2771628070484114,21.03,1029.35
1791015065.4324567,69.64737049429873,0.2435649766253181,0.27057215833416876,0.2763578179288435,21.03,1029.355
1791015096.7507958,69.64737049429873,0.2429793325486906,0.27194635143463314,0.27513574673604363,20.97,1029.353
1791015128.0945241,69.64737049429873,0.24116052219812198,0.27370493958287373,0.2784097844583371,21.01,1029.354
1791015159.447866,69.64737049429873,0.24512901508822302,0.2722462374656396,0.2766540029570461,20.97,1029.37
1791015190.7893271,69.64737049429873,0.24259625103886287,0.27675564247117207,0.277458292968184,20.98,1029.373
1791015222.1340206,69.64737049429873,0.2415564543377883,0.2725626027265648,0.27984230713088626,21.04,1029.372
1791015253.4722788,69.64737049429873,0.24252901666679602,0.27062360281562164,0.2769042721779997,21.04,1029.388
1791015284.8148623,69.64737049429873,0.24152153095353535,0.27421118027666236,0.2751971341002326,21.04,1029.39
1791015316.1411922,69.64737049429873,0.24055149396102635,0.2710435585106949,0.2770148713721098,21.04,1029.403
1791015347.4848907,69.64737049429873,0.24442106526915428,0.2743900403441248,0.27842550912466385,21.03,1029.405
1791015378.83537,69.64737049429873,0.24184839604001515,0.27409205653729557,0.276237761639958,21.05,1029.404
1791015410.1677153,69.64737049429873,0.24083362744602824,0.2725697966244151,0.2852330964091838,21.03,1029.409
1791015441.5073245,69.64737049429873,0.24909644820769872,0.271613693342707,0.2768668069946517,21.04,1029.395
1791015472.8377235,69.64737049429873,0.24475049918190894,0.2722462374656396,0.2837042943026421,21.04,1029.397
1791015504.1722975,69.64737049429873,0.24196446311021297,0.27427103358983035,0.2782889941696444,21.04,1029.39
1791015535.504823,69.64737049429873,0.2453417174151694,0.2727821980737003,0.27733786324221577,21.05,1029.389
1791015566.854222,69.64737049429873,0.2406836062703762,0.2761743050825226,0.27644193689281826,21.03,1029.39
1791015598.200808,69.64737049429873,0.2453417174151694,0.2726325529013566,0.2799211504266622,21.0,1029.379
1791015629.5463226,69.64737049429873,0.24400239722189807,0.2734674414738676,0.2793604503242615,21.0,1029.382
1791015660.895656,69.64737049429873,0.2436781125003917,0.27215105338537077,0.28403737084297387,21.03,1029.376
1791015692.2272816,69.64737049429873,0.24275013059568057,0.27573519660430446,0.2796488088513949,21.03,1029.376
1791015723.5519383,69.64737049429873,0.23962480985574416,0.2715490236363703,0.2785468854967248,21.05,1029.365
1791015754.8971632,69.64737049429873,0.2421642759387659,0.27185030073013555,0.28448926216803866,21.04,1029.367
1791015786.241678,69.64737049429873,0.24147495608090022,0.27179621291795864,0.2765982438465119,21.03,1029.362
1791015817.5863407,69.64737049429873,0.24083362744602824,0.27159239320328765,0.2754331222264596,21.03,1029.358
1791015848.9345791,69.64737049429873,0.24481065221905712,0.2718382750466733,0.27575857778006585,21.01,1029.355
1791015880.2661555,69.64737049429873,0.24176586079579482,0.2738562440739058,0.2807724704811448,21.04,1029.352
1791015911.5395362,69.64737049429873,0.24241493277082027,0.2767925569584081,0.2788075127850913,21.04,1029.347
1791015942.890188,69.64737049429873,0.24385380819404467,0.2742715358534288,0.2852112449239089,21.04,1029.34
1791015974.2236884,69.64737049429873,0.2445485880477496,0.27201939973821465,0.27717933499182446,21.03,1029.339
1791016005.5791624,69.64737049429873,0.24315842755410874,0.27507200237078094,0.27655341720168947,21.04,1029.337
1791016036.9225972,69.64737049429873,0.24759068109469215,0.2743306795202276,0.2771247038148305,21.01,1029.33
1791016068.2640545,69.64737049429873,0.24217469313519221,0.2733447275083975,0.2839570789534203,21.03,1029.341
1791016099.6056788,69.64737049429873,0.24125285093220344,0.274031813534694,0.2769596681199262,21.04,1029.338
1791016130.9430704,69.64737049429873,0.242327571017531,0.2724827777102988,0.28451033436663775,21.03,1029.339
1791016162.2774413,69.64737049429873,0.23938856577432288,0.27334884691298794,0.2767741879156236,21.0,1029.341
1791016193.6329882,69.64737049429873,0.24116052219812198,0.27483614603104417,0.2748067616671389,21.01,1029.35
1791016224.976356,69.64737049429873,0.2414868498927355,0.27215982792808735,0.2761743050825226,21.0,1029.355
1791016256.3167932,69.64737049429873,0.24176586079579482,0.2712068639200298,0.2820622049090277,21.01,1029.354
1791016287.6692934,69.64737049429873,0.2409056814883083,0.2730501783777306,0.27471706119137057,21.01,1029.364
1791016319.0129023,69.64737049429873,0.24057927431319637,0.27177438687380834,0.28055362689057967,21.01,1029.355
1791016350.3623805,69.64737049429873,0.24534522066261308,0.2728444502620128,0.27513287947299364,21.04,1029.361
1791016381.6919587,69.64737049429873,0.2431501912393396,0.27093911604591003,0.2815269412884363,21.04,1029.369
1791016413.0183227,69.64737049429873,0.24185948491266393,0.2772175380150273,0.2788506231854795,21.03,1029.371
1791016444.3647234,69.64737049429873,0.2456642787088144,0.2741520905353472,0.2847177310973468,21.04,1029.363
1791016475.704437,69.64737049429873,0.23924111526171796,0.2788764792525686,0.28101567912661146,21.05,1029.363
1791016507.0579033,69.64737049429873,0.2435649766253181,0.27191439021707314,0.2804808791581007,21.07,1029.362
1791016538.4033449,69.64737049429873,0.24582041129484558,0.27292595702272304,0.2759410858657863,21.04,1029.366
1791016569.7487247,69.64737049429873,0.2404016372548097,0.2727821980737003,0.2781564778726279,21.05,1029.366
1791016601.105648,69.64737049429873,0.2418126120040841,0.273677348171077,0.2766818099377188,21.05,1029.357
1791016632.4287152,69.64737049429873,0.24284344217657955,0.27830014443739615,0.2805053019216561,21.05,1029.359
1791016663.7743037,69.64737049429873,0.24433748841350167,0.27160331412892136,0.28137774727254233,21.03,1029.366
1791016695.1246161,69.64737049429873,0.24476005276383728,0.27142157089904034,0.27922048629785107,21.04,1029.357
1791016726.4702656,69.64737049429873,0.24320694688838937,0.27153907439685326,0.2849238719122937,21.05,1029.365
1791016757.8158324,69.64737049429873,0.2423576149492445,0.27157122204941575,0.2759634364103482,21.07,1029.358
1791016789.1422777,69.64737049429873,0.24209067741428975,0.2734710693360765,0.27732643202831764,21.05,1029.357
1791016820.4856062,69.64737049429873,0.24299655134285708,0.2731735400329611,0.2778603070982271,21.04,1029.358
1791016851.8311493,69.64737049429873,0.23999953622705383,0.2759634364103482,0.2782475469808547,21.07,1029.346
1791016883.1796255,69.64737049429873,0.24044411645968222,0.2742715358534288,0.27972886984291045,21.04,1029.346
1791016914.5211267,69.64737049429873,0.24091876429708656,0.2726706028187243,0.2781536586593864,21.04,1029.345
1791016945.8716667,69.64737049429873,0.24182373987933495,0.27358930653895097,0.2782738684401898,21.05,1029.348
1791016977.2160857,69.64737049429873,0.2415568023443802,0.27733786324221577,0.28026274491281994,21.04,1029.353
1791017008.5467632,69.64737049429873,0.24469491255917195,0.27158138665698867,0.2820159363646322,21.04,1029.356
1791017039.888118,69.64737049429873,0.2414164714401998,0.2715601662198393,0.27549510347871686,21.03,1029.356
1791017071.230571,69.64737049429873,0.23976077489469705,0.272427459738383,0.2751649090886268,21.03,1029.359
1791017102.5732434,69.64737049429873,0.24160324155772162,0.27065299365444867,0.2785829913751838,20.98,1029.363
1791017133.9196234,69.64737049429873,0.24171923081443877,0.27323490125727945,0.2781272446331819,20.98,1029.367
1791017165.2500837,69.64737049429873,0.24011829777973434,0.27208267241778367,0.2776202448401541,20.98,1029.379
1791017196.579755,69.64737049429873,0.24242472890926114,0.273413906679751,0.27927133743240734,21.01,1029.377
1791017227.9121406,69.64737049429873,0.2415684580283539,0.2726151661225706,0.28033632484198123,21.01,1029.388
1791017259.2535958,69.64737049429873,0.24066554383535424,0.27273277901553283,0.2763426220560792,21.0,1029.394
1791017290.6011188,69.64737049429873,0.24455378559705251,0.2718482095527955,0.27740760946565307,21.0,1029.399
1791017321.9425619,69.64737049429873,0.24072417159385462,0.2706018852728197,0.27794010317044,21.03,1029.399
1791017353.2760344,69.64737049429873,0.2423102586839357,0.2722861066478308,0.27513003447608503,21.0,1029.409
1791017384.6186686,69.64737049429873,0.24031164250290069,0.2720963595605979,0.2756056467156824,20.98,1029.416
1791017415.957065,69.64737049429873,0.24034221884764065,0.2726012020375265,0.27799448630894263,20.97,1029.419
1791017447.299572,69.64737049429873,0.24775249376305783,0.2749845770384217,0.278194767203035,21.0,1029.417
1791017478.6410394,69.64737049429873,0.24187052577949955,0.2719559080180177,0.2792648305912394,21.0,1029.43
1791017509.9636223,69.64737049429873,0.2415104834449699,0.27578173694132035,0.2773805970359552,20.98,1029.434
1791017541.3139966,69.64737049429873,0.24823024071824915,0.27441976192476014,0.28656448857337596,21.03,1029.432
1791017572.65644,69.64737049429873,0.24273862831886683,0.2716353507793479,0.27590081872049876,21.03,1029.44
1791017604.0099475,69.64737049429873,0.2457759513861208,0.2751909317486796,0.27842036556900257,21.05,1029.445
1791017635.3665042,69.64737049429873,0.241881518951588,0.2725840167520507,0.2798748014748942,21.03,1029.448
1791017666.7029278,69.64737049429873,0.24609660723161922,0.27764707371839437,0.28271013068473805,21.01,1029.451
1791017698.0466235,69.64737049429873,0.24183481974619303,0.27388634810552775,0.27912546024367213,21.05,1029.456
1791017729.3528466,69.64737049429873,0.24183481974619303,0.2724664172976937,0.28855522813441686,21.03,1029.455
1791017760.6954107,69.64737049429873,0.24177707519129188,0.2721685342719918,0.2835095607320555,21.01,1029.46
1791017792.0379798,69.64737049429873,0.2415684580283539,0.2763426220560792,0.27994935303158386,21.0,1029.47
1791017823.3874474,69.64737049429873,0.2412898648094255,0.2771247038148305,0.2788848246876882,21.03,1029.474
1791017854.741777,69.64737049429873,0.2434742311101673,0.2720419027208595,0.2840801158381594,21.01,1029.475
1791017886.0785215,69.64737049429873,0.2422900935150948,0.2732303551692701,0.2761743050825226,21.01,1029.471
1791017917.4078262,69.64737049429873,0.24142850250215234,0.27765973550893275,0.276202479410015,21.01,1029.487
1791017948.7553103,69.64737049429873,0.24154509615703296,0.27652561942345333,0.278194767203035,21.01,1029.493
1791017980.0969102,69.64737049429873,0.2408146913131233,0.2733529342862954,0.2809420901646972,21.0,1029.5
1791018011.4452393,69.64737049429873,0.24166128635656928,0.27213695847382285,0.27854069061264053,21.01,1029.512
1791018042.7758682,69.64737049429873,0.24161481204197177,0.2752198826536086,0.2804084458197957,21.04,1029.514
1791018074.1193068,69.64737049429873,0.2415104834449699,0.27578173694132035,0.27655341720168947,21.05,1029.521
1791018105.4646635,69.64737049429873,0.2460425431324427,0.27095257209974993,0.2785667361837181,21.01,1029.524
1791018136.8172622,69.64737049429873,0.24284344217657955,0.2790050905800139,0.27992454539718953,21.05,1029.531
1791018168.1657574,69.64737049429873,0.2464693018730148,0.27288141297496404,0.2857845031896505,21.04,1029.54
1791018199.504212,69.64737049429873,0.2409317906877477,0.2742423663188679,0.2766088689084727,21.0,1029.542
1791018230.8396683,69.64737049429873,0.24625672773561708,0.2728504934344898,0.28263314642624643,21.03,1029.548
1791018262.1882818,69.64737049429873,0.2416727215891103,0.2716673321441763,0.27948719320746723,21.01,1029.553
1791018293.5197666,69.64737049429873,0.24193919827154942,0.2691677450740977,0.2816675591039486,21.01,1029.554
1791018324.8662374,69.64737049429873,0.24106867311416566,0.2719240796619294,0.27477585801650645,20.97,1029.556
1791018356.207606,69.64737049429873,0.2412315236768174,0.2743306795202276,0.2755483377235227,20.95,1029.554
1791018387.554326,69.64737049429873,0.24117308147256364,0.2688662321790737,0.2756676794415044,20.94,1029.557
1791018418.8915813,69.64737049429873,0.2454000283181751,0.27053602543911837,0.28235267904788824,20.95,1029.546
1791018450.2432022,69.64737049429873,0.24065194212463584,0.27053602543911837,0.2752198826536086,20.94,1029.546
1791018481.5779023,69.64737049429873,0.2412315236768174,0.27103711605490066,0.275042911013764,20.91,1029.539
1791018512.9199975,69.64737049429873,0.24278651950424174,0.271453806259313,0.2753099640110216,20.94,1029.54
1791018544.2614822,69.64737049429873,0.24214822586120413,0.27140097042633715,0.2826876761228612,20.95,1029.537
1791018575.6071537,69.64737049429873,0.2409317906877477,0.27048519130342286,0.28244365400229887,20.97,1029.543
1791018606.93556,69.64737049429873,0.24737460705516678,0.2714331262804185,0.2780864284297665,21.0,1029.542
1791018638.286127,69.64737049429873,0.24130209631051472,0.27711412035351607,0.2766088689084727,21.03,1029.533
1791018669.6236305,69.64737049429873,0.2407693728748365,0.27740760946565307,0.2780600133723155,20.98,1029.536
1791018700.9770284,69.64737049429873,0.24615057811289603,0.27075143815581637,0.28287680597729703,20.95,1029.527
1791018732.308547,69.64737049429873,0.24428765351107862,0.269570201678601,0.2778202963437925,20.97,1029.525
1791018763.6271536,69.64737049429873,0.24005896837302396,0.27222307657750644,0.2767557679998969,20.94,1029.523
1791018794.9615169,69.64737049429873,0.2453966468985187,0.2702530730100164,0.27391451365021724,20.93,1029.52
1791018826.3020794,69.64737049429873,0.2414868498927355,0.2730810990388682,0.2746580602019125,20.93,1029.53
1791018857.6499374,69.64737049429873,0.2419174333646748,0.2748654794887383,0.27682956927654495,20.95,1029.528
1791018888.9949384,69.64737049429873,0.24117308147256364,0.27153907439685326,0.28142859060263786,21.0,1029.525
1791018920.3415034,69.64737049429873,0.24105589279670112,0.27249024513699516,0.2749845770384217,20.98,1029.539
1791018951.6719046,69.64737049429873,0.24096435511732872,0.2718701363013721,0.2758156219453007,20.98,1029.535
1791018983.003721,69.64737049429873,0.2424721516364277,0.2716673321441763,0.27628671029207325,20.98,1029.542
1791019014.340943,69.64737049429873,0.23948115676504247,0.27053602543911837,0.27590081872049876,20.94,1029.555
1791019045.685385,69.64737049429873,0.24268163968043646,0.2757248068185891,0.27492399421372476,20.95,1029.548
1791019077.0370111,69.64737049429873,0.24091876429708656,0.27213695847382285,0.27705949449336287,20.89,1029.546
1791019108.3793838,69.64737049429873,0.24087329154179288,0.27450838373732034,0.27587246888813316,20.93,1029.55
1791019139.7328944,69.64737049429873,0.24407723321954547,0.27796661017720264,0.2889978439546972,20.93,1029.56
1791019171.0833979,69.64737049429873,0.24071070820600413,0.2764977735293256,0.28062673793730397,20.98,1029.567
1791019202.4188046,69.64737049429873,0.24304488136235108,0.27489476217239345,0.2753099640110216,20.97,1029.56
1791019233.794455,69.64737049429873,0.24304488136235108,0.27394463239285494,0.2866310787959738,20.95,1029.57
1791019265.130851,69.64737049429873,0.24240509422305548,0.27441976192476014,0.2758156219453007,21.0,1029.572
1791019296.4783053,69.64737049429873,0.24225287515934024,0.27854069061264053,0.2808207277555481,20.98,1029.567
1791019327.831772,69.64737049429873,0.2424721516364277,0.27575329647284097,0.28322108994209355,20.98,1029.566
1791019359.1783855,69.64737049429873,0.23954090812959716,0.2732655024512111,0.27842036556900257,20.98,1029.569
1791019390.5358703,69.64737049429873,0.2445485880477496,0.2731169701169289,0.2783263750901547,21.0,1029.569
1791019421.8673892,69.64737049429873,0.240281277493891,0.2725840167520507,0.2790999196763619,20.98,1029.568
1791019453.2228053,69.64737049429873,0.24556388379594093,0.273029918796262,0.2780600133723155,20.98,1029.568
1791019484.5494282,69.64737049429873,0.24087329154179288,0.2748344517352111,0.276994566500959,20.98,1029.565
1791019515.8368359,69.64737049429873,0.24149869223630613,0.27332236900399626,0.2751909317486796,20.95,1029.565
1791019547.1842122,69.64737049429873,0.2404890522045612,0.2723094185679106,0.2770868310209218,20.95,1029.571
1791019578.509703,69.64737049429873,0.24304488136235108,0.2712393551797061,0.2775394793312918,20.95,1029.575
1791019609.8383923,69.64737049429873,0.24153333913735733,0.26978487978788657,0.27644193689281826,20.93,1029.571
1791019641.1866758,69.64737049429873,0.2454514812206493,0.27234092706218715,0.27447920083641086,20.94,1029.568
1791019672.5241737,69.64737049429873,0.24630913487876466,0.27368015353214453,0.27489476217239345,20.97,1029.561
1791019703.8697257,69.64737049429873,0.2431666283353887,0.2773535379305379,0.27897945713059,20.98,1029.555
1791019735.216165,69.64737049429873,0.2420330293552835,0.27332236900399626,0.2797539001170834,20.94,1029.538
1791019766.5657897,69.64737049429873,0.24283453503374958,0.2732042471636258,0.27625868188849856,20.97,1029.532
1791019797.9091952,69.64737049429873,0.24652202991855207,0.2732042471636258,0.2768201241113056,20.95,1029.522
1791019829.252738,69.64737049429873,0.24177707519129188,0.27299914073337195,0.2809420901646972,20.97,1029.518
1791019860.5982733,69.64737049429873,0.24263390489971043,0.27086824699065887,0.28111127059010316,20.98,1029.514
1791019891.9447405,69.64737049429873,0.2415104834449699,0.2737680847499233,0.27551526025888123,20.97,1029.525
1791019923.285211,69.64737049429873,0.24460396509594085,0.2721685342719918,0.2760482136237595,20.98,1029.519
1791019954.6316943,69.64737049429873,0.24140624490667112,0.2744788940893249,0.28404251409693376,20.97,1029.518
1791019985.9791946,69.64737049429873,0.2410357345926756,0.2781127979813229,0.28353128707070285,20.95,1029.513
1791020017.3257136,69.64737049429873,0.241139768224232,0.28014162364734496,0.27934115712999275,20.93,1029.512
1791020048.669123,69.64737049429873,0.24084690612349202,0.2717102768575789,0.27972886984291045,20.98,1029.508
1791020079.9996166,69.64737049429873,0.24111453793378776,0.26975114163542613,0.2771901962978047,21.0,1029.505
1791020111.3339903,69.64737049429873,0.2418126120040841,0.2711868687243582,0.27605464042662614,21.01,1029.509
1791020142.6885262,69.64737049429873,0.24283453503374958,0.2787816529753698,0.2801169179616576,21.03,1029.503
1791020174.0301158,69.64737049429873,0.24449311522888253,0.2764340022131426,0.27984986496440006,21.01,1029.499
1791020205.3645234,69.64737049429873,0.23851736474502996,0.2718701363013721,0.2790999196763619,20.97,1029.492
1791020236.712111,69.64737049429873,0.2410229272744707,0.2722861066478308,0.2734710693360765,20.97,1029.487
1791020268.0525756,69.64737049429873,0.24780168528521052,0.2737982258868894,0.2780335526910742,20.97,1029.483
1791020299.3999639,69.64737049429873,0.24082793639341762,0.27128393186060323,0.2767282047831199,21.0,1029.48
1791020330.7354758,69.64737049429873,0.2493441631445831,0.2732960508822359,0.276223503827949,20.98,1029.481
1791020362.0871048,69.64737049429873,0.24050301115699732,0.2716673321441763,0.28074774928950563,21.03,1029.476
1791020393.433553,69.64737049429873,0.2410813982227395,0.27444935352912464,0.27631469030619865,21.01,1029.472
1791020424.7789454,69.64737049429873,0.23964434122071643,0.2724664172976937,0.276994566500959,21.01,1029.472
1791020456.1244838,69.64737049429873,0.24139423335931176,0.2736165947871077,0.27927133743240734,21.0,1029.463
1791020487.4560032,69.64737049429873,0.2442760837755012,0.280991677667845,0.2787297988971372,21.0,1029.458
1791020518.7965906,69.64737049429873,0.24304488136235108,0.2706713681717902,0.2824750207558528,20.98,1029.457
1791020550.1389012,69.64737049429873,0.24144048145681896,0.2729064870357035,0.27724483232370534,20.98,1029.454
1791020581.483472,69.64737049429873,0.24145240864198805,0.2706858651901338,0.2778603070982271,21.03,1029.452
1791020612.8159556,69.64737049429873,0.2410813982227395,0.27110216728670405,0.2821542623036289,20.97,1029.453
1791020644.15937,69.64737049429873,0.24572423403083013,0.27125163333985497,0.27430126824256723,20.98,1029.454
1791020675.5079963,69.64737049429873,0.24008869047402465,0.2737103314819629,0.2740645876047285,20.97,1029.454
1791020706.8532858,69.64737049429873,0.24146428439253464,0.2716673321441763,0.27702190008587074,21.0,1029.458
1791020738.1949604,69.64737049429873,0.24205425868611707,0.27161415042909215,0.2764618430652807,21.0,1029.458
1791020769.5452933,69.64737049429873,0.24019213675694964,0.27912546024367213,0.2796581836793504,21.01,1029.459
1791020800.8888285,69.64737049429873,0.24056180430744373,0.2758384708295828,0.2782063500228335,21.0,1029.456
1791020832.2314823,69.64737049429873,0.24221591327163575,0.27474514094171837,0.2861937555946376,21.01,1029.458
1791020863.5759864,69.64737049429873,0.24359425921168243,0.27388634810552775,0.2800700779895878,20.98,1029.448
1791020894.906383,69.64737049429873,0.24332016384914323,0.2770868310209218,0.28242096921324505,21.0,1029.435
1791020926.2498453,69.64737049429873,0.24112718036205416,0.27430126824256723,0.2796331031690058,20.98,1029.427
1791020957.5784955,69.64737049429873,0.2439098091618673,0.27859273680799385,0.27859273680799385,21.03,1029.42
1791020988.9248471,69.64737049429873,0.2409317906877477,0.272114226971248,0.2771413626132596,21.04,1029.409
1791021020.2703352,69.64737049429873,0.24125620643075962,0.2737982258868894,0.2780600133723155,21.04,1029.408
1791021051.6098406,69.64737049429873,0.24343299005322783,0.2773805970359552,0.2792459338130292,21.03,1029.403
1791021082.9601963,69.64737049429873,0.24465924662125627,0.27125163333985497,0.2773805970359552,21.01,1029.395
1791021114.294847,69.64737049429873,0.2416727215891103,0.27323490125727945,0.2759291196296024,21.01,1029.388
1791021145.6374757,69.64737049429873,0.24583024551378005,0.26911981988034184,0.27989969491532773,21.01,1029.38
1791021176.980771,69.64737049429873,0.24343299005322783,0.27048519130342286,0.27468646883437625,21.01,1029.376
1791021208.3212895,69.64737049429873,0.2406068148593537,0.2706018852728197,0.2742126472369314,21.04,1029.37
1791021239.6726315,69.64737049429873,0.24386050606407586,0.2760763752036857,0.2763426220560792,21.0,1029.373
1791021271.0113502,69.64737049429873,0.24199677809732156,0.27368015353214453,0.2822000528087355,20.97,1029.374
1791021302.3592682,69.64737049429873,0.24220567495398854,0.27075143815581637,0.28207840971937526,20.97,1029.364
1791021333.642286,69.64737049429873,0.24183481974619303,0.2745980795044829,0.2831208860112591,20.97,1029.368
1791021364.9725997,69.64737049429873,0.24074254861587963,0.27210532804393084,0.2842032593913932,20.97,1029.369
1791021396.3022642,69.64737049429873,0.2412315236768174,0.2775394793312918,0.27929031682841415,20.93,1029.358
1791021427.6368108,69.64737049429873,0.24225287515934024,0.2740346764962453,0.2818178790793775,20.97,1029.345
1791021458.9902437,69.64737049429873,0.24087329154179288,0.2792459338130292,0.28309879587119086,20.98,1029.343
1791021490.336576,69.64737049429873,0.24460396509594085,0.27368015353214453,0.28178907742206344,20.97,1029.335
1791021521.6850681,69.64737049429873,0.24402152142510466,0.2710176850082098,0.27794010317044,20.97,1029.326
1791021553.0116293,69.64737049429873,0.24136020056536547,0.272763786710288,0.27953758428480086,20.97,1029.33
1791021584.3600435,69.64737049429873,0.24386050606407586,0.27220005557985455,0.27767385631804653,20.95,1029.312
1791021615.6836941,69.64737049429873,0.24604451996290433,0.2702189444510294,0.28285452429342,20.94,1029.303
1791021647.0210521,69.64737049429873,0.24019213675694964,0.2744788940893249,0.2778202963437925,20.93,1029.291
1791021678.3705258,69.64737049429873,0.2416727215891103,0.2744788940893249,0.27794010317044,20.94,1029.287
1791021709.7190645,69.64737049429873,0.24737460705516678,0.27169925836639236,0.28258816257558084,20.94,1029.275
1791021741.0655768,69.64737049429873,0.2431666283353887,0.273946400384538,0.28246629966112896,20.94,1029.271
1791021772.3929996,69.64737049429873,0.24161481204197177,0.2742715358534288,0.2800700779895878,20.95,1029.269
1791021803.7244768,69.64737049429873,0.24016284943886262,0.27177438687380834,0.2782738684401898,20.94,1029.262
1791021835.0530667,69.64737049429873,0.23726484260421524,0.27465705667877005,0.27705949449336287,20.95,1029.264
1791021866.3915107,69.64737049429873,0.241243891698648,0.2707186799749767,0.2798748014748942,20.94,1029.261
1791021897.741945,69.64737049429873,0.24599048088322364,0.27501138779411183,0.28031184054278574,20.97,1029.253
1791021929.0875902,69.64737049429873,0.2433843457783795,0.27356218296820983,0.2751589754840533,20.94,1029.25
1791021960.4340808,69.64737049429873,0.2448199176830264,0.2718799388086853,0.27518786663460765,20.94,1029.247
1791021991.7745624,69.64737049429873,0.24158006353507633,0.27146522673878826,0.2749219637849063,20.95,1029.239
1791022023.1249511,69.64737049429873,0.24146428439253464,0.27078413987898553,0.27704918658251737,20.97,1029.239
1791022054.4694328,69.64737049429873,0.2391879681187388,0.2748928433980794,0.2748928433980794,20.98,1029.23
1791022085.8141177,69.64737049429873,0.24045815417540217,0.275335187743395,0.2756912396560012,20.95,1029.223
1791022117.1405783,69.64737049429873,0.24168410757223296,0.27078413987898553,0.27586676450258113,20.97,1029.225
1791022148.4850779,69.64737049429873,0.2394375642856408,0.27193369386201544,0.2753064359926778,21.0,1029.216
1791022179.8285108,69.64737049429873,0.2394213020647422,0.27077006305764306,0.2795124104954683,20.98,1029.218
1791022211.1650915,69.64737049429873,0.24139423335931176,0.27670059395946456,0.2753676352278549,21.0,1029.222
1791022242.4915507,69.64737049429873,0.24262455248419923,0.27210532804393084,0.2785667361837181,21.0,1029.213
1791022273.8371036,69.64737049429873,0.23989568087937393,0.2689006920768402,0.2738260879344386,20.95,1029.216
1791022305.1775532,69.64737049429873,0.23989568087937393,0.2694347980713553,0.27851459997811223,20.97,1029.207
1791022336.5259821,69.64737049429873,0.2408146913131233,0.2805540208459319,0.27851459997811223,20.97,1029.203
1791022367.8705993,69.64737049429873,0.2399551771346517,0.27759336956327235,0.2767925569584081,21.0,1029.197
1791022399.2200933,69.64737049429873,0.2415568023443802,0.2740346764962453,0.27946193230795563,20.98,1029.197
1791022430.5766184,69.64737049429873,0.24198605298688955,0.27551526025888123,0.2777669609447523,20.98,1029.198
1791022461.9259632,69.64737049429873,0.23991093296703833,0.2729683095109576,0.2804572688328678,21.0,1029.185
1791022493.256625,69.64737049429873,0.2423102586839357,0.2720510633871724,0.2761674104668207,21.0,1029.181
1791022524.5781505,69.64737049429873,0.24226302494971505,0.2716673321441763,0.2767282047831199,21.0,1029.185
1791022555.9225419,69.64737049429873,0.24220567495398854,0.27155017871299675,0.2763426220560792,20.95,1029.176
1791022587.270121,69.64737049429873,0.24220567495398854,0.28309879587119086,0.2819107006374206,21.0,1029.176
1791022618.61161,69.64737049429873,0.24086012736479662,0.2722778554165089,0.27989969491532773,20.98,1029.171
1791022649.9608839,69.64737049429873,0.24078802875804686,0.2734368429124945,0.2825521297053908,20.98,1029.158
1791022681.3105834,69.64737049429873,0.24142850250215234,0.2796786792053347,0.2807482791423561,20.98,1029.162
1791022712.6550622,69.64737049429873,0.24118558646953733,0.2761954813474416,0.2779272513559839,21.0,1029.156
1791022743.9965625,69.64737049429873,0.24540339514325826,0.27498230689400294,0.2777936516544764,21.0,1029.154
1791022775.3419352,69.64737049429873,0.23771689822767775,0.27358930653895097,0.27498230689400294,20.98,1029.143
1791022806.6865723,69.64737049429873,0.24961601933045674,0.27441976192476014,0.28227620102695083,20.98,1029.149
1791022838.0360203,69.64737049429873,0.24716205410297573,0.2731169701169289,0.2792459338130292,21.0,1029.14
1791022869.367585,69.64737049429873,0.24039929698296075,0.2720510633871724,0.27927133743240734,21.03,1029.14
1791022900.7269456,69.64737049429873,0.2437484673189011,0.2764340022131426,0.27912546024367213,21.0,1029.138
1791022932.0704987,69.64737049429873,0.24034033817691458,0.26942020389384896,0.27883332793004,21.01,1029.124
1791022963.413866,69.64737049429873,0.24007386149447546,0.2700023810942169,0.27994935303158386,21.01,1029.126
1791022994.756369,69.64737049429873,0.23980738481203628,0.27113460870849804,0.2737378915085273,20.97,1029.125
1791023026.0990126,69.64737049429873,0.2409317906877477,0.27361964119591164,0.2777936516544764,21.0,1029.127
1791023057.4533453,69.64737049429873,0.2408146913131233,0.26990177594445064,0.28441077840655676,20.98,1029.125
1791023088.7879887,69.64737049429873,0.23934486689977738,0.2708872337800629,0.2765896721207284,20.94,1029.123
1791023120.075561,69.64737049429873,0.2431501912393396,0.27376561878986144,0.2799709648026787,20.97,1029.119
1791023151.40894,69.64737049429873,0.24481065221905712,0.27557701700827913,0.28057803951422167,20.97,1029.117
1791023182.747428,69.64737049429873,0.24171923081443877,0.2719559080180177,0.28519092490955117,20.98,1029.119
1791023214.0959504,69.64737049429873,0.24112718036205416,0.27225461886417723,0.27958281196714246,20.97,1029.117
1791023245.436481,69.64737049429873,0.2415684580283539,0.27036859793652274,0.2782475469808547,21.0,1029.1
1791023276.789813,69.64737049429873,0.2398227876243233,0.27382831505418376,0.2815461455474274,20.95,1029.097
1791023308.1325548,69.64737049429873,0.23976340804952198,0.26960390679087853,0.27835256051574037,20.94,1029.093
1791023339.4808671,69.64737049429873,0.24561831394094816,0.2796581836793504,0.28353128707070285,20.91,1029.088
1791023370.8253195,69.64737049429873,0.23826932216381302,0.273029918796262,0.2780600133723155,20.94,1029.083
1791023402.1629622,69.64737049429873,0.2385355690162065,0.2698363337645749,0.2780864284297665,20.91,1029.072
1791023433.4903312,69.64737049429873,0.23991093296703833,0.2710176850082098,0.27353186416905023,20.93,1029.065
1791023464.8398817,69.64737049429873,0.240281277493891,0.27030239204773826,0.27433094932256763,20.95,1029.069
1791023496.1903648,69.64737049429873,0.2394375642856408,0.26942020389384896,0.27551526025888123,20.94,1029.061
1791023527.518863,69.64737049429873,0.23962851231988525,0.2762659420260945,0.27546200111400354,20.94,1029.057
1791023558.8603938,69.64737049429873,0.24142850250215234,0.27334884691298794,0.2771901962978047,20.95,1029.05
1791023590.1889105,69.64737049429873,0.24233762914849524,0.26991790497230017,0.2797747958918624,20.94,1029.032
1791023621.5203855,69.64737049429873,0.23959664813524176,0.2702530730100164,0.2768944773418888,20.94,1029.016
1791023652.8637688,69.64737049429873,0.24379085603674458,0.2703528966610856,0.2762940735283054,20.95,1029.022
1791023684.2063203,69.64737049429873,0.23962851231988525,0.2788075127850913,0.27652561942345333,21.01,1029.019
1791023715.5550392,69.64737049429873,0.2451369184608191,0.2728504934344898,0.27960797930244347,20.98,1029.019
1791023746.887371,69.64737049429873,0.23900795476471887,0.2764618430652807,0.27939182196151124,20.98,1029.011
1791023778.2159028,69.64737049429873,0.24380453504862343,0.2747158302115638,0.28459627448027675,20.97,1029.02
1791023809.544376,69.64737049429873,0.24705546829279748,0.2680539131505853,0.2787129804481509,20.94,1029.022
1791023840.8777528,69.64737049429873,0.24465924662125627,0.27015245137090144,0.27498230689400294,20.98,1029.018
1791023872.2173338,69.64737049429873,0.24444299265451114,0.27270171776463564,0.2741828768466855,20.95,1029.017
1791023903.5598762,69.64737049429873,0.241243891698648,0.2684362498234848,0.2766729354054854,20.94,1029.009
1791023934.8923073,69.64737049429873,0.2389477429458102,0.2706018852728197,0.27323490125727945,20.93,1029.001
1791023966.2218418,69.64737049429873,0.2401775247133603,0.2806752679922464,0.2809420901646972,20.93,1029.007
1791023997.569353,69.64737049429873,0.2445485880477496,0.27157122204941575,0.27948719320746723,20.93,1029.011
1791024028.9108453,69.64737049429873,0.24208012785113517,0.2773650650247844,0.2781683086471438,20.94,1028.999
1791024060.2493074,69.64737049429873,0.23955264037394008,0.2712068639200298,0.28123549859484137,20.94,1028.999
1791024091.5978434,69.64737049429873,0.2401034815355422,0.2732303551692701,0.2749845770384217,20.95,1028.993
1791024122.9363344,69.64737049429873,0.2415568023443802,0.271453806259313,0.2824750207558528,20.94,1029.011
1791024154.289843,69.64737049429873,0.2399702877213191,0.27273277901553283,0.2780335526910742,20.93,1029.005
1791024185.637417,69.64737049429873,0.2394375642856408,0.2736499234818072,0.27764707371839437,20.93,1029.003
1791024216.9788811,69.64737049429873,0.2464693018730148,0.27323490125727945,0.27551526025888123,20.95,1029.005
1791024248.3263047,69.64737049429873,0.24034033817691458,0.2786870724786188,0.27934115712999275,20.91,1028.996
1791024279.670852,69.64737049429873,0.2410813982227395,0.2772337774521084,0.2818875553940127,20.91,1028.998
1791024311.0123332,69.64737049429873,0.2400145705842748,0.269352330642053,0.2777669609447523,20.91,1029.001
1791024342.3599513,69.64737049429873,0.24321505349966882,0.27080284761156914,0.274153055015144,20.94,1028.991
1791024373.7033858,69.64737049429873,0.24321505349966882,0.27080284761156914,0.2778869517497703,20.95,1028.979
1791024405.050994,69.64737049429873,0.2394213020647422,0.27332236900399626,0.2753099640110216,20.97,1028.973
1791024436.397405,69.64737049429873,0.24005896837302396,0.2734710693360765,0.2778603070982271,21.0,1028.959
1791024467.7280035,69.64737049429873,0.240281277493891,0.2727262796146955,0.2770868310209218,20.98,1028.95
1791024499.066489,69.64737049429873,0.24149869223630613,0.27334884691298794,0.2797747958918624,21.0,1028.946
1791024530.4088647,69.64737049429873,0.23751188908166776,0.2700688594698036,0.2792137253704281,21.0,1028.942
1791024561.7513127,69.64737049429873,0.23976077489469705,0.2711743162495183,0.27328741712379717,21.0,1028.925
1791024593.104603,69.64737049429873,0.24133595733594362,0.267752089184356,0.28123549859484137,21.0,1028.917
1791024624.4464002,69.64737049429873,0.238681036036194,0.2714859859189823,0.27936651142268387,20.97,1028.917
1791024655.7950628,69.64737049429873,0.2389477429458102,0.2698521810495844,0.27480518019833017,21.0,1028.907
1791024687.124456,69.64737049429873,0.24508200186698195,0.27140097042633715,0.27732643202831764,21.0,1028.901
1791024718.4669344,69.64737049429873,0.24726873192033222,0.2729683095109576,0.2764618430652807,20.97,1028.902
1791024749.7944634,69.64737049429873,0.24251969733179096,0.2718382750466733,0.28031184054278574,20.94,1028.905
1791024781.1348772,69.64737049429873,0.2453487087765981,0.27480518019833017,0.2809420901646972,20.97,1028.907
1791024812.4793928,69.64737049429873,0.2387841869174807,0.2727884939340867,0.27839418216813666,20.94,1028.901
1791024843.8308585,69.64737049429873,0.24214822586120413,0.28402121067094205,0.2816208484843966,20.93,1028.892
1791024875.1643295,69.64737049429873,0.24071070820600413,0.2714859859189823,0.2785667361837181,20.93,1028.891
1791024906.4750745,69.64737049429873,0.24668284228484388,0.27113460870849804,0.27631469030619865,20.98,1028.87
1791024937.8013875,69.64737049429873,0.24210118146403214,0.27220005557985455,0.2764618430652807,20.95,1028.87
1791024969.1807983,69.64737049429873,0.2402221146696064,0.27142157089904034,0.27992454539718953,20.91,1028.856
1791025000.526443,69.64737049429873,0.24063828150405292,0.2706713681717902,0.2760829061670786,20.93,1028.855
1791025031.8698916,69.64737049429873,0.24144048145681896,0.27165667967767404,0.2762940735283054,20.93,1028.849
1791025063.201423,69.64737049429873,0.24293966266661138,0.26699524262662794,0.2784622830500861,20.93,1028.828
1791025094.5309904,69.64737049429873,0.23808661438996842,0.2708355755403821,0.27557701700827913,20.91,1028.829
1791025125.8624399,69.64737049429873,0.24599048088322364,0.27110216728670405,0.2795124104954683,20.93,1028.832
1791025157.2148864,69.64737049429873,0.243699351771067,0.2696190375516691,0.2748344517352111,20.9,1028.823
1791025188.5384502,69.64737049429873,0.2384750013998406,0.2723175400696115,0.27468646883437625,20.94,1028.812
1791025219.8899443,69.64737049429873,0.2415684580283539,0.27110216728670405,0.27740760946565307,20.91,1028.812
1791025251.1892698,69.64737049429873,0.2408146913131233,0.2833653876175128,0.2849649380954444,20.91,1028.807
1791025282.5327797,69.64737049429873,0.24572423403083013,0.27131617471589053,0.28309879587119086,20.89,1028.805
1791025313.8614101,69.64737049429873,0.23927443144715801,0.2796581836793504,0.2847397305791145,20.89,1028.814
1791025345.212943,69.64737049429873,0.24433748841350167,0.27551526025888123,0.28457546746181206,20.86,1028.805
1791025376.569467,69.64737049429873,0.23800307531141957,0.2677072770767836,0.27444935352912464,20.89,1028.807
1791025407.914911,69.64737049429873,0.23816661553367846,0.2698028001193023,0.2814013122515551,20.89,1028.808
1791025439.258459,69.64737049429873,0.23948115676504247,0.27696718570578654,0.27510104348153297,20.94,1028.782
1791025470.6060805,69.64737049429873,0.23851736474502996,0.2690992284032973,0.2790999196763619,20.91,1028.774
1791025501.9474063,69.64737049429873,0.2368543324059333,0.2699689040658704,0.2724588796304401,20.91,1028.761
1791025533.2819011,69.64737049429873,0.23989568087937393,0.26901705386364205,0.274004713680978,20.91,1028.762
1791025564.6065252,69.64737049429873,0.23835355192492316,0.2773535379305379,0.27587246888813316,20.93,1028.746
1791025595.9429357,69.64737049429873,0.24582780290365633,0.26821554818517596,0.2768201241113056,20.93,1028.736
1791025627.2963636,69.64737049429873,0.2366496095378748,0.27121927900936615,0.2751619307318821,20.93,1028.748
1791025658.6388378,69.64737049429873,0.23851736474502996,0.2728504934344898,0.2739164001642464,20.95,1028.734
1791025689.9732804,69.64737049429873,0.23718325388277628,0.26858686651546354,0.27323490125727945,20.94,1028.739
1791025721.3047302,69.64737049429873,0.23921444985542634,0.2697355589217662,0.2760482136237595,20.93,1028.736
1791025752.6405077,69.64737049429873,0.2399702877213191,0.27243512601831366,0.27361964119591164,20.94,1028.729
1791025783.990779,69.64737049429873,0.2437484673189011,0.269270076683624,0.27507200237078094,20.95,1028.733
1791025815.332268,69.64737049429873,0.23912806708313972,0.27830014443739615,0.27830014443739615,20.94,1028.722
1791025846.676853,69.64737049429873,0.24225287515934024,0.2732042471636258,0.2835095607320555,20.95,1028.719
1791025878.0274076,69.64737049429873,0.24011829777973434,0.27157122204941575,0.28242096921324505,20.95,1028.708
1791025909.3669066,69.64737049429873,0.23919768356171997,0.26958524351462965,0.2786611197030914,20.94,1028.709
1791025940.7194304,69.64737049429873,0.24118558646953733,0.27433094932256763,0.2748636727582459,20.94,1028.69
1791025972.063913,69.64737049429873,0.2458844460269221,0.2690721010914758,0.2800700779895878,20.93,1028.705
1791026003.3883402,69.64737049429873,0.23869887970562628,0.2711669941944445,0.2751589754840533,20.91,1028.709
1791026034.723773,69.64737049429873,0.24002954013549588,0.27208267241778367,0.2763426220560792,20.94,1028.712
1791026066.0813255,69.64737049429873,0.2399702877213191,0.2766088689084727,0.2800700779895878,20.95,1028.712
1791026097.4058306,69.64737049429873,0.24210118146403214,0.27010246585054887,0.27740760946565307,20.97,1028.707
1791026128.7502337,69.64737049429873,0.2393343095733869,0.2716353507793479,0.2759573717419751,20.98,1028.707
1791026160.0819921,69.64737049429873,0.23884456598175066,0.2688189168228206,0.2748344517352111,20.97,1028.705
1791026191.408502,69.64737049429873,0.2389477429458102,0.2747158302115638,0.27498230689400294,20.94,1028.703
1791026222.7517533,69.64737049429873,0.2379420480349623,0.2774734019228376,0.27897945713059,20.97,1028.704
1791026254.0983691,69.64737049429873,0.24063828150405292,0.270971839332655,0.2804084458197957,20.97,1028.68
1791026285.444801,69.64737049429873,0.24196446311021297,0.27177438687380834,0.2751037778413399,20.95,1028.679
1791026316.787369,69.64737049429873,0.23886993768652187,0.27085447972490795,0.27994607918958997,20.94,1028.677
1791026348.1367452,69.64737049429873,0.2431501912393396,0.2705870797406526,0.28128307911086675,20.97,1028.685
1791026379.4742758,69.64737049429873,0.23823168164575476,0.2696680848444076,0.2755196087325239,20.94,1028.691
1791026410.808696,69.64737049429873,0.24224268140958502,0.2680995330850675,0.2729936795989508,20.93,1028.683
1791026442.142411,69.64737049429873,0.24091876429708656,0.26786780371461105,0.274360425053416,20.93,1028.66
1791026473.4729972,69.64737049429873,0.23841432912657784,0.27003580030141633,0.27175269282859843,20.95,1028.642
1791026504.811368,69.64737049429873,0.2467888520910028,0.27388634810552775,0.2776202448401541,20.94,1028.665
1791026536.1557517,69.64737049429873,0.2447095844008331,0.27026920326666765,0.28014162364734496,20.93,1028.644
1791026567.505246,69.64737049429873,0.23882700664141915,0.2699353690661855,0.2858684331468698,20.94,1028.641
1791026598.8378513,69.64737049429873,0.24154509615703296,0.2700857281015968,0.2742119166146329,20.93,1028.635
1791026630.1834018,69.64737049429873,0.23882700664141915,0.27172074379426775,0.27302458225597254,20.93,1028.616
1791026661.5098171,69.64737049429873,0.23915436452978744,0.27655341720168947,0.28225334193971807,20.9,1028.624
1791026692.8463125,69.64737049429873,0.24492109688384764,0.27038605611949396,0.2816208484843966,20.89,1028.605
1791026724.151755,69.64737049429873,0.23989568087937393,0.26883171255624616,0.27652561942345333,20.9,1028.615
1791026755.488363,69.64737049429873,0.2455578338627996,0.26883171255624616,0.2743306795202276,20.9,1028.626
1791026786.8368003,69.64737049429873,0.2421378100012775,0.2699353690661855,0.27673727937852577,20.9,1028.639
1791026818.1722386,69.64737049429873,0.23983608155128688,0.2735589193749499,0.277032110648303,20.93,1028.634
1791026849.5018163,69.64737049429873,0.23905100908993146,0.26958524351462965,0.28009216949374804,20.94,1028.632
1791026880.8452036,69.64737049429873,0.23964434122071643,0.27198768132922246,0.27492399421372476,20.94,1028.631
1791026912.1869195,69.64737049429873,0.23979191537576638,0.26771668076994637,0.27984986496440006,20.93,1028.627
1791026943.536343,69.64737049429873,0.23909417520090787,0.27053602543911837,0.2741231816088605,20.94,1028.636
1791026974.8758783,69.64737049429873,0.23777819899646296,0.27557701700827913,0.2789022905647239,20.94,1028.629
1791027006.2263696,69.64737049429873,0.24443754639068183,0.2687844309097654,0.2766452289973093,20.94,1028.625
1791027037.5688818,69.64737049429873,0.23899075638399375,0.2790487059726274,0.2787816529753698,20.93,1028.626
1791027068.908233,69.64737049429873,0.24086012736479662,0.26901705386364205,0.2794366276837013,20.95,1028.614
1791027100.2517557,69.64737049429873,0.23792254439496352,0.27394463239285494,0.27302458225597254,20.93,1028.596
1791027131.59456,69.64737049429873,0.24743044479215737,0.2705540370663132,0.27727207934703646,20.9,1028.605
1791027162.9488823,69.64737049429873,0.2406836062703762,0.2688791995160463,0.2720101075423891,20.9,1028.629
1791027194.2933433,69.64737049429873,0.2394323786507873,0.2709584177355764,0.27799448630894263,20.9,1028.616
1791027225.6359453,69.64737049429873,0.24137005372169382,0.27313786145057184,0.28267487694794524,20.91,1028.615
1791027256.985267,69.64737049429873,0.24437066606973745,0.27060528574546916,0.2882896191885065,20.9,1028.62
1791027288.3277154,69.64737049429873,0.23934486689977738,0.27251421776966994,0.27733786324221577,20.9,1028.624
1791027319.672378,69.64737049429873,0.2381093883715042,0.2693667442503484,0.2758497129459082,20.91,1028.601
1791027351.0057602,69.64737049429873,0.23994000107472632,0.2701692917915017,0.281794573098732,20.9,1028.59
1791027382.3442156,69.64737049429873,0.23705940978749626,0.27705949449336287,0.27732643202831764,20.93,1028.585
1791027413.6928065,69.64737049429873,0.24016284943886262,0.26913351640085165,0.2805296824477747,20.91,1028.577
1791027445.0383153,69.64737049429873,0.23668965816550958,0.2701692917915017,0.2758156219453007,20.89,1028.58
1791027476.3817444,69.64737049429873,0.2403260213702815,0.27172074379426775,0.27929031682841415,20.9,1028.583
1791027507.7153337,69.64737049429873,0.23989568087937393,0.2699353690661855,0.27477585801650645,20.9,1028.563
1791027539.0437999,69.64737049429873,0.2431501912393396,0.26978487978788657,0.2824977274897497,20.9,1028.549
1791027570.382281,69.64737049429873,0.2402668204488318,0.2707372217315194,0.2755483377235227,20.87,1028.538
1791027601.7316918,69.64737049429873,0.2381093883715042,0.2692642200563052,0.273379481956115,20.89,1028.521
1791027633.073251,69.64737049429873,0.23868792234336583,0.27140992515896756,0.2734368429124945,20.9,1028.514
1791027664.4308968,69.64737049429873,0.2422900935150948,0.2740332506001571,0.27644193689281826,20.87,1028.516
1791027695.7692134,69.64737049429873,0.24025230068073836,0.2700522797721419,0.27578712457957505,20.86,1028.524
1791027727.116686,69.64737049429873,0.24101006446293077,0.26779709529196183,0.2787297988971372,20.83,1028.525
1791027758.442327,69.64737049429873,0.23615532104653217,0.26737827992958835,0.27100450595329734,20.87,1028.513
1791027789.7816968,69.64737049429873,0.24160324155772162,0.26737827992958835,0.2763501903888566,20.86,1028.512
1791027821.1253994,69.64737049429873,0.2350228818346905,0.2682265329051848,0.2735284795674615,20.84,1028.472
1791027852.4747608,69.64737049429873,0.23800612752917852,0.27001877344572184,0.2714422965535486,20.82,1028.443
1791027883.8242002,69.64737049429873,0.24127758030998187,0.27001877344572184,0.2756676794415044,20.87,1028.439
1791027915.165833,69.64737049429873,0.23773837965505878,0.26703870454616513,0.27644193689281826,20.87,1028.451
1791027946.4983606,69.64737049429873,0.24218506517497046,0.27254560329062866,0.2722778554165089,20.9,1028.446
1791027977.8438392,69.64737049429873,0.23757366029419566,0.2681101607007822,0.2789715522695031,20.91,1028.437
1791028009.1662323,69.64737049429873,0.2377600106548889,0.26678410581950346,0.2757013353642924,20.9,1028.441
1791028040.49567,69.64737049429873,0.2361243529419669,0.2737326992421637,0.2745394414616043,20.9,1028.441
1791028071.8473487,69.64737049429873,0.24174328578742288,0.2702530730100164,0.2748067616671389,20.9,1028.433
1791028103.196676,69.64737049429873,0.23757366029419566,0.2717102768575789,0.2781418041543067,20.89,1028.427
1791028134.5193942,69.64737049429873,0.2362971653484654,0.2676100871530606,0.2787038043953833,20.86,1028.417
1791028165.8497403,69.64737049429873,0.23829266952244177,0.271453806259313,0.2772992792077917,20.9,1028.414
1791028197.1842747,69.64737049429873,0.23936134376039658,0.26756542709055237,0.2777134409863396,20.9,1028.389
1791028228.5077062,69.64737049429873,0.238930399339942,0.2689006920768402,0.2747464850581888,20.89,1028.383
1791028259.8321757,69.64737049429873,0.23829266952244177,0.27165667967767404,0.27219147964618473,20.9,1028.386
1791028291.1679296,69.64737049429873,0.2422900935150948,0.2695664344253364,0.2782211799413023,20.93,1028.36
1791028322.5142672,69.64737049429873,0.24523532013041224,0.2693326288011914,0.2723959853192505,20.91,1028.342
1791028353.8447711,69.64737049429873,0.24336108501157386,0.2693326288011914,0.27319957743521334,20.9,1028.344
1791028385.188236,69.64737049429873,0.2394049693806241,0.2702196828679428,0.2762940735283054,20.87,1028.335
1791028416.5196962,69.64737049429873,0.23895613548119865,0.2684595806428068,0.2730192039859644,20.87,1028.329
1791028447.8663788,69.64737049429873,0.23819371366252234,0.2769596681199262,0.27642183997363245,20.89,1028.321
1791028479.203826,69.64737049429873,0.24022307133556056,0.2726256177687325,0.2795016341328076,20.89,1028.31
1791028510.497161,69.64737049429873,0.23819371366252234,0.26991790497230017,0.27830423848566055,20.9,1028.29
1791028541.8497484,69.64737049429873,0.23771834018958327,0.2716781382968004,0.2726012020375265,20.89,1028.293
1791028573.1963315,69.64737049429873,0.23841970920553301,0.2689960069184723,0.27409205653729557,20.89,1028.297
1791028604.5396695,69.64737049429873,0.23788328292986743,0.26842458732152175,0.2743602696751284,20.91,1028.288
1791028635.8662715,69.64737049429873,0.23848071915781877,0.26814535077365204,0.2726012020375265,20.9,1028.285
1791028667.2126167,69.64737049429873,0.23714081763766715,0.26807490950490837,0.28004254376598214,20.91,1028.281
1791028698.4432557,69.64737049429873,0.23777998575204706,0.2743008824104528,0.277578827329122,20.91,1028.266
1791028729.7445955,69.64737049429873,0.23837725241015847,0.26883171255624616,0.2845942576260182,20.9,1028.257
1791028761.0742533,69.64737049429873,0.23639964028445992,0.2690992284032973,0.2729936795989508,20.9,1028.245
1791028792.4077559,69.64737049429873,0.24069718655784006,0.27632215627367723,0.27673727937852577,20.93,1028.245
1791028823.7481284,69.64737049429873,0.2431501912393396,0.2678777189633563,0.2765896721207284,20.91,1028.264
1791028855.0767899,69.64737049429873,0.24084690612349202,0.26833166373551776,0.27177438687380834,20.91,1028.259
1791028886.4251947,69.64737049429873,0.24101006446293077,0.2728695317440492,0.2766174746106345,20.91,1028.263
1791028917.7596166,69.64737049429873,0.23765658736624276,0.27391261236511405,0.2728695317440492,20.91,1028.256
1791028949.0763404,69.64737049429873,0.23846227681066215,0.2676192481917791,0.2747183018095334,20.93,1028.262
1791028980.4275756,69.64737049429873,0.23858427576318497,0.2679938894305926,0.2763578179288435,20.91,1028.244
1791029011.7701175,69.64737049429873,0.23703793221688713,0.26894824620453905,0.27563904146193124,20.9,1028.23
1791029043.1086876,69.64737049429873,0.24025230068073836,0.26837802473943645,0.2708216688766089,20.95,1028.225
1791029074.4472291,69.64737049429873,0.2373057962555414,0.2687624935132454,0.2714422965535486,20.94,1028.224
1791029105.7875593,69.64737049429873,0.24132375683535542,0.27090633594548796,0.2761460818604103,20.95,1028.213
1791029137.135224,69.64737049429873,0.23862703952104464,0.26869303369810266,0.27358613898579126,20.97,1028.194
1791029168.4775116,69.64737049429873,0.23895613548119865,0.2715601662198393,0.2717641071799957,20.97,1028.188
1791029199.8241634,69.64737049429873,0.2396566624447022,0.2741220995938519,0.27427103358983035,20.95,1028.188
1791029231.1765683,69.64737049429873,0.2382738754032983,0.2740031695511761,0.2756103537831017,20.95,1028.168
1791029262.5022297,69.64737049429873,0.24507793644083506,0.27376561878986144,0.2817712266721499,20.97,1028.166
1791029293.837532,69.64737049429873,0.23753235845126636,0.2691472961864256,0.27656182140242513,20.95,1028.172
1791029325.1760926,69.64737049429873,0.2388779150753809,0.2683544177792262,0.2791881061561188,20.93,1028.181
1791029356.5205886,69.64737049429873,0.238339852571309,0.26774523650213256,0.27830423848566055,20.95,1028.162
1791029387.868054,69.64737049429873,0.23838244565891153,0.27271972934681576,0.2716459438404923,20.97,1028.169
1791029419.2177048,69.64737049429873,0.24093829666785493,0.2684595806428068,0.2741811755132538,20.97,1028.158
1791029450.5621462,69.64737049429873,0.23996927140394902,0.2716459438404923,0.27397303625325303,20.98,1028.151
1791029481.9025996,69.64737049429873,0.2428738224892538,0.2696495752657775,0.275284499102753,20.98,1028.138
1791029513.2392225,69.64737049429873,0.24056541430819545,0.2716781382968004,0.2767741879156236,21.0,1028.144
1791029544.5918126,69.64737049429873,0.24035658128603105,0.2699515861975635,0.2730192039859644,21.0,1028.128
1791029575.9360948,69.64737049429873,0.23852332930915118,0.2746284828129612,0.2758497129459082,20.98,1028.133
1791029607.2916515,69.64737049429873,0.24512503765135302,0.27682956927654495,0.27507462570579316,20.95,1028.132
1791029638.647158,69.64737049429873,0.24855608587902062,0.27215982792808735,0.2793604503242615,20.97,1028.145
1791029669.982558,69.64737049429873,0.2387058516411266,0.28167247321469946,0.280602409826495,20.93,1028.146
1791029701.33814,69.64737049429873,0.23901667976587945,0.2727821980737003,0.2820622049090277,20.97,1028.136
1791029732.68357,69.64737049429873,0.23971657260342982,0.2699515861975635,0.2749260405059429,20.98,1028.139
1791029764.0272713,69.64737049429873,0.2394323786507873,0.2710435585106949,0.2750161693962303,20.98,1028.141
1791029795.3545594,69.64737049429873,0.24020836092958062,0.2694791157253598,0.2738519778400529,20.98,1028.131
1791029826.7030692,69.64737049429873,0.2391905958656057,0.26998431803509626,0.2735216305841444,21.03,1028.121
1791029858.05067,69.64737049429873,0.23898205113241278,0.2706567575454982,0.27498917086133867,20.98,1028.113
1791029889.3941863,69.64737049429873,0.23970082502736814,0.2676192481917791,0.27847818588349044,21.0,1028.103
1791029920.724527,69.64737049429873,0.24114790829205998,0.26961560199487744,0.2808952542167485,21.0,1028.109
1791029952.0531685,69.64737049429873,0.2439959670526621,0.2708076532787113,0.2778202105018524,20.98,1028.08
1791029983.3934555,69.64737049429873,0.2392679662550815,0.26976681920442613,0.2803334494119356,20.97,1028.092
1791030014.7430425,69.64737049429873,0.23986497784176442,0.26842458732152175,0.2771628070484114,20.95,1028.087
1791030046.088685,69.64737049429873,0.23879165901567384,0.26807490950490837,0.2814560823527737,20.94,1028.076
1791030077.4329426,69.64737049429873,0.24507385337651516,0.27540419311262454,0.27611780961628746,20.94,1028.066
1791030108.7624981,69.64737049429873,0.23868792234336583,0.27447950998318504,0.2770148713721098,20.93,1028.081
1791030140.1092212,69.64737049429873,0.2499528741323435,0.274031813534694,0.28682267648322646,20.91,1028.061
1791030171.4565685,69.64737049429873,0.24517246739349557,0.27558625163272865,0.2773766824527464,20.91,1028.048
1791030202.8141258,69.64737049429873,0.2452830512521818,0.2688922459255199,0.27492810284819663,20.93,1028.044
1791030234.1564703,69.64737049429873,0.23910341076154834,0.27015272829115705,0.27546616535226853,20.93,1028.043
1791030265.4991083,69.64737049429873,0.23996927140394902,0.27060528574546916,0.2770148713721098,20.94,1028.018
1791030296.851453,69.64737049429873,0.24126524246697797,0.27060528574546916,0.2743602696751284,20.94,1027.994
1791030328.1311114,69.64737049429873,0.2404609524558401,0.27313786145057184,0.2751649090886268,20.94,1027.981
1791030359.4805753,69.64737049429873,0.24523157197221718,0.278625549631595,0.28399447716321247,20.93,1027.966
1791030390.8350613,69.64737049429873,0.23755325401472113,0.274330407606301,0.2805046742676612,20.91,1027.961
1791030422.1775105,69.64737049429873,0.24388992343960397,0.271527883211436,0.27874674903163016,20.89,1027.948
1791030453.5229623,69.64737049429873,0.23819371366252234,0.26958156956033846,0.27447950998318504,20.9,1027.901
1791030484.8665287,69.64737049429873,0.24055149396102635,0.276477978618948,0.2773766824527464,20.89,1027.893
1791030516.2169394,69.64737049429873,0.23852332930915118,0.26991790497230017,0.274330407606301,20.86,1027.889
1791030547.5605369,69.64737049429873,0.23738802421810298,0.2681913675049739,0.271527883211436,20.9,1027.885
1791030578.897951,69.64737049429873,0.2355329358134852,0.2677356599578989,0.27611780961628746,20.9,1027.882
1791030610.2545164,69.64737049429873,0.2413922516285255,0.2692582814429388,0.2818469061505655,20.91,1027.876
1791030641.5959606,69.64737049429873,0.2373876053248204,0.2671781096268993,0.27307072132211946,20.91,1027.873
1791030672.9386027,69.64737049429873,0.23830212536754,0.2740000448304527,0.2740000448304527,20.93,1027.891
1791030704.22088,69.64737049429873,0.23838244565891153,0.26978259249751757,0.27328304941129483,20.9,1027.892
1791030735.6036015,69.64737049429873,0.2393116978793637,0.26922992645126437,0.2748986449099613,20.9,1027.896
1791030766.9479563,69.64737049429873,0.2414164714401998,0.26981650905951376,0.27310692292069466,20.9,1027.887
1791030798.2925317,69.64737049429873,0.2383210301580899,0.2665146048289178,0.2748986449099613,20.93,1027.879
1791030829.6361513,69.64737049429873,0.23686949586449765,0.26936153691552084,0.2734022879489917,20.9,1027.888
1791030860.980525,69.64737049429873,0.23972936267006847,0.26743984777537566,0.27313290454676026,20.91,1027.881
1791030892.3219686,69.64737049429873,0.23680673154445284,0.26713392512938694,0.2726816827904331,20.95,1027.868
1791030923.6764176,69.64737049429873,0.2376159409710539,0.267556689755293,0.2713330004127647,20.95,1027.844
1791030955.0198908,69.64737049429873,0.2369729367498822,0.2751971341002326,0.27773943989745314,20.98,1027.842
1791030986.3425083,69.64737049429873,0.23815541392212128,0.2688357064522117,0.2766907540467793,20.95,1027.848
1791031017.6870315,69.64737049429873,0.2369102354209303,0.2699504592449573,0.27273799329123216,20.97,1027.835
1791031049.0355637,69.64737049429873,0.2366808732745486,0.27204612693518176,0.2790777074915897,20.94,1027.818
1791031080.3798275,69.64737049429873,0.2384493513863756,0.27475058099533867,0.27490060922936044,20.97,1027.817
1791031111.7233932,69.64737049429873,0.2362438493353178,0.27096434531111896,0.2762238048086026,20.95,1027.819
1791031143.0709796,69.64737049429873,0.23705483031211594,0.26833062501075916,0.27745503505549557,20.98,1027.82
1791031174.4173272,69.64737049429873,0.2433867403584567,0.27015300909307194,0.2727694576254434,20.95,1027.81
1791031205.7618127,69.64737049429873,0.24316588164651423,0.27337145877148944,0.27273799329123216,20.91,1027.784
1791031237.1083627,69.64737049429873,0.24624750818813185,0.26782642623082675,0.27891165039585714,20.93,1027.763
1791031268.444939,69.64737049429873,0.23633049388332641,0.27047242950400807,0.271872473363832,20.91,1027.756
1791031299.7984612,69.64737049429873,0.2410301650916684,0.26735919924951795,0.28057775914095134,20.94,1027.756
1791031331.13685,69.64737049429873,0.24022307133556056,0.2739410547534545,0.2735523153277392,20.9,1027.774
1791031362.495491,69.64737049429873,0.2398340067609397,0.27072716722736834,0.2835151542361823,20.9,1027.763
1791031393.8409748,69.64737049429873,0.2370959386613411,0.2736073111875974,0.28165878403601124,20.87,1027.747
1791031425.2004654,69.64737049429873,0.2376792333586155,0.2686480149491892,0.2752328317889886,20.89,1027.744
1791031456.559038,69.64737049429873,0.23755377456099433,0.26843626291529554,0.272744517578406,20.87,1027.743
1791031487.900474,69.64737049429873,0.23693215069130014,0.2710107265701892,0.2773220381579609,20.86,1027.748
1791031519.2459042,69.64737049429873,0.23461107802767214,0.2766068829511879,0.2766348887757683,20.84,1027.749
1791031550.5784492,69.64737049429873,0.24037300874211098,0.2669370862954384,0.2762166404900008,20.82,1027.754
1791031581.9238853,69.64737049429873,0.2371603852941887,0.26874038405137,0.2739106961347725,20.82,1027.765
1791031613.255385,69.64737049429873,0.23558582110907808,0.2710961216688737,0.2747195521796971,20.86,1027.764
1791031644.5962617,69.64737049429873,0.2363536430747481,0.26685716528711845,0.27675564247117207,20.86,1027.76
1791031675.946336,69.64737049429873,0.23558582110907808,0.26874038405137,0.27671861374801293,20.9,1027.765
1791031707.2879224,69.64737049429873,0.2350472892761893,0.2720233653632818,0.27077464443754806,20.93,1027.759
1791031738.629402,69.64737049429873,0.23987863351729655,0.2671702290937341,0.27675564247117207,20.93,1027.765
1791031769.9789243,69.64737049429873,0.23622737844106048,0.2740896282525623,0.2732786472757642,20.91,1027.754
1791031801.3283021,69.64737049429873,0.2381978767515522,0.27637325343143276,0.27787420614428676,20.91,1027.752
1791031832.6709113,69.64737049429873,0.24093170176991097,0.26718603863643203,0.27784718834990546,20.87,1027.755
1791031864.0154743,69.64737049429873,0.23761682210245869,0.2665633885815688,0.2734563858828659,20.9,1027.751
1791031895.3617635,69.64737049429873,0.23632403818724237,0.2679537487921278,0.28185859594537926,20.87,1027.761
1791031926.7034805,69.64737049429873,0.23661777874712628,0.2732786472757642,0.2801844711031516,20.9,1027.766
1791031958.04994,69.64737049429873,0.2363072434225113,0.2677548717235507,0.27072716722736834,20.91,1027.754
1791031989.3893979,69.64737049429873,0.23599752211785177,0.2677094664570172,0.2735797290521752,20.93,1027.753
1791032020.7468815,69.64737049429873,0.23670331806824066,0.2699504592449573,0.2745698381191689,20.91,1027.759
1791032052.0893643,69.64737049429873,0.23508560597839145,0.2691751086084952,0.2729514192659668,20.93,1027.75
1791032083.4148626,69.64737049429873,0.23848650180801148,0.2670172168042257,0.2706752719550741,20.95,1027.755
1791032114.693272,69.64737049429873,0.24079344302939065,0.2716890957231343,0.27160273688829834,20.94,1027.753
1791032146.040811,69.64737049429873,0.23556096355894562,0.2668640707569899,0.2741501388117072,20.93,1027.742
1791032177.3863206,69.64737049429873,0.23728380218862796,0.27574045285679344,0.28062664374923363,20.93,1027.745
1791032208.7328215,69.64737049429873,0.23753316374088415,0.2679537487921278,0.27952171951487526,20.93,1027.738
1791032240.0783944,69.64737049429873,0.23663568769911966,0.2721564967497888,0.27688627277735556,20.91,1027.733
1791032271.405833,69.64737049429873,0.23874535801125243,0.2683180693793204,0.2718848614754918,20.9,1027.741
1791032302.7322302,69.64737049429873,0.2393496523368627,0.26788216655163727,0.27022119091756924,20.93,1027.74
1791032334.0629017,69.64737049429873,0.23778362047223184,0.26691476142052406,0.2731541373864083,20.93,1027.744
1791032365.4073405,69.64737049429873,0.2367397536096668,0.27113606342508645,0.2757457506624729,20.94,1027.73
1791032396.7496862,69.64737049429873,0.24418417018120647,0.2673761488822644,0.27954196368149703,20.91,1027.715
1791032428.0943263,69.64737049429873,0.24380610016209178,0.26961211828104054,0.27902571319223474,20.91,1027.701
1791032459.4506946,69.64737049429873,0.23742911496517333,0.266944245677055,0.27108309026114347,20.93,1027.696
1791032490.7931216,69.64737049429873,0.2417562414614244,0.2737887294966483,0.27351816557309777,20.93,1027.7
1791032522.1247659,69.64737049429873,0.24083940820384037,0.27354897426803026,0.27610280802541715,20.91,1027.697
1791032553.4692025,69.64737049429873,0.23682525611633418,0.2679179890827281,0.28301041899734136,20.91,1027.698
1791032584.8127615,69.64737049429873,0.2369920358937832,0.2682244313371347,0.2742695029856898,20.93,1027.689
1791032616.1571546,69.64737049429873,0.24049520120010617,0.275265592314072,0.27445032780238016,20.93,1027.675
1791032647.4936094,69.64737049429873,0.23721991510178675,0.2688267015213365,0.27445032780238016,20.91,1027.694
1791032678.8330898,69.64737049429873,0.23899948116281472,0.27142821334291867,0.27333217329687587,20.94,1027.689
1791032710.1597123,69.64737049429873,0.24227661657711402,0.27100361478843976,0.27562955548103424,20.91,1027.677
1791032741.4970481,69.64737049429873,0.24292676668362953,0.2677645661630988,0.28255694409997667,20.9,1027.678
1791032772.8387036,69.64737049429873,0.23838769815745445,0.2719817905862062,0.2745105234659484,20.93,1027.674
1791032804.1781747,69.64737049429873,0.23713715529006624,0.27411880222574825,0.28188214221167407,20.94,1027.658
1791032835.5195992,69.64737049429873,0.2368661162557916,0.26699542653814495,0.2725553520572451,20.93,1027.654
1791032866.866325,69.64737049429873,0.2372827852427158,0.26745731585234006,0.27095074649175405,20.94,1027.648
1791032898.213531,69.64737049429873,0.23642783010829463,0.2671052287820325,0.27300281384487635,20.94,1027.641
1791032929.5440123,69.64737049429873,0.23734554488655066,0.27134159092689764,0.27186249520237105,20.94,1027.637
1791032960.8945642,69.64737049429873,0.23776342477624796,0.2702550498297095,0.2759593905899474,20.97,1027.629
1791032992.215088,69.64737049429873,0.23951576261381477,0.2680356051973734,0.28082429663067,20.95,1027.638
1791033023.546612,69.64737049429873,0.23840646527344606,0.2679537487921278,0.27902571319223474,20.93,1027.653
1791033054.8941061,69.64737049429873,0.23920045845815005,0.26828247320456067,0.27688627277735556,20.91,1027.643
1791033086.2385623,69.64737049429873,0.23644511667317508,0.26906387692209877,0.2778064687481376,20.91,1027.634
1791033117.5872154,69.64737049429873,0.24117735430967283,0.2779289636629032,0.2749641389716964,20.93,1027.622
1791033148.9225485,69.64737049429873,0.2362771397292421,0.26773824488778486,0.27411768565590156,20.9,1027.618
1791033180.2599828,69.64737049429873,0.24526086646003176,0.26816428199327763,0.2725161904594656,20.91,1027.604
1791033211.590546,69.64737049429873,0.23818277873274293,0.2675748845693902,0.27659610464651696,20.89,1027.601
1791033242.9300132,69.64737049429873,0.24185099156404338,0.26676069517806733,0.2804786222159247,20.89,1027.59
1791033274.2828503,69.64737049429873,0.23653171323882663,0.26920326335203604,0.27393742047352354,20.89,1027.598
1791033305.62513,69.64737049429873,0.2398924452644113,0.2697802730611493,0.27191722798977913,20.9,1027.593
1791033336.9684994,69.64737049429873,0.23588551396271978,0.2656751093229701,0.27152647409096026,20.94,1027.582
1791033368.3139365,69.64737049429873,0.2409184402056288,0.2735456067724249,0.27475196792309703,20.93,1027.564
1791033399.6646647,69.64737049429873,0.23659507722151701,0.2680356051973734,0.28087331129433113,20.9,1027.574
1791033431.0059426,69.64737049429873,0.23707426767064263,0.26706869233327496,0.27059374727951163,20.9,1027.568
1791033462.3325543,69.64737049429873,0.23517532715928655,0.26725887360350215,0.27194953764344876,20.93,1027.567
1791033493.6770382,69.64737049429873,0.23969767512928797,0.2669880723329804,0.2741491513880611,20.93,1027.57
1791033525.0274816,69.64737049429873,0.23717848062666827,0.2675840662153272,0.27186249520237105,20.94,1027.561
1791033556.3679693,69.64737049429873,0.24176940306232828,0.26700282618166904,0.2742689846890947,20.94,1027.549
1791033587.7204192,69.64737049429873,0.23797291700909826,0.26750244586292804,0.2765394312670334,20.93,1027.548
1791033619.0440114,69.64737049429873,0.236029005268282,0.27242813202408583,0.271732779430074,20.94,1027.542
1791033650.3915288,69.64737049429873,0.24044954782185357,0.27125519687505223,0.2744804521065725,20.91,1027.525
1791033681.7368665,69.64737049429873,0.24272241976116435,0.2732165015549796,0.27830840448866057,20.89,1027.511
1791033713.0774567,69.64737049429873,0.2383688485088138,0.26923795691557445,0.28188214221167407,20.9,1027.502
1791033744.420888,69.64737049429873,0.23653171323882663,0.2681176774969389,0.2772232956250285,20.87,1027.5
1791033775.7724779,69.64737049429873,0.23680299045473466,0.26703209164184166,0.2746611183713232,20.87,1027.502
1791033807.0959122,69.64737049429873,0.23744987709044257,0.2683066442316481,0.27312287302395005,20.87,1027.515
1791033838.446482,69.64737049429873,0.23751246239944437,0.2688487223001973,0.27330532800738594,20.84,1027.501
1791033869.7899234,69.64737049429873,0.23523988205014387,0.2677285930682481,0.2734563858828659,20.87,1027.484
1791033901.1345546,69.64737049429873,0.23659507722151701,0.2777386419048666,0.27655922488083523,20.91,1027.485
1791033932.4139438,69.64737049429873,0.23784806206355516,0.26505698346163487,0.28233121808206785,20.87,1027.463
1791033963.7603748,69.64737049429873,0.23724003885335654,0.2661854028886378,0.26969314089634794,20.89,1027.46
1791033995.112832,69.64737049429873,0.23757558763254474,0.2694897052188281,0.27097035656139173,20.86,1027.457
1791034026.4494503,69.64737049429873,0.23753357330672673,0.2674297515169905,0.2750556700741624,20.9,1027.455
1791034057.8028853,69.64737049429873,0.23604491364885827,0.2671573972828058,0.27205977349813054,20.93,1027.465
1791034089.1494086,69.64737049429873,0.24645957956762743,0.26838907396071315,0.27312287302395005,20.94,1027.46
1791034120.48486,69.64737049429873,0.24217006994015686,0.26730348810561594,0.27342541460231634,20.94,1027.454
1791034151.8244174,69.64737049429873,0.24038962370136174,0.26718603863643203,0.2721886244535534,20.94,1027.453
1791034183.1748462,69.64737049429873,0.23732437575641052,0.2674661307293969,0.27330532800738594,20.94,1027.45
1791034214.5253708,69.64737049429873,0.23820208746265836,0.26808196763533315,0.27850006460047416,20.93,1027.447
1791034245.859965,69.64737049429873,0.23744987709044257,0.269015231057768,0.2718848614754918,20.91,1027.445
1791034277.1973941,69.64737049429873,0.23841187377826703,0.26893186688826176,0.2730915536162271,20.94,1027.459
1791034308.5457182,69.64737049429873,0.24380610016209178,0.26648929871429305,0.2711030385984562,20.93,1027.464
1791034339.8853202,69.64737049429873,0.23906089412564527,0.27108994264682523,0.2781593466565881,20.9,1027.472
1791034371.228697,69.64737049429873,0.23899948116281472,0.2683651983367211,0.27599448240501256,20.91,1027.487
1791034402.5744028,69.64737049429873,0.23774313999085703,0.2742689846890947,0.2767180121145859,20.91,1027.463
1791034433.915825,69.64737049429873,0.2412368483587393,0.26937092983811234,0.27859627511856366,20.93,1027.474
1791034465.2742236,69.64737049429873,0.23770092272996152,0.27584374480917356,0.276266956836023,20.9,1027.484
1791034496.6017127,69.64737049429873,0.23942175999910384,0.2686022803234743,0.2833288980572688,20.9,1027.481
1791034527.9412084,69.64737049429873,0.23780568746511463,0.26816428199327763,0.27666152901109786,20.89,1027.494
1791034559.2836294,69.64737049429873,0.23663568769911966,0.26769255669346,0.2749641389716964,20.89,1027.498
1791034590.6293063,69.64737049429873,0.23772127355421688,0.27384764415296087,0.281687500685654,20.87,1027.5
1791034621.9769042,69.64737049429873,0.24140249333837235,0.26742104087693547,0.2800339197044031,20.87,1027.493
1791034653.3232074,69.64737049429873,0.2426550118463989,0.2678103323610361,0.2741785729651496,20.86,1027.49
1791034684.6756365,69.64737049429873,0.23761682210245869,0.2731853468485913,0.2807006890586841,20.84,1027.488
1791034716.0181985,69.64737049429873,0.24113061883290823,0.2668043105975939,0.2747818006818564,20.87,1027.496
1791034747.3467257,69.64737049429873,0.23630064054257904,0.2635039376127757,0.28082429663067,20.87,1027.503
1791034778.6851568,69.64737049429873,0.2380973326922893,0.2658334457790695,0.27152647409096026,20.89,1027.502
1791034810.038854,69.64737049429873,0.2367992063811265,0.27102343182036576,0.2757856150170863,20.89,1027.501
1791034841.3750892,69.64737049429873,0.23978454375490574,0.2708367347259018,0.27141638285651976,20.87,1027.504
1791034872.72757,69.64737049429873,0.23820634661767312,0.26709167169267867,0.27739638565149444,20.89,1027.512
1791034904.07615,69.64737049429873,0.2360207638512112,0.2689586897662011,0.27150356501550177,20.89,1027.518
1791034935.4356368,69.64737049429873,0.23952756296994918,0.2677841348938191,0.27539073231808525,20.91,1027.512
1791034966.777021,69.64737049429873,0.2394829086496176,0.2649785634093281,0.27230001326750164,20.93,1027.527
1791034998.1215174,69.64737049429873,0.23845501287610021,0.26567842721182644,0.27326973809490845,20.94,1027.53
1791035029.4681108,69.64737049429873,0.23780568746511463,0.2671207133219812,0.26976193936218534,20.93,1027.531
1791035060.80664,69.64737049429873,0.2419940567397446,0.2668481185880064,0.27448077113929975,20.93,1027.529
1791035092.1620872,69.64737049429873,0.23707204204000878,0.2658372624793239,0.27366298693737545,20.91,1027.513
1791035123.5044987,69.64737049429873,0.23461652111006837,0.2678202494747003,0.27059715182641353,20.93,1027.514
1791035154.8550243,69.64737049429873,0.23971048657383,0.26967744190664095,0.2722120466524007,20.93,1027.511
1791035186.2125716,69.64737049429873,0.2405126205719775,0.2681753071525873,0.2739968705307068,20.94,1027.508
1791035217.5561929,69.64737049429873,0.23566826661547186,0.26513561162570537,0.2717221707180568,20.95,1027.513
1791035248.8995092,69.64737049429873,0.23530529221227522,0.26666251377323913,0.2733863636768806,20.95,1027.503
1791035280.2471206,69.64737049429873,0.2374918425208061,0.27432901547793237,0.27283899915651516,20.91,1027.505
1791035311.5967987,69.64737049429873,0.24016434974390355,0.26709167169267867,0.27597183727179525,20.91,1027.491
1791035342.9379523,69.64737049429873,0.23709172148370786,0.2670102716859728,0.27642548210766316,20.93,1027.481
1791035374.2635841,69.64737049429873,0.23482406351177507,0.26743851611910124,0.2735699226115654,20.94,1027.469
1791035405.6161995,69.64737049429873,0.23936050321189964,0.2700509978063427,0.27903629838289257,20.94,1027.473
1791035436.966592,69.64737049429873,0.2401187315383273,0.27329660382299903,0.2726611695070106,20.93,1027.467
1791035468.3110495,69.64737049429873,0.2356432945418813,0.2728135133535859,0.28000561702625726,20.89,1027.47
1791035499.6645792,69.64737049429873,0.2371768529630399,0.2706308280825277,0.2755711500751988,20.9,1027.46
1791035531.0141244,69.64737049429873,0.23598069940447972,0.2680927239057107,0.27539073231808525,20.87,1027.458
1791035562.3686013,69.64737049429873,0.23671723083156299,0.27236418558037934,0.276266956836023,20.89,1027.452
1791035593.699922,69.64737049429873,0.2428107591698164,0.26653231631845714,0.27958804171702123,20.87,1027.446
1791035625.0305367,69.64737049429873,0.2378880993183667,0.26932165159260696,0.27142821334291867,20.87,1027.444
1791035656.3690357,69.64737049429873,0.23617300251478715,0.2657541730110006,0.2759305555323158,20.89,1027.446
1791035687.713525,69.64737049429873,0.23546043729917032,0.26777432036839216,0.28149200167097843,20.9,1027.443
1791035718.9959407,69.64737049429873,0.23526615899528763,0.2658372624793239,0.27205977349813054,20.9,1027.44
1791035750.3373718,69.64737049429873,0.23700867959205832,0.2690074475139575,0.27499619862464403,20.93,1027.437
1791035781.6890337,69.64737049429873,0.2352402518229,0.26579932904425485,0.27326523021287175,20.91,1027.433
1791035813.020503,69.64737049429873,0.2368403573886344,0.2707168902687941,0.2793096171714589,20.93,1027.425
1791035844.36291,69.64737049429873,0.23663094040082494,0.2668481185880064,0.27339039220340067,20.91,1027.42
1791035875.70738,69.64737049429873,0.24187619628806958,0.2668921204274858,0.2746020134742794,20.9,1027.412
1791035907.0478978,69.64737049429873,0.23448533584657616,0.26926664978811643,0.2759076493391412,20.9,1027.412
1791035938.395406,69.64737049429873,0.236253535063362,0.26544695056376466,0.2724202923285321,20.91,1027.406
1791035969.7448206,69.64737049429873,0.23633449580534524,0.26611021876043134,0.2712963881014732,20.93,1027.409
1791036001.0784352,69.64737049429873,0.2371768529630399,0.26638317504153886,0.2732070820692255,20.91,1027.402
1791036032.419947,69.64737049429873,0.23608502783861002,0.26517411490488235,0.2725086908966614,20.91,1027.398
1791036063.764375,69.64737049429873,0.23574756600540347,0.26564367774314096,0.27035799242364544,20.93,1027.391
1791036095.1078463,69.64737049429873,0.23458918682429086,0.2706832455001415,0.27111005351446815,20.9,1027.384
1791036126.4554582,69.64737049429873,0.2382494227746244,0.27238017578281126,0.27183208238319495,20.91,1027.389
1791036157.799832,69.64737049429873,0.23531872736790105,0.26423658971002956,0.27094290469261983,20.93,1027.396
1791036189.1463134,69.64737049429873,0.23833591955967973,0.26811443706058896,0.2736882460105831,20.91,1027.401
1791036220.4897645,69.64737049429873,0.23586730776640627,0.2692811297741402,0.2765194445364162,20.93,1027.393
1791036251.8373673,69.64737049429873,0.23664906292963314,0.26799542858588116,0.2807757847018133,20.91,1027.393
1791036283.178786,69.64737049429873,0.2386287166336787,0.26638317504153886,0.2699137554845381,20.93,1027.393
1791036314.5224319,69.64737049429873,0.2384362203344201,0.2706308280825277,0.2728135133535859,20.93,1027.401
1791036345.8708048,69.64737049429873,0.23650326569346478,0.2678663817260595,0.27390485598911496,20.93,1027.393
1791036377.2144039,69.64737049429873,0.2460202209232268,0.2686856127561657,0.27208287949783283,20.91,1027.388
1791036408.5620852,69.64737049429873,0.24061890560547827,0.26759330471602405,0.27812029512915987,20.9,1027.388
1791036439.8892982,69.64737049429873,0.23946637268237703,0.2658751288912901,0.2701704945771786,20.89,1027.379
1791036471.2758257,69.64737049429873,0.23543502808671518,0.26599262188152917,0.2706644448636531,20.91,1027.368
1791036502.612428,69.64737049429873,0.23776516130937247,0.2710433718902067,0.2783932514102674,20.89,1027.358
1791036533.959836,69.64737049429873,0.23854787714065312,0.2652956546697133,0.26967435372865434,20.91,1027.355
1791036565.304163,69.64737049429873,0.2351489059106527,0.26819756337465656,0.2695702340336382,20.91,1027.364
1791036596.6449044,69.64737049429873,0.24063714813695025,0.2669064075373416,0.2710968924929015,20.94,1027.357
1791036627.9962986,69.64737049429873,0.23531872736790105,0.26713639048120347,0.27149197295621247,20.91,1027.345
1791036659.338767,69.64737049429873,0.2364800581079463,0.2658790833313664,0.27042787287223474,20.9,1027.353
1791036690.6682165,69.64737049429873,0.23700867959205832,0.26873376525377485,0.27274996624586634,20.89,1027.353
1791036722.0089042,69.64737049429873,0.24001252670244783,0.26958948614632783,0.2766989219461166,20.89,1027.365
1791036753.3582547,69.64737049429873,0.23900834690988118,0.26666251377323913,0.273933728197246,20.89,1027.36
1791036784.6966615,69.64737049429873,0.23551381281851133,0.26783022805167184,0.27420741045742864,20.89,1027.368
1791036816.0463312,69.64737049429873,0.23643925855221717,0.27268619368406954,0.2727181082216491,20.9,1027.368
1791036847.3956482,69.64737049429873,0.2403167119052601,0.2647068681881836,0.27080318125236996,20.9,1027.364
1791036878.7402549,69.64737049429873,0.23669017836416412,0.2735978049698907,0.2752428153426812,20.91,1027.365
1791036910.0848384,69.64737049429873,0.23586730776640627,0.2660012903202859,0.2789308690490656,20.89,1027.349
1791036941.4302635,69.64737049429873,0.23580253582268984,0.2717665070880088,0.2742373142741758,20.9,1027.351
1791036972.775637,69.64737049429873,0.23449585677014323,0.26643188660054856,0.27271137371243803,20.87,1027.358
1791037004.1171875,69.64737049429873,0.23531872736790105,0.2721385864194486,0.27268619368406954,20.86,1027.349
1791037035.4647245,69.64737049429873,0.23595638601655797,0.26752044930503427,0.2795312844918314,20.84,1027.359
1791037066.8082805,69.64737049429873,0.2467298136385749,0.2712301251770483,0.2782163420171935,20.86,1027.353
1791037098.1505978,69.64737049429873,0.24601813765861139,0.2701021765546883,0.2783395609768371,20.86,1027.36
1791037129.4982052,69.64737049429873,0.2358918940318518,0.26678082526479285,0.2751801571821509,20.83,1027.363
1791037160.8295689,69.64737049429873,0.2398297578068126,0.26541119970410376,0.2740552118456219,20.82,1027.357
1791037192.1721196,69.64737049429873,0.23698662307258256,0.26576132840798006,0.2778611097789738,20.8,1027.341
1791037223.5096064,69.64737049429873,0.23879654476584702,0.26787652571334414,0.27247664745729994,20.84,1027.358
1791037254.8592231,69.64737049429873,0.23462748879291356,0.2631030665532029,0.26952007638617104,20.84,1027.347
1791037286.2106113,69.64737049429873,0.2353838713087138,0.2655319033113215,0.2680315319347915,20.87,1027.344
1791037317.5593905,69.64737049429873,0.2362465543559122,0.26646942668779844,0.2731075243791174,20.91,1027.337
1791037348.8975282,69.64737049429873,0.23614159796565887,0.27493866205130973,0.27576189838525433,20.9,1027.325
1791037380.2391665,69.64737049429873,0.2362465543559122,0.265334238155289,0.2775317238557317,20.93,1027.315
1791037411.5837514,69.64737049429873,0.23593196470833003,0.265529008287608,0.27384101360605023,20.9,1027.3
1791037442.9300754,69.64737049429873,0.23576256639570894,0.2661196234522383,0.2760942790774786,20.9,1027.287
1791037474.2826355,69.64737049429873,0.23892865362891416,0.2763394889245415,0.27481651606027646,20.9,1027.281
1791037505.590395,69.64737049429873,0.2372387587626693,0.26494206888718264,0.28100035164744797,20.93,1027.273
1791037536.905524,69.64737049429873,0.24382172354473186,0.2661196234522383,0.27222696299256527,20.91,1027.261
1791037568.2521186,69.64737049429873,0.23915879015743755,0.26741068068045604,0.2718874049299131,20.93,1027.249
1791037599.5947332,69.64737049429873,0.2373655251160183,0.27283899915651516,0.2725653168963325,20.95,1027.234
1791037630.9390635,69.64737049429873,0.23694520494367335,0.26865018441737093,0.2800788917564524,20.95,1027.214
1791037662.2825832,69.64737049429873,0.2359163715519167,0.26615264432697777,0.27903629838289257,20.95,1027.229
1791037693.6290343,69.64737049429873,0.23555336248108188,0.267639036213044,0.2746330351909283,20.95,1027.23
1791037724.9805686,69.64737049429873,0.23563277849881425,0.26874663163824924,0.2777378297503055,20.95,1027.232
1791037756.3259966,69.64737049429873,0.2363516040862825,0.27271137371243803,0.2769826555921391,20.93,1027.224
1791037787.6675565,69.64737049429873,0.23611751287449212,0.26741944828527275,0.27832831585243795,20.95,1027.228
1791037819.0001676,69.64737049429873,0.23952297191177147,0.26730032529375486,0.27182178213430724,20.94,1027.227
1791037850.3596375,69.64737049429873,0.24552040388911395,0.2736882460105831,0.28022642043190554,20.9,1027.228
1791037881.6819792,69.64737049429873,0.23734420280117174,0.26713639048120347,0.27975373964682343,20.9,1027.228
1791037913.0146315,69.64737049429873,0.23527943736894408,0.26678082526479285,0.27140445780617,20.91,1027.223
1791037944.3609936,69.64737049429873,0.2358272875932197,0.2665069001526551,0.2772179153194383,20.91,1027.217
1791037975.6936448,69.64737049429873,0.2420201868652964,0.26866277385151915,0.2708561210152398,20.94,1027.22
1791038007.0391767,69.64737049429873,0.23627031058677642,0.27229163463614986,0.2738719733653558,20.91,1027.211
1791038038.3835304,69.64737049429873,0.24049834919503604,0.2677940103006456,0.2699481573609648,20.91,1027.204
1791038069.7239213,69.64737049429873,0.2353445295114864,0.2652549615877999,0.2725973243693154,20.9,1027.198
1791038101.050562,69.64737049429873,0.23993616427528694,0.265137274591966,0.27755941805280254,20.9,1027.208
1791038132.3789754,69.64737049429873,0.23610121270535753,0.27301777727210563,0.27527250374106516,20.93,1027.215
1791038163.7284133,69.64737049429873,0.234600081688023,0.2723720738654366,0.2724689530494758,20.91,1027.213
1791038195.0749688,69.64737049429873,0.235437228275458,0.2718546227510138,0.27469565952881664,20.91,1027.212
1791038226.3985052,69.64737049429873,0.23869790200933633,0.27204104121980516,0.2728327458805216,20.9,1027.213
1791038257.7480721,69.64737049429873,0.2363516040862825,0.2659210898968683,0.2731391777469905,20.91,1027.214
1791038289.0876353,69.64737049429873,0.23590743475965592,0.2691408423214965,0.2693656620849218,20.93,1027.217
1791038320.435989,69.64737049429873,0.24019508193143108,0.26749290475644655,0.27393185987490487,20.91,1027.215
1791038351.7794335,69.64737049429873,0.2364158881649115,0.2668248927156749,0.2731391777469905,20.89,1027.207
1791038383.1339273,69.64737049429873,0.2432149573811907,0.27289648466550825,0.27118407488894675,20.93,1027.206
1791038414.48847,69.64737049429873,0.23593196470833003,0.26638871014092863,0.2732921893834205,20.93,1027.205
1791038445.829873,69.64737049429873,0.2365850715821042,0.2660012903202859,0.27143755217113574,20.94,1027.195
1791038477.1764178,69.64737049429873,0.23700605980302256,0.2676119544072011,0.2756099849331574,20.94,1027.183
1791038508.5218618,69.64737049429873,0.23947796615059747,0.27435931127748797,0.2775317238557317,20.94,1027.176
1791038539.869352,69.64737049429873,0.2399661247073483,0.26769459415083746,0.27530575236788396,20.94,1027.167
1791038571.2127402,69.64737049429873,0.2387602120546404,0.26718130838254556,0.2725257680091775,20.93,1027.16
1791038602.5585785,69.64737049429873,0.2363924137196961,0.2689015956023824,0.27115065150511886,20.93,1027.151
1791038633.887882,69.64737049429873,0.24271513315938842,0.26832848359413713,0.27286464361519414,20.91,1027.133
1791038665.2172375,69.64737049429873,0.23609332030387908,0.26812539519619,0.2721856826203219,20.93,1027.129
1791038696.5618708,69.64737049429873,0.23495223614864355,0.26895046509862514,0.27221824267233724,20.91,1027.129
1791038727.8902555,69.64737049429873,0.24221397185497656,0.2680060109181576,0.2714256748059306,20.93,1027.123
1791038759.2367961,69.64737049429873,0.2362465543559122,0.26835277137975266,0.27149197295621247,20.94,1027.09
1791038790.5773268,69.64737049429873,0.23793587655885295,0.2736882460105831,0.27466424993999483,20.93,1027.094
1791038821.9268813,69.64737049429873,0.23645674728133922,0.2657267561884896,0.27094290469261983,20.91,1027.08
1791038853.2753413,69.64737049429873,0.23584261202928808,0.27466424993999483,0.27341371187878677,20.94,1027.076
1791038884.6218128,69.64737049429873,0.2458509782519329,0.2665503585838786,0.2822223514400969,20.91,1027.073
1791038915.981286,69.64737049429873,0.23495223614864355,0.2680060109181576,0.28080132233980026,20.9,1027.071
1791038947.3096945,69.64737049429873,0.23761861491248662,0.2666689359739216,0.27130482106060577,20.9,1027.07
1791038978.653272,69.64737049429873,0.2351489059106527,0.2660012903202859,0.2749086237991713,20.89,1027.062
1791039009.9947689,69.64737049429873,0.23772427474526414,0.2661196234522383,0.26987929247372955,20.91,1027.071
1791039041.3481936,69.64737049429873,0.23567264570040744,0.270446052806484,0.2748483866555185,20.9,1027.075
1791039072.687578,69.64737049429873,0.23670860106280026,0.26576857309188484,0.2736258612124244,20.89,1027.077
1791039104.0204606,69.64737049429873,0.23450645274592977,0.26635660584693355,0.27799888200412237,20.87,1027.073
1791039135.3646376,69.64737049429873,0.2360528196109022,0.26781394603859626,0.26895046509862514,20.89,1027.091
1791039166.704176,69.64737049429873,0.23516183695236753,0.2654548824923163,0.2723396655695774,20.89,1027.093
1791039198.04971,69.64737049429873,0.2346770902830789,0.26400004568401425,0.27512353252108307,20.9,1027.083
1791039229.395146,69.64737049429873,0.24248924039458536,0.2719101684041658,0.2776275405002981,20.94,1027.081
1791039260.749608,69.64737049429873,0.23863548084006195,0.270050558301872,0.2703777388665639,20.95,1027.084
1791039292.0921876,69.64737049429873,0.23539762239959572,0.2731075243791174,0.276802837964686,20.95,1027.08
1791039323.3675773,69.64737049429873,0.23450645274592977,0.27139243705351085,0.27338230287771326,20.95,1027.079
1791039354.6981804,69.64737049429873,0.2399661247073483,0.2657267561884896,0.2724935112119461,20.91,1027.09
1791039386.0397253,69.64737049429873,0.23521422960477878,0.27097645327074,0.27125074346999256,20.95,1027.079
1791039417.3871977,69.64737049429873,0.233947276371638,0.2687821316767191,0.27289648466550825,20.97,1027.066
1791039448.7315655,69.64737049429873,0.23597214224459734,0.26749290475644655,0.269999244047642,20.95,1027.075
1791039480.077184,69.64737049429873,0.23837934110723083,0.26714430241970816,0.27295422613182985,20.95,1027.06
1791039511.4096203,69.64737049429873,0.23592308649751265,0.2690349696924921,0.2708081115395416,20.95,1027.065
1791039542.7409828,69.64737049429873,0.23622269230203088,0.26718130838254556,0.27686942429497474,20.94,1027.063
1791039574.0856729,69.64737049429873,0.23721711625530817,0.26702530199294316,0.2745118484059721,20.95,1027.062
1791039605.4241664,69.64737049429873,0.2371115410630655,0.26639427971307994,0.2731075243791174,20.94,1027.052
1791039636.7684402,69.64737049429873,0.23402250589553716,0.2702913628950756,0.27118407488894675,20.97,1027.041
1791039668.1013596,69.64737049429873,0.24508011752234418,0.26675027869213147,0.27417590781404777,20.98,1027.032
1791039699.450681,69.64737049429873,0.23946128645888842,0.2750908062595291,0.2750908062595291,20.94,1027.037
1791039730.776937,69.64737049429873,0.24327314314622667,0.27695442335945886,0.27695442335945886,20.94,1027.041
1791039762.1216285,69.64737049429873,0.2363924137196961,0.27432873035784994,0.2810761008383961,20.9,1027.046
1791039793.4510875,69.64737049429873,0.23708957621400065,0.26722642672951297,0.27432873035784994,20.93,1027.036
1791039824.7805505,69.64737049429873,0.23577767374533753,0.272064274246487,0.27634727076646953,20.91,1027.033
1791039856.1230385,69.64737049429873,0.23609332030387908,0.26998156889107344,0.2738698539099902,20.94,1027.037
1791039887.4695375,69.64737049429873,0.2435827855493503,0.27092901330446867,0.2728904482157583,20.97,1027.038
1791039918.8168795,69.64737049429873,0.24303977747380298,0.26741944828527275,0.2743897963495703,20.97,1027.055
1791039950.145369,69.64737049429873,0.2405765911939641,0.26651284041281786,0.2725579673819258,20.94,1027.059
1791039981.4739711,69.64737049429873,0.23975262241143913,0.26816151140439276,0.2717336318861383,20.97,1027.057
1791040012.804517,69.64737049429873,0.2363516040862825,0.27301777727210563,0.2771058738859046,20.95,1027.044
1791040044.1449692,69.64737049429873,0.2393714795360421,0.26764849511106387,0.2752130741626246,20.95,1027.039
1791040075.4915166,69.64737049429873,0.23559301756715367,0.2660392296841931,0.2712174388244162,20.95,1027.031
1791040106.8328586,69.64737049429873,0.23706979068985684,0.27341371187878677,0.27935534127465744,20.94,1027.019
1791040138.1683369,69.64737049429873,0.23512259909878402,0.2673739609792676,0.27932925583234774,20.91,1027.011
1791040169.4979594,69.64737049429873,0.23643925855221717,0.27162386423920387,0.2720736140677504,20.94,1027.0
1791040200.843385,69.64737049429873,0.23637513781749533,0.2703418517225845,0.2709232233352364,20.93,1026.997
1791040232.1720288,69.64737049429873,0.23953949969169075,0.2677311100729536,0.2763968685388902,20.93,1026.992
1791040263.515349,69.64737049429873,0.2391860179192796,0.2687595783694017,0.270050558301872,20.9,1027.008
1791040294.859877,69.64737049429873,0.23516183695236753,0.2669509125133569,0.27591975276975317,20.94,1027.022
1791040326.2054353,69.64737049429873,0.2435322041400925,0.2712381002772156,0.2739920135081201,20.94,1027.023
1791040357.549067,69.64737049429873,0.23823454360677782,0.2660863371010594,0.2755214651476431,20.91,1027.02
1791040388.8744435,69.64737049429873,0.2366443487361912,0.26879517761309607,0.2731658395388487,20.91,1027.022
1791040420.2097955,69.64737049429873,0.23656198406587386,0.26651284041281786,0.275428333738666,20.93,1027.027
1791040451.5545373,69.64737049429873,0.24288188953357764,0.26855581260856565,0.2777512107246001,20.91,1027.038
1791040482.8987768,69.64737049429873,0.23766109806025712,0.27212952359621784,0.27295422613182985,20.9,1027.039
1791040514.2453077,69.64737049429873,0.2366031113420315,0.2645893909226471,0.27872714388111414,20.89,1027.048
1791040545.5798626,69.64737049429873,0.23943308035669017,0.26689924178664864,0.26952007638617104,20.87,1027.064
1791040576.929232,69.64737049429873,0.2363516040862825,0.2654522220566932,0.27011930229723086,20.9,1027.067
1791040608.2147992,69.64737049429873,0.23522738201420823,0.26714430241970816,0.2713713046042163,20.89,1027.071
1791040639.5565143,69.64737049429873,0.23892865362891416,0.27111716851390205,0.270446052806484,20.89,1027.073
1791040670.9069142,69.64737049429873,0.23409813863237958,0.26510170278676026,0.2700160943554668,20.89,1027.071
1791040702.2491798,69.64737049429873,0.24001182353810602,0.2740229490588245,0.2703777388665639,20.9,1027.066
1791040733.591064,69.64737049429873,0.23598801092163885,0.26588706626133457,0.27692614082216493,20.89,1027.064
1791040764.9353104,69.64737049429873,0.23533225836475619,0.2660437189574495,0.26977553500106033,20.87,1027.068
1791040796.2908516,69.64737049429873,0.23935456999767804,0.2655319033113215,0.2686397516574227,20.9,1027.064
1791040827.6463892,69.64737049429873,0.23433566298309622,0.26596754336332534,0.27048011852499376,20.91,1027.068
1791040858.9757183,69.64737049429873,0.23526677765541093,0.2744203909892078,0.27644175768351686,20.9,1027.073
1791040890.3201978,69.64737049429873,0.23698386960240908,0.2660437189574495,0.27787499117672965,20.91,1027.069
1791040921.6627564,69.64737049429873,0.23522738201420823,0.27432873035784994,0.2718546227510138,20.91,1027.069
1791040953.0083413,69.64737049429873,0.23374748259472541,0.26848418704631116,0.27570323458386997,20.93,1027.066
1791040984.350795,69.64737049429873,0.2346770902830789,0.26769459415083746,0.27347265732769516,20.94,1027.074
1791041015.6851747,69.64737049429873,0.23601242706868222,0.26749290475644655,0.27118407488894675,20.95,1027.062
1791041047.0196989,69.64737049429873,0.2380418187909202,0.2654548824923163,0.27396278014237946,20.93,1027.053
1791041078.3631828,69.64737049429873,0.23592308649751265,0.2631705179064799,0.27010210164761145,20.95,1027.042
1791041109.6447797,69.64737049429873,0.23863548084006195,0.26741944828527275,0.2724611968364779,20.9,1027.03
1791041141.0053368,69.64737049429873,0.2360528196109022,0.26639427971307994,0.2745732407899538,20.93,1027.01
1791041172.360687,69.64737049429873,0.23892865362891416,0.27738053014674624,0.2721620611907547,20.93,1027.008
1791041203.6991742,69.64737049429873,0.23525346755909718,0.2660012903202859,0.2768312176250629,20.93,1027.004
1791041235.052703,69.64737049429873,0.24134062893336833,0.26407792587686413,0.2696901548431798,20.91,1026.988
1791041266.398255,69.64737049429873,0.23594766900121916,0.2659632834156262,0.26820879572322076,20.91,1026.976
1791041297.7216935,69.64737049429873,0.23611751287449212,0.2678867329057969,0.2784522430359101,20.94,1026.956
1791041329.0562022,69.64737049429873,0.23783002858554753,0.2643146124240513,0.27048011852499376,20.93,1026.946
1791041360.399746,69.64737049429873,0.23897292531014805,0.26883071345376963,0.2724044244414218,20.95,1026.954
1791041391.7371838,69.64737049429873,0.23643333252319146,0.26820879572322076,0.2715797219058098,20.95,1026.947
1791041423.0807462,69.64737049429873,0.23560752690436498,0.27127149040317794,0.2709627089541252,20.94,1026.967
1791041454.436198,69.64737049429873,0.23808494376084433,0.2698957610753547,0.27897557463898826,20.93,1026.953
1791041485.761729,69.64737049429873,0.24193870331536774,0.2787004287734236,0.2787004287734236,20.91,1026.957
1791041517.1112554,69.64737049429873,0.23808494376084433,0.2659252087896962,0.2755214651476431,20.91,1026.956
1791041548.4496465,69.64737049429873,0.23594766900121916,0.2664376033405522,0.27154663626874265,20.93,1026.966
1791041579.792077,69.64737049429873,0.2411731117166418,0.2668691565541435,0.27221824267233724,20.93,1026.968
1791041611.143556,69.64737049429873,0.23611751287449212,0.26521828136075554,0.2805014437327173,20.91,1026.968
1791041642.4871392,69.64737049429873,0.24161552977857237,0.26502099840887167,0.27512353252108307,20.93,1026.961
1791041673.8374763,69.64737049429873,0.23477014696939583,0.2673286754890685,0.27023946736486315,20.93,1026.969
1791041705.1661587,69.64737049429873,0.2411388520046845,0.2660012903202859,0.2726542224826194,20.9,1026.969
1791041736.510756,69.64737049429873,0.23607706995448616,0.2683886054560541,0.27667964486086305,20.93,1026.985
1791041767.8511436,69.64737049429873,0.23593196470833003,0.27094290469261983,0.27344506506401345,20.9,1026.988
1791041799.1848035,69.64737049429873,0.23690067234987516,0.26713639048120347,0.27161274866907137,20.91,1026.983
1791041830.5290232,69.64737049429873,0.23606093480973397,0.26537275310593816,0.2696050022744769,20.93,1026.986
1791041861.8746045,69.64737049429873,0.23998166075519536,0.26764849511106387,0.2687821316767191,20.94,1026.988
1791041893.2160046,69.64737049429873,0.23645674728133922,0.2658830623779188,0.2797279969101023,20.91,1026.982
1791041924.564577,69.64737049429873,0.23518809157289478,0.26859152979981316,0.27438983782867993,20.9,1026.97
1791041955.9049213,69.64737049429873,0.23504443716864845,0.2659210898968683,0.2737789286674419,20.87,1026.965
1791041987.2354462,69.64737049429873,0.23586730776640627,0.26725512293449316,0.2713713046042163,20.89,1026.976
1791042018.581061,69.64737049429873,0.23594766900121916,0.27195279459710014,0.27518328006001297,20.87,1026.975
1791042049.9215674,69.64737049429873,0.23408897757851152,0.2718546227510138,0.27853283608826224,20.89,1026.978
1791042081.2699852,69.64737049429873,0.23350243324276346,0.26490315379310064,0.27212952359621784,20.87,1026.988
1791042112.613581,69.64737049429873,0.24211682085400538,0.2736882460105831,0.27558053086647977,20.89,1026.993
1791042143.9480371,69.64737049429873,0.2386539973680725,0.2712174388244162,0.2754579363208546,20.89,1027.004
1791042175.297517,69.64737049429873,0.24392334472475896,0.2644322999305055,0.27365708137630906,20.84,1027.001
1791042206.6516476,69.64737049429873,0.23556771118408407,0.2659252087896962,0.27338230287771326,20.86,1027.001
1791042238.0455554,69.64737049429873,0.23652096646722712,0.26635660584693355,0.2746036312030539,20.84,1026.995
1791042269.3899693,69.64737049429873,0.23408897757851152,0.2648641694212429,0.2703255816026837,20.89,1026.995
1791042300.7354832,69.64737049429873,0.23525346755909718,0.26557031093055494,0.2707887798865464,20.86,1026.991
1791042332.068081,69.64737049429873,0.23391830611286,0.2647072007757095,0.2731391777469905,20.86,1026.995
1791042363.4074678,69.64737049429873,0.23704776220446605,0.26730032529375486,0.2744814168720965,20.84,1026.989
1791042394.7539864,69.64737049429873,0.23474300864847203,0.2680422172781299,0.2781773421907061,20.82,1026.993
1791042426.0934978,69.64737049429873,0.23333172863652288,0.26403983392545544,0.2769826555921391,20.82,1026.992
1791042457.4439898,69.64737049429873,0.23552800169089352,0.2661196234522383,0.2718874049299131,20.82,1027.005
1791042488.7874935,69.64737049429873,0.23401363780967313,0.26741068068045604,0.2724689530494758,20.82,1027.014
1791042520.1349702,69.64737049429873,0.2363924137196961,0.26289995248076736,0.2709963445376133,20.84,1027.013
1791042551.4825468,69.64737049429873,0.23364340526765598,0.2653365291821169,0.26812539519619,20.86,1027.013
1791042582.8258958,69.64737049429873,0.2336729861723854,0.26780394715712297,0.2706683705608235,20.87,1027.008
1791042614.1685584,69.64737049429873,0.23610121270535753,0.26721824849560494,0.272347904267003,20.87,1027.017
1791042645.4968822,69.64737049429873,0.23597214224459734,0.26482441631500797,0.27738053014674624,20.9,1027.015
1791042676.842574,69.64737049429873,0.2360528196109022,0.26616233480094337,0.26811443706058896,20.9,1027.016
1791042708.1889539,69.64737049429873,0.2358827954439738,0.26580680415652547,0.2724935112119461,20.91,1027.027
1791042739.529492,69.64737049429873,0.23836021230045315,0.2703255816026837,0.2707211986720487,20.91,1027.024
1791042770.8749447,69.64737049429873,0.23522738201420823,0.2669064075373416,0.2773526396550941,20.93,1027.025
1791042802.2134538,69.64737049429873,0.24085124745480577,0.26505982604397416,0.27295422613182985,20.93,1027.042
1791042833.5751545,69.64737049429873,0.23508346597713092,0.2662758244520823,0.27380999875580464,20.93,1027.044
1791042864.9115512,69.64737049429873,0.234600081688023,0.2654522220566932,0.2695702340336382,20.94,1027.044
1791042896.2580078,69.64737049429873,0.23552800169089352,0.2639621775987147,0.27341371187878677,20.9,1027.056
1791042927.5646589,69.64737049429873,0.23700605980302256,0.27075501937019775,0.27555102431810635,20.9,1027.058
1791042958.9210727,69.64737049429873,0.2345617312092894,0.2717993238684978,0.27271137371243803,20.89,1027.067
1791042990.240411,69.64737049429873,0.23926508758037587,0.2671732884864568,0.2764622572557921,20.87,1027.068
1791043021.5741343,69.64737049429873,0.2429493405088029,0.26857913919941245,0.27268619368406954,20.89,1027.061
1791043052.9024723,69.64737049429873,0.2367541048077544,0.27183208238319495,0.2817456210768223,20.86,1027.081
1791043084.251074,69.64737049429873,0.2392033098897558,0.266238061914222,0.2799547379212652,20.86,1027.095
1791043115.592669,69.64737049429873,0.24028709207771484,0.2744203909892078,0.28230085486876627,20.87,1027.083
1791043146.937068,69.64737049429873,0.23797884066985478,0.26781394603859626,0.2759489701177771,20.82,1027.084
1791043178.2805228,69.64737049429873,0.23708957621400065,0.26588706626133457,0.27166770559311965,20.84,1027.094
1791043209.6331124,69.64737049429873,0.23395591566671212,0.2669881404197698,0.2712381002772156,20.89,1027.086
1791043240.9644616,69.64737049429873,0.2363516040862825,0.27097645327074,0.27286464361519414,20.91,1027.074
1791043272.2889087,69.64737049429873,0.240255950954448,0.26823355127821386,0.2741154257173651,20.89,1027.071
1791043303.6346998,69.64737049429873,0.23690067234987516,0.26675027869213147,0.2733236365744256,20.89,1027.062
1791043334.977939,69.64737049429873,0.23628720556727803,0.2673371759086053,0.2750009777164829,20.89,1027.055
1791043366.3225615,69.64737049429873,0.23374748259472541,0.27530575236788396,0.27558053086647977,20.86,1027.058
1791043397.6689777,69.64737049429873,0.23611751287449212,0.27023946736486315,0.2722507447083658,20.87,1027.063
1791043429.0175695,69.64737049429873,0.23548839800024388,0.26772138188607303,0.2754579363208546,20.89,1027.055
1791043460.3620017,69.64737049429873,0.2353838713087138,0.2641191982894248,0.27512064278089254,20.86,1027.069
1791043491.7006178,69.64737049429873,0.23474300864847203,0.2684362899029885,0.2700849608945634,20.89,1027.059
1791043523.0510123,69.64737049429873,0.23353942058131988,0.26427506898482594,0.2709092963903509,20.91,1027.068
1791043554.3954892,69.64737049429873,0.23499126343925486,0.27148028774237354,0.27432873035784994,20.9,1027.071
1791043585.7390916,69.64737049429873,0.23691986295234724,0.2643928437640616,0.2728584738371356,20.91,1027.076
1791043617.082463,69.64737049429873,0.23874192415254328,0.2652978272164206,0.2724611968364779,20.93,1027.07
1791043648.4320397,69.64737049429873,0.2334053785874945,0.26722642672951297,0.2704119263079443,20.94,1027.062
1791043679.778549,69.64737049429873,0.23546287007149058,0.2790020447263182,0.2781773421907061,20.94,1027.068
1791043711.1160655,69.64737049429873,0.2348475757979723,0.2644322999305055,0.2786030943510337,20.95,1027.065
1791043742.4653478,69.64737049429873,0.2348475757979723,0.26517768792489693,0.2725257680091775,20.94,1027.075
1791043773.8049185,69.64737049429873,0.240255950954448,0.26987929247372955,0.27356660149473533,20.94,1027.07
1791043805.1494331,69.64737049429873,0.23740757676849947,0.2660392296841931,0.2731707748647608,20.93,1027.069
1791043836.5019546,69.64737049429873,0.23384338762745333,0.26921111064244935,0.27222696299256527,20.91,1027.068
1791043867.83043,69.64737049429873,0.2365850715821042,0.26725512293449316,0.27320231588223565,20.91,1027.073
1791043899.1800566,69.64737049429873,0.23552800169089352,0.2662758244520823,0.2706683705608235,20.93,1027.072
1791043930.5204961,69.64737049429873,0.23408897757851152,0.2651389479198388,0.2692956999018419,20.94,1027.071
1791043961.865868,69.64737049429873,0.23628720556727803,0.2668248927156749,0.2756099849331574,20.94,1027.068
1791043993.2073753,69.64737049429873,0.2343536851606031,0.2661196234522383,0.2710968924929015,20.94,1027.071
1791044024.5591633,69.64737049429873,0.23533225836475619,0.2660056651384972,0.27530575236788396,20.91,1027.064
1791044055.9025855,69.64737049429873,0.23719537716850328,0.26820879572322076,0.26998156889107344,20.95,1027.065
1791044087.2488353,69.64737049429873,0.23577767374533753,0.26879517761309607,0.2781228833544767,20.94,1027.068
1791044118.5785706,69.64737049429873,0.23759780880608947,0.27307581461080094,0.271975721407554,20.95,1027.075
1791044149.9108815,69.64737049429873,0.23742854893872548,0.26494206888718264,0.27802623402541177,20.95,1027.059
1791044181.2664673,69.64737049429873,0.23550252787977285,0.2735632537011021,0.2710836257556977,20.98,1027.061
1791044212.612055,69.64737049429873,0.2366443487361912,0.2730440482911637,0.27221824267233724,20.94,1027.072
1791044243.9543877,69.64737049429873,0.23721711625530817,0.2722507447083658,0.2802010303209929,20.95,1027.07
1791044275.3029811,69.64737049429873,0.2366031113420315,0.2662758244520823,0.2783012573262235,20.94,1027.073
1791044306.6354675,69.64737049429873,0.23960092393222013,0.27128398898357875,0.2738719733653558,20.93,1027.073
1791044337.972756,69.64737049429873,0.23597214224459734,0.2679592610789613,0.27810799845130774,20.94,1027.076
1791044369.3213077,69.64737049429873,0.23894647840621946,0.2675661002696588,0.2775870630791657,20.93,1027.084
1791044400.6647897,69.64737049429873,0.23607706995448616,0.26749290475644655,0.2752130741626246,20.93,1027.078
1791044432.008351,69.64737049429873,0.24095844004340694,0.27469565952881664,0.2745732407899538,20.91,1027.082
1791044463.349899,69.64737049429873,0.2372591381420179,0.26730032529375486,0.274145122449599,20.93,1027.078
1791044494.7033195,69.64737049429873,0.23742854893872548,0.2656501854888845,0.2714256748059306,20.93,1027.078
1791044526.0478938,69.64737049429873,0.23943308035669017,0.26764849511106387,0.271975721407554,20.95,1027.074
1791044557.3743885,69.64737049429873,0.23827334300885677,0.2695702340336382,0.27380999875580464,20.95,1027.087
1791044588.7227964,69.64737049429873,0.23521422960477878,0.26764849511106387,0.27301777727210563,20.97,1027.063
1791044620.0673888,69.64737049429873,0.23975262241143913,0.2678402686651239,0.2746036312030539,20.94,1027.078
1791044651.4127815,69.64737049429873,0.2398139118030056,0.26850784147746654,0.280975728500237,20.93,1027.09
1791044682.7554073,69.64737049429873,0.23806162936042713,0.26752953504580806,0.27606532052907645,20.94,1027.081
1791044714.0329757,69.64737049429873,0.23690067234987516,0.2666689359739216,0.2713713046042163,20.94,1027.076
1791044745.3663228,69.64737049429873,0.23690067234987516,0.27426793566177127,0.272347904267003,20.94,1027.087
1791044776.695796,69.64737049429873,0.23497893342730083,0.26996481110402143,0.27701083765429735,20.93,1027.089
1791044808.0373645,69.64737049429873,0.23580253582268984,0.2664752553913197,0.2716457167155312,20.9,1027.095
1791044839.379811,69.64737049429873,0.23550252787977285,0.2663188648230142,0.27127149040317794,20.89,1027.1
1791044870.7273285,69.64737049429873,0.23550252787977285,0.26910561429897367,0.2704119263079443,20.9,1027.103
1791044902.0740268,69.64737049429873,0.23816743913511634,0.26744733518626496,0.2773526396550941,20.91,1027.092
1791044933.4104586,69.64737049429873,0.2353445295114864,0.2703418517225845,0.27238017578281126,20.95,1027.113
1791044964.7498014,69.64737049429873,0.2374708382660466,0.26825810965652447,0.27195279459710014,20.94,1027.121
1791044996.0954263,69.64737049429873,0.24312390784221244,0.2656817656457762,0.2759076493391412,20.94,1027.118
1791045027.4389827,69.64737049429873,0.23841734456263866,0.265137274591966,0.2701704945771786,20.93,1027.123
1791045058.7853098,69.64737049429873,0.23829261360246004,0.2674839246701705,0.2694005500963439,20.91,1027.119
1791045090.1278784,69.64737049429873,0.23551381281851133,0.26591699653170736,0.27006792661044665,20.9,1027.127
1791045121.4744234,69.64737049429873,0.23667188615510704,0.26634572473587026,0.26962409888556316,20.94,1027.132
1791045152.821852,69.64737049429873,0.24017937205522202,0.26634572473587026,0.2758786024307564,20.93,1027.131
1791045184.16136,69.64737049429873,0.23944976341422677,0.2711302894107049,0.2757272791733735,20.89,1027.132
1791045215.4957597,69.64737049429873,0.23662613821807882,0.2696554159893817,0.2759136768572869,20.87,1027.151
1791045246.8253684,69.64737049429873,0.2373863195616613,0.27503097386928815,0.2811767415635055,20.89,1027.165
1791045278.1618962,69.64737049429873,0.23700605980302256,0.27094290469261983,0.2831027626224581,20.91,1027.158
1791045309.510444,69.64737049429873,0.23531872736790105,0.2680315319347915,0.2715250336692452,20.9,1027.172
1791045340.8618648,69.64737049429873,0.23650326569346478,0.27006792661044665,0.27162386423920387,20.84,1027.187
1791045372.204343,69.64737049429873,0.23705014537037158,0.26533196134014386,0.27734085543334763,20.87,1027.2
1791045403.5409307,69.64737049429873,0.23356198323894156,0.2670471506959532,0.2700509978063427,20.89,1027.206
1791045434.8803022,69.64737049429873,0.23721852373223973,0.2680315319347915,0.27280717773182483,20.9,1027.207
1791045466.2287662,69.64737049429873,0.2377023007834018,0.2700167783602027,0.27508805580171797,20.89,1027.229
1791045497.5665295,69.64737049429873,0.2347586546351425,0.27020456297704337,0.27682152315581876,20.87,1027.233
1791045528.9008331,69.64737049429873,0.23667188615510704,0.26556430619821647,0.273995264418487,20.91,1027.247
1791045560.2473822,69.64737049429873,0.23530529221227522,0.26673695289740645,0.2723882132259031,20.89,1027.254
1791045591.5899665,69.64737049429873,0.23917608115404407,0.27268619368406954,0.2717770048539552,20.89,1027.255
1791045622.9203734,69.64737049429873,0.23504443716864845,0.266238061914222,0.27131717552251716,20.9,1027.271
1791045654.2447433,69.64737049429873,0.2407302993255013,0.2735040278222379,0.2717336318861383,20.9,1027.266
1791045685.5974808,69.64737049429873,0.23429752919634889,0.2669881404197698,0.2726472197310012,20.89,1027.281
1791045716.9507568,69.64737049429873,0.23622269230203088,0.26639427971307994,0.27292236559656585,20.89,1027.278
1791045748.2983744,69.64737049429873,0.23854787714065312,0.26482441631500797,0.2713713046042163,20.89,1027.274
1791045779.638967,69.64737049429873,0.23401363780967313,0.26611490650861813,0.2707358955839625,20.89,1027.27
1791045810.9912684,69.64737049429873,0.24048401449956255,0.2680315319347915,0.2736600459370633,20.91,1027.269
1791045842.329692,69.64737049429873,0.23709172148370786,0.2674839246701705,0.2699481573609648,20.9,1027.256
1791045873.6812427,69.64737049429873,0.23599650695446595,0.27250113138803034,0.27195279459710014,20.93,1027.262
1791045905.0257432,69.64737049429873,0.24119877596836498,0.26701776347872863,0.27277529978349546,20.89,1027.252
1791045936.351366,69.64737049429873,0.2383983850066032,0.27061577683472227,0.27116362705899794,20.9,1027.253
1791045967.691714,69.64737049429873,0.2365441142190869,0.26646363410884005,0.2740552118456219,20.91,1027.26
1791045999.0422742,69.64737049429873,0.23841734456263866,0.27247664745729994,0.27329660382299903,20.91,1027.266
1791046030.3838305,69.64737049429873,0.24137791175262488,0.26560552233575513,0.27056341593733546,20.91,1027.261
1791046061.7182565,69.64737049429873,0.23526615899528763,0.2670102716859728,0.27135030324359255,20.93,1027.26
1791046093.045743,69.64737049429873,0.23875274230928858,0.2658030549874162,0.27630311049722894,20.9,1027.268
1791046124.3752666,69.64737049429873,0.23667188615510704,0.27414614176082086,0.2738719733653558,20.9,1027.269
1791046155.7216845,69.64737049429873,0.24173479658220975,0.2701878021843462,0.2752130741626246,20.93,1027.279
1791046187.0582712,69.64737049429873,0.2352402518229,0.27262219446625563,0.272347904267003,20.9,1027.279
1791046218.4067163,69.64737049429873,0.23829261360246004,0.2658411028763077,0.2773130163793576,20.9,1027.278
1791046249.7522552,69.64737049429873,0.2373655251160183,0.27408591319970566,0.2746330351909283,20.9,1027.273
1791046281.1018796,69.64737049429873,0.24350485586926598,0.2717770048539552,0.2811984990855997,20.89,1027.271
1791046312.4443114,69.64737049429873,0.2365441142190869,0.26646363410884005,0.2795571331119318,20.89,1027.266
1791046343.7918062,69.64737049429873,0.2361252485779743,0.2738123522040944,0.2727181082216491,20.9,1027.256
1791046375.1333225,69.64737049429873,0.23448533584657616,0.2680315319347915,0.2712301251770483,20.91,1027.254
1791046406.4767356,69.64737049429873,0.23637513781749533,0.26638871014092863,0.26967435372865434,20.89,1027.247
1791046437.8202128,69.64737049429873,0.23469312983167742,0.27006792661044665,0.2720504446924086,20.9,1027.246
1791046469.1726477,69.64737049429873,0.23510982460890564,0.26517589587139984,0.27475477497779405,20.9,1027.251
1791046500.515315,69.64737049429873,0.23669017836416412,0.2666315066921376,0.2694005500963439,20.89,1027.242
1791046531.7957006,69.64737049429873,0.2346770902830789,0.26828091176336166,0.27335083791161263,20.87,1027.237
1791046563.1281693,69.64737049429873,0.2374497406134678,0.27707773880989006,0.27707773880989006,20.9,1027.233
1791046594.4657505,69.64737049429873,0.23776691794571617,0.2651001388872611,0.27997698684401284,20.87,1027.229
1791046625.8112981,69.64737049429873,0.23546287007149058,0.2667062987118634,0.27527600101729466,20.89,1027.22
1791046657.1568122,69.64737049429873,0.23507084725130373,0.2680675712962569,0.27125074346999256,20.91,1027.222
1791046688.5081897,69.64737049429873,0.23496669082728874,0.2661903153202737,0.2733863636768806,20.91,1027.212
1791046719.8547006,69.64737049429873,0.23578737381412265,0.2653703589545746,0.27274996624586634,20.89,1027.209
1791046751.197149,69.64737049429873,0.24142518278562622,0.26521444873107325,0.27150356501550177,20.9,1027.212
1791046782.5479124,69.64737049429873,0.23499320271418017,0.26665613132264626,0.2718096816520251,20.91,1027.198
1791046813.9053848,69.64737049429873,0.24109185697532295,0.2644720847147553,0.268839781571506,20.9,1027.198
1791046845.2436793,69.64737049429873,0.23561821177166908,0.27174427011578445,0.2748465960810844,20.9,1027.19
1791046876.5932858,69.64737049429873,0.24049834919503604,0.2720504446924086,0.28052707968446444,20.89,1027.19
1791046907.9367924,69.64737049429873,0.24027081019477486,0.26866277385151915,0.27520983534296356,20.86,1027.193
1791046939.2673156,69.64737049429873,0.23552800169089352,0.2716457167155312,0.2753650964587817,20.87,1027.199
1791046970.6128352,69.64737049429873,0.23610121270535753,0.27734085543334763,0.2792835721163205,20.84,1027.208
1791047001.960202,69.64737049429873,0.23917608115404407,0.26783022805167184,0.2761231862787075,20.83,1027.213
1791047033.3016307,69.64737049429873,0.23759702504727842,0.2758786024307564,0.2820428050571225,20.83,1027.208
1791047064.6454527,69.64737049429873,0.23622982585501134,0.2736600459370633,0.2781893281338753,20.86,1027.245
1791047095.9948182,69.64737049429873,0.23606093480973397,0.2644333398152161,0.273933728197246,20.84,1027.216
1791047127.3442204,69.64737049429873,0.23667188615510704,0.2707168902687941,0.2735699226115654,20.86,1027.213
1791047158.6809037,69.64737049429873,0.23526615899528763,0.26982849429450556,0.2720179523759671,20.86,1027.214
1791047190.0303173,69.64737049429873,0.2344195688360661,0.26529349561168675,0.27475477497779405,20.87,1027.215
1791047221.3787415,69.64737049429873,0.23873454327757068,0.26541119970410376,0.26982849429450556,20.84,1027.209
1791047252.7222352,69.64737049429873,0.23418373692039282,0.2675661002696588,0.27061577683472227,20.83,1027.2
1791047284.0607984,69.64737049429873,0.23698662307258256,0.27138337230303455,0.27128398898357875,20.89,1027.195
1791047315.39929,69.64737049429873,0.23898189165218467,0.2649797355068316,0.27274996624586634,20.84,1027.2
1791047346.7628376,69.64737049429873,0.2361252485779743,0.2670471506959532,0.2746330351909283,20.87,1027.184
1791047378.09837,69.64737049429873,0.23503197342370885,0.2647848393489212,0.2697779207963073,20.9,1027.188
1791047409.435824,69.64737049429873,0.2374708382660466,0.26665613132264626,0.26967435372865434,20.89,1027.189
1791047440.7733026,69.64737049429873,0.23444729015196525,0.26783022805167184,0.27620960116140764,20.87,1027.192
1791047472.1166334,69.64737049429873,0.23417433387085776,0.26388694412360064,0.2734488687268715,20.89,1027.211
1791047503.4623485,69.64737049429873,0.2392376640779989,0.2639641563620873,0.26798491181071676,20.89,1027.204
1791047534.8067975,69.64737049429873,0.24027081019477486,0.26794884711560735,0.27478484307694273,20.86,1027.207
1791047566.136218,69.64737049429873,0.2353702175318459,0.2670839645170583,0.27657642928579534,20.84,1027.199
1791047597.4848273,69.64737049429873,0.23604491364885827,0.2654851449181326,0.2760875412601731,20.84,1027.222
1791047628.826214,69.64737049429873,0.2344093452450097,0.2635371009515888,0.27351115290140576,20.86,1027.224
1791047660.1567163,69.64737049429873,0.2379957218063623,0.26458945760563457,0.26872097847035187,20.87,1027.227
1791047691.495316,69.64737049429873,0.23465477462217252,0.26634572473587026,0.2740259509125479,20.9,1027.242
1791047722.842766,69.64737049429873,0.23461652111006837,0.2657577396521073,0.26947014078306997,20.9,1027.259
1791047754.1883972,69.64737049429873,0.23339206069231072,0.2647842683184165,0.2705112863260032,20.91,1027.259
1791047785.5417054,69.64737049429873,0.23458918682429086,0.2694353762743134,0.2706832455001415,20.91,1027.263
1791047816.8722944,69.64737049429873,0.23833591955967973,0.26498210162091346,0.2770670518010372,20.91,1027.272
1791047848.212668,69.64737049429873,0.23580253582268984,0.26643188660054856,0.2750009777164829,20.91,1027.283
1791047879.5624242,69.64737049429873,0.23669017836416412,0.26811443706058896,0.26933071207522435,20.93,1027.28
1791047910.91671,69.64737049429873,0.24224550230098646,0.2700167783602027,0.2725973243693154,20.91,1027.289
1791047942.2621799,69.64737049429873,0.23568294617810454,0.26751141975060067,0.28099858312005394,20.89,1027.297
1791047973.6059163,69.64737049429873,0.23663094040082494,0.2722033286687336,0.27411656018869807,20.89,1027.309
1791048004.983185,69.64737049429873,0.24180571571757142,0.27520983534296356,0.2777926812999303,20.89,1027.3
1791048036.3156912,69.64737049429873,0.2374708382660466,0.2639641563620873,0.28122284869142344,20.89,1027.315
1791048067.6572938,69.64737049429873,0.23356921923198828,0.2665503585838786,0.2688882542830908,20.9,1027.313
1791048099.0027602,69.64737049429873,0.240651168703744,0.27560516259230294,0.27560516259230294,20.87,1027.316
1791048130.342175,69.64737049429873,0.23972344567440948,0.26724688830942295,0.2738123522040944,20.86,1027.326
1791048161.6917758,69.64737049429873,0.23438157677636476,0.2651389479198388,0.2735699226115654,20.9,1027.326
1791048193.0152445,69.64737049429873,0.23450645274592977,0.2655733414325766,0.2744509311148595,20.93,1027.325
1791048224.3776546,69.64737049429873,0.23615806398358263,0.2677311100729536,0.27491066771310896,20.91,1027.326
1791048255.7122226,69.64737049429873,0.23901731547563373,0.27154663626874265,0.2742980949243891,20.93,1027.333
1791048287.0428312,69.64737049429873,0.2426563203844539,0.2673371759086053,0.2768978078456871,20.89,1027.341
1791048318.2822807,69.64737049429873,0.23888449995818495,0.2656851248162416,0.2696901548431798,20.93,1027.348
1791048349.6348548,69.64737049429873,0.23473158714466844,0.26791271847322673,0.2737504092818519,20.9,1027.357
1791048380.9604979,69.64737049429873,0.2382494227746244,0.26958948614632783,0.2736600459370633,20.9,1027.367
1791048412.2997825,69.64737049429873,0.23570786374559743,0.27174427011578445,0.2730232850344327,20.9,1027.37
1791048443.6263359,69.64737049429873,0.23951110391645233,0.2656817656457762,0.2718096816520251,20.9,1027.378
1791048474.9697351,69.64737049429873,0.23595638601655797,0.2649410088926198,0.2749365165543972,20.89,1027.387
1791048506.2982562,69.64737049429873,0.2355786110008416,0.26681798943249596,0.26958948614632783,20.89,1027.394
1791048537.642893,69.64737049429873,0.23650326569346478,0.2662706249121306,0.2746330351909283,20.91,1027.409
1791048568.989249,69.64737049429873,0.23594766900121916,0.2727687797515549,0.275546428853203,20.91,1027.418
1791048600.3286397,69.64737049429873,0.2378096752212355,0.27023946736486315,0.27634727076646953,20.89,1027.427
1791048631.6742957,69.64737049429873,0.23861020975893235,0.27277529978349546,0.2752428153426812,20.9,1027.44
1791048663.021709,69.64737049429873,0.2411388520046845,0.26744733518626496,0.275546428853203,20.87,1027.434
1791048694.3541465,69.64737049429873,0.23555336248108188,0.26490221361121713,0.278135156478782,20.9,1027.428
1791048725.700587,69.64737049429873,0.23494006120931368,0.2675661002696588,0.26967435372865434,20.89,1027.422
1791048757.0343385,69.64737049429873,0.23909694540424578,0.2715909791548276,0.2773130163793576,20.89,1027.428
1791048788.3707619,69.64737049429873,0.23572270332215547,0.26842437593761975,0.27487662274255337,20.84,1027.423
1791048819.7171056,69.64737049429873,0.23469312983167742,0.2662706249121306,0.27183208238319495,20.9,1027.423
1791048851.0607135,69.64737049429873,0.23544889968984498,0.27135030324359255,0.2709232233352364,20.87,1027.419
1791048882.4091725,69.64737049429873,0.2347586546351425,0.27326523021287175,0.27709508415143,20.84,1027.418
1791048913.7386181,69.64737049429873,0.23728175660209375,0.2689586897662011,0.2821441960027268,20.87,1027.428
1791048945.068189,69.64737049429873,0.23904345572258068,0.2676659027899307,0.2740259509125479,20.84,1027.422
1791048976.393608,69.64737049429873,0.23780568746511463,0.26676736378525545,0.27326973809490845,20.87,1027.422
1791049007.7402358,69.64737049429873,0.23782791062216455,0.26654430717231326,0.27478331583997767,20.86,1027.409
1791049039.0845778,69.64737049429873,0.23503197342370885,0.2658411028763077,0.2692811297741402,20.84,1027.412
1791049070.430276,69.64737049429873,0.23692298804177098,0.26701776347872863,0.2687821316767191,20.86,1027.407
1791049101.7796035,69.64737049429873,0.23544889968984498,0.26560552233575513,0.2759136768572869,20.86,1027.411
1791049133.1103444,69.64737049429873,0.23530529221227522,0.2656817656457762,0.27208287949783283,20.83,1027.403
1791049164.4387808,69.64737049429873,0.23761771335777332,0.2713294317556585,0.2705112863260032,20.84,1027.392
1791049195.796338,69.64737049429873,0.24072528461743695,0.26653829319929373,0.2756928740471531,20.84,1027.404
1791049227.1386755,69.64737049429873,0.23488935676895062,0.26431638059559914,0.2686022803234743,20.8,1027.397
1791049258.4831946,69.64737049429873,0.2351621924278329,0.26544695056376466,0.26950484378627193,20.83,1027.398
1791049289.8276343,69.64737049429873,0.23728175660209375,0.2661478440345086,0.2689938141292341,20.82,1027.405
1791049321.1781983,69.64737049429873,0.23451288742117235,0.27102343182036576,0.27102343182036576,20.89,1027.406
1791049352.5236485,69.64737049429873,0.23488935676895062,0.26529134991710895,0.27117649940029226,20.87,1027.408
1791049383.8711274,69.64737049429873,0.24154415346075936,0.26415877478856736,0.26911273785261347,20.89,1027.407
1791049415.2147145,69.64737049429873,0.2362465543559122,0.27228318888333,0.27289648466550825,20.87,1027.405
1791049446.5552852,69.64737049429873,0.23497893342730083,0.2745118484059721,0.27478638253776844,20.84,1027.411
1791049477.886677,69.64737049429873,0.23350243324276346,0.26967435372865434,0.2752130741626246,20.84,1027.411
1791049509.227177,69.64737049429873,0.23452348273093832,0.26447248107378657,0.2710767422479813,20.87,1027.409
1791049540.5787358,69.64737049429873,0.23414600784045478,0.26982849429450556,0.2716894598665552,20.9,1027.418
1791049571.9100797,69.64737049429873,0.23452348273093832,0.26556430619821647,0.2703418517225845,20.9,1027.429
1791049603.2516494,69.64737049429873,0.23526615899528763,0.26513561162570537,0.2711433058464844,20.9,1027.412
1791049634.596129,69.64737049429873,0.23646252557198752,0.26759330471602405,0.2754831541315299,20.93,1027.41
1791049665.9245443,69.64737049429873,0.24033142343181257,0.26525293335263933,0.26950484378627193,20.91,1027.417
1791049697.2641368,69.64737049429873,0.23980039862883146,0.2720274185335269,0.27511777603697773,20.91,1027.408
1791049728.6126676,69.64737049429873,0.23892021866230617,0.2653679795956066,0.27081746821581476,20.89,1027.417
1791049759.959204,69.64737049429873,0.24083175773255405,0.26678082526479285,0.2761163395431483,20.87,1027.417
1791049791.2866154,69.64737049429873,0.2356977301332825,0.26741068068045604,0.26952007638617104,20.83,1027.417
1791049822.633267,69.64737049429873,0.24174638323298592,0.26591699653170736,0.27356660149473533,20.84,1027.423
1791049853.9675524,69.64737049429873,0.23643925855221717,0.26654430717231326,0.27111005351446815,20.8,1027.416
1791049885.3080297,69.64737049429873,0.23517509605753453,0.2706832455001415,0.2704098056616881,20.84,1027.413
1791049916.6519086,69.64737049429873,0.2365671595428267,0.2645504025888756,0.272323884530862,20.86,1027.414
1791049947.9990377,69.64737049429873,0.23499320271418017,0.27511777603697773,0.27797023109736957,20.86,1027.416
1791049979.3275576,69.64737049429873,0.23444729015196525,0.2662654575404115,0.28248759562687936,20.87,1027.404
1791050010.6752026,69.64737049429873,0.23700867959205832,0.272235613886626,0.273600998936803,20.86,1027.412
1791050042.023757,69.64737049429873,0.24203111645898148,0.27387407594683844,0.27797023109736957,20.83,1027.407
1791050073.3840055,69.64737049429873,0.23858511767507154,0.266618922581678,0.27866620769137485,20.83,1027.4
1791050104.7057776,69.64737049429873,0.23549972418090873,0.26521255018415785,0.27056341593733546,20.82,1027.388
1791050136.0040944,69.64737049429873,0.235227129446934,0.27484481975587033,0.27702847000473,20.8,1027.4
1791050167.3486376,69.64737049429873,0.23431574698583746,0.26646942668779844,0.2789391639724823,20.79,1027.382
1791050198.6950269,69.64737049429873,0.2345617312092894,0.26560865026660396,0.2745725493812763,20.79,1027.386
1791050230.0196517,69.64737049429873,0.23882241127244946,0.27384101360605023,0.27289648466550825,20.77,1027.397
1791050261.355114,69.64737049429873,0.233739591109865,0.26642620532258904,0.2763107226078841,20.79,1027.399
1791050292.7005236,69.64737049429873,0.23507084725130373,0.2642377173576986,0.2754537181777622,20.76,1027.403
1791050324.04503,69.64737049429873,0.24285070999640468,0.26552613119844704,0.27119690559541904,20.74,1027.41
1791050355.3695564,69.64737049429873,0.23604491364885827,0.2637304462231765,0.2701704945771786,20.8,1027.412
1791050386.7160146,69.64737049429873,0.23335546502753537,0.2630673505861774,0.26783022805167184,20.82,1027.413
1791050418.0677083,69.64737049429873,0.23469312983167742,0.27208287949783283,0.2707168902687941,20.87,1027.422
1791050449.3910825,69.64737049429873,0.24198308389988962,0.2650970401660083,0.27660484604719254,20.87,1027.424
1791050480.7356496,69.64737049429873,0.23925472731106692,0.26790247149370505,0.2733591846713504,20.87,1027.418
1791050512.0861485,69.64737049429873,0.23659010311680778,0.2658751288912901,0.2760875412601731,20.83,1027.436
1791050543.4295454,69.64737049429873,0.23448533584657616,0.264394129215713,0.26911273785261347,20.82,1027.444
1791050574.7569902,69.64737049429873,0.23755537232470586,0.2636075973948934,0.27597183727179525,20.86,1027.45
1791050606.1043646,69.64737049429873,0.23611751287449212,0.2645893909226471,0.26816151140439276,20.84,1027.452
1791050637.4471138,69.64737049429873,0.23350243324276346,0.2725901094833978,0.2721620611907547,20.87,1027.461
1791050668.7745903,69.64737049429873,0.23586730776640627,0.2694852790379144,0.27341371187878677,20.89,1027.471
1791050700.1169574,69.64737049429873,0.23578737381412265,0.2658790833313664,0.27061577683472227,20.87,1027.475
1791050731.455575,69.64737049429873,0.2351360665011977,0.2707168902687941,0.27052962025675864,20.9,1027.474
1791050762.8129165,69.64737049429873,0.23400483248166884,0.26911273785261347,0.2768779230572279,20.9,1027.496
1791050794.154576,69.64737049429873,0.24008841773624376,0.27105671661244,0.27102343182036576,20.9,1027.503
1791050825.5009108,69.64737049429873,0.235227129446934,0.27039185012967826,0.27908873350787805,20.9,1027.492
1791050856.8515463,69.64737049429873,0.23461652111006837,0.26981232110588094,0.27432929833106107,20.89,1027.496
1791050888.1880136,69.64737049429873,0.2394829086496176,0.2719073659398564,0.27275651493911524,20.87,1027.497
1791050919.5253618,69.64737049429873,0.23805818428301176,0.2686730027887563,0.27330098322582974,20.89,1027.518
1791050950.8678784,69.64737049429873,0.23595638601655797,0.2673653539528614,0.28320380262649214,20.87,1027.511
1791050982.214409,69.64737049429873,0.23688161779656788,0.2751504263748638,0.27448109271761134,20.9,1027.505
1791051013.5492308,69.64737049429873,0.2409850327307375,0.2783395609768371,0.2758495040185248,20.86,1027.51
1791051044.9004543,69.64737049429873,0.23976861850564385,0.2658030549874162,0.27791576713826394,20.84,1027.507
1791051076.2519581,69.64737049429873,0.23681791785139736,0.2672919318741937,0.26963970878473,20.89,1027.504
1791051107.6084585,69.64737049429873,0.24272456274772145,0.2670102716859728,0.2745114032384893,20.86,1027.494
1791051138.9559605,69.64737049429873,0.23984553369251954,0.27420741045742864,0.27891282564302633,20.8,1027.491
1791051170.2985034,69.64737049429873,0.23894647840621946,0.26623297504051724,0.2778884626979686,20.83,1027.492
1791051201.642102,69.64737049429873,0.24135311175145843,0.26423658971002956,0.2701878021843462,20.83,1027.482
1791051232.9883895,69.64737049429873,0.23702815150756257,0.2724123900517591,0.27143755217113574,20.83,1027.478
1791051264.3308501,69.64737049429873,0.23544889968984498,0.2674839246701705,0.2791336911407171,20.84,1027.476
1791051295.6793442,69.64737049429873,0.2360207638512112,0.26774795644707616,0.27679324816872664,20.86,1027.469
1791051327.0289948,69.64737049429873,0.23673560258202292,0.268839781571506,0.2749663839869801,20.84,1027.461
1791051358.3812466,69.64737049429873,0.236253535063362,0.2659548426558116,0.272934125788118,20.83,1027.449
1791051389.7288008,69.64737049429873,0.23452348273093832,0.26576132840798006,0.27141638285651976,20.86,1027.452
1791051421.0793781,69.64737049429873,0.23976861850564385,0.2672919318741937,0.27135030324359255,20.86,1027.436
1791051452.4389224,69.64737049429873,0.23690067234987516,0.2678402686651239,0.2715580356833869,20.86,1027.43
1791051483.779399,69.64737049429873,0.23432566957670808,0.2703938364290272,0.27795719527577334,20.84,1027.427
1791051515.126961,69.64737049429873,0.23610121270535753,0.2659210898968683,0.2716786262016351,20.84,1027.411
1791051546.475304,69.64737049429873,0.2356579180085219,0.27186478278713816,0.273507604581001,20.8,1027.405
1791051577.8188324,69.64737049429873,0.23585192978940794,0.2650183936360015,0.27858632662035177,20.82,1027.401
1791051609.152391,69.64737049429873,0.2354095063396511,0.2640433035855637,0.2734488687268715,20.82,1027.404
1791051640.504934,69.64737049429873,0.23495453471295924,0.2661478440345086,0.27348003835033297,20.84,1027.403
1791051671.8503885,69.64737049429873,0.23812053649456555,0.26720204388486124,0.27148222906557734,20.86,1027.39
1791051703.1968377,69.64737049429873,0.23908754693079218,0.26759330471602405,0.27715100006726334,20.86,1027.391
1791051734.5453484,69.64737049429873,0.23553911527639512,0.2709370395976278,0.2706644448636531,20.86,1027.378
1791051765.8808014,69.64737049429873,0.235227129446934,0.26532969860485334,0.27148222906557734,20.87,1027.391
1791051797.2173104,69.64737049429873,0.23496669082728874,0.26654430717231326,0.27008515676476325,20.87,1027.372
1791051828.5427907,69.64737049429873,0.23377684535407836,0.2661574744892337,0.2685435219854974,20.87,1027.371
1791051859.893298,69.64737049429873,0.23525346755909718,0.26705475037693066,0.2716457167155312,20.87,1027.366
1791051891.2307665,69.64737049429873,0.24027081019477486,0.26533196134014386,0.2706495410750536,20.89,1027.371
1791051922.5113542,69.64737049429873,0.23715517879217918,0.26666251377323913,0.2704957646255858,20.93,1027.382
1791051953.8617876,69.64737049429873,0.24198308389988962,0.26607252689006256,0.2717770048539552,20.91,1027.366
1791051985.1924043,69.64737049429873,0.23488935676895062,0.27102343182036576,0.27290247303525605,20.9,1027.368
1791052016.5228257,69.64737049429873,0.2396334594930071,0.2671653182732935,0.2747233629657618,20.9,1027.371
1791052047.8522763,69.64737049429873,0.23892021866230617,0.27481485795591026,0.2761808471849489,20.9,1027.357
1791052079.1967893,69.64737049429873,0.2361252485779743,0.26669327432094536,0.2726292751894483,20.91,1027.365
1791052110.5412652,69.64737049429873,0.23501959764900993,0.2667303517506586,0.2755711500751988,20.91,1027.359
1791052141.8836274,69.64737049429873,0.2350845458812355,0.26587119883014326,0.27666152901109786,20.9,1027.366
1791052173.2292976,69.64737049429873,0.23652637072224422,0.2662654575404115,0.2710368144339616,20.91,1027.37
1791052204.5770104,69.64737049429873,0.23866548535658638,0.2754242300071743,0.2707504755392583,20.91,1027.371
1791052235.9052222,69.64737049429873,0.23821065505744873,0.2676119544072011,0.27362895306823826,20.93,1027.383
1791052267.252769,69.64737049429873,0.23632796547646684,0.2662758244520823,0.27051412362570476,20.91,1027.397
1791052298.5912344,69.64737049429873,0.23594766900121916,0.2675753485945666,0.27518328006001297,20.93,1027.414
1791052329.933703,69.64737049429873,0.2364158881649115,0.26921111064244935,0.2714588533875425,20.93,1027.438
1791052361.2861156,69.64737049429873,0.23664906292963314,0.2790100111207092,0.2790100111207092,20.91,1027.44
1791052392.6248274,69.64737049429873,0.23719691315390878,0.26709167169267867,0.2729916692172604,20.9,1027.463
1791052423.9731932,69.64737049429873,0.24157971494811384,0.27225932750754916,0.2790100111207092,20.89,1027.464
1791052455.3046844,69.64737049429873,0.23677670553191818,0.2727181082216491,0.278162266330279,20.89,1027.47
1791052486.6342974,69.64737049429873,0.23681791785139736,0.2721152569447956,0.2799547379212652,20.89,1027.489
1791052517.9717064,69.64737049429873,0.23553911527639512,0.2787894621274758,0.27933561614754665,20.9,1027.506
1791052549.3192182,69.64737049429873,0.2371768529630399,0.26696598946416383,0.27812029512915987,20.89,1027.522
1791052580.6512973,69.64737049429873,0.2396334594930071,0.26638871014092863,0.2686376727677315,20.87,1027.528
1791052612.0023758,69.64737049429873,0.2358272875932197,0.2668248927156749,0.2707695682578962,20.89,1027.524
1791052643.3296814,69.64737049429873,0.2392033098897558,0.27481651606027646,0.27725718972393537,20.89,1027.529
1791052674.674247,69.64737049429873,0.23706979068985684,0.26474588834706575,0.2720736140677504,20.9,1027.547
1791052705.9976542,69.64737049429873,0.23852298377023573,0.2754242300071743,0.2751504263748638,20.87,1027.539
1791052737.346167,69.64737049429873,0.23688161779656788,0.266618922581678,0.2798050881241419,20.87,1027.55
1791052768.6755803,69.64737049429873,0.2351360665011977,0.26638871014092863,0.2718096816520251,20.89,1027.545
1791052800.0211244,69.64737049429873,0.23692298804177098,0.26728359047453915,0.273507604581001,20.87,1027.55
1791052831.3726182,69.64737049429873,0.23820634661767312,0.26630820808488687,0.27794302322862713,20.9,1027.549
1791052862.6992416,69.64737049429873,0.23677670553191818,0.2746330351909283,0.2782163420171935,20.87,1027.549
1791052894.0426564,69.64737049429873,0.23639856736654066,0.2667740736859178,0.2803778160987657,20.87,1027.551
1791052925.386229,69.64737049429873,0.23980039862883146,0.26965865041482845,0.2727817679066968,20.86,1027.553
1791052956.7295415,69.64737049429873,0.2351360665011977,0.26662519508684057,0.27457186347476287,20.86,1027.556
1791052988.074201,69.64737049429873,0.23692298804177098,0.2658030549874162,0.278656578849813,20.83,1027.562
1791053019.4175372,69.64737049429873,0.2377873391611745,0.26792302924286027,0.27195279459710014,20.89,1027.563
1791053050.7650657,69.64737049429873,0.23649771560284258,0.2668621002819509,0.2725579673819258,20.9,1027.571
1791053082.1117542,69.64737049429873,0.23597214224459734,0.26721824849560494,0.2752130741626246,20.9,1027.564
1791053113.4551706,69.64737049429873,0.2363516040862825,0.2661574744892337,0.27204104121980516,20.91,1027.569
1791053144.7996557,69.64737049429873,0.2394945718058357,0.2677940103006456,0.27481651606027646,20.93,1027.576
1791053176.144099,69.64737049429873,0.23572270332215547,0.26540868863574074,0.2715909791548276,20.93,1027.567
1791053207.4905934,69.64737049429873,0.24328945082287273,0.2671207133219812,0.27784733884805246,20.93,1027.575
1791053238.8331203,69.64737049429873,0.24023990542875912,0.266618922581678,0.27980912443915834,20.89,1027.576
1791053270.1795905,69.64737049429873,0.24039192938413503,0.26872097847035187,0.2780932321056031,20.87,1027.579
1791053301.5150661,69.64737049429873,0.24193517852871133,0.26579562611188223,0.2774517195545845,20.86,1027.573
1791053332.8486583,69.64737049429873,0.23399608924768386,0.2674297515169905,0.2770843801290543,20.83,1027.579
1791053364.1891763,69.64737049429873,0.23610901458574876,0.2685191684537293,0.2761163395431483,20.86,1027.574
1791053395.5325692,69.64737049429873,0.23634095133427777,0.2652509176435128,0.2765677929461169,20.9,1027.583
1791053426.8721411,69.64737049429873,0.2387708609886059,0.2684481428114696,0.2768119056980438,20.91,1027.58
1791053458.2175424,69.64737049429873,0.23595638601655797,0.2738432414001317,0.27193000988016724,20.93,1027.594
1791053489.562319,69.64737049429873,0.23629396169701894,0.26982849429450556,0.27888644065374396,20.87,1027.594
1791053520.9105666,69.64737049429873,0.24186494313786783,0.2669733273138117,0.2710767422479813,20.9,1027.604
1791053552.2581866,69.64737049429873,0.23944976341422677,0.26638871014092863,0.2695548120343229,20.9,1027.605
1791053583.6008697,69.64737049429873,0.23622982585501134,0.2704436924229864,0.27527250374106516,20.9,1027.617
1791053614.9380803,69.64737049429873,0.23673560258202292,0.2706308280825277,0.28082521056368054,20.91,1027.623
1791053646.2916625,69.64737049429873,0.23478560256439077,0.26728359047453915,0.27539073231808525,20.91,1027.627
1791053677.6372838,69.64737049429873,0.23902594015509634,0.27429890719365535,0.2809249380899883,20.91,1027.626
1791053708.9146056,69.64737049429873,0.2363579841197175,0.26865018441737093,0.2773014262858375,20.87,1027.622
1791053740.296132,69.64737049429873,0.2368403573886344,0.2680675712962569,0.27575647292009625,20.91,1027.628
1791053771.6256213,69.64737049429873,0.23574756600540347,0.26529134991710895,0.27056341593733546,20.87,1027.63
1791053802.9602332,69.64737049429873,0.23618944856195212,0.26540868863574074,0.2764825574425151,20.9,1027.622
1791053834.3116202,69.64737049429873,0.23345867846159804,0.2715909791548276,0.2749663839869801,20.89,1027.628
1791053865.6533766,69.64737049429873,0.23521422960477878,0.26741068068045604,0.2778611097789738,20.9,1027.625
1791053897.0036283,69.64737049429873,0.23483577790909752,0.2694852790379144,0.27606532052907645,20.87,1027.628
1791053928.3470356,69.64737049429873,0.23637513781749533,0.2778884626979686,0.27801175486244334,20.87,1027.635
1791053959.6896098,69.64737049429873,0.23553911527639512,0.26439476598223355,0.28420767003732406,20.87,1027.636
1791053991.0400267,69.64737049429873,0.2344748891806405,0.268483686991855,0.2727247892328877,20.84,1027.634
1791054022.3756611,69.64737049429873,0.2397394496924124,0.2663029291200569,0.2766332125779376,20.83,1027.633
1791054053.7210903,69.64737049429873,0.24149680832835352,0.26599262188152917,0.27339039220340067,20.86,1027.63
1791054085.073648,69.64737049429873,0.23396745713473552,0.2668481185880064,0.27678373462002676,20.83,1027.633
1791054116.4241474,69.64737049429873,0.2401187315383273,0.2667740736859178,0.27581470560129084,20.86,1027.627
1791054147.7824628,69.64737049429873,0.23604491364885827,0.2666497882542332,0.26993160669593586,20.83,1027.64
1791054179.1191885,69.64737049429873,0.23481243172284763,0.26676736378525545,0.2719398125090434,20.84,1027.625
1791054210.454582,69.64737049429873,0.2448243500796595,0.2693362311562834,0.28025549617362877,20.84,1027.636
1791054241.795117,69.64737049429873,0.23474724341482522,0.2657197862226469,0.27042564809302233,20.84,1027.624
1791054273.140519,69.64737049429873,0.23411755602291842,0.2646285313510344,0.26981232110588094,20.83,1027.636
1791054304.4839935,69.64737049429873,0.23898189165218467,0.26579932904425485,0.2718974252348152,20.82,1027.626
1791054335.8324609,69.64737049429873,0.23356198323894156,0.25997593292792864,0.26892350320593733,20.82,1027.641
1791054367.172073,69.64737049429873,0.23999712793459219,0.2635738097003527,0.2694005500963439,20.8,1027.634
1791054398.5045087,69.64737049429873,0.24181710974186682,0.26567842721182644,0.27150356501550177,20.79,1027.63
1791054429.8530579,69.64737049429873,0.23654937387259936,0.2661854028886378,0.27590166963942214,20.82,1027.622
1791054461.1894987,69.64737049429873,0.23481243172284763,0.26470620917514337,0.27230001326750164,20.8,1027.637
1791054492.535987,69.64737049429873,0.23778546913979334,0.2658751288912901,0.2765394312670334,20.82,1027.638
1791054523.8855019,69.64737049429873,0.24607561878312362,0.27408716138793976,0.27529855534122405,20.8,1027.644
1791054555.228124,69.64737049429873,0.23916625825705418,0.27134159092689764,0.276266956836023,20.8,1027.651
1791054586.5765526,69.64737049429873,0.2342961112609463,0.2652106633365395,0.2759593905899474,20.82,1027.648
1791054617.9200082,69.64737049429873,0.23467082889679677,0.26648929871429305,0.27635261166299446,20.8,1027.634
1791054649.2695167,69.64737049429873,0.23555010184402245,0.2702550498297095,0.2764094639773045,20.76,1027.623
1791054680.622263,69.64737049429873,0.24075272798578465,0.26816428199327763,0.27336330845345774,20.76,1027.618
1791054711.9654412,69.64737049429873,0.235227129446934,0.26646363410884005,0.2700682419472349,20.79,1027.604
1791054743.3099496,69.64737049429873,0.23503197342370885,0.2641206893772596,0.2693160463078744,20.82,1027.594
1791054774.659457,69.64737049429873,0.23427790949170424,0.2631838086460438,0.26767540727715394,20.79,1027.596
1791054806.0030427,69.64737049429873,0.23438157677636476,0.2667740736859178,0.2684125357461303,20.82,1027.581
1791054837.3355098,69.64737049429873,0.23652637072224422,0.2664951296418982,0.269385694133721,20.83,1027.59
1791054868.675854,69.64737049429873,0.23317974677252012,0.2655613316206816,0.2688267015213365,20.89,1027.581
1791054900.0165944,69.64737049429873,0.23399608924768386,0.26377278820832556,0.2699493164121051,20.89,1027.582
1791054931.3648686,69.64737049429873,0.23437150072574126,0.26906387692209877,0.2685191684537293,20.91,1027.584
1791054962.712393,69.64737049429873,0.23518820315581304,0.26661268881443634,0.2708508759356144,20.87,1027.589
1791054994.0630713,69.64737049429873,0.23402459544442178,0.2657541730110006,0.26937092983811234,20.89,1027.599
1791055025.387475,69.64737049429873,0.23596500322908992,0.2662603220393204,0.2691685087325213,20.91,1027.603
1791055056.7349336,69.64737049429873,0.2348775052072334,0.2654037128591958,0.2711562190637819,20.91,1027.605
1791055088.0745134,69.64737049429873,0.23426820340607177,0.26606798034606693,0.2686604704244875,20.91,1027.588
1791055119.4169273,69.64737049429873,0.23776516130937247,0.2723882132259031,0.2726611695070106,20.89,1027.596
1791055150.7515173,69.64737049429873,0.2364856899085031,0.2686022803234743,0.2793615691667603,20.91,1027.598
1791055182.0938637,69.64737049429873,0.23730311320153433,0.2717221707180568,0.2706308280825277,20.89,1027.604
1791055213.4372978,69.64737049429873,0.23707204204000878,0.2694204257531295,0.27363202033023265,20.89,1027.601
1791055244.7839153,69.64737049429873,0.23747078575667233,0.268483686991855,0.2740565831878426,20.87,1027.607
1791055276.1164227,69.64737049429873,0.23644511667317508,0.2668043105975939,0.27339039220340067,20.89,1027.61
1791055307.445892,69.64737049429873,0.23901699328554948,0.27330098322582974,0.2745410988474826,20.9,1027.603
1791055338.787413,69.64737049429873,0.24096485407960253,0.26719401657100905,0.2768400270894742,20.89,1027.596
1791055370.1268964,69.64737049429873,0.23824491128823502,0.26711294719715367,0.27807858290652543,20.9,1027.611
1791055401.4762845,69.64737049429873,0.2361328957528643,0.26672379126384793,0.27378630839557105,20.87,1027.606
1791055432.8228009,69.64737049429873,0.23575736999398494,0.2688968734582243,0.2720045342673047,20.87,1027.609
1791055464.1683311,69.64737049429873,0.23671723083156299,0.26967744190664095,0.275265592314072,20.89,1027.627
1791055495.5017593,69.64737049429873,0.23732437575641052,0.2687082705515511,0.2772899280596364,20.9,1027.618
1791055526.7953742,69.64737049429873,0.23834991578189046,0.2687562817258297,0.278842286882896,20.93,1027.621
1791055558.13261,69.64737049429873,0.23629396169701894,0.27280717773182483,0.2754242300071743,20.9,1027.632
1791055589.4823513,69.64737049429873,0.2405302411537006,0.2748465960810844,0.28005348337743885,20.89,1027.636
1791055620.832748,69.64737049429873,0.23610121270535753,0.27052962025675864,0.28403810732947526,20.9,1027.634
1791055652.1771865,69.64737049429873,0.23957233584671184,0.269574065927754,0.2720179523759671,20.86,1027.637
1791055683.5147061,69.64737049429873,0.23604491364885827,0.27156934438258074,0.2724202923285321,20.89,1027.632
1791055714.8641872,69.64737049429873,0.2363579841197175,0.26603033438608215,0.2721152569447956,20.9,1027.641
1791055746.1967962,69.64737049429873,0.24061890560547827,0.2649785634093281,0.2713294317556585,20.9,1027.653
1791055777.5331724,69.64737049429873,0.2387708609886059,0.26653829319929373,0.27151506502976114,20.94,1027.654
1791055808.886682,69.64737049429873,0.23492797246798025,0.26965865041482845,0.2781473103361189,20.93,1027.658
1791055840.2212052,69.64737049429873,0.23778546913979334,0.2740565831878426,0.2778745951929004,20.91,1027.669
1791055871.5777464,69.64737049429873,0.23675816433951352,0.26696598946416383,0.2804778552867445,20.9,1027.67
1791055902.9231374,69.64737049429873,0.23856020269341116,0.27045938647166395,0.27127572894682767,20.93,1027.674
1791055934.2626889,69.64737049429873,0.23694816026455612,0.27290841389715514,0.2778336770705646,20.9,1027.688
1791055965.5943136,69.64737049429873,0.23590088835639925,0.26711294719715367,0.2768400270894742,20.9,1027.712
1791055996.936614,69.64737049429873,0.2392274972946594,0.27124271079557644,0.27828167353791555,20.87,1027.707
1791056028.2842453,69.64737049429873,0.23669460856691968,0.26771171396490895,0.2803540733011792,20.86,1027.735
1791056059.6309378,69.64737049429873,0.2355786110008416,0.26794884711560735,0.28000561702625726,20.89,1027.743
1791056090.9731228,69.64737049429873,0.23633449580534524,0.2701704945771786,0.2718096816520251,20.87,1027.749
1791056122.3057876,69.64737049429873,0.23761771335777332,0.2687562817258297,0.27824330810740494,20.87,1027.772
1791056153.6533327,69.64737049429873,0.237156934171688,0.2754788563726879,0.2790179002363322,20.87,1027.757
1791056184.9817142,69.64737049429873,0.24031499531651587,0.26801035904617276,0.2767180121145859,20.83,1027.78
1791056216.326174,69.64737049429873,0.2369260772883029,0.2742689846890947,0.27345264221393095,20.82,1027.78
1791056247.677602,69.64737049429873,0.24008841773624376,0.2683651983367211,0.27998338201524087,20.84,1027.775
1791056279.0251586,69.64737049429873,0.23638136881993346,0.2713086889394257,0.27321181047767457,20.86,1027.794
1791056310.3596225,69.64737049429873,0.2362771397292421,0.26816428199327763,0.27795607604220063,20.8,1027.806
1791056341.7052655,69.64737049429873,0.23477412156671126,0.2669586968519998,0.2745410988474826,20.83,1027.821
1791056373.054739,69.64737049429873,0.23661294561341453,0.2662603220393204,0.2721243124558181,20.83,1027.825
1791056404.3931022,69.64737049429873,0.23558938607840307,0.26967744190664095,0.27197220190119215,20.84,1027.84
1791056435.7167335,69.64737049429873,0.2423145925302778,0.26812853450204177,0.2760521160882434,20.84,1027.854
1791056467.0633066,69.64737049429873,0.23450236672948066,0.26571633348104684,0.2685191684537293,20.86,1027.865
1791056498.4146023,69.64737049429873,0.23464373486909854,0.2655232718776975,0.2722120466524007,20.84,1027.867
1791056529.7541163,69.64737049429873,0.23365782647808636,0.26634033458025164,0.26879152268791406,20.89,1027.884
1791056561.1054177,69.64737049429873,0.23535666003962344,0.26805685003703744,0.27451096160579297,20.9,1027.884
1791056592.4501927,69.64737049429873,0.2351621924278329,0.26521255018415785,0.27011925539570353,20.87,1027.903
1791056623.801665,69.64737049429873,0.23365782647808636,0.26634033458025164,0.2683651983367211,20.89,1027.902
1791056655.1570163,69.64737049429873,0.23617300251478715,0.2670763048767306,0.2719398125090434,20.9,1027.913
1791056686.4956715,69.64737049429873,0.23824491128823502,0.26762029343500415,0.2707649399284975,20.89,1027.924
1791056717.84717,69.64737049429873,0.23763831044602843,0.2668411923599231,0.2741481561342861,20.9,1027.945
1791056749.1895013,69.64737049429873,0.2364046505900949,0.2665694375226925,0.27285135720742554,20.89,1027.937
1791056780.532989,69.64737049429873,0.23667640542732551,0.2762310258642445,0.27553734715130257,20.87,1027.922
1791056811.8785532,69.64737049429873,0.24173334602851992,0.27463119262752217,0.275294999556146,20.87,1027.934
1791056843.2301557,69.64737049429873,0.23690708416289397,0.26726706181244203,0.28087331129433113,20.86,1027.925
1791056874.5707111,69.64737049429873,0.2359252061600933,0.268400768645399,0.27161322620119466,20.82,1027.939
1791056905.9101105,69.64737049429873,0.24351248714738008,0.28008159887016876,0.2802052605527698,20.82,1027.941
1791056937.261613,69.64737049429873,0.23784806206355516,0.27311779746942594,0.2822380374843951,20.82,1027.936
1791056968.593158,69.64737049429873,0.23763831044602843,0.2734215446690541,0.27478331583997767,20.8,1027.94
1791056999.935623,69.64737049429873,0.23638136881993346,0.2703402362263716,0.2783239208843789,20.83,1027.964
1791057031.2661092,69.64737049429873,0.23834991578189046,0.26474498914551786,0.2776840817630639,20.8,1027.93
1791057062.5966804,69.64737049429873,0.23634095133427777,0.26474498914551786,0.2692174710754708,20.82,1027.938
1791057093.9380846,69.64737049429873,0.23437150072574126,0.26559932432467914,0.27181995726360353,20.82,1027.945
1791057125.2835,69.64737049429873,0.2366537230541182,0.26855458736294857,0.2707649399284975,20.77,1027.948
1791057156.6291006,69.64737049429873,0.23529195188319463,0.26696598946416383,0.27311779746942594,20.8,1027.966
1791057187.9726725,69.64737049429873,0.23675816433951352,0.269574065927754,0.27214757718531374,20.84,1027.975
1791057219.3220248,69.64737049429873,0.23553911527639512,0.26591699653170736,0.2744505273068795,20.84,1027.958
1791057250.6489816,69.64737049429873,0.23996719028554067,0.2658751288912901,0.27290247303525605,20.83,1027.958
1791057281.9960377,69.64737049429873,0.23598069940447972,0.26773824488778486,0.2712963881014732,20.84,1027.948
1791057313.2855597,69.64737049429873,0.2348775052072334,0.26540619306846913,0.26925225910982464,20.86,1027.944
1791057344.628169,69.64737049429873,0.23314359254332762,0.26765645687161493,0.2700341735055426,20.86,1027.951
1791057375.9625845,69.64737049429873,0.23467082889679677,0.2690501357760825,0.2701022504066904,20.84,1027.958
1791057407.3090277,69.64737049429873,0.23402459544442178,0.2756877553156504,0.2765026611385415,20.9,1027.968
1791057438.64167,69.64737049429873,0.23579696277600426,0.2679282117088455,0.27583803118919503,20.87,1027.984
1791057469.9822145,69.64737049429873,0.23226103714722648,0.26672379126384793,0.2700682419472349,20.86,1027.972
1791057501.331484,69.64737049429873,0.23494246417109382,0.266372206988708,0.27091751491838223,20.87,1027.974
1791057532.6770203,69.64737049429873,0.23507203974435745,0.26706869233327496,0.27206902852277626,20.9,1027.978
1791057564.0195448,69.64737049429873,0.23843065375018271,0.26528709812507595,0.2727630118618111,20.89,1027.977
1791057595.360923,69.64737049429873,0.23398740745320773,0.2677285930682481,0.2701700880114202,20.9,1027.988
1791057626.7074237,69.64737049429873,0.23906089412564527,0.26937092983811234,0.2745105234659484,20.87,1027.996
1791057658.0391057,69.64737049429873,0.23644511667317508,0.2649389084993088,0.2754788563726879,20.87,1027.989
1791057689.3843935,69.64737049429873,0.2361328957528643,0.2659088854409568,0.2710699556526006,20.87,1027.995
1791057720.728135,69.64737049429873,0.23561435588993232,0.2698144297843512,0.2751444847670563,20.89,1027.987
1791057752.054597,69.64737049429873,0.23653171323882663,0.2639307120455359,0.2714399503857424,20.87,1027.991
1791057783.4000123,69.64737049429873,0.23463277272747055,0.2659088854409568,0.26881370193188014,20.84,1027.983
1791057814.7485437,69.64737049429873,0.23843065375018271,0.2664521559895509,0.2690501357760825,20.89,1027.973
1791057846.0931077,69.64737049429873,0.23951576261381477,0.27297140257267993,0.27161322620119466,20.89,1027.974
1791057877.4414825,69.64737049429873,0.2388504441251704,0.265558375340984,0.28082429663067,20.9,1027.956
1791057908.7659464,69.64737049429873,0.2354075770549039,0.2729143078143167,0.2756246981570629,20.89,1027.974
1791057940.1133633,69.64737049429873,0.23659507722151701,0.26815332462442465,0.2772232956250285,20.9,1027.98
1791057971.4609766,69.64737049429873,0.23473591245269954,0.26723057135746386,0.27032258920672414,20.91,1027.959
1791058002.7985542,69.64737049429873,0.2366537230541182,0.2678563003586845,0.2761737837978101,20.87,1027.969
1791058034.146946,69.64737049429873,0.23757558763254474,0.2665694375226925,0.27765672951954595,20.86,1027.97
1791058065.4964159,69.64737049429873,0.23600490558588483,0.2662228954985409,0.27254804394176585,20.89,1027.981
1791058096.8378441,69.64737049429873,0.2353176312411725,0.26974605627958465,0.27112311007897166,20.87,1027.979
1791058128.172374,69.64737049429873,0.2361566720355072,0.2685776832659227,0.2717977513068683,20.87,1027.98
1791058159.5150063,69.64737049429873,0.24157983349125595,0.2677645661630988,0.27086490535229907,20.84,1027.984
1791058190.8574212,69.64737049429873,0.2370959386613411,0.2673761488822644,0.27306547098713363,20.87,1027.989
1791058222.186852,69.64737049429873,0.2368661162557916,0.26815332462442465,0.2721011907114928,20.89,1028.003
1791058253.5304103,69.64737049429873,0.23582149830779675,0.26733985040606234,0.27194953764344876,20.91,1027.998
1791058284.8779826,69.64737049429873,0.23578196011869312,0.26815332462442465,0.27194953764344876,20.91,1027.993
1791058316.2113588,69.64737049429873,0.23653171323882663,0.26586729292317646,0.27330532800738594,20.93,1027.998
1791058347.5480917,69.64737049429873,0.2359494172553676,0.26730348810561594,0.2707459955401197,20.91,1028.003
1791058378.8865538,69.64737049429873,0.23751246239944437,0.2685776832659227,0.27191722798977913,20.91,1028.012
1791058410.2189462,69.64737049429873,0.23558938607840307,0.2679640725099845,0.2731541373864083,20.9,1028.01
1791058441.5734582,69.64737049429873,0.23834991578189046,0.2678103323610361,0.2746012142184622,20.9,1028.011
1791058472.9118161,69.64737049429873,0.23669898818108207,0.2686604704244875,0.27134159092689764,20.86,1028.002
1791058504.2603943,69.64737049429873,0.23655457357132728,0.27357648608017343,0.2723722297457674,20.86,1027.986
1791058535.5910578,69.64737049429873,0.2345948167542083,0.2745705079075881,0.2792966332924666,20.87,1027.981
1791058566.923307,69.64737049429873,0.23747073384611483,0.2677645661630988,0.2782396855023901,20.87,1027.98
1791058598.2638075,69.64737049429873,0.23778362047223184,0.26888368122663237,0.27399846395141514,20.87,1027.975
1791058629.6084096,69.64737049429873,0.23757493785675884,0.26815332462442465,0.2733363910873655,20.89,1027.97
1791058660.9377172,69.64737049429873,0.23724130432665694,0.26923795691557445,0.27152647409096026,20.89,1027.961
1791058692.2833905,69.64737049429873,0.2368661162557916,0.2682244313371347,0.277643857171985,20.89,1027.971
1791058723.6309044,69.64737049429873,0.23645090804668223,0.2672951953314368,0.2732476016495473,20.9,1027.954
1791058754.9583101,69.64737049429873,0.23840646527344606,0.27231657234119744,0.27228466951223823,20.9,1027.947
1791058786.2888901,69.64737049429873,0.23655457357132728,0.2767088542941614,0.28138845704374515,20.87,1027.964
1791058817.6167364,69.64737049429873,0.23734554488655066,0.2686604704244875,0.27969028367118226,20.87,1027.963
1791058848.9568043,69.64737049429873,0.23753357330672673,0.27321181047767457,0.27610954700571955,20.83,1027.943
1791058880.302321,69.64737049429873,0.24221811685476471,0.2688618183902486,0.2778336770705646,20.82,1027.955
1791058911.6318772,69.64737049429873,0.2375543010592403,0.26819996654607614,0.27405794366986813,20.82,1027.952
1791058942.9802268,69.64737049429873,0.23732437575641052,0.2694055674011769,0.2762310258642445,20.82,1027.946
1791058974.3197298,69.64737049429873,0.23799267001799118,0.27149377812480296,0.27840410805862076,20.82,1027.937
1791059005.655552,69.64737049429873,0.23609289477157108,0.26524891434473946,0.2759593905899474,20.84,1027.953
1791059037.00073,69.64737049429873,0.23496884301586923,0.27469099158852484,0.2748413091781098,20.83,1027.944
1791059068.3322756,69.64737049429873,0.24130867541846848,0.2674935271288242,0.2748413091781098,20.82,1027.949
1791059099.6806943,69.64737049429873,0.2361566720355072,0.2667975342604875,0.2767088542941614,20.82,1027.948
1791059130.9841623,69.64737049429873,0.23649125745583136,0.2657129019693377,0.2763165121899161,20.82,1027.934
1791059162.329747,69.64737049429873,0.24157983349125595,0.2724918537890237,0.2750826200885137,20.82,1027.951
1791059193.6651068,69.64737049429873,0.23381894107974652,0.2639307120455359,0.2724918537890237,20.83,1027.946
1791059224.9937387,69.64737049429873,0.23586114091563368,0.26474498914551786,0.26920326335203604,20.83,1027.965
1791059256.350161,69.64737049429873,0.2351106587105198,0.27894737860721486,0.2754161200413533,20.86,1027.972
1791059287.6926243,69.64737049429873,0.23872724701945747,0.2692174710754708,0.2787984051980699,20.84,1027.978
1791059319.0402663,69.64737049429873,0.23738718163976721,0.2668780092438865,0.2725161904594656,20.82,1027.969
1791059350.3797288,69.64737049429873,0.23392172306137662,0.265829652556892,0.26753869708673905,20.8,1027.992
1791059381.7371113,69.64737049429873,0.23632403818724237,0.2646669478799457,0.2690849791477881,20.83,1028.008
1791059413.0737312,69.64737049429873,0.2367621775560632,0.271050091390806,0.2719817905862062,20.83,1028.015
1791059444.3992455,69.64737049429873,0.23807429158798513,0.267412383702114,0.2761953155307183,20.87,1028.029
1791059475.7387815,69.64737049429873,0.23232550970620247,0.27375810409602297,0.2709312567872037,20.87,1028.055
1791059507.12422,69.64737049429873,0.2362203373555995,0.2671052287820325,0.27538291171915324,20.86,1028.054
1791059538.45669,69.64737049429873,0.2370959386613411,0.26984852660717606,0.27917412950645704,20.87,1028.072
1791059569.782168,69.64737049429873,0.2350335224114195,0.26923795691557445,0.2725236307866699,20.86,1028.082
1791059601.1275856,69.64737049429873,0.23740819432434088,0.2677645661630988,0.2729143078143167,20.84,1028.097
1791059632.4801784,69.64737049429873,0.23778362047223184,0.27152647409096026,0.2723722297457674,20.84,1028.097
1791059663.8356652,69.64737049429873,0.23617300251478715,0.2661478440345086,0.27300281384487635,20.87,1028.117
1791059695.1742108,69.64737049429873,0.23461652111006837,0.2676659027899307,0.26993160669593586,20.86,1028.117
1791059726.5225928,69.64737049429873,0.23365782647808636,0.26579562611188223,0.273573217369187,20.87,1028.132
1791059757.8681521,69.64737049429873,0.23857868928793977,0.26726706181244203,0.2700341735055426,20.9,1028.145
1791059789.2065947,69.64737049429873,0.23713715529006624,0.2686956407699996,0.2711030385984562,20.9,1028.146
1791059820.561149,69.64737049429873,0.2350335224114195,0.26520878808040943,0.27294570028445786,20.91,1028.154
1791059851.8855004,69.64737049429873,0.23963714401028843,0.26586729292317646,0.2706271900850468,20.93,1028.15
1791059883.2210033,69.64737049429873,0.24082597905954126,0.2654797081806413,0.2687657964271485,20.91,1028.172
1791059914.5637496,69.64737049429873,0.23469780398159462,0.2673761488822644,0.27171087048597425,20.9,1028.15
1791059945.903982,69.64737049429873,0.23659507722151701,0.2691197613344719,0.2764378152598868,20.93,1028.158
1791059977.2476242,69.64737049429873,0.23523988205014387,0.2683420786855889,0.27791501524477236,20.95,1028.158
1791060008.5860865,69.64737049429873,0.23659507722151701,0.2671417011571071,0.27971573204750044,20.94,1028.158
1791060039.9396017,69.64737049429873,0.2350335224114195,0.26660033606709327,0.27050848884976253,20.95,1028.138
1791060071.2681265,69.64737049429873,0.23740819432434088,0.2655962538889018,0.27472081241730034,20.94,1028.109
1791060102.6106665,69.64737049429873,0.23659507722151701,0.2688968734582243,0.27481158105423903,20.91,1028.111
1791060133.9569957,69.64737049429873,0.23659010311680778,0.27144933505917457,0.27874566609297496,20.9,1028.098
1791060165.299541,69.64737049429873,0.23682160801595664,0.26719401657100905,0.27254067769470364,20.9,1028.089
1791060196.647077,69.64737049429873,0.23992197386433473,0.26816428199327763,0.27508532716425843,20.9,1028.094
1791060227.9845276,69.64737049429873,0.23439919362249975,0.26652637618770003,0.2722441961803289,20.91,1028.088
1791060259.3459175,69.64737049429873,0.239621048800637,0.27852665036083923,0.27734515726526515,20.93,1028.075
1791060290.6714447,69.64737049429873,0.24217006994015686,0.2653656148923627,0.28057719025299716,20.89,1028.086
1791060322.0191083,69.64737049429873,0.2354857347196879,0.2686604704244875,0.27297140257267993,20.89,1028.092
1791060353.3573787,69.64737049429873,0.24066066273563638,0.26691476142052406,0.2717977513068683,20.89,1028.081
1791060384.6999002,69.64737049429873,0.2370330976562951,0.2711690302855106,0.2729143078143167,20.89,1028.086
1791060416.0435357,69.64737049429873,0.237366621206348,0.2673761488822644,0.27969028367118226,20.89,1028.074
1791060447.3980882,69.64737049429873,0.23425856552599514,0.26652637618770003,0.2731853468485913,20.87,1028.079
1791060478.7264347,69.64737049429873,0.2359494172553676,0.26462826967818803,0.27086490535229907,20.83,1028.09
1791060510.0488658,69.64737049429873,0.23578196011869312,0.26517058582376285,0.2702039174715704,20.86,1028.1
1791060541.399418,69.64737049429873,0.23636429123534536,0.2642410587175287,0.26842448269721214,20.87,1028.108
1791060572.7449026,69.64737049429873,0.23874535801125243,0.26365653251196614,0.2693908003687465,20.86,1028.113
1791060604.0826344,69.64737049429873,0.23999794340796082,0.2645507090694716,0.2737247563723189,20.86,1028.114
1791060635.4310017,69.64737049429873,0.23924448539790674,0.26706869233327496,0.27032258920672414,20.83,1028.117
1791060666.7725158,69.64737049429873,0.23924448539790674,0.264434366895166,0.27779301043125987,20.83,1028.124
1791060698.1289313,69.64737049429873,0.2378880993183667,0.26761100847884983,0.2705602456709076,20.86,1028.125
1791060729.4834902,69.64737049429873,0.23632403818724237,0.26818890918296,0.26950911498836183,20.87,1028.127
1791060760.8298495,69.64737049429873,0.23486573685444012,0.2667172710624587,0.2695435096841194,20.89,1028.134
1791060792.1604328,69.64737049429873,0.2353043236819412,0.26690766422088363,0.2703898916971899,20.84,1028.128
1791060823.5009472,69.64737049429873,0.2354718433912997,0.26632965352208643,0.2706605742421968,20.89,1028.128
1791060854.845339,69.64737049429873,0.2366583300345497,0.2630414272785545,0.2709312567872037,20.89,1028.13
1791060886.1888888,69.64737049429873,0.2337820564535127,0.2667975342604875,0.2683420786855889,20.91,1028.127
1791060917.4893181,69.64737049429873,0.2344919198703761,0.2665633885815688,0.27032258920672414,20.91,1028.136
1791060948.8368223,69.64737049429873,0.23734554488655066,0.2666868223465357,0.270356269984815,20.84,1028.145
1791060980.181337,69.64737049429873,0.23546043729917032,0.27257260800147637,0.2759305555323158,20.86,1028.144
1791061011.5269132,69.64737049429873,0.23617300251478715,0.2666868223465357,0.2743596358189501,20.86,1028.147
1791061042.8744822,69.64737049429873,0.23527870538024814,0.2664521559895509,0.2840867906962395,20.83,1028.152
1791061074.2298856,69.64737049429873,0.23636429123534536,0.26664348420461603,0.27490258909129645,20.84,1028.155
1791061105.5785832,69.64737049429873,0.23609289477157108,0.2672224880945495,0.28195889714942834,20.83,1028.164
1791061136.9289188,69.64737049429873,0.2366583300345497,0.26725887360350215,0.2702039174715704,20.87,1028.17
1791061168.2714398,69.64737049429873,0.23520116084629278,0.2643960277797138,0.27050848884976253,20.89,1028.175
1791061199.6128676,69.64737049429873,0.24196822447146532,0.2682244313371347,0.27228466951223823,20.89,1028.172
1791061230.9473302,69.64737049429873,0.2405093668999394,0.26687101861210016,0.2725553520572451,20.86,1028.187
1791061262.2869356,69.64737049429873,0.2354075770549039,0.269154482497154,0.2699668863087191,20.89,1028.181
1791061293.6174412,69.64737049429873,0.2380123363871582,0.2665633885815688,0.2787547930920029,20.9,1028.18
1791061324.957074,69.64737049429873,0.23496884301586923,0.2669880723329804,0.2704749565058451,20.9,1028.179
1791061356.3053377,69.64737049429873,0.23486573685444012,0.2662924684813369,0.27171087048597425,20.93,1028.178
1791061387.6390655,69.64737049429873,0.23947137855838194,0.26408595353261316,0.27213329647289275,20.94,1028.186
1791061418.9633155,69.64737049429873,0.2388068594093141,0.2655204301612639,0.2787284894631347,20.91,1028.17
1791061450.309738,69.64737049429873,0.23782581687576482,0.2697962476680981,0.27176529394132753,20.91,1028.168
1791061481.6527169,69.64737049429873,0.23623687773455404,0.267149525060411,0.27469214469255965,20.9,1028.168
1791061513.0017798,69.64737049429873,0.24364209211265722,0.2725553520572451,0.2792449325116853,20.87,1028.157
1791061544.3331983,69.64737049429873,0.23892953835791816,0.2677645661630988,0.2761953155307183,20.86,1028.16
1791061575.6767862,69.64737049429873,0.24147377983846025,0.2677285930682481,0.2742695029856898,20.84,1028.15
1791061607.0215504,69.64737049429873,0.23649125745583136,0.2653252148546272,0.2710170345743943,20.87,1028.15
1791061638.3527298,69.64737049429873,0.23507203974435745,0.2665633885815688,0.26842448269721214,20.87,1028.155
1791061669.696348,69.64737049429873,0.2339503173293327,0.27050848884976253,0.2771292724906117,20.87,1028.16
1791061701.0377707,69.64737049429873,0.2360132084813135,0.2630414272785545,0.2763449076873417,20.86,1028.157
1791061732.3852,69.64737049429873,0.23649125745583136,0.26408595353261316,0.2699668863087191,20.84,1028.168
1791061763.7338324,69.64737049429873,0.23480088167157,0.2642410587175287,0.2729143078143167,20.86,1028.171
1791061795.0712874,69.64737049429873,0.23480088167157,0.26664348420461603,0.2715591126429435,20.84,1028.166
1791061826.41172,69.64737049429873,0.2343058944604198,0.2679744599853599,0.270407714858705,20.84,1028.167
1791061857.7531872,69.64737049429873,0.24172182259638736,0.2679744599853599,0.27100361478843976,20.89,1028.168
1791061889.0838635,69.64737049429873,0.23617300251478715,0.26750244586292804,0.27039185012967826,20.87,1028.171
1791061920.4193318,69.64737049429873,0.2348775052072334,0.2679282117088455,0.26925225910982464,20.87,1028.168
1791061951.757637,69.64737049429873,0.23721991510178675,0.26594650578674445,0.2695587407322292,20.9,1028.168
1791061983.0974,69.64737049429873,0.23456762707747078,0.2674935271288242,0.27285135720742554,20.86,1028.174
1791062014.4457586,69.64737049429873,0.2366583300345497,0.26602154838110503,0.27077929012028423,20.87,1028.165
1791062045.7891164,69.64737049429873,0.2368661162557916,0.26845982928319184,0.272252710686438,20.86,1028.162
1791062077.1248002,69.64737049429873,0.23996823905283846,0.2683774510256387,0.27050848884976253,20.9,1028.16
1791062108.4672759,69.64737049429873,0.23645090804668223,0.2689185788727397,0.27472081241730034,20.87,1028.171
1791062139.804754,69.64737049429873,0.24105049474704038,0.27177568152916604,0.278117752273456,20.86,1028.172
1791062171.1531808,69.64737049429873,0.23672147197023272,0.26756575925498727,0.27610280802541715,20.86,1028.177
1791062202.4975963,69.64737049429873,0.23649125745583136,0.2657506282808732,0.2795930982274245,20.87,1028.171
1791062233.8443196,69.64737049429873,0.23984754563281246,0.2669514490602749,0.2775493218833268,20.9,1028.175
1791062265.1887069,69.64737049429873,0.23719993257559313,0.2712880736086689,0.2828185945954809,20.89,1028.173
1791062296.5311668,69.64737049429873,0.23799267001799118,0.271732779430074,0.27351467312127403,20.87,1028.175
1791062327.8796818,69.64737049429873,0.23534319781714488,0.26706869233327496,0.27867574333291784,20.89,1028.169
1791062359.2200992,69.64737049429873,0.24504897807612303,0.2669514490602749,0.2761381867613965,20.86,1028.179
1791062390.5657237,69.64737049429873,0.23469780398159462,0.2699328784372958,0.2726432687800421,20.87,1028.186
1791062421.914116,69.64737049429873,0.2360132084813135,0.2690364789721554,0.27375810409602297,20.87,1028.183
1791062453.2637062,69.64737049429873,0.23574252593630657,0.27108309026114347,0.2706605742421968,20.89,1028.177
1791062484.5890992,69.64737049429873,0.23672147197023272,0.26675406748433583,0.27610280802541715,20.84,1028.182
1791062515.923722,69.64737049429873,0.2354328683585197,0.26555543719080515,0.2737887294966483,20.87,1028.177
1791062547.26406,69.64737049429873,0.2359735223430518,0.2659423757136844,0.2711160313376359,20.87,1028.17
1791062578.6038384,69.64737049429873,0.23526555171704783,0.2689185788727397,0.27838831619700644,20.84,1028.171
1791062609.953067,69.64737049429873,0.2356392162760308,0.2759819171984245,0.2732786472757642,20.86,1028.168
1791062641.2986615,69.64737049429873,0.24013356902533026,0.26644646979193704,0.2773335521597547,20.87,1028.156
1791062672.6473246,69.64737049429873,0.23942711120573748,0.2667975342604875,0.2758035425973279,20.84,1028.153
1791062703.9687743,69.64737049429873,0.2367397536096668,0.2688267015213365,0.2762880668080478,20.84,1028.158
1791062735.2740898,69.64737049429873,0.23824491128823502,0.27158056344488984,0.2809235392398331,20.84,1028.144
1791062766.601543,69.64737049429873,0.2359891588070106,0.26691476142052406,0.27378630839557105,20.8,1028.144
1791062797.9390452,69.64737049429873,0.23567849715513575,0.2660589709770795,0.27749457284093654,20.82,1028.146
1791062829.2666543,69.64737049429873,0.2344919198703761,0.27390876478227966,0.2741794473272865,20.77,1028.134
1791062860.613065,69.64737049429873,0.23780372766443464,0.2641641931620312,0.2766155902323486,20.8,1028.121
1791062891.952475,69.64737049429873,0.2356392162760308,0.26636677340885223,0.272826034602252,20.79,1028.116
1791062923.297106,69.64737049429873,0.2355359971230635,0.2685303366569778,0.27920000796765787,20.83,1028.101
1791062954.6557305,69.64737049429873,0.2342863966582784,0.2677190004389307,0.27583236261940147,20.82,1028.086
1791062985.9819908,69.64737049429873,0.24040401443134593,0.26949406938403975,0.27920000796765787,20.83,1028.082
1791063017.3105106,69.64737049429873,0.23539399558206348,0.2754703623812162,0.27045695854520313,20.83,1028.082
1791063048.6523764,69.64737049429873,0.23472466090501642,0.26675406748433583,0.27979180999045256,20.83,1028.087
1791063079.99747,69.64737049429873,0.23638752876402802,0.26435711160540054,0.27192701231443406,20.83,1028.075
1791063111.341985,69.64737049429873,0.2335111363532808,0.26606346179431295,0.2696618394030212,20.84,1028.063
1791063142.6896129,69.64737049429873,0.2364682377931423,0.2747818006818564,0.27342541460231634,20.86,1028.067
1791063174.0371273,69.64737049429873,0.23605299915296774,0.2702376875792409,0.27125519687505223,20.89,1028.061
1791063205.3835955,69.64737049429873,0.23719993257559313,0.2683774510256387,0.274420071488293,20.86,1028.058
1791063236.7239583,69.64737049429873,0.2362838910263204,0.26636677340885223,0.270812526337593,20.83,1028.061
1791063268.0686786,69.64737049429873,0.2358064425290792,0.27204612693518176,0.27718458964947984,20.82,1028.059
1791063299.4089153,69.64737049429873,0.2376373037513549,0.2648601200194825,0.27162421810824444,20.79,1028.067
1791063330.7615073,69.64737049429873,0.23969767512928797,0.2751415491144007,0.27947057189120833,20.8,1028.059
1791063362.0881705,69.64737049429873,0.23499510631103213,0.27649436873215305,0.2746004212672997,20.8,1028.057
1791063393.4375026,69.64737049429873,0.23807429158798513,0.2655176058870657,0.27405929342019875,20.77,1028.042
1791063424.7831295,69.64737049429873,0.2408854942914377,0.26513068394303296,0.2718947820317949,20.83,1028.044
1791063456.1205192,69.64737049429873,0.237366621206348,0.27267489901393616,0.2702376875792409,20.82,1028.058
1791063487.4649963,69.64737049429873,0.23493047830128588,0.2725236307866699,0.27538291171915324,20.82,1028.038
1791063518.8084826,69.64737049429873,0.2397870398297228,0.27079832037830354,0.2755037518892205,20.83,1028.039
1791063550.1628997,69.64737049429873,0.23609289477157108,0.2679640725099845,0.2699834145554124,20.8,1028.035
1791063581.5034537,69.64737049429873,0.24173334602851992,0.26462826967818803,0.2796136697097617,20.79,1028.025
1791063612.8419476,69.64737049429873,0.23605299915296774,0.26520878808040943,0.2685776832659227,20.8,1028.019
1791063644.197395,69.64737049429873,0.2337820564535127,0.2671417011571071,0.2688487223001973,20.82,1028.008
1791063675.5491757,69.64737049429873,0.2380123363871582,0.2667172710624587,0.2758035425973279,20.77,1028.009
1791063706.9004695,69.64737049429873,0.23947137855838194,0.26644646979193704,0.2706605742421968,20.79,1027.985
1791063738.239885,69.64737049429873,0.23411843066626517,0.26687101861210016,0.2686128799561106,20.77,1027.996
1791063769.593549,69.64737049429873,0.23926139902139631,0.26389351061702426,0.27000083456694157,20.8,1027.982
1791063800.9339883,69.64737049429873,0.23286711224724585,0.27186249520237105,0.272252710686438,20.83,1027.971
1791063832.2784922,69.64737049429873,0.23469780398159462,0.26493786798017754,0.2756246981570629,20.83,1027.958
1791063863.6201186,69.64737049429873,0.2355109210844185,0.26455086089828506,0.27399846395141514,20.84,1027.945
1791063894.9533553,69.64737049429873,0.23574252593630657,0.2649762407970519,0.2675296748740238,20.83,1027.941
1791063926.297929,69.64737049429873,0.2380123363871582,0.2698304955694598,0.27390876478227966,20.86,1027.929
1791063957.6414278,69.64737049429873,0.23424017227795396,0.26384957651428403,0.2742993084995311,20.83,1027.93
1791063988.9849112,69.64737049429873,0.23413675051103494,0.26505698346163487,0.2679384975239054,20.87,1027.926
1791064020.3274405,69.64737049429873,0.23642189342370126,0.2666497882542332,0.27457186347476287,20.9,1027.917
1791064051.6729853,69.64737049429873,0.23749166993901732,0.26474454369325995,0.27088422478464513,20.91,1027.922
1791064083.020365,69.64737049429873,0.23480088167157,0.2664093709917257,0.27086490535229907,20.93,1027.913
1791064114.3598042,69.64737049429873,0.23398740745320773,0.2662924684813369,0.2742695029856898,20.9,1027.913
1791064145.689345,69.64737049429873,0.24369916306811396,0.27008534988458305,0.2707459955401197,20.91,1027.909
1791064177.0338416,69.64737049429873,0.23469780398159462,0.27303416993459856,0.27330532800738594,20.87,1027.914
1791064208.3854258,69.64737049429873,0.23344509130763283,0.26493786798017754,0.2746611183713232,20.86,1027.909
1791064239.7337542,69.64737049429873,0.23832593661780668,0.2702039174715704,0.27171087048597425,20.86,1027.914
1791064271.0773509,69.64737049429873,0.23832593661780668,0.2669514490602749,0.2771292724906117,20.83,1027.927
1791064302.4208336,69.64737049429873,0.2359494172553676,0.2638541875792501,0.2719817905862062,20.84,1027.922
1791064333.7603073,69.64737049429873,0.2376792333586155,0.2675748845693902,0.2682711475000641,20.86,1027.919
1791064365.1008747,69.64737049429873,0.23776342477624796,0.2665694375226925,0.27191722798977913,20.87,1027.927
1791064396.4543955,69.64737049429873,0.23732437575641052,0.2657541730110006,0.27118926975561286,20.91,1027.938
1791064427.798884,69.64737049429873,0.23314359254332762,0.2684362762724144,0.2771400932047904,20.9,1027.939
1791064459.1474514,69.64737049429873,0.23732437575641052,0.26932165159260696,0.2738761618551494,20.87,1027.94
1791064490.4818993,69.64737049429873,0.23446451598892523,0.270407714858705,0.2770737608014909,20.89,1027.952
1791064521.7153556,69.64737049429873,0.23630064054257904,0.2708316421346819,0.27544538201884505,20.87,1027.964
1791064553.0437996,69.64737049429873,0.23930546756426324,0.2687657964271485,0.27381700323619923,20.87,1027.977
1791064584.3823833,69.64737049429873,0.237366621206348,0.27186249520237105,0.2751121104486315,20.84,1027.971
1791064615.7237568,69.64737049429873,0.23523988205014387,0.26873074938342373,0.2780909244243702,20.8,1027.975
1791064647.073382,69.64737049429873,0.2354718433912997,0.2657506282808732,0.2801093935931622,20.8,1027.969
1791064678.402747,69.64737049429873,0.23567849715513575,0.2634676558161983,0.2690016694836556,20.82,1027.976
1791064709.762317,69.64737049429873,0.23290277516205796,0.2638541875792501,0.2749619116887567,20.82,1027.969
1791064741.0907676,69.64737049429873,0.2343238966539764,0.2673761488822644,0.2695435096841194,20.82,1027.977
1791064772.430365,69.64737049429873,0.233679516058811,0.2655204301612639,0.26927258958388745,20.82,1027.977
1791064803.745003,69.64737049429873,0.23409021829565452,0.27049306542303336,0.2697117792811154,20.84,1027.963
1791064835.0572953,69.64737049429873,0.23786812476733876,0.26602592784823126,0.27333217329687587,20.84,1027.964
1791064866.4107633,69.64737049429873,0.23450236672948066,0.2642019892614439,0.2698304955694598,20.84,1027.949
1791064897.7632113,69.64737049429873,0.23724130432665694,0.265558375340984,0.27032258920672414,20.84,1027.946
1791064929.0997665,69.64737049429873,0.23957650659853788,0.26397001968325406,0.26881370193188014,20.86,1027.932
1791064960.4542577,69.64737049429873,0.23252949170739762,0.2698988107955122,0.27086490535229907,20.84,1027.916
1791064991.8017974,69.64737049429873,0.2359891588070106,0.27176529394132753,0.26935625636369614,20.87,1027.897
1791065023.1293068,69.64737049429873,0.23467082889679677,0.2729143078143167,0.2766525786387685,20.89,1027.888
1791065054.4737475,69.64737049429873,0.2370330976562951,0.2655962538889018,0.2756246981570629,20.86,1027.862
1791065085.8044028,69.64737049429873,0.23496884301586923,0.26764706898249624,0.2750826200885137,20.86,1027.839
1791065117.136613,69.64737049429873,0.23534319781714488,0.2657506282808732,0.2734563858828659,20.87,1027.821
1791065148.477071,69.64737049429873,0.2344919198703761,0.2650541758203525,0.27481158105423903,20.87,1027.802
1791065179.823635,69.64737049429873,0.23446451598892523,0.27246002091732774,0.27493227644411056,20.86,1027.787
1791065211.1611252,69.64737049429873,0.23569312872362577,0.2664951296418982,0.27342541460231634,20.83,1027.775
1791065242.5455601,69.64737049429873,0.2351106587105198,0.26935625636369614,0.27756180256510055,20.83,1027.757
1791065273.8891215,69.64737049429873,0.23578196011869312,0.26451209775180334,0.2731541373864083,20.83,1027.767
1791065305.215726,69.64737049429873,0.2359494172553676,0.26451209775180334,0.2723722297457674,20.86,1027.772
1791065336.5481846,69.64737049429873,0.23463277272747055,0.26586729292317646,0.2693908003687465,20.86,1027.769
1791065367.8835454,69.64737049429873,0.23811677805722256,0.2634279416147048,0.27059374727951163,20.86,1027.791
1791065399.2340076,69.64737049429873,0.23892953835791816,0.2662924684813369,0.2712880736086689,20.89,1027.816
1791065430.5777493,69.64737049429873,0.23465979575627896,0.267412383702114,0.27089811018527865,20.87,1027.82
1791065461.9301496,69.64737049429873,0.23509808842892985,0.26590486725089363,0.2714726218772175,20.87,1027.84
1791065493.2725296,69.64737049429873,0.23649125745583136,0.2654797081806413,0.2748413091781098,20.84,1027.868
1791065524.5992205,69.64737049429873,0.23493047830128588,0.2671052287820325,0.26807127741506726,20.83,1027.881
1791065555.9315245,69.64737049429873,0.2359252061600933,0.2650171033039057,0.27183015167721813,20.84,1027.899
1791065587.2731802,69.64737049429873,0.24678545469191568,0.27378630839557105,0.2706792306752295,20.84,1027.905
1791065618.6137202,69.64737049429873,0.23314359254332762,0.26618052071525383,0.28045380007011156,20.86,1027.908
1791065649.9640584,69.64737049429873,0.23588551396271978,0.2690849791477881,0.2686252381839272,20.87,1027.915
1791065681.3105705,69.64737049429873,0.23690708416289397,0.26726706181244203,0.27490258909129645,20.86,1027.914
1791065712.660958,69.64737049429873,0.23956026383414356,0.272036809757852,0.2758091019885332,20.82,1027.923
1791065744.0036397,69.64737049429873,0.23523988205014387,0.26451209775180334,0.27405794366986813,20.84,1027.931
1791065775.330101,69.64737049429873,0.2354075770549039,0.2672224880945495,0.2706271900850468,20.87,1027.943
1791065806.6726134,69.64737049429873,0.23659507722151701,0.2646669478799457,0.2691197613344719,20.84,1027.953
1791065838.0249603,69.64737049429873,0.2337820564535127,0.2657506282808732,0.2731853468485913,20.89,1027.955
1791065869.3453968,69.64737049429873,0.23892953835791816,0.26493786798017754,0.2732165015549796,20.89,1027.965
1791065900.691903,69.64737049429873,0.2350335224114195,0.26706869233327496,0.26873074938342373,20.89,1027.959
1791065932.041537,69.64737049429873,0.2362604360229186,0.26664348420461603,0.2761381867613965,20.9,1027.961
1791065963.3899784,69.64737049429873,0.2357178815911026,0.2677285930682481,0.26959316740913153,20.9,1027.959
1791065994.7294838,69.64737049429873,0.23588551396271978,0.26486091993164723,0.2757457506624729,20.87,1027.954
1791066026.0779243,69.64737049429873,0.23456762707747078,0.26563725016665973,0.27288286017050034,20.9,1027.944
1791066057.4154067,69.64737049429873,0.23423061189225006,0.26548241817377005,0.27405794366986813,20.91,1027.935
1791066088.7629051,69.64737049429873,0.237156934171688,0.27022119091756924,0.27538680652138753,20.86,1027.928
1791066120.1084244,69.64737049429873,0.23460563070176932,0.266372206988708,0.2781055515760288,20.89,1027.922
1791066151.4589396,69.64737049429873,0.23655457357132728,0.26668041002600035,0.27589573719133753,20.87,1027.905
1791066182.7993596,69.64737049429873,0.23507203974435745,0.2712880736086689,0.27493227644411056,20.86,1027.896
1791066214.1468868,69.64737049429873,0.235136656954672,0.2667975342604875,0.2753536591227883,20.84,1027.879
1791066245.4904566,69.64737049429873,0.23496884301586923,0.27183015167721813,0.27818617331755985,20.84,1027.859
1791066276.8338633,69.64737049429873,0.23486573685444012,0.26888368122663237,0.27481158105423903,20.84,1027.842
1791066308.120557,69.64737049429873,0.2355751249524629,0.2653252148546272,0.27186249520237105,20.87,1027.835
1791066339.4679177,69.64737049429873,0.23465979575627896,0.26462826967818803,0.270356269984815,20.87,1027.828
1791066370.8143537,69.64737049429873,0.2367621775560632,0.26652637618770003,0.27655922488083523,20.87,1027.824
1791066402.1527734,69.64737049429873,0.23828313765767994,0.26706869233327496,0.2714399503857424,20.86,1027.817
1791066433.483333,69.64737049429873,0.23815937653427469,0.267149525060411,0.275294999556146,20.86,1027.796
1791066464.806832,69.64737049429873,0.23351813267991284,0.2662976826854619,0.27176529394132753,20.86,1027.789
1791066496.153302,69.64737049429873,0.2370525012509464,0.2640074385208775,0.2713086889394257,20.84,1027.786
1791066527.496871,69.64737049429873,0.24022404312731874,0.2656751093229701,0.27091751491838223,20.86,1027.789
1791066558.844264,69.64737049429873,0.2328361372062794,0.26528709812507595,0.272731417381102,20.89,1027.777
1791066590.1917882,69.64737049429873,0.23425856552599514,0.26517058582376285,0.2745105234659484,20.86,1027.774
1791066621.533215,69.64737049429873,0.23425856552599514,0.2674935271288242,0.2699328784372958,20.86,1027.762
1791066652.865826,69.64737049429873,0.23388468687877076,0.26625521811491265,0.27411880222574825,20.86,1027.762
1791066684.1924214,69.64737049429873,0.23680299045473466,0.2650541758203525,0.26950911498836183,20.86,1027.77
1791066715.538753,69.64737049429873,0.23984754563281246,0.2642800596277634,0.2690849791477881,20.87,1027.765
1791066746.8802676,69.64737049429873,0.23357706557625138,0.26443487570703805,0.2684951138821416,20.83,1027.765
1791066778.227822,69.64737049429873,0.2343891132112721,0.26807127741506726,0.26845982928319184,20.82,1027.756
1791066809.5724213,69.64737049429873,0.238763389495714,0.2737274249171405,0.27902571319223474,20.82,1027.755
1791066840.902837,69.64737049429873,0.23365032659760232,0.2639307120455359,0.2754745925896855,20.8,1027.748
1791066872.2523143,69.64737049429873,0.24075272798578465,0.2710368144339616,0.2759305555323158,20.77,1027.749
1791066903.6008625,69.64737049429873,0.24081249085753434,0.2634243282809662,0.27635261166299446,20.8,1027.734
1791066934.954338,69.64737049429873,0.24075272798578465,0.264977398528215,0.2695587407322292,20.82,1027.731
1791066966.2998884,69.64737049429873,0.23555010184402245,0.26893186688826176,0.27420893629004806,20.8,1027.723
1791066997.6433544,69.64737049429873,0.23446451598892523,0.26610092977280003,0.27393742047352354,20.83,1027.72
1791067028.9897053,69.64737049429873,0.2332100479948483,0.26738470203438436,0.2704413652273282,20.83,1027.723
1791067060.3321962,69.64737049429873,0.23538217452704427,0.2726997672983829,0.272579841390901,20.84,1027.725
1791067091.6669295,69.64737049429873,0.24064680493133173,0.26769255669346,0.27758920223572964,20.89,1027.715
1791067123.0102935,69.64737049429873,0.2335842877996086,0.2736350632906883,0.2722762891045353,20.84,1027.722
1791067154.3536446,69.64737049429873,0.2325647407425051,0.27001745274335903,0.2756877553156504,20.87,1027.718
1791067185.6963649,69.64737049429873,0.23500730891647384,0.26606346179431295,0.2702888492071333,20.87,1027.716
1791067217.039858,69.64737049429873,0.2331739332348454,0.265558375340984,0.2681176774969389,20.86,1027.717
1791067248.39231,69.64737049429873,0.23222611142812338,0.26474454369325995,0.2787021395841367,20.84,1027.711
1791067279.73571,69.64737049429873,0.23398740745320773,0.2655962538889018,0.2696275335796042,20.86,1027.703
1791067311.0752819,69.64737049429873,0.23402459544442178,0.2645507090694716,0.2745405420199644,20.86,1027.708
1791067342.4096408,69.64737049429873,0.2335547982956695,0.2686376727677315,0.2697117792811154,20.87,1027.711
1791067373.7542439,69.64737049429873,0.23400483248166884,0.27144933505917457,0.27011925539570353,20.86,1027.711
1791067405.0977063,69.64737049429873,0.2388325569275959,0.26750244586292804,0.2730863490124682,20.83,1027.703
1791067436.442248,69.64737049429873,0.24010353438273765,0.2634641679722834,0.28042893422145354,20.82,1027.7
1791067467.774675,69.64737049429873,0.23609289477157108,0.265558375340984,0.2744804521065725,20.8,1027.692
1791067499.1044724,69.64737049429873,0.24070663465573422,0.2651323163954215,0.27137443506223047,20.8,1027.696
1791067530.4497876,69.64737049429873,0.23527870538024814,0.26648929871429305,0.27137443506223047,20.79,1027.682
1791067561.7912073,69.64737049429873,0.23538217452704427,0.2657129019693377,0.2698988107955122,20.82,1027.68
1791067593.1377962,69.64737049429873,0.23523988205014387,0.2645895234678729,0.27520343451689805,20.82,1027.676
1791067624.4771245,69.64737049429873,0.23365032659760232,0.2642019892614439,0.2701361990421805,20.82,1027.666
1791067655.831677,69.64737049429873,0.2362604360229186,0.26606346179431295,0.2681176774969389,20.86,1027.658
1791067687.1891463,69.64737049429873,0.2413555224905833,0.2690849791477881,0.2704413652273282,20.82,1027.653
1791067718.522797,69.64737049429873,0.23669898818108207,0.2699834145554124,0.27149377812480296,20.84,1027.649
1791067749.862262,69.64737049429873,0.2348775052072334,0.26237076085449207,0.2779831406863781,20.86,1027.655
1791067781.1996675,69.64737049429873,0.23478560256439077,0.26455055630257535,0.2671207133219812,20.87,1027.656
1791067812.5462277,69.64737049429873,0.2336947419915171,0.2632683849688161,0.2680927239057107,20.86,1027.653
1791067843.8816822,69.64737049429873,0.23786812476733876,0.27158056344488984,0.27158056344488984,20.87,1027.638
1791067875.2242727,69.64737049429873,0.2359252061600933,0.2634641679722834,0.275265592314072,20.83,1027.647
1791067906.5587516,69.64737049429873,0.2321587601525922,0.26524891434473946,0.27079832037830354,20.86,1027.636
1791067937.9032412,69.64737049429873,0.23385592307390565,0.2642019892614439,0.2701361990421805,20.84,1027.627
1791067969.2307494,69.64737049429873,0.23300510943202246,0.26486091993164723,0.26815332462442465,20.84,1027.628
1791068000.5663805,69.64737049429873,0.23419311952515096,0.26408595353261316,0.2702888492071333,20.86,1027.624
1791068031.918711,69.64737049429873,0.24168598034107888,0.26284560318190386,0.27222069571623625,20.83,1027.635
1791068063.2662473,69.64737049429873,0.23630064054257904,0.26276486980146396,0.27381700323619923,20.84,1027.635
1791068094.5729308,69.64737049429873,0.2341275583482027,0.265558375340984,0.26723057135746386,20.84,1027.62
1791068125.8422315,69.64737049429873,0.2362604360229186,0.264434366895166,0.26838907396071315,20.84,1027.619
1791068157.1805556,69.64737049429873,0.2357178815911026,0.2662976826854619,0.2746012142184622,20.84,1027.622
1791068188.538241,69.64737049429873,0.24075272798578465,0.26692190241262115,0.2739068181279189,20.84,1027.631
1791068219.8815591,69.64737049429873,0.23774313999085703,0.2700682419472349,0.2701532938588376,20.82,1027.62
1791068251.2232015,69.64737049429873,0.23297438366898457,0.264123643987617,0.2737247563723189,20.86,1027.625
1791068282.5537772,69.64737049429873,0.23395885705501943,0.2629208974236893,0.26874347622053735,20.89,1027.628
1791068313.8971026,69.64737049429873,0.23243063465805633,0.2668780092438865,0.2710699556526006,20.89,1027.637
1791068345.2486067,69.64737049429873,0.23304101725101453,0.261061369438807,0.2755665153726706,20.9,1027.637
1791068376.5742178,69.64737049429873,0.2328361372062794,0.27064576008115165,0.2695587407322292,20.9,1027.655
1791068407.9015372,69.64737049429873,0.23297438366898457,0.2638518891503864,0.27716787617468625,20.89,1027.653
1791068439.2501473,69.64737049429873,0.23582149830779675,0.266606493427362,0.2699834145554124,20.87,1027.649
1791068470.5957186,69.64737049429873,0.23753357330672673,0.26354037924795287,0.26726706181244203,20.9,1027.661
1791068501.9430141,69.64737049429873,0.23820208746265836,0.2639286466703541,0.26653231631845714,20.9,1027.652
1791068533.283647,69.64737049429873,0.2343337561963052,0.2649389084993088,0.2687082705515511,20.86,1027.651
1791068564.6131492,69.64737049429873,0.2345403175644597,0.2652509176435128,0.2720045342673047,20.87,1027.645
1791068595.9605315,69.64737049429873,0.23437150072574126,0.2651339589251119,0.2677021057511752,20.89,1027.64
1791068627.3090506,69.64737049429873,0.2335547982956695,0.26634033458025164,0.26879152268791406,20.87,1027.622
1791068658.662543,69.64737049429873,0.23419311952515096,0.27137443506223047,0.270407714858705,20.9,1027.627
1791068689.9920897,69.64737049429873,0.23450236672948066,0.2651339589251119,0.27653096787394227,20.89,1027.629
1791068721.335657,69.64737049429873,0.23474724341482522,0.2644728749871299,0.26976193936218534,20.9,1027.614
1791068752.6819444,69.64737049429873,0.23317974677252012,0.26595066135518364,0.2674661307293969,20.9,1027.63
1791068784.0316627,69.64737049429873,0.2345403175644597,0.26540619306846913,0.2687082705515511,20.89,1027.633
1791068815.379952,69.64737049429873,0.23573267144252757,0.2651339589251119,0.2753574413226464,20.89,1027.628
1791068846.7324533,69.64737049429873,0.2335915610430854,0.26751141975060067,0.27423860737160827,20.9,1027.641
1791068878.0790615,69.64737049429873,0.23427790949170424,0.26700282618166904,0.27233212773231524,20.94,1027.628
1791068909.4234369,69.64737049429873,0.23682160801595664,0.27193000988016724,0.27274996624586634,20.93,1027.635
1791068940.7700014,69.64737049429873,0.23694520494367335,0.2634937239191391,0.2783395609768371,20.9,1027.643
1791068972.1144714,69.64737049429873,0.23469312983167742,0.2650584003445325,0.2674839246701705,20.9,1027.615
1791069003.4568942,69.64737049429873,0.23944976341422677,0.2635371009515888,0.26912674646403334,20.91,1027.641
1791069034.8025348,69.64737049429873,0.23659010311680778,0.26443385494095867,0.2699658560395664,20.91,1027.628
1791069066.1550417,69.64737049429873,0.23801549422504173,0.2682468142195446,0.270698002327207,20.89,1027.624
1791069097.4914558,69.64737049429873,0.233893002822047,0.2661055599374573,0.271634891508846,20.9,1027.6
1791069128.838123,69.64737049429873,0.23481243172284763,0.2650955051645962,0.27181995726360353,20.91,1027.591
1791069160.169501,69.64737049429873,0.2344748891806405,0.26423995179735854,0.2679744599853599,20.91,1027.598
1791069191.5130622,69.64737049429873,0.2341275583482027,0.2690501357760825,0.27095074649175405,20.9,1027.616
1791069222.8655028,69.64737049429873,0.23749166993901732,0.26369620278643036,0.2773175669614326,20.9,1027.601
1791069254.2078817,69.64737049429873,0.239122198962401,0.2720045342673047,0.27378630839557105,20.9,1027.598
1791069285.5325227,69.64737049429873,0.2350845458812355,0.26330837947592517,0.27578012180910666,20.87,1027.577
1791069316.8670263,69.64737049429873,0.237156934171688,0.2702725193537939,0.2699493164121051,20.84,1027.563
1791069348.2043693,69.64737049429873,0.23967839282933698,0.26666251377323913,0.2724123900517591,20.86,1027.562
1791069379.5481114,69.64737049429873,0.2332584706313612,0.265137274591966,0.27496864694721607,20.87,1027.55
1791069410.8944726,69.64737049429873,0.23483577790909752,0.2686983010497576,0.27362895306823826,20.84,1027.532
1791069442.2409182,69.64737049429873,0.23281411135970373,0.26486334947982815,0.2688175686853056,20.84,1027.521
1791069473.5906014,69.64737049429873,0.23448533584657616,0.2649797355068316,0.2692461512740332,20.9,1027.513
1791069504.930919,69.64737049429873,0.23908754693079218,0.2633806559493567,0.26865018441737093,20.89,1027.499
1791069536.2654557,69.64737049429873,0.23407084979230383,0.26271859397494196,0.27059715182641353,20.9,1027.507
1791069567.6050131,69.64737049429873,0.2335915610430854,0.2681753071525873,0.2681753071525873,20.86,1027.484
1791069598.9513412,69.64737049429873,0.23864714165227077,0.2640433035855637,0.27526903428352634,20.86,1027.471
1791069630.2788773,69.64737049429873,0.2332887853931338,0.2648237213774419,0.27457186347476287,20.87,1027.463
1791069661.6284134,69.64737049429873,0.2386907844010921,0.2633003698618993,0.27505828291539614,20.83,1027.461
1791069692.9528244,69.64737049429873,0.23469312983167742,0.26521444873107325,0.2701363658232347,20.86,1027.447
1791069724.2874322,69.64737049429873,0.23417433387085776,0.26798491181071676,0.27208287949783283,20.84,1027.428
1791069755.6150932,69.64737049429873,0.23308250874642789,0.26650099667588245,0.2749663839869801,20.86,1027.422
1791069786.9562962,69.64737049429873,0.23342202684829869,0.26388694412360064,0.27457186347476287,20.9,1027.411
1791069818.2989314,69.64737049429873,0.23356198323894156,0.26372774273314764,0.2675569092631055,20.91,1027.399
1791069849.6454175,69.64737049429873,0.23223359210933756,0.269260625398776,0.2678402686651239,20.9,1027.385
1791069880.9817352,69.64737049429873,0.23425949719460595,0.2623911629338806,0.27530575236788396,20.91,1027.372
1791069912.2682824,69.64737049429873,0.23477014696939583,0.26482441631500797,0.26855581260856565,20.93,1027.38
1791069943.6059246,69.64737049429873,0.23271086336674024,0.2646675690541664,0.2690916153851137,20.93,1027.37
1791069974.9482653,69.64737049429873,0.23663094040082494,0.26665613132264626,0.2688882542830908,20.9,1027.361
1791070006.2928622,69.64737049429873,0.24115174294717281,0.269042606469421,0.27314420404622225,20.9,1027.361
1791070037.6364262,69.64737049429873,0.23677670553191818,0.26560552233575513,0.27274996624586634,20.89,1027.35
1791070068.961823,69.64737049429873,0.23618944856195212,0.26752044930503427,0.2694353762743134,20.91,1027.34
1791070100.3122194,69.64737049429873,0.2374708382660466,0.26787652571334414,0.2680675712962569,20.9,1027.338
1791070131.6597786,69.64737049429873,0.23462748879291356,0.26662519508684057,0.27323380094869054,20.9,1027.334
1791070163.0013623,69.64737049429873,0.23458918682429086,0.2631434733752534,0.27046184888415437,20.9,1027.323
1791070194.3309271,69.64737049429873,0.23277820286239825,0.2645504025888756,0.26709167169267867,20.91,1027.316
1791070225.6732798,69.64737049429873,0.23721852373223973,0.26607252689006256,0.2701704945771786,20.93,1027.311
1791070257.0068471,69.64737049429873,0.23452348273093832,0.26462861966130424,0.2768779230572279,20.93,1027.29
1791070288.3533268,69.64737049429873,0.2336729861723854,0.26309840458298,0.2666689359739216,20.93,1027.301
1791070319.6957166,69.64737049429873,0.23298986358412827,0.2637650554268597,0.27380999875580464,20.91,1027.292
1791070351.0423763,69.64737049429873,0.234600081688023,0.26294587369486344,0.26847209750645284,20.91,1027.296
1791070382.364676,69.64737049429873,0.23277820286239825,0.2641191982894248,0.2665069001526551,20.94,1027.293
1791070413.6972656,69.64737049429873,0.23844185124643125,0.2625079940140773,0.269999244047642,20.91,1027.292
1791070445.0458162,69.64737049429873,0.236036734791174,0.26643188660054856,0.2731391777469905,20.94,1027.298
1791070476.3822367,69.64737049429873,0.23497893342730083,0.2636877654873998,0.2721620611907547,20.94,1027.304
1791070507.7328174,69.64737049429873,0.23360626276831922,0.265334238155289,0.2680783592684378,20.98,1027.315
1791070539.0793986,69.64737049429873,0.23305719450472653,0.2637650554268597,0.26862718349106757,21.01,1027.333
1791070570.4126873,69.64737049429873,0.2372807160638642,0.26560865026660396,0.26702530199294316,21.0,1027.334
1791070601.7701678,69.64737049429873,0.23848543355604457,0.2661196234522383,0.2703938364290272,20.98,1027.346
1791070633.1008484,69.64737049429873,0.233197435993102,0.26427506898482594,0.27243671745159637,20.97,1027.358
1791070664.4462671,69.64737049429873,0.23611751287449212,0.2651001388872611,0.26993031683458574,21.0,1027.376
1791070695.7867842,69.64737049429873,0.23461105430618664,0.2651389479198388,0.2715134916003061,21.01,1027.388
1791070727.1283197,69.64737049429873,0.23313011004788567,0.26494420877873165,0.2696554159893817,21.04,1027.395
1791070758.4797091,69.64737049429873,0.23982758204374782,0.2681364218843437,0.2701538756224545,21.01,1027.405
1791070789.8282816,69.64737049429873,0.23761952694616684,0.2660863371010594,0.2804005944617986,21.0,1027.419
1791070821.1737008,69.64737049429873,0.23547694029051233,0.2643137200496109,0.2738387679172582,20.98,1027.44
1791070852.5131207,69.64737049429873,0.23361369235847462,0.2652978272164206,0.26722642672951297,21.0,1027.45
1791070883.856663,69.64737049429873,0.23964601366783844,0.27292236559656585,0.28197836187774294,20.98,1027.452
1791070915.2012277,69.64737049429873,0.23554229187156697,0.2678970038959922,0.2753986783866478,20.97,1027.451
1791070946.5466135,69.64737049429873,0.241052576194688,0.2664752553913197,0.2703777388665639,20.97,1027.446
1791070977.8981683,69.64737049429873,0.23670860106280026,0.2709963445376133,0.27130482106060577,20.97,1027.461
1791071009.2677777,69.64737049429873,0.23461105430618664,0.26435331719995453,0.2757967336872519,20.95,1027.462
1791071040.613209,69.64737049429873,0.2342692631837982,0.26624318058227775,0.2686039978102932,20.95,1027.464
1791071071.96166,69.64737049429873,0.23444023500694278,0.27148028774237354,0.27178888292339654,20.94,1027.469
1791071103.2891498,69.64737049429873,0.23461105430618664,0.2673371759086053,0.27699303212142173,20.94,1027.455
1791071134.6317387,69.64737049429873,0.23377684535407836,0.26427506898482594,0.26831687353897155,20.94,1027.446
1791071165.9631748,69.64737049429873,0.23261543987008373,0.26624833134370385,0.27070638339055614,20.95,1027.456
1791071197.317592,69.64737049429873,0.23857943258434103,0.27051700160532344,0.26885725034934616,20.95,1027.466
1791071228.6532223,69.64737049429873,0.2355967174546607,0.2647472582819531,0.27383650411727795,20.95,1027.467
1791071260.002598,69.64737049429873,0.23541147184858582,0.265338834554106,0.270033050170735,20.95,1027.458
1791071291.330159,69.64737049429873,0.23420274470227417,0.26596754336332534,0.27224209281385453,20.97,1027.459
1791071322.672596,69.64737049429873,0.2430982748223238,0.2651794911692259,0.2728584738371356,20.97,1027.456
1791071354.020212,69.64737049429873,0.2372591381420179,0.26576857309188484,0.2712381002772156,20.95,1027.472
1791071385.3696249,69.64737049429873,0.24227320491988866,0.2676119544072011,0.270446052806484,20.95,1027.475
1791071416.7112546,69.64737049429873,0.23402250589553716,0.263684917944464,0.27051412362570476,20.97,1027.477
1791071448.0557077,69.64737049429873,0.2346770902830789,0.27231557535160145,0.27271137371243803,21.0,1027.484
1791071479.386243,69.64737049429873,0.23408897757851152,0.2668691565541435,0.2721620611907547,21.0,1027.491
1791071510.7327342,69.64737049429873,0.2334724592939137,0.2652978272164206,0.26741944828527275,21.01,1027.489
1791071542.0731637,69.64737049429873,0.2334053785874945,0.26447128456795244,0.26765801307703985,21.01,1027.473
1791071573.4165862,69.64737049429873,0.23541147184858582,0.26462879794143845,0.27178888292339654,21.0,1027.468
1791071604.7671463,69.64737049429873,0.23712957392309175,0.26510327650049265,0.2730385847318102,21.0,1027.478
1791071636.1096153,69.64737049429873,0.23466086380190632,0.26454977808779107,0.2695312638021052,21.0,1027.484
1791071667.4592133,69.64737049429873,0.23472718047931265,0.26601006736169247,0.27008476221480676,21.0,1027.469
1791071698.804685,69.64737049429873,0.2373435200589692,0.26920465917956515,0.270033050170735,20.97,1027.464
1791071730.0833092,69.64737049429873,0.23278714971000644,0.26836448311781386,0.27350042228185795,20.98,1027.459
1791071761.4306924,69.64737049429873,0.24028709207771484,0.2658105767694328,0.27454279615430094,21.0,1027.454
1791071792.7701461,69.64737049429873,0.2350303953652515,0.2654548824923163,0.27077426273871075,20.95,1027.456
1791071824.1195843,69.64737049429873,0.2364743609354175,0.26616722554527583,0.2700160943554668,20.95,1027.463
1791071855.4632487,69.64737049429873,0.2375986016951081,0.26747412430269846,0.2688083051994984,20.97,1027.459
1791071886.7925553,69.64737049429873,0.23732197648577857,0.27236390669486094,0.275372875014975,20.98,1027.463
1791071918.1392026,69.64737049429873,0.23710950344909626,0.27478949872277014,0.27687938141990287,20.93,1027.457
1791071949.487775,69.64737049429873,0.2360446098336602,0.2658527684752674,0.27190012765197114,20.91,1027.471
1791071980.8450599,69.64737049429873,0.23451712457990082,0.26592935344973756,0.2771842479567387,20.94,1027.465
1791072012.1697145,69.64737049429873,0.23751364923342935,0.26677058196831754,0.27730838427857796,20.91,1027.46
1791072043.5170705,69.64737049429873,0.2355053845523396,0.2658992292801834,0.2699806261497381,20.93,1027.474
1791072074.8627272,69.64737049429873,0.2351614747544222,0.2658992292801834,0.2741119671849213,20.94,1027.47
1791072106.1962438,69.64737049429873,0.23796168651104002,0.26518313165231444,0.26939029880539694,20.94,1027.461
1791072137.5356026,69.64737049429873,0.23407849443394807,0.265976143638632,0.2703271100216859,20.95,1027.471
1791072168.87221,69.64737049429873,0.23570241824894997,0.264154621790744,0.26958196485307445,20.95,1027.475
1791072200.2215407,69.64737049429873,0.2397498171734358,0.26652483266707566,0.26830399993068715,20.94,1027.463
1791072231.5703073,69.64737049429873,0.2391512016532623,0.26941050076800527,0.2728522542783146,20.94,1027.474
1791072262.919589,69.64737049429873,0.23514842318058618,0.2669656911330605,0.2775848856019498,20.95,1027.481
1791072294.2662961,69.64737049429873,0.2342123508817357,0.26636762346538034,0.2731290034846654,20.95,1027.49
1791072325.5917695,69.64737049429873,0.2348714256464043,0.2642730288814403,0.27079362681465297,20.93,1027.487
1791072356.9361677,69.64737049429873,0.2342123508817357,0.2653411544064119,0.2696521351486163,20.95,1027.499
1791072388.2856636,69.64737049429873,0.23588924744852557,0.26526320215335136,0.26921911988495834,20.91,1027.509
1791072419.6283545,69.64737049429873,0.2402118739563873,0.2668600639434953,0.2723145477532964,20.93,1027.516
1791072450.967623,69.64737049429873,0.24087722253014382,0.2653066548501552,0.2718798012403521,20.94,1027.514
1791072482.3129857,69.64737049429873,0.23768562354160452,0.270485429769003,0.27076430406327284,20.95,1027.519
1791072513.6676943,69.64737049429873,0.23935962543909245,0.26279565200392324,0.27507166591883464,20.94,1027.529
1791072544.994174,69.64737049429873,0.2339528972196561,0.2649079438836065,0.266822232139529,20.94,1027.529
1791072576.3225646,69.64737049429873,0.23447179358893955,0.2716122603957613,0.27077902479937466,20.95,1027.528
1791072607.652524,69.64737049429873,0.23591410462992196,0.2643119184627354,0.2706572662784158,21.0,1027.528
1791072638.992508,69.64737049429873,0.23522763935354404,0.2639138243311114,0.2691836615975704,20.98,1027.521
1791072670.3370612,69.64737049429873,0.23189469696799742,0.26395413786516847,0.2757487911918095,20.97,1027.519
1791072701.6726344,69.64737049429873,0.23505563684209063,0.2647477206685506,0.2690769035582664,21.03,1027.526
1791072733.0120416,69.64737049429873,0.2342220262356557,0.2645098782694585,0.26859314850374205,21.03,1027.52
1791072764.3465953,69.64737049429873,0.23637989020725386,0.26506561867374845,0.2703105969053409,21.01,1027.515
1791072795.6720414,69.64737049429873,0.2388383269378862,0.2641518094341118,0.26824291760407354,21.03,1027.513
1791072827.0165336,69.64737049429873,0.2356113772463806,0.27185685673890936,0.27074487546665216,21.01,1027.506
1791072858.361989,69.64737049429873,0.23567710748753173,0.27145663332308295,0.28034847979172234,21.0,1027.495
1791072889.6945164,69.64737049429873,0.23988739516151528,0.2689199941718127,0.27827814516685456,21.0,1027.496
1791072921.0350401,69.64737049429873,0.23412601885947468,0.27228166275635485,0.272158675534622,20.98,1027.499
1791072952.3854344,69.64737049429873,0.2329058712877029,0.2664226561151471,0.2699276811804634,20.97,1027.469
1791072983.713117,69.64737049429873,0.23566661427437702,0.26391165326891525,0.27395566465384275,20.94,1027.474
1791073015.039644,69.64737049429873,0.23979307086969076,0.26319358826125255,0.27730366844881854,20.97,1027.463
1791073046.3790555,69.64737049429873,0.23689077174370568,0.2680599277302538,0.2712882553743309,20.95,1027.472
1791073077.7086208,69.64737049429873,0.23639744885244132,0.26594619465918945,0.2696134966612802,20.94,1027.466
1791073109.06114,69.64737049429873,0.2384148859279733,0.26498692346240454,0.2754450829200207,20.95,1027.469
1791073140.4025884,69.64737049429873,0.23350061879788472,0.2654656924721462,0.2697192362893966,20.97,1027.474
1791073171.7499368,69.64737049429873,0.23433761974662867,0.2659033348733117,0.2697706599101229,20.98,1027.48
1791073203.0816398,69.64737049429873,0.23262724869615956,0.26781765769638705,0.2739870380698141,20.98,1027.477
1791073234.4290032,69.64737049429873,0.23433761974662867,0.26658118964922545,0.2708866611751149,20.98,1027.482
1791073265.7754748,69.64737049429873,0.23485622942850615,0.2649474693151851,0.27451366528633875,20.98,1027.481
1791073297.0969744,69.64737049429873,0.23262724869615956,0.26630231535495563,0.2672970768037432,21.03,1027.469
1791073328.4445724,69.64737049429873,0.23266361784914075,0.2640309676177779,0.2686908187341746,21.01,1027.464
1791073359.786962,69.64737049429873,0.23392345442053478,0.2701019485764839,0.2726838876352065,21.01,1027.466
1791073391.1414676,69.64737049429873,0.23598682768315665,0.2735814443744137,0.27218265014207993,21.0,1027.468
1791073422.484012,69.64737049429873,0.23510810886996533,0.26510805745970434,0.2754149592074119,21.0,1027.463
1791073453.823519,69.64737049429873,0.23374977057539748,0.26530889677455655,0.27376880852105046,21.0,1027.451
1791073485.1639242,69.64737049429873,0.23615949878211798,0.26538743652619934,0.26758525933025484,21.03,1027.445
1791073516.4614987,69.64737049429873,0.23353822294576523,0.2721256347308562,0.26901936439063484,21.04,1027.444
1791073547.807055,69.64737049429873,0.23800828800968582,0.26395209617070764,0.2740795198960821,21.04,1027.423
1791073579.156496,69.64737049429873,0.23343259265673033,0.264310094069953,0.2699276811804634,21.01,1027.427
1791073610.4979625,69.64737049429873,0.23496226401773354,0.26785457357591574,0.2716009269460823,21.04,1027.417
1791073641.8523848,69.64737049429873,0.23429898424541953,0.26347271471342765,0.2686908187341746,21.04,1027.403
1791073673.1879754,69.64737049429873,0.23427035076334785,0.26554665341040123,0.26765961149605444,21.05,1027.398
1791073704.5345223,69.64737049429873,0.2355197607899061,0.2649079438836065,0.2693343702091051,21.03,1027.402
1791073735.883993,69.64737049429873,0.23451064580819575,0.27339766402134674,0.2728396633888508,21.04,1027.377
1791073767.2263687,69.64737049429873,0.23532098214652428,0.26718461429908524,0.2768707844178332,21.03,1027.377
1791073798.5710504,69.64737049429873,0.23536113015469468,0.26934940011626135,0.2699796697510643,21.03,1027.369
1791073829.9173453,69.64737049429873,0.2338938780274587,0.26538993819773954,0.2699094253307802,21.01,1027.374
1791073861.2530303,69.64737049429873,0.23428032019787676,0.263868821686855,0.27183607526077425,21.03,1027.383
1791073892.6076071,69.64737049429873,0.2323184523960836,0.26378730648552945,0.2695071818147241,20.98,1027.389
1791073923.9378242,69.64737049429873,0.23589582257722577,0.26503037631355386,0.269400287043186,21.01,1027.355
1791073955.2884355,69.64737049429873,0.23386416712910518,0.2631891227565534,0.26671503626947,20.95,1027.382
1791073986.6278987,69.64737049429873,0.23361373836709048,0.26478953835724006,0.26807091659237786,20.97,1027.367
1791074017.9494443,69.64737049429873,0.23540138751318712,0.2681926064860155,0.26831440691126696,20.98,1027.364
1791074049.301916,69.64737049429873,0.23837611259334973,0.26607125400890835,0.2739222891671634,20.97,1027.372
1791074080.6519165,69.64737049429873,0.23508124448535017,0.26374914797107224,0.26875314014367074,20.97,1027.361
1791074111.9927742,69.64737049429873,0.2329477611725326,0.27398535252423617,0.2735814443744137,21.0,1027.366
1791074143.342349,69.64737049429873,0.2349475074886831,0.26470924066795953,0.2742652381935806,21.01,1027.367
1791074174.683835,69.64737049429873,0.23403850952994962,0.26643425961015066,0.2690334069724983,21.0,1027.364
1791074206.0213313,69.64737049429873,0.2330218371511471,0.2643486045412951,0.27008435618130233,21.0,1027.361
1791074237.3669372,69.64737049429873,0.23449321501508916,0.26651100551304996,0.2682409081319955,21.01,1027.363
1791074268.7204106,69.64737049429873,0.23529457632929965,0.26454913771125677,0.26934940011626135,21.04,1027.359
1791074300.046964,69.64737049429873,0.2342126935026618,0.26643425961015066,0.27373445275245395,21.03,1027.356
1791074331.389371,69.64737049429873,0.2348408538555319,0.27547954403553293,0.2769778107960224,21.01,1027.36
1791074362.741759,69.64737049429873,0.2349475074886831,0.2638281011065498,0.2735176762337398,21.03,1027.378
1791074394.0613186,69.64737049429873,0.23343951971139398,0.265631102894522,0.2678752749939406,21.01,1027.369
1791074425.417835,69.64737049429873,0.23425147489767426,0.26490990259706076,0.26968093607106886,21.0,1027.373
1791074456.7692094,69.64737049429873,0.2355488270850213,0.26655548169062426,0.2695228028626636,21.05,1027.367
1791074488.1208396,69.64737049429873,0.23628370175301225,0.2654712006528264,0.2693645257595765,21.04,1027.361
1791074519.4683483,69.64737049429873,0.24005695055555887,0.26871683953122255,0.2734536760931346,21.05,1027.362
1791074550.7967675,69.64737049429873,0.23509418811835994,0.2675199109406966,0.26968093607106886,21.05,1027.364
1791074582.1253486,69.64737049429873,0.23467857049114832,0.26655548169062426,0.2721403018451072,21.05,1027.365
1791074613.4518478,69.64737049429873,0.23576326434379935,0.26462934644002634,0.27273537864231906,21.07,1027.377
1791074644.7903888,69.64737049429873,0.23362134744446236,0.26511129556761726,0.26913406471883317,21.01,1027.378
1791074676.1446335,69.64737049429873,0.23552282017645296,0.2661147495868516,0.27142042424788154,21.0,1027.379
1791074707.4913502,69.64737049429873,0.23558946920215953,0.2647901426003458,0.2732649428495056,21.0,1027.377
1791074738.8468869,69.64737049429873,0.23580423673822112,0.2683262524193736,0.2690113910268688,21.0,1027.368
1791074770.1774042,69.64737049429873,0.23573772286317982,0.26547398111730264,0.272106973206319,21.03,1027.374
1791074801.5227854,69.64737049429873,0.2343293561622903,0.2653529757238822,0.26997869939610947,21.03,1027.377
1791074832.868224,69.64737049429873,0.23545604952300192,0.26587677026221535,0.26985564071217344,21.03,1027.366
1791074864.211711,69.64737049429873,0.23654066909015578,0.2652716527745446,0.26966154996187636,21.01,1027.364
1791074895.5574095,69.64737049429873,0.23467857049114832,0.26462934644002634,0.27033023364838665,21.01,1027.35
1791074926.8836744,69.64737049429873,0.23435810298995433,0.2643478015476009,0.26760430821802783,21.01,1027.336
1791074958.2363017,69.64737049429873,0.234785587842931,0.2676889366255746,0.27038354370506185,21.04,1027.324
1791074989.5738661,69.64737049429873,0.2359530180837853,0.26491089133245177,0.26881614424631844,21.04,1027.313
1791075020.9212286,69.64737049429873,0.23608565329998935,0.26410692719868095,0.26857097493398235,21.04,1027.289
1791075052.2696798,69.64737049429873,0.2354155156979711,0.2652716527745446,0.2690113910268688,21.03,1027.292
1791075083.6103263,69.64737049429873,0.23470649710706323,0.27229745954376966,0.2725784918145387,21.04,1027.28
1791075114.9517863,69.64737049429873,0.23660636115610637,0.26470958823300655,0.27410842360280435,21.0,1027.269
1791075146.3062708,69.64737049429873,0.2407122762562643,0.2642273094768094,0.2686440400237726,21.01,1027.256
1791075177.6548526,69.64737049429873,0.23577875384292296,0.26740713472038863,0.2694156096112586,21.0,1027.243
1791075208.9902134,69.64737049429873,0.23352227874202963,0.2694156096112586,0.26997869939610947,21.04,1027.228
1791075240.3256302,69.64737049429873,0.23608565329998935,0.2666001606870043,0.2687299744651006,21.03,1027.226
1791075271.683239,69.64737049429873,0.2407458380731594,0.26571632328927286,0.27320027710684086,21.03,1027.22
1791075303.0210207,69.64737049429873,0.2355635194343747,0.2626944076177719,0.26966154996187636,21.01,1027.2
1791075334.3242738,69.64737049429873,0.2372974601361417,0.263420573828866,0.268497642805876,21.01,1027.19
1791075365.6709049,69.64737049429873,0.2360193962033577,0.26470993802003,0.26978468859701443,21.07,1027.183
1791075397.0183322,69.64737049429873,0.2333468238612214,0.26483087076692435,0.2686569662465734,21.03,1027.171
1791075428.367817,69.64737049429873,0.2339795039705136,0.2634996539269129,0.26862036203015227,21.04,1027.179
1791075459.7051826,69.64737049429873,0.23451495017870608,0.26458908026921685,0.26854695246622157,21.07,1027.157
1791075491.0547957,69.64737049429873,0.23486511256660766,0.2655950969220375,0.27011949677252134,21.04,1027.154
1791075522.3931549,69.64737049429873,0.23274106049182774,0.2675947534815133,0.2674447953642806,21.05,1027.151
1791075553.7396665,69.64737049429873,0.23378779899431096,0.2737979430625674,0.2739538494601098,21.07,1027.143
1791075585.0833907,69.64737049429873,0.23536113015469468,0.2641489613472232,0.27491901037787775,21.1,1027.135
1791075616.4118276,69.64737049429873,0.23480135881600567,0.26687444579224057,0.2686675248066906,21.1,1027.125
1791075647.7623215,69.64737049429873,0.23587062945325915,0.2655950969220375,0.2766971617681396,21.1,1027.127
1791075679.105148,69.64737049429873,0.23521463506769963,0.26337916400670924,0.2701018703648839,21.07,1027.115
1791075710.4482794,69.64737049429873,0.23508010171194124,0.2656377027346381,0.2671714583579147,21.08,1027.118
1791075741.7788622,69.64737049429873,0.23419338877727577,0.26571632328927286,0.270719414872478,21.08,1027.107
1791075773.1204622,69.64737049429873,0.23475776538797866,0.26567704892975935,0.27360677663447985,21.08,1027.091
1791075804.4717731,69.64737049429873,0.23525500445766806,0.26547677938976,0.27793257610675004,21.08,1027.083
1791075835.8023372,69.64737049429873,0.23469011146828314,0.26575922588445244,0.26789624146256696,21.11,1027.068
1791075867.1589732,69.64737049429873,0.23479752594532363,0.26378210042160527,0.2698369210059038,21.08,1027.063
1791075898.4922502,69.64737049429873,0.23430047788462546,0.26519433289506755,0.2688661373260694,21.08,1027.042
1791075929.8276944,69.64737049429873,0.23338464711223575,0.2651544905830747,0.26898919370605107,21.11,1027.036
1791075961.180235,69.64737049429873,0.234086397517253,0.2655950969220375,0.2712154873635558,21.11,1027.035
1791075992.5217009,69.64737049429873,0.23309631848837845,0.26543186406304337,0.2692568503443502,21.13,1027.022
1791076023.8722901,69.64737049429873,0.23438671926309346,0.2663077143662781,0.2673981949113099,21.08,1027.02
1791076055.2126899,69.64737049429873,0.23798798810320274,0.26655548169062426,0.2692630521610742,21.11,1027.016
1791076086.5573204,69.64737049429873,0.23506713273535645,0.26446840356132584,0.2680819754822346,21.11,1027.028
1791076117.890694,69.64737049429873,0.23482529573334432,0.26567704892975935,0.2689751770041723,21.1,1027.023
1791076149.2363608,69.64737049429873,0.23606081323053463,0.2645084333706737,0.2687797021934876,21.1,1027.002
1791076180.5737798,69.64737049429873,0.23415450990844489,0.26555572978286074,0.26862036203015227,21.08,1027.012
1791076211.9242656,69.64737049429873,0.2349725579629756,0.2657984789766378,0.27103617729438095,21.08,1027.004
1791076243.2527318,69.64737049429873,0.23422249805808015,0.26997869939610947,0.274013647411168,21.1,1027.005
1791076274.5923395,69.64737049429873,0.23418366794666157,0.26487091757371495,0.2712627235210144,21.08,1026.992
1791076305.9267688,69.64737049429873,0.23708074043422628,0.26724731330852225,0.2692568503443502,21.07,1026.996
1791076337.2572644,69.64737049429873,0.23621040477841157,0.2661634360398752,0.27257099830507253,21.07,1026.989
1791076368.6018827,69.64737049429873,0.23938219002246536,0.2665232270925943,0.27056081629422407,21.11,1026.979
1791076399.9441833,69.64737049429873,0.23558946920215953,0.26490990259706076,0.27219776710855,21.13,1026.981
1791076431.2827957,69.64737049429873,0.23532098214652428,0.2649485699375021,0.27320518373005975,21.1,1026.972
1791076462.635474,69.64737049429873,0.24140917703073703,0.26462916128747754,0.27066121285342365,21.1,1026.975
1791076493.9858024,69.64737049429873,0.2349872737663826,0.2633044268791616,0.26894741047603504,21.08,1026.973
1791076525.3122828,69.64737049429873,0.2373845341342943,0.2663186157945789,0.2684852185808124,21.07,1026.972
1791076556.6577609,69.64737049429873,0.2364089251499326,0.2649918686076403,0.269820197024706,21.1,1026.958
1791076588.0024,69.64737049429873,0.23387270800325893,0.265071559162114,0.27341756322112687,21.1,1026.945
1791076619.3466747,69.64737049429873,0.2348927028426461,0.2699959233048392,0.27113913589983535,21.11,1026.943
1791076650.6902099,69.64737049429873,0.23638479043643784,0.2653949895421477,0.2702783697995316,21.13,1026.943
1791076682.0226457,69.64737049429873,0.23525500445766806,0.26499312471619496,0.26987246284950467,21.13,1026.924
1791076713.3502343,69.64737049429873,0.23327787899482091,0.26329611672146014,0.26810430603987534,21.11,1026.92
1791076744.732723,69.64737049429873,0.23327787899482091,0.26571990089693254,0.2679815421523638,21.1,1026.908
1791076776.0912445,69.64737049429873,0.23486511256660766,0.26406454691629777,0.27040207253913895,21.07,1026.899
1791076807.4317753,69.64737049429873,0.23331564214781253,0.2638641462571993,0.2679815421523638,21.07,1026.895
1791076838.774237,69.64737049429873,0.2341740176878269,0.26562783436096554,0.2685821420250748,21.04,1026.883
1791076870.1256225,69.64737049429873,0.2340969810787553,0.2649881480059896,0.2694206586606685,21.04,1026.874
1791076901.453351,69.64737049429873,0.2340969810787553,0.2665492740436668,0.2708524547523121,21.08,1026.856
1791076932.7828085,69.64737049429873,0.2328469528631982,0.26394589291504117,0.2690334069724983,21.05,1026.852
1791076964.1163366,69.64737049429873,0.2328517816200726,0.2643875374498806,0.267885724779796,21.04,1026.85
1791076995.4557412,69.64737049429873,0.23430047788462546,0.2649118864003751,0.27018999913154595,21.03,1026.837
1791077026.801199,69.64737049429873,0.23571206458958097,0.26406454691629777,0.26955434523928623,21.05,1026.831
1791077058.145594,69.64737049429873,0.2346223336347526,0.2703669833661883,0.2733852812411486,21.08,1026.828
1791077089.4882197,69.64737049429873,0.23349151300703697,0.2649118864003751,0.27234682602671223,21.08,1026.834
1791077120.771664,69.64737049429873,0.2320779872223924,0.2661244633793514,0.26951847936882095,21.1,1026.828
1791077152.1113777,69.64737049429873,0.23246713815044515,0.2631755544845723,0.26766125386990214,21.11,1026.833
1791077183.4627523,69.64737049429873,0.23310207134561817,0.26265231444283554,0.2715323756056093,21.1,1026.829
1791077214.800051,69.64737049429873,0.23235764278104498,0.2640273420285673,0.2663628555873407,21.08,1026.826
1791077246.1525972,69.64737049429873,0.23235461536265264,0.26230700308063604,0.26843631801879525,21.08,1026.827
1791077277.47606,69.64737049429873,0.23347721147418396,0.26671503626947,0.2662307386842223,21.08,1026.825
1791077308.8275914,69.64737049429873,0.2322155461889644,0.263420573828866,0.26968093607106886,21.1,1026.832
1791077340.1720643,69.64737049429873,0.23288889117966993,0.26620233741662036,0.26704928943959366,21.05,1026.836
1791077371.5166595,69.64737049429873,0.2323972285017197,0.2641037609602763,0.27184868423644243,21.07,1026.835
1791077402.8570569,69.64737049429873,0.23370553866655333,0.2653975395230122,0.2668123609898184,21.07,1026.834
1791077434.2045684,69.64737049429873,0.23105296482149948,0.263982718056206,0.26851014674998586,21.04,1026.841
1791077465.536279,69.64737049429873,0.23596925301344324,0.2634167894694835,0.26851014674998586,21.08,1026.85
1791077496.8747928,69.64737049429873,0.23236069237932133,0.267133426681577,0.26838714070566444,21.1,1026.851
1791077528.2321234,69.64737049429873,0.2349725579629756,0.26265231444283554,0.26725580204250793,21.07,1026.865
1791077559.5857477,69.64737049429873,0.23288889117966993,0.26337916400670924,0.26971347681014674,21.1,1026.864
1791077590.9142566,69.64737049429873,0.23225434404576542,0.2667285875731104,0.2667669720986025,21.1,1026.868
1791077622.2436914,69.64737049429873,0.233727785609694,0.2641880463355958,0.2687797021934876,21.08,1026.872
1791077653.5903559,69.64737049429873,0.23463913526072333,0.26338693079510345,0.2702422341268345,21.1,1026.878
1791077684.9366174,69.64737049429873,0.2356816543420147,0.26450901684481276,0.2723636191927778,21.11,1026.873
1791077716.279193,69.64737049429873,0.23628370175301225,0.265071559162114,0.26899736104364996,21.11,1026.883
1791077747.613649,69.64737049429873,0.2328517816200726,0.26196757730175374,0.2690113910268688,21.1,1026.876
1791077778.9522557,69.64737049429873,0.23338464711223575,0.26418540567355214,0.2659200200756292,21.13,1026.883
1791077810.2956698,69.64737049429873,0.23359847681360166,0.2634167894694835,0.27407555750516754,21.11,1026.883
1791077841.6483674,69.64737049429873,0.23405692332089476,0.2634996539269129,0.2678214713740862,21.11,1026.883
1791077872.9825737,69.64737049429873,0.2344755770826272,0.26378210042160527,0.2691485838207618,21.13,1026.886
1791077904.3182585,69.64737049429873,0.23482529573334432,0.2705069556774342,0.2699433518670623,21.11,1026.883
1791077935.6522048,69.64737049429873,0.23545604952300192,0.26414607684480956,0.27219776710855,21.13,1026.871
1791077966.992086,69.64737049429873,0.23419338877727577,0.2638641462571993,0.268497642805876,21.11,1026.863
1791077998.339755,69.64737049429873,0.2334156427952931,0.2637026332164777,0.2669272321980436,21.14,1026.867
1791078029.6701725,69.64737049429873,0.23267610057919466,0.26254536625782143,0.2675292438961325,21.08,1026.859
1791078061.0147154,69.64737049429873,0.23322777377979206,0.26538743652619934,0.2675947534815133,21.11,1026.874
1791078092.359171,69.64737049429873,0.23424158747731666,0.2639886040536016,0.2744517584742308,21.13,1026.873
1791078123.7017176,69.64737049429873,0.2331533399545245,0.2651886789804111,0.26947161489421884,21.14,1026.882
1791078155.0462563,69.64737049429873,0.23330261381046644,0.26370549431211926,0.26978706748406855,21.14,1026.893
1791078186.3977194,69.64737049429873,0.23302730228770102,0.26475007690150376,0.2693286993341112,21.11,1026.893
1791078217.741244,69.64737049429873,0.2325698510324624,0.2679707385307606,0.27432697046755244,21.08,1026.893
1791078249.0826726,69.64737049429873,0.23482529573334432,0.2640255118581571,0.27655102269966025,21.08,1026.884
1791078280.4302526,69.64737049429873,0.23263931612122288,0.26976816910684864,0.26836300775300365,21.08,1026.893
1791078311.7745793,69.64737049429873,0.23337786338080388,0.2650317502416817,0.26920610456531063,21.11,1026.882
1791078343.1191332,69.64737049429873,0.23422249805808015,0.2641880463355958,0.26772634025670605,21.1,1026.873
1791078374.461744,69.64737049429873,0.23344649726164785,0.26285645505364275,0.2682409081319955,21.1,1026.877
1791078405.8091636,69.64737049429873,0.23404768282211239,0.2630968466657182,0.26777379711409793,21.1,1026.874
1791078437.1545813,69.64737049429873,0.2342323744120885,0.2655950969220375,0.2668890118632222,21.11,1026.875
1791078468.4862413,69.64737049429873,0.2329108741599878,0.2624748736861371,0.2719830009439738,21.1,1026.866
1791078499.8136892,69.64737049429873,0.233991098061142,0.2642699202602192,0.2669429169214304,21.1,1026.86
1791078531.1541975,69.64737049429873,0.23430903485233726,0.264509305807086,0.2684606062576448,21.08,1026.866
1791078562.4986997,69.64737049429873,0.23340193046928315,0.26570923622188847,0.26878937490174243,21.11,1026.862
1791078593.8422365,69.64737049429873,0.23473429700856327,0.265109671368912,0.271589500974337,21.1,1026.858
1791078625.1927297,69.64737049429873,0.23445415734819508,0.2669958129287894,0.27519927720670534,21.11,1026.862
1791078656.530092,69.64737049429873,0.2330590269422632,0.2655133689389118,0.26924202620334425,21.1,1026.855
1791078687.8716354,69.64737049429873,0.2331278572700934,0.2640273420285673,0.26836300775300365,21.11,1026.874
1791078719.2301722,69.64737049429873,0.2345323793045695,0.2629037244009864,0.2682409081319955,21.11,1026.87
1791078750.5727606,69.64737049429873,0.23225168381110217,0.265794657286958,0.2675199109406966,21.13,1026.863
1791078781.9190726,69.64737049429873,0.23946265204120776,0.265794657286958,0.2691701174635121,21.14,1026.876
1791078813.2496786,69.64737049429873,0.2371032457862481,0.2653529757238822,0.27113913589983535,21.13,1026.871
1791078844.575251,69.64737049429873,0.2345040429505056,0.26475007690150376,0.26772634025670605,21.13,1026.88
1791078875.924688,69.64737049429873,0.23471811371881682,0.2667600585327232,0.2678484836434607,21.14,1026.874
1791078907.220317,69.64737049429873,0.2349872737663826,0.2675947534815133,0.2695742241504052,21.14,1026.887
1791078938.5487099,69.64737049429873,0.2356004876917222,0.26502765453390714,0.27476347150554786,21.17,1026.875
1791078969.8901446,69.64737049429873,0.23388531078286526,0.26614365579889915,0.26853330970911427,21.15,1026.874
1791079001.2416658,69.64737049429873,0.23454960346555367,0.2643494024410108,0.27228166275635485,21.14,1026.878
1791079032.5832329,69.64737049429873,0.23354553692470897,0.26410692719868095,0.26714699090567834,21.08,1026.871
1791079063.9306612,69.64737049429873,0.2333468238612214,0.2652737991952505,0.26885251982640773,21.1,1026.869
1791079095.267107,69.64737049429873,0.23404768282211239,0.2650317502416817,0.2683750356589632,21.13,1026.854
1791079126.6046412,69.64737049429873,0.23528171752918875,0.26491089133245177,0.2686935036639944,21.1,1026.864
1791079157.9531288,69.64737049429873,0.23714608956406932,0.2642273094768094,0.2701018703648839,21.08,1026.85
1791079189.2915387,69.64737049429873,0.23383432080584374,0.2661147495868516,0.2683262524193736,21.08,1026.851
1791079220.6403058,69.64737049429873,0.2345323793045695,0.2614992023665103,0.27523306460720276,21.1,1026.855
1791079251.9615197,69.64737049429873,0.23295294163610933,0.265071559162114,0.2675199109406966,21.05,1026.854
1791079283.3199992,69.64737049429873,0.2331278572700934,0.26458915084235773,0.26857097493398235,21.05,1026.849
1791079314.6626174,69.64737049429873,0.23783653205330543,0.2643501952950669,0.26855833995953754,21.08,1026.862
1791079345.9840074,69.64737049429873,0.23311627433684662,0.26395209617070764,0.2703286605426189,21.14,1026.86
1791079377.3246355,69.64737049429873,0.2339528972196561,0.26462906958933674,0.26856956300524826,21.14,1026.858
1791079408.669162,69.64737049429873,0.23517462069537265,0.26399054119372417,0.26853330970911427,21.14,1026.847
1791079440.0216265,69.64737049429873,0.2363735177943354,0.26374914797107224,0.2677806750280479,21.15,1026.862
1791079471.3670156,69.64737049429873,0.2389363919140861,0.2676320728283603,0.26707153917070514,21.15,1026.853
1791079502.7165036,69.64737049429873,0.23354553692470897,0.2641880463355958,0.279249777310265,21.1,1026.861
1791079534.0410647,69.64737049429873,0.23340876167698862,0.26342807039594646,0.26727658958810874,21.13,1026.857
1791079565.3905497,69.64737049429873,0.23322777377979206,0.2639886040536016,0.268351056252746,21.14,1026.843
1791079596.7170353,69.64737049429873,0.23798798810320274,0.2651905516249436,0.26807091659237786,21.13,1026.84
1791079628.0666652,69.64737049429873,0.23431915855783245,0.26378730648552945,0.2678752749939406,21.15,1026.846
1791079659.407132,69.64737049429873,0.23168799989081593,0.26338693079510345,0.2678752749939406,21.11,1026.824
1791079690.737661,69.64737049429873,0.23386416712910518,0.26258085330772085,0.2671928304600876,21.11,1026.826
1791079722.0850918,69.64737049429873,0.2348408538555319,0.2636704093916763,0.2670794173253144,21.1,1026.826
1791079753.426621,69.64737049429873,0.23437636014525032,0.2643501952950669,0.26674636291484516,21.08,1026.787
1791079784.7751617,69.64737049429873,0.23343259265673033,0.26458922052212813,0.26725965706389104,21.1,1026.794
1791079816.1217108,69.64737049429873,0.23343259265673033,0.2644296426015779,0.26793873794822953,21.1,1026.791
1791079847.4561236,69.64737049429873,0.23242070667978507,0.26422967366861605,0.2683391804324596,21.11,1026.788
1791079878.8065915,69.64737049429873,0.2341740176878269,0.26454913771125677,0.2682660262915454,21.13,1026.781
1791079910.1360643,69.64737049429873,0.2349475074886831,0.2681557965063679,0.26943598336244623,21.14,1026.786
1791079941.4826636,69.64737049429873,0.2328100859405252,0.2643082464354625,0.2737662267549144,21.13,1026.791
1791079972.812025,69.64737049429873,0.23516110564148093,0.26498938032832775,0.2673981949113099,21.14,1026.783
1791080004.1406558,69.64737049429873,0.24151861488027376,0.26807091659237786,0.2738296018324125,21.13,1026.78
1791080035.4861717,69.64737049429873,0.23466711337588828,0.2640679555134123,0.2719928718375325,21.15,1026.772
1791080066.8315246,69.64737049429873,0.23368966608388383,0.2652300716705239,0.26843631801879525,21.14,1026.788
1791080098.1771543,69.64737049429873,0.23463913526072333,0.26478953835724006,0.2675947534815133,21.14,1026.79
1791080129.5025191,69.64737049429873,0.23347721147418396,0.26266471037399813,0.2679970419037719,21.17,1026.771
1791080160.8289988,69.64737049429873,0.23168799989081593,0.2614992023665103,0.26659379676435774,21.2,1026.769
1791080192.1647007,69.64737049429873,0.23424158747731666,0.26319358826125255,0.2674357438480062,21.2,1026.762
1791080223.5151477,69.64737049429873,0.2318266169003968,0.2643501952950669,0.26893365896137894,21.18,1026.76
1791080254.8525712,69.64737049429873,0.23350061879788472,0.26462906958933674,0.2729952984174314,21.17,1026.74
1791080286.204036,69.64737049429873,0.23137317271328922,0.26319358826125255,0.26837565832888305,21.14,1026.737
1791080317.5405595,69.64737049429873,0.23276880497416477,0.2669429169214304,0.2698926231134553,21.14,1026.723
1791080348.8730867,69.64737049429873,0.23521449734473543,0.2637898847480773,0.2742034871787821,21.14,1026.707
1791080380.2154987,69.64737049429873,0.23308493778494105,0.2639500415301462,0.26910530283094564,21.13,1026.706
1791080411.5632846,69.64737049429873,0.23329617048320112,0.26354770699375496,0.2666256032086895,21.11,1026.709
1791080442.8925886,69.64737049429873,0.2338259310375038,0.26639578185762064,0.2681926064860155,21.11,1026.692
1791080474.239105,69.64737049429873,0.2328100859405252,0.2641880463355958,0.2714543627314627,21.1,1026.698
1791080505.565712,69.64737049429873,0.23326514281191416,0.2663131477364749,0.26868047288470553,21.1,1026.705
1791080536.9040322,69.64737049429873,0.23662987216545203,0.2632673128809601,0.27180257616792314,21.11,1026.687
1791080568.2596247,69.64737049429873,0.2349475074886831,0.2663900786301687,0.26850936229448297,21.11,1026.69
1791080599.6045477,69.64737049429873,0.23585485565003603,0.263868821686855,0.26919147523385056,21.15,1026.678
1791080630.9525843,69.64737049429873,0.2356816543420147,0.26470924066795953,0.26807091659237786,21.13,1026.676
1791080662.2969387,69.64737049429873,0.23354553692470897,0.2635101259016105,0.26947161489421884,21.13,1026.665
1791080693.6276398,69.64737049429873,0.232315581847907,0.2651474734264783,0.26718461429908524,21.13,1026.672
1791080724.9260783,69.64737049429873,0.23280543223974318,0.26355104221151254,0.2677806750280479,21.14,1026.669
1791080756.280556,69.64737049429873,0.23196691560414945,0.2652674007081954,0.2666256032086895,21.14,1026.659
1791080787.622206,69.64737049429873,0.23248967852198968,0.264310094069953,0.2683391804324596,21.17,1026.664
1791080818.9685965,69.64737049429873,0.23214132761329004,0.26327153666631464,0.2683391804324596,21.18,1026.655
1791080850.3010383,69.64737049429873,0.23364394887533688,0.26650495279217956,0.26886164757027275,21.17,1026.643
1791080881.6455874,69.64737049429873,0.23437636014525032,0.2628315129762666,0.27181315505558523,21.2,1026.646
1791080912.9750252,69.64737049429873,0.2330164116367344,0.2639500415301462,0.2659074664994355,21.2,1026.642
1791080944.3186264,69.64737049429873,0.23284215913059414,0.26482940454008436,0.2682660262915454,21.17,1026.64
1791080975.6630712,69.64737049429873,0.23315925288256636,0.26703371045665864,0.26663204223449805,21.17,1026.63
1791081006.9865928,69.64737049429873,0.23224904291567056,0.2617038017205395,0.2678752749939406,21.15,1026.62
1791081038.338094,69.64737049429873,0.23112695686596124,0.2631891227565534,0.266472667431804,21.18,1026.627
1791081069.684494,69.64737049429873,0.23710535623703624,0.26267084936221025,0.26614855378259006,21.18,1026.627
1791081101.0120027,69.64737049429873,0.23319050629845767,0.2638711371971662,0.2674267497521451,21.17,1026.62
1791081132.3545914,69.64737049429873,0.23287408725231865,0.26335365263641924,0.26722216962363626,21.2,1026.626
1791081163.7030969,69.64737049429873,0.2349351182782404,0.26458922052212813,0.26793873794822953,21.21,1026.626
1791081195.045579,69.64737049429873,0.2340969810787553,0.26411005330190834,0.2680599277302538,21.2,1026.63
1791081226.3780005,69.64737049429873,0.23549387641123048,0.26371116212722917,0.2669051087538874,21.2,1026.629
1791081257.7225108,69.64737049429873,0.23486829912927706,0.2636704093916763,0.2678648914687247,21.2,1026.634
1791081289.054176,69.64737049429873,0.23319050629845767,0.26854578513801214,0.2684241557456645,21.2,1026.643
1791081320.392472,69.64737049429873,0.23312204479993864,0.263909468427834,0.2674267497521451,21.23,1026.648
1791081351.7260804,69.64737049429873,0.23486829912927706,0.26271252557591884,0.2738612032208804,21.23,1026.65
1791081383.0675857,69.64737049429873,0.2326312420215179,0.2692272961453796,0.26970016420586646,21.2,1026.648
1791081414.399941,69.64737049429873,0.23602789985238656,0.2641489613472232,0.2682293496872235,21.2,1026.671
1791081445.7444656,69.64737049429873,0.2338259310375038,0.2631478035671188,0.26831440691126696,21.18,1026.665
1791081477.092125,69.64737049429873,0.23277331938598592,0.26863119591311424,0.268351056252746,21.2,1026.668
1791081508.4365575,69.64737049429873,0.23368181613862765,0.262230154411767,0.27423398912047803,21.2,1026.672
1791081539.7710774,69.64737049429873,0.23448246551093058,0.26411005330190834,0.2681077534680016,21.2,1026.665
1791081571.1056235,69.64737049429873,0.2326312420215179,0.2639500415301462,0.2678648914687247,21.18,1026.66
1791081602.4538968,69.64737049429873,0.23368181613862765,0.26383054775671044,0.26854578513801214,21.21,1026.662
1791081633.7964761,69.64737049429873,0.232351609883048,0.26411005330190834,0.26758525933025484,21.2,1026.659
1791081665.1419637,69.64737049429873,0.23486829912927706,0.26287302492774406,0.26814452360719465,21.21,1026.66
1791081696.480518,69.64737049429873,0.23353822294576523,0.26411005330190834,0.2694206586606685,21.18,1026.662
1791081727.821055,69.64737049429873,0.23717015081020068,0.26482867839320934,0.2702591752962622,21.17,1026.656
1791081759.14945,69.64737049429873,0.23252592669454525,0.26355104221151254,0.26818122719114973,21.15,1026.651
1791081790.476025,69.64737049429873,0.23381760201226026,0.26510805745970434,0.2673430899916647,21.14,1026.641
1791081821.8075385,69.64737049429873,0.2340969810787553,0.2634317830607341,0.26790184812465473,21.17,1026.646
1791081853.1520693,69.64737049429873,0.23353822294576523,0.26898342002260434,0.2683391804324596,21.14,1026.643
1791081884.4954562,69.64737049429873,0.23448246551093058,0.2650685700840258,0.2727421678350134,21.14,1026.649
1791081915.847031,69.64737049429873,0.23308493778494105,0.26315240399423906,0.26814452360719465,21.15,1026.651
1791081947.1886168,69.64737049429873,0.23252592669454525,0.2641489613472232,0.26873998532413984,21.14,1026.654
1791081978.537076,69.64737049429873,0.23217713509733412,0.266472667431804,0.26807091659237786,21.17,1026.657
1791082009.8625047,69.64737049429873,0.23172261645321612,0.2692272961453796,0.2680340127984721,21.17,1026.664
1791082041.2079449,69.64737049429873,0.23329617048320112,0.264469239766523,0.2683876391373461,21.17,1026.67
1791082072.5475805,69.64737049429873,0.23297946481277512,0.26299203112111674,0.26702599505331504,21.17,1026.679
1791082103.8929374,69.64737049429873,0.23224642114934735,0.26131499784992934,0.2669051087538874,21.17,1026.684
1791082135.2434566,69.64737049429873,0.2364390043273159,0.26478893794555586,0.268023130934679,21.14,1026.699
1791082166.5731394,69.64737049429873,0.23280543223974318,0.2669051087538874,0.2687037878841344,21.17,1026.704
1791082197.9204311,69.64737049429873,0.23734213048761202,0.26271252557591884,0.26957812252362495,21.15,1026.713
1791082229.248071,69.64737049429873,0.23112839896855572,0.26199261656085693,0.26718461429908524,21.15,1026.721
1791082260.5886781,69.64737049429873,0.23329617048320112,0.26406964359454405,0.2664667307763752,21.18,1026.725
1791082291.9220984,69.64737049429873,0.23252592669454525,0.2631111451147365,0.2668672320592116,21.18,1026.722
1791082323.2575374,69.64737049429873,0.23266774856527314,0.26402916057833176,0.2673056271917849,21.17,1026.726
1791082354.6080353,69.64737049429873,0.23214356636073485,0.2640679555134123,0.2659504718553948,21.14,1026.717
1791082385.9405746,69.64737049429873,0.23186317224794004,0.263909468427834,0.26687444579224057,21.14,1026.721
1791082417.2871256,69.64737049429873,0.23189737625086737,0.26267084936221025,0.2681077534680016,21.18,1026.716
1791082448.6317115,69.64737049429873,0.23273665279026762,0.26215351448552304,0.26714699090567834,21.2,1026.715
1791082479.9700887,69.64737049429873,0.23297946481277512,0.26187400894032514,0.26718461429908524,21.18,1026.705
1791082511.2975478,69.64737049429873,0.23699801541771173,0.26203488772825895,0.26566681559269445,21.23,1026.701
1791082542.64958,69.64737049429873,0.23308493778494105,0.2625518808377967,0.26898342002260434,21.2,1026.697
1791082573.9934256,69.64737049429873,0.2329108741599878,0.26299203112111674,0.26522807548269994,21.15,1026.69
1791082605.3250318,69.64737049429873,0.2358799932369201,0.2687037878841344,0.2678648914687247,21.21,1026.687
1791082636.668613,69.64737049429873,0.23280543223974318,0.26299203112111674,0.27277472520304336,21.2,1026.683
1791082667.9949956,69.64737049429873,0.23140790451375362,0.2636704093916763,0.268023130934679,21.23,1026.679
1791082699.3434627,69.64737049429873,0.2316176174044006,0.26155181397634325,0.2673056271917849,21.2,1026.672
1791082730.6890693,69.64737049429873,0.23263526439053547,0.2627423623376236,0.2658686681132455,21.2,1026.659
1791082762.0094783,69.64737049429873,0.23228514404940775,0.2655950969220375,0.2682409081319955,21.21,1026.655
1791082793.3609319,69.64737049429873,0.232712986005436,0.26394589291504117,0.26950275800940415,21.2,1026.66
1791082824.6924837,69.64737049429873,0.23158277813514525,0.26402916057833176,0.27185914159400754,21.23,1026.654
1791082856.0399888,69.64737049429873,0.23210772335075425,0.2632303670551438,0.26779077693200964,21.21,1026.648
1791082887.3834538,69.64737049429873,0.23319050629845767,0.26478893794555586,0.2665874732127448,21.23,1026.65
1791082918.7089505,69.64737049429873,0.23196691560414945,0.26466906439230414,0.2669051087538874,21.2,1026.642
1791082950.0534663,69.64737049429873,0.23168741005895155,0.2636704093916763,0.2736132418386371,21.21,1026.638
1791082981.398075,69.64737049429873,0.23374977057539748,0.2612720551298765,0.26814452360719465,21.21,1026.634
1791083012.7484539,69.64737049429873,0.23347013843692757,0.2685821420250748,0.26758525933025484,21.2,1026.632
1791083044.091986,69.64737049429873,0.2316176174044006,0.2636704093916763,0.2674641198442832,21.18,1026.634
1791083075.3804054,69.64737049429873,0.2329108741599878,0.26618709863790535,0.2685821420250748,21.2,1026.624
1791083106.719004,69.64737049429873,0.2326312420215179,0.2641489613472232,0.26758525933025484,21.21,1026.624
1791083138.055525,69.64737049429873,0.23119738508077323,0.26282588777024884,0.26663204223449805,21.17,1026.62
1791083169.4079409,69.64737049429873,0.23235461536265264,0.2643082464354625,0.26843631801879525,21.17,1026.63
1791083200.73458,69.64737049429873,0.23235461536265264,0.2639072696762764,0.2676790993182051,21.17,1026.618
1791083232.0839593,69.64737049429873,0.232038185567256,0.2631891227565534,0.26796000372510037,21.15,1026.615
1791083263.4105422,69.64737049429873,0.23182771074349479,0.26546843782687785,0.2683876391373461,21.13,1026.608
1791083294.7439754,69.64737049429873,0.23151271346763833,0.26155181397634325,0.2703468388227576,21.15,1026.612
1791083326.0994663,69.64737049429873,0.23217713509733412,0.2621113316692768,0.266708325121279,21.15,1026.627
1791083357.4470928,69.64737049429873,0.23284215913059414,0.263909468427834,0.2665874732127448,21.14,1026.628
1791083388.7875283,69.64737049429873,0.23277331938598592,0.27162313244914643,0.2673893118654452,21.17,1026.626
1791083420.1359367,69.64737049429873,0.23452147314666116,0.2639500415301462,0.2740167985150624,21.14,1026.632
1791083451.489433,69.64737049429873,0.23252592669454525,0.26466906439230414,0.2669051087538874,21.15,1026.625
1791083482.8409264,69.64737049429873,0.23196691560414945,0.26422967366861605,0.27081818638665806,21.14,1026.63
1791083514.175428,69.64737049429873,0.23364394887533688,0.2628315129762666,0.26970016420586646,21.14,1026.623
1791083545.5129066,69.64737049429873,0.23273665279026762,0.2632673128809601,0.2674267497521451,21.15,1026.621
1791083576.858489,69.64737049429873,0.23277786669116357,0.2647495996542345,0.2682776909316547,21.15,1026.622
1791083608.1990917,69.64737049429873,0.23242723799700274,0.2620185328055217,0.2680819754822346,21.14,1026.623
1791083639.5517585,69.64737049429873,0.23459980758571528,0.2633085423661186,0.2680819754822346,21.17,1026.627
1791083670.8989553,69.64737049429873,0.23452147314666116,0.2636704093916763,0.2689113355734824,21.15,1026.626
1791083702.2475216,69.64737049429873,0.2329108741599878,0.26355104221151254,0.26702599505331504,21.13,1026.62
1791083733.5879836,69.64737049429873,0.23189737625086737,0.26682928665092626,0.2674641198442832,21.14,1026.619
1791083764.920502,69.64737049429873,0.23536113015469468,0.2659074664994355,0.2745451238629252,21.17,1026.625
1791083796.2590601,69.64737049429873,0.23179234560610823,0.2637898847480773,0.27078385590974613,21.17,1026.615
1791083827.602456,69.64737049429873,0.23084889342335785,0.26327153666631464,0.2686675248066906,21.17,1026.613
1791083858.9469986,69.64737049429873,0.2326312420215179,0.26339077725320637,0.26814452360719465,21.15,1026.618
1791083890.3025043,69.64737049429873,0.23245689394380087,0.26339077725320637,0.2693850616774124,21.18,1026.616
1791083921.663903,69.64737049429873,0.23374977057539748,0.2649089201339443,0.26702599505331504,21.15,1026.618
1791083953.0044093,69.64737049429873,0.23277331938598592,0.26274826304538224,0.26714699090567834,21.14,1026.608
1791083984.3408725,69.64737049429873,0.23266774856527314,0.26246133006685457,0.2679123396571879,21.14,1026.63
1791084015.6763952,69.64737049429873,0.23418366794666157,0.26547398111730264,0.2666385223310966,21.14,1026.621
1791084047.0120442,69.64737049429873,0.23158298831169816,0.26265853219304836,0.2675668103032828,21.11,1026.636
1791084078.3644361,69.64737049429873,0.23299007112053913,0.26370549431211926,0.2676889366255746,21.15,1026.646
1791084109.7149932,69.64737049429873,0.23172333523561733,0.26310640928267615,0.2659547763209161,21.13,1026.664
1791084141.0424736,69.64737049429873,0.23266774856527314,0.262230154411767,0.26703371045665864,21.13,1026.662
1791084172.3938925,69.64737049429873,0.2329477611725326,0.2641489613472232,0.2659892488291479,21.17,1026.674
1791084203.7374828,69.64737049429873,0.23200250212256063,0.263349697089145,0.26863119591311424,21.15,1026.688
1791084235.0939412,69.64737049429873,0.23189737625086737,0.2648691984001101,0.2671092992581857,21.15,1026.693
1791084266.434437,69.64737049429873,0.23396170180797216,0.2720261528388246,0.271589500974337,21.15,1026.681
1791084297.7858737,69.64737049429873,0.23305345904635413,0.263909468427834,0.27046945054529914,21.15,1026.686
1791084329.068533,69.64737049429873,0.2308123417634086,0.2666702182905369,0.26807091659237786,21.15,1026.704
1791084360.39389,69.64737049429873,0.2329477611725326,0.263909468427834,0.2675106372716415,21.18,1026.688
1791084391.7234142,69.64737049429873,0.23252592669454525,0.2615945033951272,0.26770650859861184,21.18,1026.687
1791084423.0560515,69.64737049429873,0.23063685142311804,0.2637847117627501,0.2677436253894811,21.18,1026.681
1791084454.388382,69.64737049429873,0.23232425649768773,0.26588497657572774,0.2682525404359465,21.18,1026.673
1791084485.7418306,69.64737049429873,0.23122878615848655,0.26369975376284477,0.2682760294713854,21.15,1026.675
1791084517.0884924,69.64737049429873,0.23299543250012847,0.2638641462571993,0.2737609993556579,21.15,1026.674
1791084548.4329696,69.64737049429873,0.23270865455877093,0.2718926654216334,0.2718926654216334,21.18,1026.679
1791084579.7774518,69.64737049429873,0.2328100859405252,0.2666702182905369,0.27133085660784295,21.17,1026.665
1791084611.1119776,69.64737049429873,0.23273665279026762,0.2643494024410108,0.2678278677986571,21.15,1026.679
1791084642.4675276,69.64737049429873,0.23214356636073485,0.26370549431211926,0.26614855378259006,21.21,1026.681
1791084673.814879,69.64737049429873,0.23067072119535567,0.262784163038999,0.26651709682311525,21.18,1026.677
1791084705.1565194,69.64737049429873,0.23309060745295251,0.27183607526077425,0.27015447428780864,21.2,1026.674
1791084736.504952,69.64737049429873,0.23235461536265264,0.26498938032832775,0.2756046538439323,21.21,1026.662
1791084767.8525436,69.64737049429873,0.23119738508077323,0.26338693079510345,0.2674357438480062,21.23,1026.669
1791084799.197927,69.64737049429873,0.23274106049182774,0.2633457163576377,0.26659379676435774,21.18,1026.653
1791084830.5423696,69.64737049429873,0.23186317224794004,0.26538993819773954,0.27036513284062164,21.2,1026.666
1791084861.8838205,69.64737049429873,0.23228238779190516,0.262230154411767,0.2659504718553948,21.17,1026.657
1791084893.2235367,69.64737049429873,0.23200250212256063,0.26430917318559116,0.2659892488291479,21.17,1026.655
1791084924.573961,69.64737049429873,0.23214356636073485,0.26189926552531656,0.26919147523385056,21.18,1026.665
1791084955.904321,69.64737049429873,0.23137150572376128,0.26313851444125436,0.26651709682311525,21.18,1026.64
1791084987.248942,69.64737049429873,0.23288889117966993,0.26531342358185955,0.2663628555873407,21.18,1026.64
1791085018.6005185,69.64737049429873,0.23246028383250836,0.2631478035671188,0.26857097493398235,21.18,1026.637
1791085049.9408724,69.64737049429873,0.2338938780274587,0.26346913536381283,0.26807091659237786,21.17,1026.628
1791085081.2906463,69.64737049429873,0.23273665279026762,0.2699445793703459,0.269822316438014,21.14,1026.625
1791085112.642933,69.64737049429873,0.23245689394380087,0.2699094253307802,0.2728982699611828,21.17,1026.609
1791085143.9923124,69.64737049429873,0.23445415734819508,0.26502901110521204,0.27367370979974165,21.14,1026.616
1791085175.328967,69.64737049429873,0.2329477611725326,0.26470924066795953,0.26614855378259006,21.14,1026.611
1791085206.6843877,69.64737049429873,0.2346278368160893,0.26474912543586754,0.2675106372716415,21.15,1026.62
1791085238.0260015,69.64737049429873,0.23147765190960082,0.2625872699094637,0.26906938750900183,21.14,1026.606
1791085269.37333,69.64737049429873,0.2323184523960836,0.26438888933213944,0.26915558924965144,21.18,1026.62
1791085300.7168264,69.64737049429873,0.23824824494819205,0.26342433406101967,0.266472667431804,21.17,1026.615
1791085332.060366,69.64737049429873,0.232394041191583,0.2623698679481431,0.2670794173253144,21.17,1026.616
1791085363.40592,69.64737049429873,0.23264339753625024,0.27080859372165283,0.26967777309393726,21.21,1026.627
1791085394.7504604,69.64737049429873,0.23398850295991455,0.2666450438926921,0.27018999913154595,21.21,1026.611
1791085426.096957,69.64737049429873,0.23038592939979965,0.2623769873006229,0.2678111744837427,21.23,1026.627
1791085457.4524145,69.64737049429873,0.2326026322175093,0.26386649142069957,0.26547398111730264,21.23,1026.625
1791085488.8048584,69.64737049429873,0.23133717719523095,0.26338693079510345,0.2670794173253144,21.23,1026.63
1791085520.1493034,69.64737049429873,0.23322777377979206,0.2631891227565534,0.2662307386842223,21.18,1026.624
1791085551.489839,69.64737049429873,0.231372621084145,0.26426887088242923,0.2701894379380397,21.2,1026.619
1791085582.8354552,69.64737049429873,0.23333359870672232,0.26358868202648683,0.26934940011626135,21.2,1026.615
1791085614.1868298,69.64737049429873,0.23368181613862765,0.2641489613472232,0.26947161489421884,21.18,1026.609
1791085645.5333297,69.64737049429873,0.23340193046928315,0.2638281011065498,0.2739538494601098,21.24,1026.601
1791085676.8607626,69.64737049429873,0.23714608956406932,0.2645488113793127,0.2678752749939406,21.21,1026.597
1791085708.206369,69.64737049429873,0.23306463555586998,0.26289284932764345,0.268497642805876,21.23,1026.603
1791085739.5550988,69.64737049429873,0.23190146881886686,0.2643469934109902,0.27222211950629743,21.21,1026.591
1791085770.8882215,69.64737049429873,0.23475776538797866,0.2644280074324198,0.2666450438926921,21.21,1026.583
1791085802.2417276,69.64737049429873,0.23214582143523455,0.2661534829508313,0.2665617290048307,21.23,1026.579
1791085833.5844605,69.64737049429873,0.2325987192249112,0.2641489613472232,0.26755736624742804,21.21,1026.589
1791085864.9337523,69.64737049429873,0.23270435458632452,0.2643486045412951,0.2662692614364074,21.21,1026.566
1791085896.2653005,69.64737049429873,0.23151266827900416,0.2679228980786132,0.26968093607106886,21.23,1026.584
1791085927.6048875,69.64737049429873,0.23256604845630297,0.2654712006528264,0.2700492013776176,21.24,1026.588
1791085958.9512775,69.64737049429873,0.23291591341841833,0.2628620135588205,0.26587270629151194,21.24,1026.578
1791085990.2957165,69.64737049429873,0.23277786669116357,0.2634655332147769,0.27185914159400754,21.27,1026.588
1791086021.6344714,69.64737049429873,0.23274106049182774,0.26310640928267615,0.26627457728372905,21.27,1026.585
1791086052.9807296,69.64737049429873,0.2316179538545503,0.2633457163576377,0.26703371045665864,21.3,1026.587
1791086084.3293889,69.64737049429873,0.23161829276177123,0.26329611672146014,0.26796000372510037,21.28,1026.582
1791086115.6098416,69.64737049429873,0.23282425226812445,0.2630081769803289,0.26810430603987534,21.31,1026.595
1791086146.9562159,69.64737049429873,0.23264750896303307,0.26333362062937626,0.27026132899476796,21.27,1026.591
1791086178.2998493,69.64737049429873,0.23303280748202337,0.2709124109474554,0.27006661918462466,21.27,1026.59
1791086209.6344445,69.64737049429873,0.23327148768230735,0.2630233946083926,0.2733249747292939,21.25,1026.587
1791086240.971694,69.64737049429873,0.23326514281191416,0.263868821686855,0.26852181253889074,21.27,1026.589
1791086272.321207,69.64737049429873,0.2338938780274587,0.26502901110521204,0.2729895640106342,21.27,1026.577
1791086303.6678476,69.64737049429873,0.23441520586906814,0.263349697089145,0.2675479821293125,21.25,1026.569
1791086335.0131905,69.64737049429873,0.23361373836709048,0.26338693079510345,0.2672680964599681,21.25,1026.576
1791086366.362795,69.64737049429873,0.2314074783783886,0.2625033863796796,0.26687444579224057,21.23,1026.552
1791086397.7061594,69.64737049429873,0.23393217199023447,0.26675318894423133,0.26771639287588905,21.23,1026.559
1791086429.0477505,69.64737049429873,0.23393217199023447,0.265109671368912,0.26859480102406175,21.21,1026.532
1791086460.3952363,69.64737049429873,0.23613499531040422,0.2630698114198005,0.2690334069724983,21.21,1026.529
1791086491.731675,69.64737049429873,0.23245689394380087,0.26478953835724006,0.2674267497521451,21.2,1026.521
1791086523.083425,69.64737049429873,0.2333468238612214,0.2630551026070818,0.2762319113345357,21.2,1026.522
1791086554.407634,69.64737049429873,0.23281949557900058,0.26491288786186296,0.26898919370605107,21.17,1026.503
1791086585.7452013,69.64737049429873,0.23324651062114535,0.2632544788408507,0.26766125386990214,21.2,1026.505
1791086617.099784,69.64737049429873,0.23268032254152826,0.2626944076177719,0.26608541923893614,21.18,1026.495
1791086648.446273,69.64737049429873,0.23306463555586998,0.2637026332164777,0.2666450438926921,21.2,1026.491
1791086679.7897706,69.64737049429873,0.23211198180397133,0.2633002850819788,0.2687797021934876,21.2,1026.483
1791086711.1342933,69.64737049429873,0.23292098946140077,0.26491089133245177,0.2692568503443502,21.23,1026.484
1791086742.4827013,69.64737049429873,0.23267190936534032,0.26133720098377855,0.26619722540918683,21.21,1026.486
1791086773.8142784,69.64737049429873,0.2314424308287221,0.2614232802081122,0.2666768141283896,21.18,1026.487
1791086805.1568053,69.64737049429873,0.23221304006524957,0.26254536625782143,0.26687444579224057,21.18,1026.497
1791086836.5051808,69.64737049429873,0.23239087709457132,0.26234191558719594,0.2655919296321926,21.17,1026.504
1791086867.8297133,69.64737049429873,0.23224904291567056,0.26575184968070925,0.26896124954402484,21.18,1026.51
1791086899.1614826,69.64737049429873,0.231793317306887,0.26266471037399813,0.27304872440566286,21.18,1026.517
1791086930.5077505,69.64737049429873,0.23270435458632452,0.2639072696762764,0.2679970419037719,21.21,1026.518
1791086961.8562431,69.64737049429873,0.2322155461889644,0.26184784270171757,0.2682409081319955,21.2,1026.539
1791086993.19681,69.64737049429873,0.23222061361957905,0.26256789658939983,0.2650331329734049,21.24,1026.534
1791087024.5382612,69.64737049429873,0.23126485234248556,0.26289284932764345,0.2642656823495672,21.23,1026.533
1791087055.826775,69.64737049429873,0.2308758957329409,0.26281452932472704,0.2662853112107903,21.17,1026.557
1791087087.163265,69.64737049429873,0.23292098946140077,0.2635066574576466,0.2669272321980436,21.21,1026.553
1791087118.5097234,69.64737049429873,0.2310564005359116,0.26226484474539413,0.2683996962253861,21.18,1026.566
1791087149.8572257,69.64737049429873,0.2313023840223504,0.2621034123182325,0.2663131477364749,21.2,1026.575
1791087181.2007139,69.64737049429873,0.23123201925112133,0.2609056689364981,0.2663131477364749,21.21,1026.571
1791087212.5482063,69.64737049429873,0.23287898605373877,0.26659379676435774,0.26659379676435774,21.23,1026.579
1791087243.8947132,69.64737049429873,0.2322155461889644,0.2631846288078817,0.27220677732201437,21.24,1026.577
1791087275.241084,69.64737049429873,0.233727785609694,0.2617801067734056,0.2686440400237726,21.23,1026.584
1791087306.5847416,69.64737049429873,0.23319656244630113,0.2621034123182325,0.26503037631355386,21.23,1026.572
1791087337.92809,69.64737049429873,0.23291591341841833,0.26507005986966736,0.26671503626947,21.24,1026.581
1791087369.2567925,69.64737049429873,0.2316532256867652,0.26091391322914104,0.26587270629151194,21.23,1026.57
1791087400.592237,69.64737049429873,0.23186689729104148,0.26556187802851267,0.2678214713740862,21.25,1026.56
1791087431.939603,69.64737049429873,0.23296871190255097,0.2617869573013167,0.2692142634781157,21.24,1026.561
1791087463.2802382,69.64737049429873,0.2316897953976201,0.26321720743222043,0.26536025130965707,21.23,1026.562
1791087494.6237109,69.64737049429873,0.23383432080584374,0.26173737255442203,0.26733160678058476,21.23,1026.57
1791087525.9671235,69.64737049429873,0.23359090609807298,0.2639437986886915,0.2719830009439738,21.23,1026.585
1791087557.31268,69.64737049429873,0.23469011146828314,0.2678214713740862,0.2689025503355037,21.2,1026.57
1791087588.6533794,69.64737049429873,0.23232425649768773,0.2624899510738467,0.26725580204250793,21.2,1026.578
1791087620.0067308,69.64737049429873,0.232712986005436,0.2640255118581571,0.2661634360398752,21.2,1026.573
1791087651.3420947,69.64737049429873,0.23091490212923227,0.26096926283849575,0.26953852368452813,21.17,1026.584
1791087682.6795328,69.64737049429873,0.2334843361417566,0.262257393544432,0.26547398111730264,21.14,1026.577
1791087714.0261047,69.64737049429873,0.23186440487346632,0.26016889032603446,0.26519243622487715,21.14,1026.573
1791087745.3566136,69.64737049429873,0.2317587671733708,0.26234191558719594,0.265794657286958,21.14,1026.568
1791087776.7150474,69.64737049429873,0.2341063251502986,0.26213790876235776,0.26727658958810874,21.14,1026.573
1791087808.0545926,69.64737049429873,0.2348927028426461,0.2624122193124205,0.26885251982640773,21.18,1026.567
1791087839.4060988,69.64737049429873,0.23327787899482091,0.26366148134770034,0.2663241188738374,21.18,1026.567
1791087870.7414765,69.64737049429873,0.2334156427952931,0.2631016432297366,0.2659200200756292,21.18,1026.561
1791087902.1000147,69.64737049429873,0.23225168381110217,0.2637847117627501,0.26844855790333244,21.11,1026.566
1791087933.3745759,69.64737049429873,0.2316532256867652,0.26446882299491514,0.267885724779796,21.15,1026.567
1791087964.71306,69.64737049429873,0.23365165047780717,0.2635854591499306,0.2661534829508313,21.17,1026.573
1791087996.0615606,69.64737049429873,0.23267190936534032,0.2617801067734056,0.26820405832971284,21.2,1026.564
1791088027.4110503,69.64737049429873,0.23334018719336277,0.2640273420285673,0.2673981949113099,21.2,1026.568
1791088058.7564473,69.64737049429873,0.23267190936534032,0.2616610564017216,0.2668363860975195,21.23,1026.573
1791088090.0821614,69.64737049429873,0.23386416712910518,0.2633457163576377,0.26575184968070925,21.23,1026.573
1791088121.4364467,69.64737049429873,0.23362134744446236,0.26104484038109693,0.26868047288470553,21.23,1026.578
1791088152.7960126,69.64737049429873,0.2325332287035276,0.26233470042704127,0.26470993802003,21.25,1026.575
1791088184.1524534,69.64737049429873,0.231090905184566,0.26218029779608554,0.267003463622927,21.25,1026.574
1791088215.4940276,69.64737049429873,0.23172333523561733,0.26294007708547373,0.2676790993182051,21.28,1026.567
1791088246.8434699,69.64737049429873,0.23281949557900058,0.26321276452196257,0.2668890118632222,21.25,1026.551
1791088278.1760447,69.64737049429873,0.23165416580898981,0.2628873593364897,0.2704207204803526,21.23,1026.556
1791088309.5194743,69.64737049429873,0.23524180238726017,0.26256135567774774,0.26629072994800274,21.23,1026.548
1791088340.8671203,69.64737049429873,0.23229071719974712,0.2623274390137856,0.2703855355639709,21.24,1026.55
1791088372.2094023,69.64737049429873,0.23571206458958097,0.26177109661666936,0.26656801636771926,21.24,1026.544
1791088403.5378997,69.64737049429873,0.23426143455812382,0.2622150168399026,0.26696538272091197,21.24,1026.55
1791088434.8803995,69.64737049429873,0.231547863028748,0.26313851444125436,0.2683750356589632,21.24,1026.549
1791088466.2280476,69.64737049429873,0.23105468895139927,0.26282022666796834,0.26555572978286074,21.27,1026.553
1791088497.5626779,69.64737049429873,0.233309104192887,0.2665232270925943,0.27069989039747805,21.27,1026.545
1791088528.8899155,69.64737049429873,0.2326065738386788,0.2631755544845723,0.26934382096871096,21.3,1026.551
1791088560.2335382,69.64737049429873,0.2308414652126775,0.26801879784199206,0.26858369083137695,21.27,1026.559
1791088591.5750246,69.64737049429873,0.235604330304033,0.2679335240306526,0.2715663668954513,21.25,1026.56
1791088622.921384,69.64737049429873,0.230701684865913,0.26233470042704127,0.2678111744837427,21.27,1026.562
1791088654.2659771,69.64737049429873,0.23119619047727843,0.26155591460199945,0.26672179028274906,21.23,1026.572
1791088685.6136317,69.64737049429873,0.2316897953976201,0.262156943297601,0.2661684605697668,21.25,1026.58
1791088716.944941,69.64737049429873,0.23012734879666447,0.2603656216297631,0.26540010591828594,21.2,1026.588
1791088748.2715058,69.64737049429873,0.23073296131488527,0.26276665264129817,0.2646296286444237,21.2,1026.595
1791088779.6080334,69.64737049429873,0.2315479463822941,0.26345825964150127,0.26742518681850713,21.21,1026.602
1791088810.949324,69.64737049429873,0.23645089522008733,0.26301835449436856,0.26757631487296313,21.21,1026.608
1791088842.2899263,69.64737049429873,0.23190009466695718,0.26394589291504117,0.26668345213330175,21.23,1026.607
1791088873.6205566,69.64737049429873,0.23351500617764734,0.2631846288078817,0.26619722540918683,21.23,1026.607
1791088904.9659586,69.64737049429873,0.23263526439053547,0.2629037244009864,0.2671172905044147,21.21,1026.602
1791088936.308363,69.64737049429873,0.23200423964251254,0.2630649396983184,0.26627457728372905,21.23,1026.6
1791088967.6590004,69.64737049429873,0.23340876167698862,0.2616610564017216,0.2655919296321926,21.23,1026.597
1791088999.0003648,69.64737049429873,0.23390250769556198,0.26591580884741856,0.27033023364838665,21.21,1026.585
1791089030.328916,69.64737049429873,0.23379603844841634,0.2629869187681653,0.27001398250765063,21.24,1026.589
1791089061.6774702,69.64737049429873,0.23151266827900416,0.26310640928267615,0.26911963801530325,21.28,1026.579
1791089093.0198777,69.64737049429873,0.23250025894516707,0.26402366995535903,0.2672388786699276,21.27,1026.572
1791089124.3643367,69.64737049429873,0.23451495017870608,0.26312910572585535,0.2668507215246481,21.3,1026.555
1791089155.7079492,69.64737049429873,0.23044947732084622,0.2611530751225936,0.2676333417943663,21.28,1026.543
1791089187.0563667,69.64737049429873,0.23557831947412555,0.26196757730175374,0.26652939669645714,21.25,1026.532
1791089218.385874,69.64737049429873,0.23207596944086706,0.2611317272973592,0.2667669720986025,21.25,1026.52
1791089249.7283618,69.64737049429873,0.23182881255303334,0.2616182332545475,0.26438821554672715,21.24,1026.52
1791089281.0730176,69.64737049429873,0.23239087709457132,0.2602571731051248,0.26836300775300365,21.25,1026.494
1791089312.420428,69.64737049429873,0.23123201925112133,0.2625872699094637,0.26458915084235773,21.23,1026.487
1791089343.7679293,69.64737049429873,0.23046120168396594,0.2628675367382912,0.26651100551304996,21.18,1026.491
1791089375.1114552,69.64737049429873,0.23214356636073485,0.264949677557729,0.26651100551304996,21.23,1026.475
1791089406.4429536,69.64737049429873,0.2310564005359116,0.26270652465537053,0.26775361868567726,21.21,1026.467
1791089437.7664576,69.64737049429873,0.23371978654022155,0.2605817156708302,0.26651100551304996,21.2,1026.457
1791089469.1119351,69.64737049429873,0.22922717204095522,0.2667285875731104,0.26450901684481276,21.23,1026.448
1791089500.456362,69.64737049429873,0.23601079108355624,0.2627244324194196,0.26697296737671883,21.23,1026.438
1791089531.8037684,69.64737049429873,0.2315479463822941,0.2609897265223824,0.26742518681850713,21.23,1026.443
1791089563.1492503,69.64737049429873,0.23618574829370384,0.2630551026070818,0.2676236017814076,21.23,1026.439
1791089594.50085,69.64737049429873,0.23356032548951333,0.2604369011749603,0.2649118864003751,21.23,1026.437
1791089625.8383782,69.64737049429873,0.23221807063981564,0.26289830423741317,0.264669725755232,21.23,1026.439
1791089657.1847527,69.64737049429873,0.23130157174992994,0.26049410417147156,0.2682525404359465,21.24,1026.439
1791089688.5322547,69.64737049429873,0.23347721147418396,0.261261465234584,0.26470958823300655,21.21,1026.444
1791089719.8177483,69.64737049429873,0.2330218371511471,0.26229969305662126,0.26771639287588905,21.21,1026.454
1791089751.1743515,69.64737049429873,0.23569680404601723,0.26446840356132584,0.26720109902718886,21.21,1026.465
1791089782.5198667,69.64737049429873,0.23214582143523455,0.2616182332545475,0.269292807588637,21.23,1026.47
1791089813.8503203,69.64737049429873,0.2362178057459408,0.2617801067734056,0.26487005524925294,21.23,1026.482
1791089845.1947796,69.64737049429873,0.23274106049182774,0.262945359401881,0.2661534829508313,21.21,1026.497
1791089876.538343,69.64737049429873,0.23052858468236678,0.2631431738099201,0.2698035795219829,21.2,1026.509
1791089907.8828347,69.64737049429873,0.23822839917843283,0.2630233946083926,0.2684852185808124,21.15,1026.51
1791089939.229275,69.64737049429873,0.23137150572376128,0.26321276452196257,0.2668363860975195,21.17,1026.524
1791089970.5709012,69.64737049429873,0.2319028530799355,0.26093415589838453,0.2675858805399621,21.23,1026.535
1791090001.9234006,69.64737049429873,0.234701737231432,0.2633752432019882,0.2649138957787344,21.23,1026.547
1791090033.2487442,69.64737049429873,0.23331564214781253,0.26265231444283554,0.27190571827032073,21.24,1026.541
1791090064.5944476,69.64737049429873,0.230701684865913,0.2614562123033225,0.2671714583579147,21.23,1026.544
1791090095.921665,69.64737049429873,0.23077562387659223,0.26222260972036027,0.26748238737523505,21.24,1026.553
1791090127.2662566,69.64737049429873,0.23059971760803646,0.26222260972036027,0.2643082464354625,21.23,1026.559
1791090158.6117704,69.64737049429873,0.23330261381046644,0.26675318894423133,0.2661921459193767,21.25,1026.548
1791090189.9532576,69.64737049429873,0.23070766031445697,0.26099229628340975,0.2674732245728825,21.25,1026.558
1791090221.296623,69.64737049429873,0.23095344919069855,0.2628315129762666,0.26462916128747754,21.24,1026.57
1791090252.6362822,69.64737049429873,0.23084889342335785,0.2614333522839171,0.26534820222249567,21.25,1026.572
1791090283.9776218,69.64737049429873,0.23340193046928315,0.2602709547263555,0.26478893794555586,21.25,1026.569
1791090315.3201504,69.64737049429873,0.2326312420215179,0.26147612959526884,0.2651886789804111,21.24,1026.572
1791090346.653035,69.64737049429873,0.232351609883048,0.26099229628340975,0.26594619465918945,21.28,1026.567
1791090377.9901679,69.64737049429873,0.2330164116367344,0.2661099389698005,0.26618709863790535,21.24,1026.579
1791090409.335616,69.64737049429873,0.23130075353197377,0.26345825964150127,0.27139874215201,21.24,1026.592
1791090440.68715,69.64737049429873,0.2314418243196634,0.263738201989368,0.2669347013583618,21.25,1026.579
1791090472.0346594,69.64737049429873,0.23105296482149948,0.2607190894803118,0.2651562730774984,21.24,1026.568
1791090503.370223,69.64737049429873,0.23218189657214314,0.2628620135588205,0.267651464643041,21.25,1026.57
1791090534.7117171,69.64737049429873,0.2328469528631982,0.2632673128809601,0.2672388786699276,21.27,1026.557
1791090566.0622833,69.64737049429873,0.23144273078387162,0.2630698114198005,0.26579085989611356,21.24,1026.552
1791090597.4107115,69.64737049429873,0.23224642114934735,0.26203488772825895,0.26574819667334454,21.27,1026.547
1791090628.7531672,69.64737049429873,0.23067381705222864,0.2622722486993268,0.26550758102789784,21.27,1026.532
1791090660.1048782,69.64737049429873,0.23266774856527314,0.263708337224774,0.26534820222249567,21.28,1026.531
1791090691.4352794,69.64737049429873,0.2324239604735297,0.2632673128809601,0.2662307386842223,21.3,1026.529
1791090722.7926724,69.64737049429873,0.23158277813514525,0.2609056689364981,0.2719261282941315,21.27,1026.522
1791090754.126203,69.64737049429873,0.23063685142311804,0.26454913771125677,0.2659504718553948,21.24,1026.515
1791090785.4826975,69.64737049429873,0.2314070491338259,0.26470993802003,0.27180257616792314,21.25,1026.513
1791090816.8262124,69.64737049429873,0.23591176741263273,0.26418673022114797,0.27078875758262017,21.23,1026.508
1791090848.1746652,69.64737049429873,0.23697252896030455,0.2626165023322272,0.267003463622927,21.24,1026.509
1791090879.5180736,69.64737049429873,0.2319358823344642,0.2611317272973592,0.26668345213330175,21.24,1026.509
1791090910.8615718,69.64737049429873,0.2328469528631982,0.2604195181509355,0.2656343922856504,21.24,1026.503
1791090942.1930943,69.64737049429873,0.23147765190960082,0.2697163774752411,0.26875314014367074,21.25,1026.516
1791090973.5356245,69.64737049429873,0.23287898605373877,0.26682928665092626,0.2728007127159841,21.24,1026.515
1791091004.8831446,69.64737049429873,0.23315925288256636,0.2624681233850141,0.26987420745898105,21.27,1026.515
1791091036.2226071,69.64737049429873,0.23182771074349479,0.2621113316692768,0.2689113355734824,21.25,1026.513
1791091067.5693653,69.64737049429873,0.23154769813623532,0.261670383073078,0.2678648914687247,21.25,1026.505
1791091098.9145539,69.64737049429873,0.23116284511452712,0.26183157282281,0.26570923622188847,21.27,1026.505
1791091130.2641385,69.64737049429873,0.23095344919069855,0.26215351448552304,0.2663077143662781,21.25,1026.507
1791091161.6067555,69.64737049429873,0.23661139267721062,0.26315240399423906,0.27053868084146016,21.24,1026.509
1791091192.943052,69.64737049429873,0.23968456240865604,0.2660665921182937,0.2699796697510643,21.21,1026.484
1791091224.2915773,69.64737049429873,0.23249317972561775,0.266472667431804,0.2674357438480062,21.24,1026.477
1791091255.6432939,69.64737049429873,0.23323397390687836,0.2636233835407921,0.2671550948201234,21.24,1026.482
1791091286.9875107,69.64737049429873,0.2328517816200726,0.2616516701595469,0.2675668103032828,21.21,1026.483
1791091318.3310394,69.64737049429873,0.2316179538545503,0.26218798372464586,0.2680449640713274,21.23,1026.478
1791091349.6746473,69.64737049429873,0.23182771074349479,0.2608740880069773,0.2656702050265672,21.27,1026.481
1791091381.0121672,69.64737049429873,0.23123308132916842,0.26299203112111674,0.26562783436096554,21.24,1026.478
1791091412.3494897,69.64737049429873,0.23123308132916842,0.2681077534680016,0.2683876391373461,21.24,1026.473
1791091443.6959732,69.64737049429873,0.23340193046928315,0.26295060820867705,0.2711864958307911,21.21,1026.473
1791091475.0254893,69.64737049429873,0.23095344919069855,0.2614333522839171,0.26854578513801214,21.23,1026.471
1791091506.3282359,69.64737049429873,0.23064006563467201,0.2724047611830314,0.2665431056873539,21.21,1026.477
1791091537.6556516,69.64737049429873,0.23294261816538875,0.26235620890472716,0.2725606630726028,21.23,1026.476
1791091568.9780226,69.64737049429873,0.2298736146866609,0.2608426497901874,0.26542659987865347,21.24,1026.48
1791091600.329434,69.64737049429873,0.23081491980893898,0.2609605766438516,0.27004966022637095,21.2,1026.478
1791091631.657086,69.64737049429873,0.23015261500290887,0.2616371155795196,0.26542659987865347,21.17,1026.497
1791091663.0045948,69.64737049429873,0.23332705787851504,0.2607559867595335,0.2669806567476431,21.18,1026.493
1791091694.3409085,69.64737049429873,0.23189737625086737,0.2636704093916763,0.27150010926883333,21.2,1026.502
1791091725.6895483,69.64737049429873,0.23064006563467201,0.26319358826125255,0.27181315505558523,21.18,1026.5
1791091757.0351698,69.64737049429873,0.23091931833687782,0.2634317830607341,0.26638441151701875,21.17,1026.491
1791091788.3813791,69.64737049429873,0.23203632914570116,0.2609605766438516,0.27348942945455545,21.18,1026.487
1791091819.7258997,69.64737049429873,0.23751395466114178,0.2651474734264783,0.26750142232584206,21.2,1026.483
1791091851.0744762,69.64737049429873,0.23203632914570116,0.2612397030960267,0.266822232139529,21.2,1026.481
1791091882.3999314,69.64737049429873,0.23884642520917093,0.26765961149605444,0.27045087601780554,21.18,1026.469
1791091913.7394102,69.64737049429873,0.23015261500290887,0.2677806750280479,0.2665431056873539,21.21,1026.463
1791091945.0869212,69.64737049429873,0.23098961595165285,0.26263533535690226,0.2709750178561001,21.21,1026.453
1791091976.4363377,69.64737049429873,0.23482885616775953,0.2610786101751079,0.26765961149605444,21.17,1026.439
1791092007.7639446,69.64737049429873,0.23091931833687782,0.26187400894032514,0.2649881480059896,21.17,1026.423
1791092039.111522,69.64737049429873,0.22909978778619983,0.2610674250831731,0.2639500415301462,21.18,1026.415
1791092070.4369764,69.64737049429873,0.23074159579676076,0.2632260084297638,0.2635066574576466,21.18,1026.417
1791092101.779362,69.64737049429873,0.23256227346124964,0.2610354923047314,0.26771639287588905,21.17,1026.411
1791092133.124943,69.64737049429873,0.232315581847907,0.26167965073893135,0.26383054775671044,21.18,1026.409
1791092164.475443,69.64737049429873,0.23074443228081487,0.26040232373950134,0.2661051588148129,21.18,1026.411
1791092195.8198154,69.64737049429873,0.23566661427437702,0.262077082452552,0.26554665341040123,21.23,1026.413
1791092227.1484582,69.64737049429873,0.23266361784914075,0.25900669147862576,0.2682178644004046,21.17,1026.43
1791092258.492886,69.64737049429873,0.23154761658414882,0.2602846491576914,0.2630746523201713,21.18,1026.443
1791092289.8253422,69.64737049429873,0.23025666690458874,0.26542659987865347,0.26542659987865347,21.18,1026.451
1791092321.1478748,69.64737049429873,0.23046505321431981,0.2610786101751079,0.2661051588148129,21.23,1026.472
1791092352.4933043,69.64737049429873,0.23259483455011284,0.26040232373950134,0.26622557372568445,21.23,1026.479
1791092383.8408842,69.64737049429873,0.23036081293246616,0.25968234666407874,0.2648683469743032,21.21,1026.491
1791092415.1872842,69.64737049429873,0.23053579335676386,0.26347271471342765,0.26765961149605444,21.21,1026.499
1791092446.5198214,69.64737049429873,0.23165229916546434,0.26502765453390714,0.2658646554826511,21.18,1026.51
1791092477.8623605,69.64737049429873,0.2364627658680845,0.2618403266466385,0.26713893823776513,21.18,1026.526
1791092509.2098267,69.64737049429873,0.23078103822643917,0.2624748736861371,0.26450959294288023,21.2,1026.527
1791092540.5526037,69.64737049429873,0.23098961595165285,0.2597266485251954,0.26893365896137894,21.2,1026.533
1791092571.8938837,69.64737049429873,0.2321056172166448,0.2660665921182937,0.2674641198442832,21.17,1026.546
1791092603.238414,69.64737049429873,0.23217713509733412,0.2678648914687247,0.26574819667334454,21.17,1026.542
1791092634.5729096,69.64737049429873,0.23441520586906814,0.2620690723275156,0.2682660262915454,21.15,1026.544
1791092665.916325,69.64737049429873,0.2301476350999381,0.2629091101492939,0.26442910100759137,21.17,1026.555
1791092697.237734,69.64737049429873,0.2301808075711711,0.26202673625180845,0.265429223614629,21.18,1026.552
1791092728.5754237,69.64737049429873,0.2316179538545503,0.26009468033203426,0.2662307386842223,21.2,1026.553
1791092759.9216855,69.64737049429873,0.2305659138411066,0.25938658712096396,0.26571276846993863,21.21,1026.554
1791092791.2612634,69.64737049429873,0.23319656244630113,0.26030119415840286,0.2652300716705239,21.21,1026.54
1791092822.608763,69.64737049429873,0.23393217199023447,0.26202673625180845,0.26675318894423133,21.21,1026.54
1791092853.9521782,69.64737049429873,0.22931561405416492,0.26128257805809885,0.2693850616774124,21.23,1026.532
1791092885.2986987,69.64737049429873,0.23255852574830696,0.2617221090820173,0.26450959294288023,21.18,1026.529
1791092916.6284292,69.64737049429873,0.22976978280560872,0.26187400894032514,0.2649079438836065,21.17,1026.516
1791092947.9726322,69.64737049429873,0.2299390643256001,0.26146620259415326,0.26790184812465473,21.13,1026.509
1791092979.3132215,69.64737049429873,0.23074159579676076,0.26691243634729284,0.27476347150554786,21.13,1026.506
1791093010.6627762,69.64737049429873,0.23189873051386967,0.26189926552531656,0.2719261282941315,21.11,1026.511
1791093042.0113778,69.64737049429873,0.2349872737663826,0.25974015113354826,0.27033023364838665,21.1,1026.522
1791093073.3486474,69.64737049429873,0.23000487081625196,0.26362649301695706,0.26655548169062426,21.07,1026.524
1791093104.6861746,69.64737049429873,0.229685103929068,0.26108832347919103,0.26587270629151194,21.05,1026.519
1791093136.0447602,69.64737049429873,0.23024742443126722,0.2605379497644441,0.27332937343354563,21.13,1026.531
1791093167.3931534,69.64737049429873,0.2324239604735297,0.2610561687130096,0.26627457728372905,21.08,1026.532
1791093198.7326086,69.64737049429873,0.2308097449334664,0.26070016717881833,0.2666768141283896,21.07,1026.538
1791093230.0622265,69.64737049429873,0.23095137022323853,0.261110611734389,0.2643486045412951,21.07,1026.536
1791093261.408625,69.64737049429873,0.23598682768315665,0.2639500415301462,0.2701019485764839,21.1,1026.552
1791093292.7551389,69.64737049429873,0.22979605093663524,0.26655548169062426,0.2730162830492142,21.07,1026.565
1791093324.0407102,69.64737049429873,0.22978974873704755,0.2577082433970562,0.26515095965614816,21.05,1026.559
1791093355.3622115,69.64737049429873,0.22939618758630115,0.2603485029152833,0.265959108317371,21.05,1026.564
1791093386.6896372,69.64737049429873,0.22981634596696113,0.2599021007319906,0.2641446207188275,21.08,1026.571
1791093418.0352418,69.64737049429873,0.22914601061297202,0.2599171180306559,0.26329611672146014,21.08,1026.579
1791093449.3675888,69.64737049429873,0.2294686145687497,0.26036208709073955,0.26414607684480956,21.1,1026.573
1791093480.710225,69.64737049429873,0.23007103708509374,0.260882039340361,0.2704720585191577,21.1,1026.584
1791093512.056687,69.64737049429873,0.22996056419700406,0.2605119207075236,0.2637026332164777,21.05,1026.58
1791093543.3871977,69.64737049429873,0.2294285863795896,0.2630551026070818,0.27040207253913895,21.07,1026.585
1791093574.729712,69.64737049429873,0.23010425605962176,0.25932502528189594,0.2659200200756292,21.07,1026.585
1791093606.0672762,69.64737049429873,0.22909096392067607,0.2607437658658067,0.26727658958810874,21.08,1026.588
1791093637.4156437,69.64737049429873,0.2342126935026618,0.26173737255442203,0.27015447428780864,21.07,1026.589
1791093668.7481987,69.64737049429873,0.23552282017645296,0.2620528985218553,0.27017218008741,21.1,1026.592
1791093700.0766943,69.64737049429873,0.23588651860938445,0.2589805100118337,0.2686569662465734,21.08,1026.591
1791093731.4262524,69.64737049429873,0.23525500445766806,0.26079449647414116,0.26378210042160527,21.11,1026.604
1791093762.7715824,69.64737049429873,0.2301324761832514,0.2607822646830248,0.2648717854261458,21.11,1026.607
1791093794.1192114,69.64737049429873,0.23073296131488527,0.2596483287068686,0.26543988729512447,21.13,1026.616
1791093825.444765,69.64737049429873,0.2315834132970024,0.2611856740307332,0.2661684605697668,21.08,1026.604
1791093856.7881207,69.64737049429873,0.23360610322425843,0.2600064804612634,0.2661293671503313,21.05,1026.614
1791093888.129608,69.64737049429873,0.23041148510725312,0.25934796361713014,0.2735067257339733,21.04,1026.613
1791093919.4769862,69.64737049429873,0.2311210820716114,0.2661343025745588,0.26974643706201645,21.04,1026.624
1791093950.8275156,69.64737049429873,0.23055176141302688,0.26081407034023874,0.26796581361200084,21.08,1026.613
1791093982.1570954,69.64737049429873,0.23044947732084622,0.26139267586492576,0.2676236017814076,21.07,1026.613
1791094013.5365307,69.64737049429873,0.22928319406382575,0.2596351874430457,0.2635375728806592,21.07,1026.613
1791094044.8830943,69.64737049429873,0.23087826750680093,0.25973825365578745,0.2618906321439276,21.07,1026.621
1791094076.2385325,69.64737049429873,0.23062706717387166,0.2589624561722116,0.2645486466429285,21.08,1026.629
1791094107.5771425,69.64737049429873,0.22934797786345115,0.26560472134539553,0.26657434416562886,21.08,1026.631
1791094138.9264884,69.64737049429873,0.2326516507338199,0.2603210716329779,0.2661735175025106,21.07,1026.641
1791094170.2749588,69.64737049429873,0.229307394991944,0.2638181569408402,0.26816430405241326,21.08,1026.651
1791094201.601558,69.64737049429873,0.22888546725216188,0.26105435208847527,0.2683622466564406,21.1,1026.667
1791094232.9448943,69.64737049429873,0.23137037393007107,0.26093415589838453,0.2678799059738557,21.08,1026.663
1791094264.280541,69.64737049429873,0.23275447815209693,0.2664131117112406,0.26576669718166657,21.08,1026.665
1791094295.6320446,69.64737049429873,0.22909623685558542,0.2617869573013167,0.2692142634781157,21.05,1026.664
1791094326.977478,69.64737049429873,0.229770563447148,0.2631663630679351,0.2646296286444237,21.04,1026.672
1791094358.3080351,69.64737049429873,0.23151248418936246,0.2598717753301292,0.2690174982880858,21.04,1026.668
1791094389.656551,69.64737049429873,0.22873833670495256,0.2615797373058827,0.2660116545028924,21.07,1026.671
1791094420.9988904,69.64737049429873,0.23488972886118337,0.26162314824559024,0.26503592518828056,21.1,1026.675
1791094452.3464513,69.64737049429873,0.23154803034960775,0.25951282022683103,0.2664967965520117,21.07,1026.67
1791094483.680992,69.64737049429873,0.23208206746159118,0.26202824649395223,0.2646296286444237,21.07,1026.672
1791094515.0364535,69.64737049429873,0.23289894231128072,0.263409147434171,0.2662961836463881,21.1,1026.672
1791094546.379055,69.64737049429873,0.2310494783697405,0.2632457846163853,0.27508560451485986,21.11,1026.66
1791094577.710524,69.64737049429873,0.2356082473958141,0.2622271071084002,0.27150855347614367,21.08,1026.664
1791094609.0558724,69.64737049429873,0.23696665434130665,0.27102901446180944,0.2683371456265429,21.05,1026.659
1791094640.3874416,69.64737049429873,0.2347534782034253,0.25954178478270046,0.27090382218624404,21.07,1026.653
1791094671.7148943,69.64737049429873,0.23151248418936246,0.26084602270914176,0.266541855431429,21.07,1026.649
1791094703.058518,69.64737049429873,0.23151248418936246,0.26186439763517494,0.2695140920272365,21.05,1026.635
1791094734.3979006,69.64737049429873,0.23073004070942263,0.2632876992816362,0.2728403539467898,21.05,1026.632
1791094765.7304509,69.64737049429873,0.23983497330128578,0.26084602270914176,0.26625706379531466,21.03,1026.634
1791094797.0770211,69.64737049429873,0.23289894231128072,0.27150855347614367,0.2703688612196253,20.98,1026.63
1791094828.4203796,69.64737049429873,0.22987645327893547,0.26361393479549294,0.27448445548915107,20.98,1026.624
1791094859.7509594,69.64737049429873,0.23016098242243116,0.26084602270914176,0.27104297752143014,21.0,1026.626
1791094891.076391,69.64737049429873,0.2302671010837346,0.2582828979841125,0.26841158520889685,21.03,1026.632
1791094922.4237947,69.64737049429873,0.23229637269028772,0.2674722999875308,0.2678799059738557,21.03,1026.643
1791094953.762468,69.64737049429873,0.22987645327893547,0.26332953671693543,0.27344190980805566,21.05,1026.642
1791094985.1098883,69.64737049429873,0.22987645327893547,0.25894428595820956,0.26759550789529823,21.04,1026.642
1791095016.4584534,69.64737049429873,0.23030549528828703,0.26081407034023874,0.26722622422754055,21.08,1026.647
1791095047.806959,69.64737049429873,0.23080183966144965,0.26325014572639016,0.26536025130965707,21.11,1026.655
1791095079.1523323,69.64737049429873,0.23076735298372023,0.26207122443562736,0.26848575072613223,21.08,1026.658
1791095110.4438515,69.64737049429873,0.23062375768282056,0.26576669718166657,0.27019056858966417,21.1,1026.662
1791095141.7763357,69.64737049429873,0.23222317533300318,0.2603656216297631,0.26905402334730955,21.1,1026.666
1791095173.121898,69.64737049429873,0.23161897805588166,0.25976760294260276,0.26548243004735583,21.1,1026.673
1791095204.4663994,69.64737049429873,0.22892694383397127,0.25976760294260276,0.26418407261149346,21.13,1026.675
1791095235.8098543,69.64737049429873,0.23151253071939581,0.26390058861745436,0.26746307287171356,21.1,1026.677
1791095267.1575906,69.64737049429873,0.22981006335394,0.2642237060673025,0.2685596436890114,21.11,1026.685
1791095298.5008395,69.64737049429873,0.23144151771718716,0.261830117690265,0.2680782410492156,21.07,1026.691
1791095329.8331993,69.64737049429873,0.23339148070337665,0.265845622589422,0.26527813346760337,21.1,1026.7
1791095361.1748524,69.64737049429873,0.22903205735065096,0.2635375728806592,0.2692505573203337,21.08,1026.71
1791095392.5202007,69.64737049429873,0.2357531542624682,0.26996047825086616,0.2719394143493685,21.1,1026.719
1791095423.8687894,69.64737049429873,0.23306463555586998,0.2674916088087465,0.26911236278007944,21.08,1026.725
1791095455.2132428,69.64737049429873,0.23006571776975887,0.26196757730175374,0.27144224508366677,21.08,1026.742
1791095486.5588946,69.64737049429873,0.23207596944086706,0.26181389751577205,0.2669272321980436,21.1,1026.747
1791095517.897183,69.64737049429873,0.233309104192887,0.2626165023322272,0.2722310585355129,21.08,1026.75
1791095549.2488399,69.64737049429873,0.22999932467169873,0.2637026332164777,0.26740713472038863,21.11,1026.748
1791095580.5884497,69.64737049429873,0.23458279522561654,0.2667669720986025,0.26733160678058476,21.11,1026.756
1791095611.9337754,69.64737049429873,0.23073586054258888,0.26253221198373594,0.2666065653685298,21.08,1026.76
1791095643.2561803,69.64737049429873,0.23197176827914784,0.2609459334020954,0.263620254140317,21.1,1026.768
1791095674.601941,69.64737049429873,0.2322570238328723,0.2667354285578449,0.26903972130788073,21.11,1026.762
1791095705.9561472,69.64737049429873,0.23420318095664144,0.26151264118206213,0.26786936453400106,21.11,1026.762
1791095737.3007846,69.64737049429873,0.23091042106385506,0.2679815421523638,0.2718381404505479,21.1,1026.764
1791095768.627385,69.64737049429873,0.23048729548992125,0.25893497713063873,0.267133426681577,21.1,1026.769
1791095799.9587398,69.64737049429873,0.23303280748202337,0.263013282055671,0.2667285875731104,21.08,1026.766
1791095831.3012025,69.64737049429873,0.22932362806912665,0.2602736732558071,0.2648717854261458,21.05,1026.772
1791095862.6427605,69.64737049429873,0.23003247574397018,0.26180497495875815,0.2664846547576114,21.08,1026.77
1791095893.9761667,69.64737049429873,0.230170967553204,0.26398469260408935,0.26378210042160527,21.08,1026.77
1791095925.3166213,69.64737049429873,0.22911399928094972,0.26124008196937326,0.27526706810855595,21.07,1026.773
1791095956.6582656,69.64737049429873,0.23454336514573407,0.26096926283849575,0.2645084333706737,21.08,1026.791
1791095987.9986804,69.64737049429873,0.23580423673822112,0.26539245581871684,0.2655526850453136,21.08,1026.793
1791096019.3401246,69.64737049429873,0.2299662641801676,0.26070016717881833,0.27285952408530767,21.08,1026.799
1791096050.6797292,69.64737049429873,0.22944382779139733,0.26338693079510345,0.2655104657833187,21.08,1026.818
1791096082.0312681,69.64737049429873,0.2305659138411066,0.26181389751577205,0.2655104657833187,21.1,1026.823
1791096113.3587065,69.64737049429873,0.23313371220768284,0.2623698679481431,0.26978468859701443,21.08,1026.824
1791096144.7080102,69.64737049429873,0.23288889117966993,0.26499312471619496,0.2698369210059038,21.07,1026.842
1791096176.0487165,69.64737049429873,0.2311949871337233,0.26213003100706905,0.2706498180319775,21.07,1026.849
1791096207.3971558,69.64737049429873,0.2359530180837853,0.26294007708547373,0.26555572978286074,21.07,1026.849
1791096238.7216012,69.64737049429873,0.2311615264218269,0.2606564891458247,0.26567361606981643,21.08,1026.853
1791096270.067291,69.64737049429873,0.23049484721727287,0.2598582200951699,0.26571276846993863,21.05,1026.86
1791096301.4075317,69.64737049429873,0.23046120168396594,0.2639479738199581,0.26771639287588905,21.07,1026.861
1791096332.7532372,69.64737049429873,0.23402940271386738,0.26271252557591884,0.26875314014367074,21.05,1026.87
1791096364.0907445,69.64737049429873,0.23130319041380493,0.26674636291484516,0.26790184812465473,21.1,1026.878
1791096395.438192,69.64737049429873,0.23542756340621684,0.2622722486993268,0.2679862674450786,21.07,1026.882
1791096426.7786767,69.64737049429873,0.23084889342335785,0.2622722486993268,0.2695426842995441,21.05,1026.881
1791096458.1082149,69.64737049429873,0.23381760201226026,0.2621113316692768,0.2678648914687247,21.05,1026.876
1791096489.451659,69.64737049429873,0.23032318810649363,0.2611537201454472,0.263909468427834,21.05,1026.886
1791096520.7950995,69.64737049429873,0.23749255318020243,0.26327153666631464,0.2649485699375021,21.05,1026.894
1791096552.1255724,69.64737049429873,0.23046505321431981,0.2628371026263625,0.2685821420250748,21.05,1026.897
1791096583.4722002,69.64737049429873,0.23319656244630113,0.261012755370173,0.26375184116560274,21.05,1026.896
1791096614.8166628,69.64737049429873,0.23662493200575796,0.2588349367577678,0.2653529757238822,21.08,1026.902
1791096646.1651495,69.64737049429873,0.23045732206462533,0.2627423623376236,0.2669578463991586,21.07,1026.904
1791096677.4915876,69.64737049429873,0.23764352214380788,0.2630698114198005,0.2744208050836903,21.1,1026.908
1791096708.8311913,69.64737049429873,0.231861948546795,0.26263533535690226,0.2643494024410108,21.08,1026.907
1791096740.1686766,69.64737049429873,0.23126861626790082,0.2616039982166652,0.2673344290264223,21.1,1026.907
1791096771.5060902,69.64737049429873,0.23412601885947468,0.2618067961500699,0.26550471449827173,21.08,1026.905
1791096802.8565352,69.64737049429873,0.23081747927314125,0.2606938125971844,0.2702759789749251,21.11,1026.914
1791096834.200047,69.64737049429873,0.23074724830240315,0.2668082562265803,0.266777435205448,21.11,1026.917
1791096865.5454714,69.64737049429873,0.23508236570573077,0.2603853148874419,0.2705698931378891,21.1,1026.915
1791096896.8871207,69.64737049429873,0.23113125206184731,0.2663351016186459,0.2767649130514273,21.1,1026.918
1791096928.1874988,69.64737049429873,0.23050597097401967,0.26256478685444357,0.26855706320901024,21.1,1026.918
1791096959.5260804,69.64737049429873,0.23460548411829363,0.2606505031747309,0.26522412082346364,21.1,1026.92
1791096990.873548,69.64737049429873,0.23053220210304043,0.2610674250831731,0.2647486542176592,21.08,1026.911
1791097022.2190654,69.64737049429873,0.2324239604735297,0.2633085423661186,0.2704347411166363,21.07,1026.921
1791097053.5776887,69.64737049429873,0.2348804566135981,0.2614232802081122,0.26807091659237786,21.08,1026.909
1791097084.933947,69.64737049429873,0.23154769813623532,0.2687037878841344,0.26898342002260434,21.07,1026.912
1791097116.276622,69.64737049429873,0.23029433993163242,0.26506708971505283,0.27293067132156534,21.03,1026.917
1791097147.615029,69.64737049429873,0.23502878740991384,0.26216892363671257,0.2707985437375949,21.03,1026.926
1791097178.9625628,69.64737049429873,0.23206804348529766,0.26542140191333313,0.26585670590080557,21.05,1026.932
1791097210.304921,69.64737049429873,0.23638618841954379,0.26727174686683564,0.2719561246782078,21.03,1026.927
1791097241.6526167,69.64737049429873,0.2320308396234436,0.2679438445500481,0.2716898321530747,21.04,1026.935
1791097273.002128,69.64737049429873,0.23209938920221435,0.26012179078617853,0.2764788803084624,21.04,1026.931
1791097304.3425357,69.64737049429873,0.23431743057804053,0.2614631889278655,0.2643915421715012,21.04,1026.933
1791097335.6749396,69.64737049429873,0.22960847249694843,0.26241191299940053,0.26518313165231444,21.05,1026.929
1791097367.0123966,69.64737049429873,0.23102919738586775,0.2600052436508009,0.26605278205901123,21.05,1026.927
1791097398.3598962,69.64737049429873,0.23030315930536302,0.261111744488119,0.26486582472684456,21.07,1026.921
1791097429.7104356,69.64737049429873,0.23130557493419632,0.26103749744877797,0.26466841548608616,21.04,1026.914
1791097461.0670648,69.64737049429873,0.23043946509949412,0.2594800408153396,0.26601006736169247,21.07,1026.911
1791097492.411425,69.64737049429873,0.22956946071452022,0.2642320080673135,0.2672429374411242,21.04,1026.908
1791097523.7458572,69.64737049429873,0.22922036259704606,0.2674001065746456,0.2674001065746456,21.01,1026.914
1791097555.0843937,69.64737049429873,0.23199736436505564,0.2598450415798277,0.2668458628440628,21.01,1026.908
1791097586.4288495,69.64737049429873,0.23793863609408195,0.26198348279866746,0.2651423260502165,21.04,1026.914
1791097617.7723796,69.64737049429873,0.23534588623205324,0.26092074926786696,0.26612914602359594,21.04,1026.92
1791097649.119864,69.64737049429873,0.22923684072441033,0.2604547989842771,0.265338834554106,21.04,1026.936
1791097680.4653199,69.64737049429873,0.2306162584960392,0.2638401812299411,0.2652590561061798,21.07,1026.934
1791097711.795933,69.64737049429873,0.23161629564774064,0.26128171064113437,0.26868818899299524,21.05,1026.941
1791097743.1393516,69.64737049429873,0.23323409769073442,0.2615573478600868,0.26679445502018256,21.07,1026.946
1791097774.4728594,69.64737049429873,0.23051325432123443,0.26498329577455315,0.26746513875919214,21.07,1026.969
1791097805.8124075,69.64737049429873,0.2337179887458934,0.2678970038959922,0.2658105767694328,21.11,1026.978
1791097837.1589653,69.64737049429873,0.2334053785874945,0.25978754289329953,0.2706533760855163,21.08,1026.981
1791097868.5014038,69.64737049429873,0.23199567626766804,0.26163212613236014,0.26596754336332534,21.1,1026.978
1791097899.8558939,69.64737049429873,0.23075281983753917,0.26055849406945997,0.27030918050112496,21.08,1026.985
1791097931.2082882,69.64737049429873,0.23168566592222228,0.266876256989115,0.2705853108315149,21.08,1027.011
1791097962.5579221,69.64737049429873,0.23006449138738763,0.2610060734221819,0.2682200984340989,21.07,1027.015
1791097993.8844578,69.64737049429873,0.23206416543217892,0.26254268505486006,0.26683183910776853,21.07,1027.024
1791098025.2247128,69.64737049429873,0.2346770902830789,0.26329226030180297,0.2708081115395416,21.07,1027.027
1791098056.576535,69.64737049429873,0.23628720556727803,0.2658830623779188,0.26847209750645284,21.03,1027.04
1791098087.9218457,69.64737049429873,0.2356977301332825,0.2623157049308254,0.27301777727210563,20.98,1027.05
1791098119.2642388,69.64737049429873,0.2377873391611745,0.2629814148705263,0.27277529978349546,20.95,1027.061
1791098150.6099894,69.64737049429873,0.2318559605748742,0.2672919318741937,0.2716457167155312,20.95,1027.075
1791098181.9523501,69.64737049429873,0.23000503009094214,0.26874663163824924,0.2676849708797087,20.95,1027.088
1791098213.2988298,69.64737049429873,0.23147866457836455,0.26435408552950795,0.2729860299732797,20.97,1027.102
1791098244.6374152,69.64737049429873,0.23597214224459734,0.26105967594795204,0.2724689530494758,21.0,1027.114
1791098275.9838066,69.64737049429873,0.23024207859817006,0.2600196098052753,0.2667062987118634,20.94,1027.116
1791098307.334239,69.64737049429873,0.2332402177724963,0.2670778353138194,0.26817264111494465,21.0,1027.119
1791098338.6856818,69.64737049429873,0.23137480391614337,0.2632111711738012,0.26830399993068715,20.95,1027.135
1791098370.0243714,69.64737049429873,0.23137533989630307,0.2645110018213444,0.2724611968364779,20.94,1027.15
1791098401.3536794,69.64737049429873,0.23477014696939583,0.26435408552950795,0.27195279459710014,20.89,1027.146
1791098432.6891828,69.64737049429873,0.23147866457836455,0.26847209750645284,0.27231557535160145,20.87,1027.141
1791098464.038731,69.64737049429873,0.23103272424092958,0.2616087442115447,0.2768595468305139,20.87,1027.166
1791098495.3882902,69.64737049429873,0.23093008417985933,0.2602791354998883,0.2654522220566932,20.9,1027.172
1791098526.7319071,69.64737049429873,0.233947276371638,0.26208273236035706,0.2643934884886774,20.9,1027.163
1791098558.06424,69.64737049429873,0.23175295477761715,0.25973055510138304,0.2708561210152398,20.91,1027.176
1791098589.4107888,69.64737049429873,0.23384338762745333,0.25993269746134745,0.26713639048120347,20.94,1027.176
1791098620.7671945,69.64737049429873,0.23154721751139995,0.2608702143908698,0.26830533556710195,20.93,1027.168
1791098652.1116743,69.64737049429873,0.23103272424092958,0.26490315379310064,0.2661196234522383,20.95,1027.162
1791098683.457198,69.64737049429873,0.23704776220446605,0.2600630571094556,0.2668248927156749,20.95,1027.178
1791098714.7445967,69.64737049429873,0.23388920657463064,0.26549342722632024,0.27111716851390205,20.94,1027.166
1791098746.0953085,69.64737049429873,0.2303445951252078,0.2612180564855659,0.2665940106885788,20.95,1027.16
1791098777.4477425,69.64737049429873,0.23158154846355933,0.25984599592899155,0.2636877654873998,20.95,1027.159
1791098808.7992136,69.64737049429873,0.23264340431063246,0.2614183077904861,0.26631351988344565,20.98,1027.157
1791098840.132805,69.64737049429873,0.2301072135821015,0.25961521680117133,0.26674359508326356,20.97,1027.152
1791098871.4801056,69.64737049429873,0.232575825375375,0.2642760795240778,0.26674359508326356,20.98,1027.15
1791098902.8216627,69.64737049429873,0.2309991241117837,0.26263106915128726,0.26564692150140323,21.01,1027.149
1791098934.1671188,69.64737049429873,0.23401363780967313,0.26811443706058896,0.27070216307148737,21.07,1027.149
1791098965.5096567,69.64737049429873,0.23696446856341669,0.2615343955694269,0.2735978049698907,21.04,1027.138
1791098996.846087,69.64737049429873,0.2345617312092894,0.26306258798933485,0.265529008287608,21.03,1027.129
1791099028.1896243,69.64737049429873,0.23346554441005687,0.2634535743376825,0.26815045082548195,21.01,1027.133
1791099059.5311458,69.64737049429873,0.2308275352773374,0.2607118903830317,0.2701878021843462,21.04,1027.128
1791099090.8766391,69.64737049429873,0.23165004046373264,0.26415877478856736,0.2699137554845381,21.03,1027.125
1791099122.2201295,69.64737049429873,0.23247254565012793,0.25769603803291574,0.27414614176082086,21.01,1027.125
1791099153.5667448,69.64737049429873,0.2358272875932197,0.26541119970410376,0.26466777868793,20.98,1027.137
1791099184.907042,69.64737049429873,0.23134184520518786,0.26185017324631216,0.27006792661044665,21.0,1027.13
1791099216.259631,69.64737049429873,0.2325401862475659,0.2631030665532029,0.27308110284396264,20.95,1027.142
1791099247.599111,69.64737049429873,0.2365441142190869,0.2622816556562715,0.26595904992837943,20.97,1027.141
1791099278.9326074,69.64737049429873,0.23178666012911142,0.26794884711560735,0.2706495410750536,20.98,1027.16
1791099310.2759647,69.64737049429873,0.2358918940318518,0.26212409835845,0.26791271847322673,21.0,1027.158
1791099341.6016302,69.64737049429873,0.23117056068687683,0.2634937239191391,0.2647068681881836,21.0,1027.169
1791099372.949955,69.64737049429873,0.23154721751139995,0.26075447279776093,0.27006792661044665,20.98,1027.172
1791099404.2926157,69.64737049429873,0.2306227104626012,0.26185017324631216,0.27116362705899794,20.98,1027.162
1791099435.6422095,69.64737049429873,0.23243705973442977,0.2633768701855134,0.2673653539528614,20.98,1027.178
1791099466.9695654,69.64737049429873,0.23346554441005687,0.26212409835845,0.26529349561168675,20.98,1027.181
1791099498.3021345,69.64737049429873,0.23500551225680624,0.2659210898968683,0.2656851248162416,20.98,1027.179
1791099529.629668,69.64737049429873,0.23388079690011554,0.2598025294528801,0.27250113138803034,20.98,1027.186
1791099560.963949,69.64737049429873,0.2372807160638642,0.261883278343341,0.26874663163824924,21.01,1027.191
1791099592.3145928,69.64737049429873,0.2313758720682676,0.2621653910093902,0.2673739609792676,20.98,1027.19
1791099623.6589446,69.64737049429873,0.2361655762920345,0.26259635138403076,0.2642377173576986,21.0,1027.194
1791099655.0054686,69.64737049429873,0.2320603423892941,0.26267194858272563,0.26642620532258904,21.01,1027.199
1791099686.3559825,69.64737049429873,0.23380607789598215,0.2638472495388062,0.26529349561168675,21.03,1027.199
1791099717.6985023,69.64737049429873,0.23277820286239825,0.26752044930503427,0.27162386423920387,21.03,1027.199
1791099749.0410714,69.64737049429873,0.22959720204764986,0.26173404839165054,0.27135030324359255,21.04,1027.203
1791099780.4164438,69.64737049429873,0.2322662611354281,0.2622816556562715,0.26529349561168675,21.05,1027.205
1791099811.7579477,69.64737049429873,0.23233402464947678,0.27143755217113574,0.27308110284396264,21.05,1027.201
1791099843.1104002,69.64737049429873,0.23976861850564385,0.2619664011901023,0.27061577683472227,21.05,1027.195
1791099874.442088,69.64737049429873,0.23247254565012793,0.2627885412895267,0.26744733518626496,21.07,1027.192
1791099905.8013983,69.64737049429873,0.23818693601294974,0.26830533556710195,0.2710433718902067,21.03,1027.182
1791099937.1269464,69.64737049429873,0.23610121270535753,0.2637676490312769,0.27527250374106516,21.0,1027.178
1791099968.471457,69.64737049429873,0.231239295608746,0.26490221361121713,0.26595904992837943,20.97,1027.187
1791099999.8209662,69.64737049429873,0.2311368368887304,0.26669976631820036,0.2680675712962569,20.97,1027.192
1791100031.1734226,69.64737049429873,0.23414600784045478,0.2647848393489212,0.2720504446924086,21.0,1027.198
1791100062.5249197,69.64737049429873,0.23780766985313065,0.26380748457048636,0.2712301251770483,20.98,1027.209
1791100093.8645728,69.64737049429873,0.23551381281851133,0.2622816556562715,0.2699481573609648,20.97,1027.227
1791100125.200987,69.64737049429873,0.2345617312092894,0.2634937239191391,0.2710433718902067,20.98,1027.236
1791100156.54452,69.64737049429873,0.23188945246980883,0.26556729924399725,0.26979400149830884,21.0,1027.243
1791100187.893904,69.64737049429873,0.23127317081159185,0.26415877478856736,0.27229163463614986,21.0,1027.244
1791100219.242509,69.64737049429873,0.23418373692039282,0.26185017324631216,0.2707358955839625,20.97,1027.252
1791100250.5861783,69.64737049429873,0.23291745101044062,0.2619664011901023,0.26689924178664864,20.97,1027.257
1791100281.9374976,69.64737049429873,0.23795591355942963,0.26263106915128726,0.2671732884864568,21.0,1027.265
1791100313.284082,69.64737049429873,0.23158154846355933,0.2623569007558222,0.2700336158288446,20.95,1027.27
1791100344.6224923,69.64737049429873,0.23199233602329028,0.2708897019468601,0.2704957646255858,20.97,1027.285
1791100375.956023,69.64737049429873,0.23517509605753453,0.2643548490908517,0.27119690559541904,21.0,1027.291
1791100407.2894824,69.64737049429873,0.23496669082728874,0.2650584003445325,0.26794884711560735,20.94,1027.301
1791100438.646203,69.64737049429873,0.23873454327757068,0.26521444873107325,0.26846008299359214,20.91,1027.32
1791100469.9813945,69.64737049429873,0.23093219159521347,0.26970893726992473,0.2749365165543972,20.91,1027.336
1791100501.334021,69.64737049429873,0.23178666012911142,0.2627127555297556,0.2709566853385949,20.93,1027.346
1791100532.6316063,69.64737049429873,0.23151297786892872,0.26298643778993824,0.26654430717231326,20.93,1027.349
1791100563.9781647,69.64737049429873,0.23479716499112102,0.262869912379642,0.267639036213044,20.91,1027.343
1791100595.323443,69.64737049429873,0.23517509605753453,0.26294587369486344,0.26681798943249596,20.89,1027.341
1791100626.6609225,69.64737049429873,0.2358918940318518,0.26200785202396104,0.27116362705899794,20.9,1027.335
1791100658.0115578,69.64737049429873,0.23370243595039025,0.26321979880700125,0.26678082526479285,20.9,1027.33
1791100689.3549092,69.64737049429873,0.23034878535046338,0.26212409835845,0.26638871014092863,20.91,1027.329
1791100720.692417,69.64737049429873,0.23154721751139995,0.27198540239541136,0.26967435372865434,20.89,1027.336
1791100752.051089,69.64737049429873,0.23576256639570894,0.2613762962968987,0.27335502795610045,20.87,1027.345
1791100783.406503,69.64737049429873,0.23158154846355933,0.261808563964892,0.265334238155289,20.91,1027.352
1791100814.7399209,69.64737049429873,0.23998166075519536,0.2659632834156262,0.26826947528568934,20.9,1027.352
1791100846.0964875,69.64737049429873,0.233197435993102,0.2636877654873998,0.2740538295126459,20.89,1027.355
1791100877.429937,69.64737049429873,0.23151297786892872,0.26107066196865947,0.27551698373814626,20.89,1027.354
1791100908.7803354,69.64737049429873,0.23103446892439647,0.26291048985747745,0.26529349561168675,20.91,1027.358
1791100940.130908,69.64737049429873,0.23164959831828738,0.26173404839165054,0.27247664745729994,20.93,1027.359
1791100971.4763858,69.64737049429873,0.23144448579901464,0.2600048453006357,0.26709167169267867,20.94,1027.354
1791101002.8219495,69.64737049429873,0.23884046382673568,0.26082771589839354,0.2652163590864352,20.94,1027.359
1791101034.1594825,69.64737049429873,0.23333172863652288,0.2625490920612967,0.26423658971002956,20.93,1027.357
1791101065.5059066,69.64737049429873,0.23333172863652288,0.26678761891141367,0.2712174388244162,20.93,1027.356
1791101096.8533971,69.64737049429873,0.23189074958974498,0.269260625398776,0.2728327458805216,20.94,1027.352
1791101128.2009213,69.64737049429873,0.23278266037293024,0.26502099840887167,0.27161274866907137,20.93,1027.354
1791101159.5463805,69.64737049429873,0.23206224710787268,0.2678867329057969,0.26859152979981316,20.94,1027.354
1791101190.8978002,69.64737049429873,0.23151293458618938,0.2619581923236693,0.27035973939315927,20.94,1027.361
1791101222.25658,69.64737049429873,0.23690067234987516,0.2621578124751373,0.2692956999018419,20.93,1027.365
1791101253.6138513,69.64737049429873,0.23206224710787268,0.2645500922856377,0.2710968924929015,20.91,1027.357
1791101284.955429,69.64737049429873,0.23546287007149058,0.2607969797084767,0.2666315066921376,20.9,1027.356
1791101316.2859159,69.64737049429873,0.2320603423892941,0.2609126374947191,0.26681798943249596,20.94,1027.36
1791101347.6315305,69.64737049429873,0.231239295608746,0.2616180264890248,0.26721012103786007,20.97,1027.365
1791101378.9619026,69.64737049429873,0.23079423794056692,0.26189170874920753,0.2659969426519479,20.94,1027.376
1791101410.3053946,69.64737049429873,0.2309991241117837,0.26388472808875924,0.27280717773182483,20.94,1027.383
1791101441.6529877,69.64737049429873,0.23165004046373264,0.2695702340336382,0.2658830623779188,20.94,1027.387
1791101472.993363,69.64737049429873,0.23398484093376432,0.2615668274380931,0.27393185987490487,20.94,1027.395
1791101504.3361206,69.64737049429873,0.23116929766081987,0.26769459415083746,0.26910561429897367,20.91,1027.4
1791101535.682409,69.64737049429873,0.23302621508969099,0.26741944828527275,0.276253036274278,20.94,1027.405
1791101567.0287926,69.64737049429873,0.23391830611286,0.27087562820430716,0.26993031683458574,20.91,1027.407
1791101598.3772473,69.64737049429873,0.23192563162743235,0.26474679878410845,0.2736258612124244,20.91,1027.408
1791101629.7037148,69.64737049429873,0.23230430442905925,0.26136623924285035,0.2704119263079443,20.91,1027.415
1791101661.0443542,69.64737049429873,0.2317537673498416,0.26380253455377367,0.2651001388872611,20.94,1027.404
1791101692.3937464,69.64737049429873,0.23657998161701854,0.26139841146340803,0.2739920135081201,20.94,1027.406
1791101723.7264156,69.64737049429873,0.23630422128539197,0.2633287337847939,0.2696712214122045,20.94,1027.402
1791101755.047924,69.64737049429873,0.23192706457692328,0.2650223130002645,0.26541626892542053,20.94,1027.412
1791101786.3942535,69.64737049429873,0.2387602120546404,0.26631351988344565,0.27084189997429325,20.93,1027.419
1791101817.74077,69.64737049429873,0.23353227426367165,0.2591548861473806,0.26842437593761975,20.91,1027.411
1791101849.0884495,69.64737049429873,0.23052043430825644,0.26595904992837943,0.26595904992837943,20.93,1027.412
1791101880.4296997,69.64737049429873,0.23384338762745333,0.26126022717396186,0.27320231588223565,20.93,1027.409
1791101911.7602506,69.64737049429873,0.2336729861723854,0.25941247115717403,0.26713639048120347,20.95,1027.408
1791101943.108774,69.64737049429873,0.23151293458618938,0.2631343808652464,0.2645110018213444,20.93,1027.406
1791101974.4342868,69.64737049429873,0.23058303598075805,0.2610060734221819,0.26848418704631116,20.94,1027.403
1791102005.7796938,69.64737049429873,0.2379587832751513,0.26230857524641993,0.2660863371010594,20.95,1027.398
1791102037.121185,69.64737049429873,0.23185714107528219,0.26254268505486006,0.26435331719995453,20.94,1027.397
1791102068.4718394,69.64737049429873,0.23020479313673956,0.26793340440013036,0.272736711052634,20.95,1027.399
1791102099.7992043,69.64737049429873,0.235437228275458,0.26109109337728575,0.27163465418800975,20.97,1027.405
1791102131.1257808,69.64737049429873,0.2307555757829204,0.268448278333897,0.2687239155528494,20.97,1027.419
1791102162.4663966,69.64737049429873,0.23575270062213888,0.2623428672435026,0.26817264111494465,20.97,1027.423
1791102193.8117251,69.64737049429873,0.23350243324276346,0.2612920489394973,0.27077426273871075,21.0,1027.431
1791102225.160351,69.64737049429873,0.23038150378135414,0.263530483134119,0.26490315379310064,20.93,1027.442
1791102256.5037808,69.64737049429873,0.23189074958974498,0.2638824982400974,0.26981018239596766,20.93,1027.449
1791102287.8523216,69.64737049429873,0.23598801092163885,0.26486499448751566,0.2717006981067423,20.94,1027.461
1791102319.1368396,69.64737049429873,0.23424087069585003,0.262460146793953,0.2698264644286591,20.94,1027.465
1791102350.4842253,69.64737049429873,0.2327554555680931,0.2704643465226841,0.27322441539466036,20.91,1027.475
1791102381.836785,69.64737049429873,0.23424087069585003,0.26462879794143845,0.2710163602970794,20.91,1027.482
1791102413.1692922,69.64737049429873,0.23617464788420567,0.2649050518254893,0.27138031944183877,20.93,1027.484
1791102444.5116923,69.64737049429873,0.23610968709617194,0.26636762346538034,0.2701538756224545,20.9,1027.487
1791102475.8622231,69.64737049429873,0.23417417783256897,0.27448207303441424,0.2758670607053237,20.93,1027.488
1791102507.1857674,69.64737049429873,0.23303699527851324,0.2632432785952747,0.2782078593210098,20.9,1027.489
1791102538.538243,69.64737049429873,0.23203265631702966,0.2641932280524231,0.27072556895814226,20.89,1027.488
1791102569.8908582,69.64737049429873,0.23320341675100484,0.26427506898482594,0.2693399596316853,20.89,1027.489
1791102601.222218,69.64737049429873,0.23013965328198108,0.263296327691667,0.2740229490588245,20.86,1027.488
1791102632.565797,69.64737049429873,0.2325081262411339,0.26675027869213147,0.26977553500106033,20.86,1027.491
1791102663.912298,69.64737049429873,0.2319606070615383,0.2632881674555459,0.26741944828527275,20.87,1027.5
1791102695.2607734,69.64737049429873,0.2365981082463618,0.2681475177703513,0.26877260620220056,20.87,1027.508
1791102726.5994697,69.64737049429873,0.23033612447754562,0.26284817659877496,0.26921911988495834,20.91,1027.513
1791102757.936835,69.64737049429873,0.2319285078173477,0.2661721470089576,0.2681111297482308,20.89,1027.517
1791102789.2842495,69.64737049429873,0.23217012094474923,0.2668458628440628,0.2686651248165946,20.91,1027.532
1791102820.6358542,69.64737049429873,0.23179042317743348,0.26332073344895685,0.2691836615975704,20.93,1027.531
1791102851.974241,69.64737049429873,0.23307372076624186,0.26427199919754013,0.2738655635585272,20.93,1027.537
1791102883.3247354,69.64737049429873,0.23015755902926485,0.26657494569568774,0.26951154190806814,20.9,1027.541
1791102914.6791537,69.64737049429873,0.23165184091325813,0.2639138243311114,0.27018888483052356,20.94,1027.543
1791102946.0358317,69.64737049429873,0.23631467515768792,0.26407298783310906,0.26709346802627626,20.94,1027.546
1791102977.3821294,69.64737049429873,0.23428900594821095,0.2645098782694585,0.2678443206951982,20.93,1027.551
1791103008.7417548,69.64737049429873,0.2312009173928384,0.2655348164378063,0.2674089316498806,20.94,1027.554
1791103040.0811026,69.64737049429873,0.23423118420632094,0.2631749757815791,0.2701365349848539,20.95,1027.554
1791103071.4116795,69.64737049429873,0.23161597109114918,0.26466798962962623,0.26675027869213147,20.97,1027.554
1791103102.7570746,69.64737049429873,0.23392686114794842,0.262418766869032,0.27481818747739145,20.94,1027.562
1791103134.0957248,69.64737049429873,0.23417417783256897,0.26383779554233117,0.2682200984340989,20.98,1027.569
1791103165.4290621,69.64737049429873,0.23390620735383952,0.2645496195054043,0.2688215152048613,20.98,1027.572
1791103196.7767391,69.64737049429873,0.23757758247830438,0.26221075133215993,0.2680015728114192,21.0,1027.57
1791103228.1261792,69.64737049429873,0.23127045770203977,0.2625711790645931,0.2662535145012814,20.98,1027.576
1791103259.4587336,69.64737049429873,0.23674584355411318,0.2629250641494883,0.2719890952267772,20.95,1027.579
1791103290.8082016,69.64737049429873,0.2410127660001837,0.2659377210447251,0.2684363038155025,20.93,1027.579
1791103322.152719,69.64737049429873,0.23238152157377923,0.2659804844733907,0.26931943513204737,20.97,1027.581
1791103353.5061977,69.64737049429873,0.23359868474019757,0.26546296442343054,0.2701193981312937,20.97,1027.579
1791103384.8635275,69.64737049429873,0.2322080820066694,0.26466884672364177,0.2695624043103194,20.95,1027.58
1791103416.1902583,69.64737049429873,0.23391479976796528,0.26379244670652724,0.2720688765047037,20.97,1027.578
1791103447.478599,69.64737049429873,0.23506839439673538,0.2696134966612802,0.27004966022637095,20.97,1027.574
1791103478.8280823,69.64737049429873,0.23494989415474848,0.26719749909336893,0.26893365896137894,21.0,1027.573
1791103510.1766176,69.64737049429873,0.23744967118472207,0.26522021566592924,0.27494300495459606,21.01,1027.561
1791103541.5190222,69.64737049429873,0.23938258349745165,0.2681475177703513,0.272550558753556,20.97,1027.556
1791103572.8695781,69.64737049429873,0.23380112357129865,0.2655794595927418,0.26743714863193624,20.93,1027.547
1791103604.2130148,69.64737049429873,0.23296901098335038,0.2651440310506837,0.27361960252659023,20.91,1027.548
1791103635.5395632,69.64737049429873,0.23706520902685252,0.2643119184627354,0.2706914483036722,20.89,1027.541
1791103666.8711302,69.64737049429873,0.23293751220990783,0.26407298783310906,0.2777505009673163,20.87,1027.545
1791103698.2105315,69.64737049429873,0.23276432310008066,0.26641690925146205,0.2693548988763307,20.94,1027.54
1791103729.557251,69.64737049429873,0.23631467515768792,0.26303832406305483,0.27142307909216346,20.93,1027.54
1791103760.9035716,69.64737049429873,0.2311997484457174,0.26752939143828464,0.2668152221380549,20.91,1027.536
1791103792.2520962,69.64737049429873,0.23837075033575952,0.26872691357885803,0.2775417311196874,20.93,1027.53
1791103823.5807667,69.64737049429873,0.2364627658680845,0.2626769495294479,0.26984090122080656,20.91,1027.52
1791103854.9119682,69.64737049429873,0.2360772575620787,0.26466884672364177,0.2723145477532964,20.9,1027.519
1791103886.2564535,69.64737049429873,0.23133920657040632,0.26470821109495296,0.2706572662784158,20.87,1027.515
1791103917.5992918,69.64737049429873,0.23414548273967878,0.26340217166713875,0.2756841238313618,20.86,1027.502
1791103948.935584,69.64737049429873,0.23610968709617194,0.2675940193576497,0.2678707685640005,20.89,1027.513
1791103980.2880683,69.64737049429873,0.23283267522493079,0.2678443206951982,0.2724208682944664,20.86,1027.508
1791104011.6336038,69.64737049429873,0.23276432310008066,0.2675664504930532,0.26824291760407354,20.87,1027.504
1791104042.9791083,69.64737049429873,0.23126954030152205,0.26594194447398656,0.2739574651423878,20.87,1027.5
1791104074.331573,69.64737049429873,0.23266361784914075,0.2629144618090774,0.2733061470614848,20.87,1027.496
1791104105.6494963,69.64737049429873,0.23343259265673033,0.2622796058541899,0.27532049798760544,20.83,1027.5
1791104136.9685576,69.64737049429873,0.23346311647078954,0.2630746523201713,0.27370828968372785,20.84,1027.495
1791104168.3061051,69.64737049429873,0.2340586194303807,0.26407132100079705,0.26725965706389104,20.87,1027.498
1791104199.6575646,69.64737049429873,0.23227965145403717,0.2616039982166652,0.27092080582286493,20.86,1027.503
1791104230.9991293,69.64737049429873,0.23367402292538628,0.2624815813775264,0.26646083164548423,20.87,1027.501
1791104262.3474844,69.64737049429873,0.2318607336734601,0.26336148912823193,0.2682064515791618,20.84,1027.501
1791104293.6939673,69.64737049429873,0.2323070935074944,0.26316603205603717,0.2675940193576497,20.89,1027.493
1791104325.0366538,69.64737049429873,0.23227423767964064,0.26383539482948587,0.2654188273735883,20.86,1027.48
1791104356.381036,69.64737049429873,0.23203448611038155,0.26630231535495563,0.27092080582286493,20.89,1027.475
1791104387.7244415,69.64737049429873,0.23301102531512952,0.26156145235236866,0.27008456066460607,20.9,1027.466
1791104419.067134,69.64737049429873,0.237256762693811,0.26423084455679396,0.26466884672364177,20.86,1027.46
1791104450.4123964,69.64737049429873,0.2329058712877029,0.2627599527202906,0.26825443541484445,20.89,1027.445
1791104481.761921,69.64737049429873,0.2318607336734601,0.2676129259369094,0.2699976076321609,20.89,1027.443
1791104513.1085157,69.64737049429873,0.23105978661252546,0.2631158510124488,0.26884818559679163,20.9,1027.437
1791104544.4539804,69.64737049429873,0.2322438183050424,0.26136809600646943,0.2653458381011391,20.91,1027.44
1791104575.7925148,69.64737049429873,0.23123413573844295,0.264310094069953,0.26693552286175426,20.9,1027.428
1791104607.1390064,69.64737049429873,0.2361183224002662,0.2616371155795196,0.26781765769638705,20.91,1027.423
1791104638.4866045,69.64737049429873,0.23046505321431981,0.26079935747290206,0.2669429169214304,20.9,1027.416
1791104669.819875,69.64737049429873,0.23168682448406813,0.2627657423905584,0.2662639792351788,20.9,1027.414
1791104701.168474,69.64737049429873,0.2357276157074534,0.2614307277020103,0.27081311273733577,20.9,1027.41
1791104732.5229263,69.64737049429873,0.23140916459885044,0.2636417480886388,0.2666819011202531,20.91,1027.408
1791104763.8675478,69.64737049429873,0.23344922355516498,0.2624534289694062,0.26683882901384487,20.93,1027.397
1791104795.2128391,69.64737049429873,0.23057626100344886,0.26216892363671257,0.2703271100216859,20.91,1027.394
1791104826.558675,69.64737049429873,0.23804861348748765,0.2631980255911769,0.26951154190806814,20.9,1027.395
1791104857.9000227,69.64737049429873,0.2351348520200495,0.26745507263907503,0.26689782745598833,20.9,1027.39
1791104889.2484663,69.64737049429873,0.23461662006287667,0.2639924661005766,0.2745445348419867,20.89,1027.39
1791104920.5831718,69.64737049429873,0.23123413573844295,0.26331669540581915,0.2696840533714216,20.91,1027.395
1791104951.9253187,69.64737049429873,0.23346311647078954,0.26279565200392324,0.27015417279671156,20.89,1027.402
1791104983.2698514,69.64737049429873,0.23482885616775953,0.26423084455679396,0.26710135859170414,20.91,1027.414
1791105014.6124341,69.64737049429873,0.23339514863111646,0.26079935747290206,0.26745507263907503,20.91,1027.422
1791105045.9579253,69.64737049429873,0.23350061879788472,0.2707985437375949,0.2724702792868548,20.9,1027.417
1791105077.282482,69.64737049429873,0.23252231521552955,0.2635543563574685,0.2724702792868548,20.91,1027.433
1791105108.6341562,69.64737049429873,0.23517462069537265,0.26395209617070764,0.2699626759629649,20.91,1027.452
1791105139.9823341,69.64737049429873,0.23304244364678628,0.26288389765821935,0.2729043672361651,20.91,1027.458
1791105171.341877,69.64737049429873,0.23144361773588565,0.2629712746371336,0.2677974300572517,20.89,1027.468
1791105202.6983912,69.64737049429873,0.23102919738586775,0.2617822860242832,0.2679438445500481,20.9,1027.472
1791105234.0390544,69.64737049429873,0.23380112357129865,0.2686418736251071,0.2725755050719638,20.9,1027.472
1791105265.387365,69.64737049429873,0.2332525903872813,0.2624815813775264,0.26959768102026876,20.91,1027.468
1791105296.7188413,69.64737049429873,0.23537343676903819,0.2646686304258725,0.26721389420451847,20.91,1027.47
1791105328.0655675,69.64737049429873,0.2356113772463806,0.26291977970295544,0.2666128468174414,20.9,1027.467
1791105359.412948,69.64737049429873,0.23590501727954485,0.2687629433556046,0.27111109300321784,20.91,1027.464
1791105390.7713735,69.64737049429873,0.23200077715976733,0.26395209617070764,0.27250294971703903,20.93,1027.453
1791105422.1020815,69.64737049429873,0.23356852208730208,0.2662639792351788,0.272872044525469,20.91,1027.443
1791105453.4404716,69.64737049429873,0.23583919594809108,0.2643501952950669,0.26861843313466544,20.91,1027.45
1791105484.7858527,69.64737049429873,0.23151275832998627,0.266777435205448,0.2668600639434953,20.95,1027.434
1791105516.1703138,69.64737049429873,0.2346444471011025,0.2618403266466385,0.2746992600192014,20.9,1027.424
1791105547.5248032,69.64737049429873,0.23530728432040096,0.26132537562512187,0.27076430406327284,20.9,1027.418
1791105578.8704402,69.64737049429873,0.2317913809215296,0.2649474693151851,0.266777435205448,20.91,1027.425
1791105610.197913,69.64737049429873,0.23318449387924622,0.27074487546665216,0.2686418736251071,20.91,1027.423
1791105641.5473244,69.64737049429873,0.23401138564034676,0.26712298470935414,0.2775977739750198,20.91,1027.419
1791105672.9017522,69.64737049429873,0.23296901098335038,0.266411198516933,0.26902722312777566,20.91,1027.414
1791105704.2442923,69.64737049429873,0.23116545401206093,0.2620850420382913,0.26795435030522835,20.87,1027.411
1791105735.5919337,69.64737049429873,0.23721425184737077,0.2691624936038681,0.2704324186849329,20.9,1027.414
1791105766.942408,69.64737049429873,0.23359868474019757,0.26637878017622574,0.2730596924025675,20.89,1027.412
1791105798.2838843,69.64737049429873,0.23374173906233287,0.2639924661005766,0.2780703765723238,20.86,1027.408
1791105829.6284437,69.64737049429873,0.23266361784914075,0.26315697536911514,0.2701193981312937,20.86,1027.408
1791105860.9777372,69.64737049429873,0.23318449387924622,0.2699276811804634,0.2688121840033841,20.9,1027.409
1791105892.315356,69.64737049429873,0.2331533399545245,0.26949165959387494,0.2708866611751149,20.91,1027.405
1791105923.5491111,69.64737049429873,0.23325884387927018,0.2626769495294479,0.2736766643375948,20.89,1027.402
1791105954.8902712,69.64737049429873,0.23506839439673538,0.2629144618090774,0.2682178644004046,20.89,1027.405
1791105986.2418299,69.64737049429873,0.23364394887533688,0.26383054775671044,0.27324214053955675,20.87,1027.395
1791106017.5694647,69.64737049429873,0.2372775209629096,0.26886164757027275,0.27221571411264756,20.84,1027.393
1791106048.9188836,69.64737049429873,0.232351609883048,0.26422967366861605,0.2709408449918935,20.84,1027.384
1791106080.2623591,69.64737049429873,0.23119857103908367,0.2627184885828385,0.26550758102789784,20.82,1027.38
1791106111.6039007,69.64737049429873,0.23248620255337502,0.2651048601211326,0.2676129259369094,20.83,1027.377
1791106142.9433205,69.64737049429873,0.2373428293347167,0.26395413786516847,0.2649463756246681,20.8,1027.374
1791106174.2989047,69.64737049429873,0.23727859845925048,0.26450959294288023,0.2713008661027808,20.82,1027.367
1791106205.6556187,69.64737049429873,0.23217478015687062,0.26351357241225737,0.26661920486444507,20.83,1027.358
1791106236.9868996,69.64737049429873,0.23534726869100522,0.26347271471342765,0.26825443541484445,20.84,1027.362
1791106268.3193784,69.64737049429873,0.23053579335676386,0.2636326529526672,0.2721256347308562,20.86,1027.358
1791106299.6598673,69.64737049429873,0.23116415427695786,0.26351357241225737,0.2710091289221558,20.84,1027.358
1791106330.998216,69.64737049429873,0.2310940462611141,0.2723719131885753,0.2745445348419867,20.86,1027.35
1791106362.3467615,69.64737049429873,0.2402433205416461,0.262593645861249,0.27265129225507034,20.82,1027.356
1791106393.6883442,69.64737049429873,0.22990629508132976,0.2608426497901874,0.26901936439063484,20.84,1027.358
1791106425.037814,69.64737049429873,0.2329108741599878,0.26470924066795953,0.2648683469743032,20.84,1027.357
1791106456.3841743,69.64737049429873,0.2312676855289759,0.2630284027057504,0.26962941272352076,20.86,1027.362
1791106487.7097056,69.64737049429873,0.23402940271386738,0.2639500415301462,0.26807091659237786,20.86,1027.366
1791106519.0533135,69.64737049429873,0.23175707644349533,0.2616371155795196,0.2664667307763752,20.87,1027.362
1791106550.385769,69.64737049429873,0.22973734611065813,0.26268301124278753,0.2731186637050988,20.89,1027.364
1791106581.7313385,69.64737049429873,0.2306064056884182,0.26176449081667946,0.269632894194395,20.9,1027.372
1791106613.0687475,69.64737049429873,0.23158236233069587,0.268096658012635,0.26853330970911427,20.9,1027.37
1791106644.4192142,69.64737049429873,0.23165229916546434,0.2628315129762666,0.2747926656025867,20.93,1027.371
1791106675.7498236,69.64737049429873,0.23105809971146712,0.26362958275848947,0.2715337759890902,20.87,1027.374
1791106707.093261,69.64737049429873,0.232351609883048,0.26678433185867456,0.2679862674450786,20.89,1027.39
1791106738.433636,69.64737049429873,0.23266361784914075,0.2624748736861371,0.2736449817743704,20.86,1027.39
1791106769.7772403,69.64737049429873,0.23112839896855572,0.26147612959526884,0.26750142232584206,20.87,1027.389
1791106801.128794,69.64737049429873,0.23238461753289277,0.2630698114198005,0.2693343702091051,20.86,1027.389
1791106832.4692705,69.64737049429873,0.23273665279026762,0.26462916128747754,0.26758525933025484,20.86,1027.395
1791106863.818843,69.64737049429873,0.2329477611725326,0.26430917318559116,0.26854578513801214,20.86,1027.387
1791106895.141315,69.64737049429873,0.2330164116367344,0.2630284027057504,0.26919147523385056,20.84,1027.381
1791106926.4787793,69.64737049429873,0.23102381134730987,0.26279565200392324,0.2673893118654452,20.87,1027.384
1791106957.8112254,69.64737049429873,0.23245689394380087,0.26502901110521204,0.26814452360719465,20.86,1027.375
1791106989.163805,69.64737049429873,0.2370404441707617,0.2624330200307209,0.27510489520161413,20.87,1027.379
1791107020.5033236,69.64737049429873,0.23196691560414945,0.2625166516876753,0.26702599505331504,20.87,1027.372
1791107051.8517995,69.64737049429873,0.23130319041380493,0.26271252557591884,0.27770816377435864,20.87,1027.366
1791107083.2042954,69.64737049429873,0.23518786203060824,0.26442910100759137,0.2710636147562129,20.86,1027.363
1791107114.5488904,69.64737049429873,0.23270435458632452,0.26574819667334454,0.2709066101614466,20.9,1027.354
1791107145.899209,69.64737049429873,0.23374977057539748,0.27122047713036346,0.2738612032208804,20.84,1027.348
1791107177.2547727,69.64737049429873,0.23329617048320112,0.26267084936221025,0.27218265014207993,20.84,1027.334
1791107208.6122696,69.64737049429873,0.23133785855793385,0.2610354923047314,0.2683026364798769,20.83,1027.329
1791107239.9566255,69.64737049429873,0.23259483455011284,0.2698926231134553,0.271567381826506,20.84,1027.32
1791107271.3042312,69.64737049429873,0.23248967852198968,0.2714446618076109,0.2697706599101229,20.79,1027.312
1791107302.6512818,69.64737049429873,0.2355197607899061,0.26411160154055513,0.2742346649700907,20.77,1027.31
1791107333.989124,69.64737049429873,0.23311627433684662,0.2647486542176592,0.2716009269460823,20.77,1027.303
1791107365.3345976,69.64737049429873,0.233991098061142,0.26200085746810364,0.26598485278300366,20.79,1027.295
1791107396.6642928,69.64737049429873,0.23203448611038155,0.2625583542402762,0.2678914228473966,20.76,1027.277
1791107428.010845,69.64737049429873,0.22889235460697252,0.261712984422387,0.26614365579889915,20.77,1027.278
1791107459.3501456,69.64737049429873,0.23119857103908367,0.26319358826125255,0.2699796697510643,20.77,1027.267
1791107490.6966445,69.64737049429873,0.2310940462611141,0.2610786101751079,0.2711317074545179,20.8,1027.257
1791107522.0442512,69.64737049429873,0.2405843456350681,0.26957812252362495,0.26750142232584206,20.79,1027.256
1791107553.393662,69.64737049429873,0.2349351182782404,0.2612397030960267,0.26861843313466544,20.82,1027.246
1791107584.7322319,69.64737049429873,0.23165229916546434,0.268023130934679,0.27277472520304336,20.8,1027.234
1791107616.0607336,69.64737049429873,0.23036081293246616,0.26223765137142735,0.2737371663765925,20.8,1027.228
1791107647.3970566,69.64737049429873,0.23214132761329004,0.26079935747290206,0.27017174956563045,20.83,1027.217
1791107678.7477016,69.64737049429873,0.23116415427695786,0.2669806567476431,0.26542659987865347,20.84,1027.209
1791107710.0442502,69.64737049429873,0.2314430285712277,0.25993226266740527,0.2715118826837294,20.8,1027.199
1791107741.397535,69.64737049429873,0.2360772575620787,0.26223765137142735,0.26896956712026093,20.79,1027.204
1791107772.7370596,69.64737049429873,0.23098961595165285,0.26678433185867456,0.2724047611830314,20.79,1027.201
1791107804.0837686,69.64737049429873,0.23615949878211798,0.26335365263641924,0.27193620856744966,20.79,1027.192
1791107835.4102218,69.64737049429873,0.23008156023026033,0.2675758251898295,0.26618208325939796,20.8,1027.187
1791107866.739558,69.64737049429873,0.23412601885947468,0.2643501952950669,0.27228166275635485,20.82,1027.174
1791107898.084258,69.64737049429873,0.23710535623703624,0.2609173714622788,0.2724047611830314,20.77,1027.165
1791107929.4245567,69.64737049429873,0.23598682768315665,0.26099229628340975,0.27473126401942866,20.77,1027.167
1791107960.7742162,69.64737049429873,0.23028988233296202,0.2624748736861371,0.26758525933025484,20.77,1027.157
1791107992.1016893,69.64737049429873,0.23053579335676386,0.26650495279217956,0.27795949451847607,20.77,1027.152
1791108023.4502165,69.64737049429873,0.23472269013939062,0.2610786101751079,0.26550758102789784,20.76,1027.139
1791108054.7957323,69.64737049429873,0.22882002893973308,0.2615945033951272,0.26758525933025484,20.77,1027.131
1791108086.1491556,69.64737049429873,0.23112839896855572,0.262593645861249,0.26702599505331504,20.83,1027.134
1791108117.4986577,69.64737049429873,0.23116415427695786,0.27092080582286493,0.27008456066460607,20.8,1027.143
1791108148.8421774,69.64737049429873,0.23238461753289277,0.26156145235236866,0.27119955420895125,20.83,1027.134
1791108180.192493,69.64737049429873,0.2324535285429569,0.2625166516876753,0.26658118964922545,20.84,1027.137
1791108211.5170243,69.64737049429873,0.2344435636872155,0.26462916128747754,0.26658118964922545,20.82,1027.14
1791108242.8655877,69.64737049429873,0.23077834086500035,0.2636704093916763,0.2668672320592116,20.82,1027.14
1791108274.210009,69.64737049429873,0.2377723120266692,0.2677436253894811,0.27022433821681263,20.8,1027.157
1791108305.5507543,69.64737049429873,0.23242070667978507,0.26770650859861184,0.26714699090567834,20.83,1027.156
1791108336.8880541,69.64737049429873,0.23248967852198968,0.2612720551298765,0.2683876391373461,20.83,1027.157
1791108368.2345803,69.64737049429873,0.23336444333013895,0.2628315129762666,0.2724624089885467,20.83,1027.146
1791108399.5902634,69.64737049429873,0.23374977057539748,0.26411005330190834,0.2694206586606685,20.83,1027.139
1791108430.9325643,69.64737049429873,0.2314430285712277,0.2624330200307209,0.27137719747705386,20.83,1027.139
1791108462.2760234,69.64737049429873,0.23585485565003603,0.263708337224774,0.2657870865730958,20.82,1027.135
1791108493.619755,69.64737049429873,0.23999460151898988,0.26234908493477505,0.27336150094157374,20.82,1027.126
1791108524.963113,69.64737049429873,0.23056938787815992,0.2652674007081954,0.265429223614629,20.79,1027.111
1791108556.3084807,69.64737049429873,0.22945884920017098,0.25925801862229514,0.26554665341040123,20.79,1027.09
1791108587.6534488,69.64737049429873,0.23008156023026033,0.2608740880069773,0.26856956300524826,20.82,1027.079
1791108619.0036662,69.64737049429873,0.23510810886996533,0.2651474734264783,0.2694206586606685,20.79,1027.072
1791108650.3470757,69.64737049429873,0.23642127196234955,0.26057637777064385,0.2693343702091051,20.79,1027.063
1791108681.6755354,69.64737049429873,0.23085133375260672,0.26203488772825895,0.26498692346240454,20.8,1027.058
1791108713.0181813,69.64737049429873,0.23385568817613464,0.2609490218984778,0.2684969908525798,20.8,1027.048
1791108744.360557,69.64737049429873,0.23172261645321612,0.2644696539014112,0.26670165643139504,20.82,1027.049
1791108775.6901128,69.64737049429873,0.22965930547913332,0.2600351915915676,0.2664226561151471,20.82,1027.043
1791108807.0206082,69.64737049429873,0.23308493778494105,0.262077082452552,0.2665874732127448,20.8,1027.044
1791108838.3499904,69.64737049429873,0.2306064056884182,0.2619586510551793,0.26462906958933674,20.84,1027.049
1791108869.6895127,69.64737049429873,0.23242070667978507,0.2607559867595335,0.26893365896137894,20.82,1027.054
1791108901.022218,69.64737049429873,0.23151271346763833,0.2634317830607341,0.2669051087538874,20.86,1027.051
1791108932.3535407,69.64737049429873,0.2310940462611141,0.26399054119372417,0.27181315505558523,20.82,1027.061
1791108963.6949484,69.64737049429873,0.23203632914570116,0.2622796058541899,0.2715337759890902,20.82,1027.071
1791108995.038606,69.64737049429873,0.23008156023026033,0.26438955884710624,0.2688121840033841,20.79,1027.069
1791109026.3809297,69.64737049429873,0.23287408725231865,0.26239109051574355,0.2650685700840258,20.79,1027.07
1791109057.7315037,69.64737049429873,0.23036081293246616,0.26279565200392324,0.2677436253894811,20.79,1027.064
1791109089.0720844,69.64737049429873,0.23388531078286526,0.26594619465918945,0.269212659277627,20.77,1027.068
1791109120.4254353,69.64737049429873,0.23018567414782476,0.26462906958933674,0.2733657290721646,20.76,1027.071
1791109151.7791297,69.64737049429873,0.23266361784914075,0.2696488068861935,0.2688121840033841,20.79,1027.078
1791109183.1234212,69.64737049429873,0.23126861626790082,0.2663405822729017,0.26769668682630476,20.79,1027.072
1791109214.4701188,69.64737049429873,0.23214132761329004,0.262077082452552,0.26769668682630476,20.8,1027.072
1791109245.8135285,69.64737049429873,0.23105809971146712,0.26099229628340975,0.2702939493479004,20.82,1027.066
1791109277.1609113,69.64737049429873,0.22955528849834905,0.2584484385742756,0.2651886789804111,20.77,1027.06
1791109308.4874756,69.64737049429873,0.23360618433069016,0.2609173714622788,0.2665431056873539,20.76,1027.066
1791109339.837064,69.64737049429873,0.2329108741599878,0.2622722486993268,0.26522807548269994,20.77,1027.068
1791109371.1844475,69.64737049429873,0.2310940462611141,0.2633126317927546,0.2701019485764839,20.8,1027.071
1791109402.5329714,69.64737049429873,0.23165229916546434,0.2661051588148129,0.26905524375692996,20.8,1027.072
1791109433.880562,69.64737049429873,0.23036081293246616,0.26351357241225737,0.2683391804324596,20.79,1027.076
1791109465.2279048,69.64737049429873,0.23126861626790082,0.2629558238237178,0.26502765453390714,20.8,1027.087
1791109496.571652,69.64737049429873,0.2322438183050424,0.2606071155376722,0.2672970768037432,20.82,1027.085
1791109527.8518875,69.64737049429873,0.23346311647078954,0.2614107394107607,0.26856956300524826,20.83,1027.096
1791109559.1894045,69.64737049429873,0.23109559981984687,0.2662969503776234,0.2743278611200323,20.82,1027.081
1791109590.5329177,69.64737049429873,0.23781375651478526,0.2605329819781767,0.27284598433380786,20.76,1027.087
1791109621.885328,69.64737049429873,0.23307930903650387,0.26016708088101953,0.2718236481260398,20.74,1027.081
1791109653.2389314,69.64737049429873,0.23050228984035287,0.26375184116560274,0.27451366528633875,20.77,1027.08
1791109684.5966744,69.64737049429873,0.23433761974662867,0.26395209617070764,0.2712882553743309,20.82,1027.079
1791109715.9390857,69.64737049429873,0.23064006563467201,0.26175550866176395,0.26837565832888305,20.79,1027.075
1791109747.2904832,69.64737049429873,0.23255852574830696,0.2616039982166652,0.2715337759890902,20.79,1027.075
1791109778.6515257,69.64737049429873,0.22973734611065813,0.2606071155376722,0.2659033348733117,20.82,1027.057
1791109809.9774096,69.64737049429873,0.23119857103908367,0.26016708088101953,0.26769668682630476,20.82,1027.047
1791109841.3168573,69.64737049429873,0.23029433993163242,0.2587010248013209,0.26984090122080656,20.82,1027.039
1791109872.6663995,69.64737049429873,0.23192996145996375,0.25997623929264824,0.2639924661005766,20.79,1027.029
1791109904.0068705,69.64737049429873,0.23126954030152205,0.26184902528859466,0.2697192362893966,20.79,1027.042
1791109935.3554862,69.64737049429873,0.2306064056884182,0.2602108852589486,0.26586066815805076,20.8,1027.034
1791109966.6828294,69.64737049429873,0.23092150255749602,0.26582203749069727,0.2684484166683708,20.8,1027.036
1791109998.0253842,69.64737049429873,0.23582364911384263,0.2645494599215508,0.26721389420451847,20.77,1027.025
1791110029.3708832,69.64737049429873,0.23447179358893955,0.26498692346240454,0.2708327216604536,20.76,1027.021
1791110060.7204459,69.64737049429873,0.23227693482064085,0.26044595517528935,0.27111109300321784,20.77,1027.015
1791110092.0608478,69.64737049429873,0.23234862610461623,0.26649893829496085,0.268290940413705,20.79,1027.009
1791110123.4064143,69.64737049429873,0.23074724830240315,0.2639924661005766,0.26801231782216167,20.79,1027.003
1791110154.7568536,69.64737049429873,0.23311627433684662,0.26287302492774406,0.2720026624401068,20.8,1026.98
1791110186.0863962,69.64737049429873,0.23241747635898857,0.26841207034808834,0.2683391804324596,20.77,1026.976
1791110217.4278271,69.64737049429873,0.2322438183050424,0.26872691357885803,0.27411079559451074,20.74,1026.958
1791110248.7763362,69.64737049429873,0.23071354966539345,0.26240501592472326,0.2691624936038681,20.76,1026.965
1791110280.1150446,69.64737049429873,0.23359868474019757,0.2617221090820173,0.26586066815805076,20.79,1026.95
1791110311.4614096,69.64737049429873,0.23429898424541953,0.2610897246637052,0.26856956300524826,20.79,1026.943
1791110342.8009408,69.64737049429873,0.23050228984035287,0.2597708703794133,0.27039789504178086,20.79,1026.94
1791110374.1584888,69.64737049429873,0.23227693482064085,0.26256478685444357,0.2649474693151851,20.77,1026.938
1791110405.5109534,69.64737049429873,0.23539948717966758,0.26462897846923766,0.2689558015037781,20.76,1026.932
1791110436.8612792,69.64737049429873,0.23109559981984687,0.26268301124278753,0.2755948872927479,20.73,1026.919
1791110468.1899016,69.64737049429873,0.23060971360777097,0.2616888599574663,0.26752939143828464,20.74,1026.91
1791110499.52442,69.64737049429873,0.23311054542707577,0.26018105338020886,0.2666950297981677,20.74,1026.908
1791110530.8737943,69.64737049429873,0.23537343676903819,0.26132537562512187,0.27018888483052356,20.74,1026.908
1791110562.2223344,69.64737049429873,0.23151275832998627,0.2627184885828385,0.268290940413705,20.79,1026.909
1791110593.5698764,69.64737049429873,0.23217478015687062,0.2635918844949604,0.2696840533714216,20.8,1026.897
1791110624.904261,69.64737049429873,0.23165229916546434,0.26395209617070764,0.266822232139529,20.83,1026.88
1791110656.245816,69.64737049429873,0.23095551314689963,0.2626769495294479,0.2696488068861935,20.77,1026.89
1791110687.5893838,69.64737049429873,0.2360772575620787,0.2601373208207416,0.27060766085886695,20.77,1026.883
1791110718.9298146,69.64737049429873,0.23165184091325813,0.26196698050417194,0.2680490082328112,20.77,1026.876
1791110750.2597165,69.64737049429873,0.23342571555148847,0.26522412082346364,0.27312385453595284,20.74,1026.877
1791110781.6060178,69.64737049429873,0.23744960094390846,0.2653434888758934,0.26867793130163314,20.73,1026.871
1791110812.9543223,69.64737049429873,0.23116545401206093,0.26570223858516934,0.26867793130163314,20.73,1026.864
1791110844.299841,69.64737049429873,0.23290090440889014,0.2694408649466324,0.269041189243826,20.74,1026.842
1791110875.640495,69.64737049429873,0.23447179358893955,0.264827956832038,0.2729366316789254,20.74,1026.842
1791110906.9767802,69.64737049429873,0.23440476724556097,0.26148599390619226,0.2652260919067284,20.73,1026.826
1791110938.329354,69.64737049429873,0.23297421904451707,0.2617221090820173,0.26538495065301226,20.77,1026.814
1791110969.676794,69.64737049429873,0.2302235414542666,0.2610467530335786,0.26462906958933674,20.77,1026.812
1791111001.0132494,69.64737049429873,0.23854164589980184,0.26280134214428885,0.26582203749069727,20.77,1026.807
1791111032.3668165,69.64737049429873,0.23078103822643917,0.25937501748431857,0.2645892550322838,20.77,1026.797
1791111063.7152126,69.64737049429873,0.23109559981984687,0.2581895996031919,0.26367334778462137,20.8,1026.781
1791111095.060783,69.64737049429873,0.23481694499259542,0.26113261886405503,0.26280134214428885,20.77,1026.773
1791111126.3992293,69.64737049429873,0.23569209720313614,0.2623980752351781,0.2711449585454578,20.77,1026.787
1791111157.7427456,69.64737049429873,0.2306768905553563,0.268290940413705,0.27426578645590044,20.74,1026.783
1791111189.0944188,69.64737049429873,0.23158236233069587,0.26764995980271905,0.2701193981312937,20.74,1026.786
1791111220.4357955,69.64737049429873,0.23811220906568542,0.2614107394107607,0.2737713693435896,20.73,1026.789
1791111251.784236,69.64737049429873,0.2305393587264356,0.26395413786516847,0.2690769035582664,20.76,1026.782
1791111283.1567724,69.64737049429873,0.23676466621014514,0.2688841222611039,0.2715788614208451,20.74,1026.773
1791111314.455343,69.64737049429873,0.23418370288303875,0.26748316638694514,0.27138946434598205,20.74,1026.776
1791111345.799778,69.64737049429873,0.23269164012070095,0.26736299795187907,0.26859314850374205,20.76,1026.766
1791111377.1481533,69.64737049429873,0.23151280286956932,0.2690769035582664,0.269632894194395,20.74,1026.769
1791111408.4917905,69.64737049429873,0.23154753561958635,0.26514574680872655,0.26768692696794494,20.76,1026.765
1791111439.8372276,69.64737049429873,0.2322438183050424,0.2602546106354125,0.267770636890047,20.72,1026.741
1791111471.162838,69.64737049429873,0.2310256196451674,0.2662204413844737,0.2742968517886008,20.69,1026.747
1791111502.5132644,69.64737049429873,0.23332056419349192,0.26566344756349947,0.2699976076321609,20.67,1026.737
1791111533.8567839,69.64737049429873,0.23151280286956932,0.2614533060458637,0.2729366316789254,20.7,1026.738
1791111565.2012477,69.64737049429873,0.2314433242142059,0.2679649222860092,0.2701020256626875,20.67,1026.726
1791111596.5278108,69.64737049429873,0.23283267522493079,0.2653434888758934,0.2693548988763307,20.7,1026.711
1791111627.8762803,69.64737049429873,0.23259097788682434,0.2622451010508776,0.26645496968447335,20.7,1026.697
1791111659.2136848,69.64737049429873,0.2307837161728152,0.26355764963069034,0.264390885227077,20.72,1026.689
1791111690.5462685,69.64737049429873,0.22939499017883747,0.25959661379769516,0.26840006109948816,20.72,1026.699
1791111721.8937345,69.64737049429873,0.23279622523704263,0.26050245244393927,0.2677606619161444,20.74,1026.688
1791111753.2241435,69.64737049429873,0.23575793247215945,0.26144336069593105,0.2657833370898151,20.67,1026.713
1791111784.5688806,69.64737049429873,0.23161728338469803,0.26713893823776513,0.26785457357591574,20.69,1026.725
1791111815.92227,69.64737049429873,0.23161728338469803,0.26658118964922545,0.2677336952306183,20.67,1026.704
1791111847.2636244,69.64737049429873,0.23043161531915687,0.2618403266466385,0.26853330970911427,20.7,1026.715
1791111878.6163158,69.64737049429873,0.2292837775976397,0.26072482946955916,0.26423084455679396,20.72,1026.71
1791111909.959606,69.64737049429873,0.23566661427437702,0.26219562098393123,0.2664226561151471,20.72,1026.715
1791111941.3052945,69.64737049429873,0.23242070667978507,0.26072482946955916,0.2683391804324596,20.73,1026.725
1791111972.6368368,69.64737049429873,0.22949090851133894,0.26737171391449766,0.26670165643139504,20.72,1026.745
1791112003.9741738,69.64737049429873,0.22904557775700765,0.26299711117438185,0.26928390739983227,20.67,1026.726
1791112035.325657,69.64737049429873,0.23200077715976733,0.262127020606659,0.2716009269460823,20.67,1026.727
1791112066.6652567,69.64737049429873,0.2307837161728152,0.259347067426016,0.2630794626909945,20.69,1026.725
1791112098.0158393,69.64737049429873,0.23043555434732915,0.2644301807768761,0.26506561867374845,20.72,1026.7
1791112129.3592193,69.64737049429873,0.23008676489283184,0.26216892363671257,0.2691624936038681,20.74,1026.701
1791112160.688557,69.64737049429873,0.23099154498345775,0.2604895078504919,0.27149012720200827,20.72,1026.71
1791112192.0321856,69.64737049429873,0.22984102278072632,0.2638329789490118,0.2660619596813584,20.7,1026.703
1791112223.3766956,69.64737049429873,0.2302235414542666,0.26235620890472716,0.27370828968372785,20.67,1026.694
1791112254.717075,69.64737049429873,0.23252231521552955,0.2602982572239382,0.26570572633082856,20.69,1026.697
1791112286.0687358,69.64737049429873,0.2311997484457174,0.264827956832038,0.2639138243311114,20.67,1026.672
1791112317.4131806,69.64737049429873,0.22945884920017098,0.2625583542402762,0.2662204413844737,20.69,1026.69
1791112348.7445753,69.64737049429873,0.23597071979467946,0.26709346802627626,0.26709346802627626,20.66,1026.677
1791112380.0742404,69.64737049429873,0.23642127196234955,0.2639138243311114,0.2697192362893966,20.65,1026.696
1791112411.4176393,69.64737049429873,0.22984708102238438,0.262127020606659,0.26840006109948816,20.65,1026.689
1791112442.7661903,69.64737049429873,0.23349350284603643,0.26554366614793307,0.2715788614208451,20.66,1026.696
1791112474.085627,69.64737049429873,0.23252231521552955,0.2645892550322838,0.27111109300321784,20.65,1026.689
1791112505.4170175,69.64737049429873,0.23269584770175283,0.260929000085218,0.26653697624983347,20.65,1026.699
1791112536.7615654,69.64737049429873,0.22925202722816768,0.26554366614793307,0.26725127089157896,20.69,1026.704
1791112568.09523,69.64737049429873,0.2318607336734601,0.25823508615375884,0.2651064537425251,20.67,1026.723
1791112599.437585,69.64737049429873,0.22998311763302434,0.26351699719698046,0.2661770994823283,20.67,1026.717
1791112630.7820268,69.64737049429873,0.22991213427411045,0.25953651553278234,0.26984090122080656,20.67,1026.712
1791112662.123539,69.64737049429873,0.23151275832998627,0.26056364947393934,0.27358476965302814,20.66,1026.736
1791112693.466122,69.64737049429873,0.23081491980893898,0.2602408520684904,0.26949165959387494,20.65,1026.741
1791112724.8134856,69.64737049429873,0.23500181659156572,0.2587010248013209,0.26666366421922455,20.66,1026.756
1791112756.1609902,69.64737049429873,0.2355857812308881,0.25965364007586195,0.2626415338147341,20.67,1026.74
1791112787.4958382,69.64737049429873,0.2338093330728098,0.26148599390619226,0.2647883413289665,20.67,1026.747
1791112818.8360062,69.64737049429873,0.23019050561687465,0.2680490082328112,0.26749226554728267,20.67,1026.717
1791112850.1846285,69.64737049429873,0.228241906217525,0.264191944877817,0.267770636890047,20.7,1026.721
1791112881.519057,69.64737049429873,0.2318607336734601,0.26256478685444357,0.26752939143828464,20.69,1026.706
1791112912.8705761,69.64737049429873,0.23456662625607508,0.2645098782694585,0.270900892918793,20.7,1026.698
1791112944.1991096,69.64737049429873,0.23151280286956932,0.2597420161305269,0.2637167585818118,20.67,1026.682
1791112975.5485685,69.64737049429873,0.2404902452991515,0.26371396919008944,0.26542399269694794,20.67,1026.665
1791113006.8900788,69.64737049429873,0.2299447930681803,0.2598882065867497,0.2675758251898295,20.67,1026.659
1791113038.214505,69.64737049429873,0.23081491980893898,0.2595204761298036,0.26462906958933674,20.69,1026.672
1791113069.565098,69.64737049429873,0.23095551314689963,0.2597860848329938,0.2633126317927546,20.73,1026.664
1791113100.9045324,69.64737049429873,0.23126954030152205,0.2587910767898874,0.26911255360660136,20.74,1026.651
1791113132.1919408,69.64737049429873,0.22914875599290743,0.2613356880403259,0.2633575832377001,20.76,1026.646
1791113163.532629,69.64737049429873,0.22956946071452022,0.26110076921536307,0.2677238276126236,20.74,1026.641
1791113194.8750923,69.64737049429873,0.23539948717966758,0.25994696204634815,0.2662153413525893,20.73,1026.657
1791113226.2196004,69.64737049429873,0.23161695176920186,0.2596692168475526,0.26427199919754013,20.74,1026.684
1791113257.5521543,69.64737049429873,0.23161695176920186,0.26332073344895685,0.26689059201623694,20.72,1026.695
1791113288.8945503,69.64737049429873,0.23050597097401967,0.26840006109948816,0.2662153413525893,20.73,1026.706
1791113320.239946,69.64737049429873,0.23060971360777097,0.26645496968447335,0.26518496910536626,20.72,1026.706
1791113351.5667257,69.64737049429873,0.23057283684211957,0.26196698050417194,0.27284598433380786,20.72,1026.695
1791113382.9079163,69.64737049429873,0.23259097788682434,0.26721389420451847,0.26625873036161213,20.72,1026.685
1791113414.2634017,69.64737049429873,0.2365279649777661,0.2610467530335786,0.27138946434598205,20.72,1026.694
1791113445.6081269,69.64737049429873,0.23189603177078433,0.2657833370898151,0.26912680818833495,20.76,1026.689
1791113476.9524875,69.64737049429873,0.23140832757358099,0.26216124339975183,0.2724702792868548,20.74,1026.693
1791113508.2950363,69.64737049429873,0.23322161848163675,0.25993226266740527,0.2714783025950375,20.74,1026.67
1791113539.6196697,69.64737049429873,0.22984102278072632,0.25993226266740527,0.27076430406327284,20.76,1026.684
1791113570.9698975,69.64737049429873,0.23241747635898857,0.259697867949884,0.26550471449827173,20.79,1026.684
1791113602.31146,69.64737049429873,0.23172119441635086,0.26641690925146205,0.26637878017622574,20.79,1026.686
1791113633.6461072,69.64737049429873,0.2338768052869032,0.2609720584854058,0.269041189243826,20.82,1026.693
1791113664.9774806,69.64737049429873,0.23088758380991592,0.2661770994823283,0.2681699197578837,20.74,1026.69
1791113696.3129244,69.64737049429873,0.230053973203481,0.26704820227618176,0.2663351016186459,20.77,1026.692
1791113727.6446161,69.64737049429873,0.23522763935354404,0.26221075133215993,0.2702235344017836,20.77,1026.685
1791113758.9848318,69.64737049429873,0.23477776663994565,0.264827956832038,0.27398870997278574,20.76,1026.686
1791113790.3293808,69.64737049429873,0.23241747635898857,0.26176449081667946,0.26872691357885803,20.74,1026.685
1791113821.6798944,69.64737049429873,0.23147799433393879,0.2606505031747309,0.26987592690849016,20.76,1026.704
1791113853.026459,69.64737049429873,0.23269584770175283,0.2618067961500699,0.2683273795755754,20.74,1026.695
1791113884.358936,69.64737049429873,0.23182553093765063,0.26840006109948816,0.2697543558119297,20.76,1026.682
1791113915.7003505,69.64737049429873,0.23182553093765063,0.2603418252372838,0.2734017247380978,20.76,1026.668
1791113947.0449317,69.64737049429873,0.23230990262509335,0.26930459399042506,0.2717677475098724,20.73,1026.646
1791113978.384391,69.64737049429873,0.2365514513447437,0.262127020606659,0.27192309485413263,20.76,1026.663
1791114009.7309008,69.64737049429873,0.22932357307507198,0.26323900187891613,0.26395413786516847,20.74,1026.66
1791114041.0774226,69.64737049429873,0.23794142793506515,0.2684363038155025,0.27006728231235805,20.74,1026.67
1791114072.422942,69.64737049429873,0.23623234810326005,0.26050245244393927,0.2663731842701483,20.73,1026.647
1791114103.7573047,69.64737049429873,0.2360608749499307,0.2620510367346269,0.26954678504695917,20.73,1026.632
1791114135.0960262,69.64737049429873,0.23113125206184731,0.26216892363671257,0.2680381574453436,20.7,1026.622
1791114166.4444416,69.64737049429873,0.23033184340562599,0.26066293519530603,0.2698244053548233,20.72,1026.62
1791114197.7760468,69.64737049429873,0.2297437744158512,0.2617311762480086,0.2678443206951982,20.72,1026.6
1791114229.125353,69.64737049429873,0.23033184340562599,0.2585130814718231,0.2647481859712283,20.72,1026.602
1791114260.4589927,69.64737049429873,0.23196532139455528,0.26216124339975183,0.26490697378730194,20.74,1026.595
1791114291.802303,69.64737049429873,0.22910854790992144,0.26072482946955916,0.2649079438836065,20.74,1026.581
1791114323.1389675,69.64737049429873,0.23158236233069587,0.2620510367346269,0.26450959294288023,20.77,1026.588
1791114354.4784894,69.64737049429873,0.23300567776317962,0.2630794626909945,0.26939029880539694,20.77,1026.578
1791114385.8258312,69.64737049429873,0.2342220262356557,0.25927483365598525,0.26613878870475643,20.79,1026.576
1791114417.1603107,69.64737049429873,0.23040232163811272,0.2671683372150325,0.2702581216789373,20.77,1026.577
1791114448.5077755,69.64737049429873,0.2303691784686472,0.2607060972482929,0.27185685673890936,20.76,1026.576
1791114479.8523543,69.64737049429873,0.23075004408215496,0.2616980112798495,0.26458928932538484,20.79,1026.571
1791114511.2008116,69.64737049429873,0.23407849443394807,0.2614107394107607,0.26585670590080557,20.79,1026.576
1791114542.5343678,69.64737049429873,0.23140874759104652,0.26470821109495296,0.269476235265224,20.79,1026.575
1791114573.8657427,69.64737049429873,0.23407849443394807,0.2612930346524661,0.2678810631997742,20.8,1026.567
1791114605.222344,69.64737049429873,0.23189469696799742,0.26110076921536307,0.2662969503776234,20.79,1026.563
1791114636.5678384,69.64737049429873,0.23043555434732915,0.260415566708963,0.26355764963069034,20.8,1026.562
1791114667.907317,69.64737049429873,0.22945884920017098,0.2639924661005766,0.27123338577324224,20.77,1026.56
1791114699.2547293,69.64737049429873,0.23217244216679297,0.26057637777064385,0.26427096301106373,20.79,1026.547
1791114730.5915022,69.64737049429873,0.23203448611038155,0.25883598125116597,0.2639138243311114,20.79,1026.539
1791114761.9456863,69.64737049429873,0.23383891335956627,0.2672885802909083,0.2682793180102147,20.8,1026.547
1791114793.2763577,69.64737049429873,0.2313737203665525,0.26045904869827324,0.2664929616604534,20.82,1026.553
1791114824.623867,69.64737049429873,0.22991213427411045,0.264191944877817,0.2655825476113452,20.8,1026.552
1791114855.9792988,69.64737049429873,0.23116545401206093,0.2610897246637052,0.26848469746738324,20.8,1026.542
1791114887.31767,69.64737049429873,0.23099154498345775,0.26121817581103435,0.26594194447398656,20.79,1026.557
1791114918.606475,69.64737049429873,0.23168624312024574,0.2617311762480086,0.2662153413525893,20.79,1026.56
1791114949.9538078,69.64737049429873,0.23704291209836653,0.2614957961188985,0.26490697378730194,20.77,1026.553
1791114981.2852726,69.64737049429873,0.23067994194597685,0.27115810262423157,0.2721111782845992,20.77,1026.552
1791115012.6277776,69.64737049429873,0.2319285078173477,0.26193325580296073,0.2721111782845992,20.77,1026.55
1791115043.968238,69.64737049429873,0.23206804348529766,0.26760344289191,0.27315584904919327,20.77,1026.553
1791115075.2945938,69.64737049429873,0.2353335070442356,0.2616888599574663,0.2726006084334649,20.76,1026.555
1791115106.4753594,69.64737049429873,0.2314433242142059,0.26061969543942876,0.2715788614208451,20.76,1026.545
1791115137.82873,69.64737049429873,0.2350951908808168,0.26379499251504474,0.2667328398866183,20.72,1026.563
1791115169.1761537,69.64737049429873,0.23109559981984687,0.2617311762480086,0.2756246863552576,20.77,1026.557
1791115200.5175836,69.64737049429873,0.2331785247167543,0.26200904645015366,0.2666128468174414,20.76,1026.54
1791115231.8642554,69.64737049429873,0.2366163653475218,0.2663351016186459,0.269945789202988,20.77,1026.535
1791115263.1896756,69.64737049429873,0.23650996841112423,0.26152855026184857,0.27173450352522793,20.76,1026.535
1791115294.539225,69.64737049429873,0.2400417317986824,0.2623632879265127,0.26542399269694794,20.76,1026.527
1791115325.8975396,69.64737049429873,0.23588924744852557,0.2627244140343037,0.2729366316789254,20.74,1026.525
1791115357.2380939,69.64737049429873,0.2347111669270201,0.26268301124278753,0.2658992292801834,20.76,1026.524
1791115388.5868297,69.64737049429873,0.23276432310008066,0.26296100656085186,0.27006728231235805,20.74,1026.523
1791115419.9122233,69.64737049429873,0.23015755902926485,0.2594800408153396,0.2757487911918095,20.74,1026.51
1791115451.2616725,69.64737049429873,0.2312009173928384,0.261303425538235,0.27235567347956874,20.74,1026.503
1791115482.6033664,69.64737049429873,0.2370230898621769,0.26458928932538484,0.2691836615975704,20.73,1026.491
1791115513.9436915,69.64737049429873,0.2359547277953959,0.2627244140343037,0.27013670657837335,20.7,1026.48
1791115545.2901957,69.64737049429873,0.23033184340562599,0.2649463756246681,0.26522412082346364,20.72,1026.473
1791115576.6327548,69.64737049429873,0.23290090440889014,0.2712125068941441,0.2718900055945569,20.7,1026.474
1791115607.9840264,69.64737049429873,0.230053973203481,0.262328657042491,0.2713345151969658,20.7,1026.469
1791115639.3396387,69.64737049429873,0.23265951689184353,0.2616464673492337,0.26899154443123086,20.72,1026.461
1791115670.6841135,69.64737049429873,0.23687141784321641,0.2608975656415737,0.26764995980271905,20.7,1026.445
1791115702.0175498,69.64737049429873,0.22922036259704606,0.26057637777064385,0.2666128468174414,20.73,1026.443
1791115733.3711352,69.64737049429873,0.2347111669270201,0.26220321003476216,0.2647481859712283,20.72,1026.428
1791115764.712557,69.64737049429873,0.23036501078105323,0.2715788614208451,0.2699976076321609,20.72,1026.433
1791115796.046204,69.64737049429873,0.2343274888002293,0.26152855026184857,0.27117876312093797,20.72,1026.427
1791115827.3895407,69.64737049429873,0.23744960094390846,0.2591583005109685,0.2682064515791618,20.72,1026.407
1791115858.732006,69.64737049429873,0.22956946071452022,0.2615710299705304,0.26264769328683885,20.73,1026.414
1791115890.0767157,69.64737049429873,0.2348834794363579,0.2612930346524661,0.2639138243311114,20.76,1026.403
1791115921.42199,69.64737049429873,0.23158236233069587,0.2609720584854058,0.2655825476113452,20.76,1026.381
1791115952.7585638,69.64737049429873,0.23451064580819575,0.26439022413209845,0.26466884672364177,20.76,1026.383
1791115984.108985,69.64737049429873,0.22973734611065813,0.26113261886405503,0.2632757337659251,20.77,1026.382
1791116015.4385605,69.64737049429873,0.23099154498345775,0.2602982572239382,0.26518496910536626,20.79,1026.382
1791116046.7830725,69.64737049429873,0.23203448611038155,0.26136809600646943,0.26978941211021307,20.77,1026.372
1791116078.1335902,69.64737049429873,0.2310256196451674,0.26427096301106373,0.2645494599215508,20.77,1026.363
1791116109.4861338,69.64737049429873,0.2300158430211453,0.26363570378440576,0.2695624043103194,20.79,1026.361
1791116140.8145738,69.64737049429873,0.23255480502278583,0.26482723981326844,0.2634762714793982,20.79,1026.357
1791116172.165019,69.64737049429873,0.23099154498345775,0.2591137264499615,0.26704820227618176,20.82,1026.371
1791116203.5055254,69.64737049429873,0.2312009173928384,0.25876450120974687,0.26355764963069034,20.8,1026.363
1791116234.8539362,69.64737049429873,0.228603045433851,0.2638757245073553,0.2715235608916205,20.76,1026.361
1791116266.175555,69.64737049429873,0.230053973203481,0.26859314850374205,0.2712125068941441,20.77,1026.358
1791116297.5279694,69.64737049429873,0.22936318976890782,0.2715788614208451,0.27296883801116656,20.74,1026.346
1791116328.8585749,69.64737049429873,0.2322412341786442,0.2598739846603446,0.27074487546665216,20.74,1026.344
1791116360.2021992,69.64737049429873,0.23467214895595293,0.2643509831511734,0.2677606619161444,20.73,1026.33
1791116391.560585,69.64737049429873,0.23408770441557403,0.26196698050417194,0.26613878870475643,20.74,1026.32
1791116422.895981,69.64737049429873,0.2360608749499307,0.26085449831734947,0.2690769035582664,20.74,1026.317
1791116454.2475755,69.64737049429873,0.23192996145996375,0.26184902528859466,0.26824291760407354,20.76,1026.293
1791116485.5901322,69.64737049429873,0.22960156839313628,0.2649463756246681,0.2653434888758934,20.74,1026.271
1791116516.9335134,69.64737049429873,0.2291172449800419,0.26184902528859466,0.2678443206951982,20.76,1026.277
1791116548.2829475,69.64737049429873,0.22995048057642856,0.26367626766302354,0.26490697378730194,20.74,1026.274
1791116579.6067123,69.64737049429873,0.23088758380991592,0.2595082146308488,0.26367626766302354,20.76,1026.268
1791116610.9528885,69.64737049429873,0.230053973203481,0.26407298783310906,0.27018888483052356,20.76,1026.253
1791116642.2835925,69.64737049429873,0.23179042317743348,0.26216892363671257,0.27451320554667774,20.76,1026.246
1791116673.6300235,69.64737049429873,0.23418370288303875,0.26050245244393927,0.2627244140343037,20.76,1026.243
1791116704.9516768,69.64737049429873,0.23033184340562599,0.26002013667723256,0.2649463756246681,20.79,1026.216
1791116736.2719615,69.64737049429873,0.23002126994505043,0.26958196485307445,0.26859314850374205,20.77,1026.202
1791116767.6315994,69.64737049429873,0.23199906461849584,0.26252322159758323,0.2705356172081365,20.79,1026.193
1791116798.9650414,69.64737049429873,0.22980851900461047,0.26812219089734324,0.2692336717059231,20.77,1026.183
1791116830.3144932,69.64737049429873,0.23071354966539345,0.26808563253169587,0.2703105969053409,20.76,1026.188
1791116861.6600456,69.64737049429873,0.2289737813399463,0.12095417410844088,0.26792820569094045,20.76,1026.156
1791116892.9934585,69.64737049429873,0.11200954885193866,0.12340735689257484,0.12351858970404067,20.77,1026.144
1791116924.3399093,69.64737049429873,0.11241369079584491,0.12129754064749802,0.12485355097829554,20.77,1026.137
1791116955.666643,69.64737049429873,0.11107553549193225,0.12179422496453357,0.12329632423893655,20.74,1026.137
1791116987.0170739,69.64737049429873,0.11130320956438827,0.1221304015710905,0.12446329638838868,20.76,1026.135
1791117018.3995962,69.64737049429873,0.11074796894865996,0.12162985304616324,0.12435136403400378,20.76,1026.12
1791117049.7479148,69.64737049429873,0.11125318344778412,0.12168459436693889,0.12290799567415138,20.74,1026.128
1791117081.0785527,69.64737049429873,0.1104703486407958,0.1221304015710905,0.12446329638838868,20.73,1026.112
1791117112.4021518,69.64737049429873,0.11112552668542966,0.123741068791473,0.12301857904014099,20.74,1026.105
1791117143.7074804,69.64737049429873,0.11052004509434114,0.12390755598409872,0.1229067071513561,20.77,1026.1
1791117175.0439787,69.64737049429873,0.11042069686018648,0.12185278126322635,0.12390755598409872,20.8,1026.097
1791117206.3812935,69.64737049429873,0.11042069686018648,0.12340752023682737,0.12573946557332458,20.76,1026.1
1791117237.7128386,69.64737049429873,0.11087601969317643,0.12218824916195722,0.12501558140442703,20.79,1026.107
1791117269.0675054,69.64737049429873,0.11059877338511269,0.12224311832378965,0.12523658968016255,20.76,1026.111
1791117300.4099255,69.64737049429873,0.11052004509434114,0.12179422496453357,0.12340752023682737,20.79,1026.117
1791117331.7434545,69.64737049429873,0.11021245688548752,0.12251603557310849,0.12379683559226205,20.79,1026.102
1791117363.0900216,69.64737049429873,0.11104757091378024,0.12173938498418906,0.12563617354352327,20.8,1026.112
1791117394.4364228,69.64737049429873,0.11039128254960268,0.12134731059605709,0.12285136625644624,20.74,1026.096
1791117425.7761128,69.64737049429873,0.11054066842216138,0.12162568193882134,0.12246079596711405,20.76,1026.099
1791117457.1233392,69.64737049429873,0.11289436746995336,0.12151610441782794,0.12463157325692623,20.74,1026.102
1791117488.4658875,69.64737049429873,0.11145355821581006,0.12173938498418906,0.12574455680981178,20.74,1026.096
1791117519.7923424,69.64737049429873,0.1101627870694141,0.12089958948728674,0.12429730988488426,20.76,1026.098
1791117551.1417778,69.64737049429873,0.110769199571016,0.12424134284676773,0.12485355097829554,20.74,1026.089
1791117582.4723907,69.64737049429873,0.1119087710883189,0.12285136625644624,0.12479733348289633,20.73,1026.09
1791117613.8079333,69.64737049429873,0.11061957226161719,0.12112885396264893,0.12285136625644624,20.76,1026.078
1791117645.1394382,69.64737049429873,0.1113532806907278,0.12168459436693889,0.1235740694377321,20.74,1026.073
1791117676.4749298,69.64737049429873,0.1106981923893857,0.12152051802815528,0.12246308864254989,20.74,1026.062
1791117707.8143787,69.64737049429873,0.11195913729186459,0.12296326249468296,0.12379612341827546,20.73,1026.061
1791117739.163791,69.64737049429873,0.11185845018011659,0.12379612341827546,0.12379612341827546,20.73,1026.047
1791117770.5093758,69.64737049429873,0.11102558925652412,0.12335181557980876,0.12385181463652765,20.72,1026.038
1791117801.8498826,69.64737049429873,0.11029191607899472,0.12168459436693889,0.12340735689257484,20.72,1026.043
1791117833.1844327,69.64737049429873,0.11094752364301394,0.12262858660465047,0.12501903679267864,20.73,1026.036
1791117864.531884,69.64737049429873,0.10960629529297132,0.12051887225098101,0.12251820497337382,20.74,1026.031
1791117895.876338,69.64737049429873,0.11117556289774577,0.12290799567415138,0.12396334752870343,20.74,1026.039
1791117927.2178688,69.64737049429873,0.11019272833293164,0.12140672416479391,0.12573946557332458,20.74,1026.034
1791117958.5624099,69.64737049429873,0.1096868094979545,0.1204105359113584,0.12251820497337382,20.74,1026.037
1791117989.9087522,69.64737049429873,0.10996455469675004,0.12074230003176971,0.12235300461575294,20.77,1026.021
1791118021.2394137,69.64737049429873,0.11107553549193225,0.12085098376050395,0.12268564218681882,20.76,1026.03
1791118052.5858305,69.64737049429873,0.10996455469675004,0.12062740371193187,0.12229537562031766,20.77,1026.02
1791118083.9282248,69.64737049429873,0.1105697862811397,0.12079661744977657,0.12196246456908387,20.77,1026.026
1791118115.2629313,69.64737049429873,0.11009371882965496,0.12152051802815528,0.12335181557980876,20.77,1026.005
1791118146.6172802,69.64737049429873,0.11032152707704895,0.12107976170079167,0.12241042676855789,20.76,1026.01
1791118177.9558709,69.64737049429873,0.1117579440055515,0.12157516095536218,0.12495946781487115,20.76,1026.008
1791118209.3043394,69.64737049429873,0.1105697862811397,0.12107436264857212,0.1235740694377321,20.74,1025.993
1791118240.6578658,69.64737049429873,0.11034157694355289,0.12184911437471234,0.12629470618905292,20.79,1025.972
1791118272.0064611,69.64737049429873,0.11061957226161719,0.12162985304616324,0.1229067071513561,20.82,1025.982
1791118303.3578615,69.64737049429873,0.11009371882965496,0.12135210784736769,0.12251820497337382,20.82,1025.962
1791118334.6932583,69.64737049429873,0.11052004509434114,0.12112885396264893,0.12274083384134545,20.83,1025.97
1791118366.0447507,69.64737049429873,0.11256553948806726,0.12107436264857212,0.12274083384134545,20.82,1025.962
1791118397.3951936,69.64737049429873,0.11011316200289703,0.12074230003176971,0.12390755598409872,20.83,1025.965
1791118428.7236843,69.64737049429873,0.11102558925652412,0.12246537102724862,0.12313014937417795,20.83,1025.944
1791118460.065299,69.64737049429873,0.11138049641559303,0.12091118247298253,0.12662219900661947,20.8,1025.93
1791118491.4106245,69.64737049429873,0.1110037258914085,0.12196926419536,0.12390659617217208,20.82,1025.916
1791118522.7011807,69.64737049429873,0.11049953279873673,0.12157943416601223,0.1239056406606668,20.82,1025.911
1791118554.0548337,69.64737049429873,0.1104499792622385,0.12157943416601223,0.12301961475783141,20.83,1025.891
1791118585.3971775,69.64737049429873,0.11092583141760323,0.12263050014495216,0.12385098035370556,20.84,1025.886
1791118616.7476954,69.64737049429873,0.11042069686018648,0.1217980135573545,0.1249066046497321,20.86,1025.872
1791118648.086195,69.64737049429873,0.11019272833293164,0.12162985304616324,0.12351850311041129,20.87,1025.86
1791118679.43569,69.64737049429873,0.11084765648328468,0.1235740694377321,0.12590931475515352,20.84,1025.852
1791118710.7650485,69.64737049429873,0.11107553549193225,0.12185278126322635,0.1235740694377321,20.84,1025.861
1791118742.1115415,69.64737049429873,0.11052004509434114,0.12101992033963385,0.12324088280254714,20.86,1025.851
1791118773.435173,69.64737049429873,0.1105697862811397,0.12268564218681882,0.12301857904014099,20.87,1025.85
1791118804.7716842,69.64737049429873,0.11019272833293164,0.12124302249895606,0.12379612341827546,20.87,1025.844
1791118836.1311095,69.64737049429873,0.1104703486407958,0.12324088280254714,0.12346298673254982,20.86,1025.848
1791118867.4685912,69.64737049429873,0.11042069686018648,0.12202066592358024,0.1241295598353232,20.86,1025.846
1791118898.8231566,69.64737049429873,0.1106981923893857,0.12152051802815528,0.12485046437854594,20.86,1025.84
1791118930.1525242,69.64737049429873,0.11082625268501024,0.12141601377670093,0.12351850311041129,20.84,1025.844
1791118961.4970145,69.64737049429873,0.11040047015040377,0.12158368824775447,0.12362901545133725,20.83,1025.844
1791118992.8366408,69.64737049429873,0.11080496386294028,0.12164225453736051,0.12291055542337592,20.86,1025.84
1791119024.1761575,69.64737049429873,0.11047913064108973,0.12174718761078596,0.1233526756463503,20.84,1025.84
1791119055.5255697,69.64737049429873,0.11105352786710049,0.12191112729666584,0.12290927841856372,20.84,1025.84
1791119086.8659673,69.64737049429873,0.11087601969317643,0.12229803678622966,0.12390659617217208,20.82,1025.827
1791119118.2166076,69.64737049429873,0.11052004509434114,0.12185278126322635,0.12368489109947679,20.86,1025.817
1791119149.5503252,69.64737049429873,0.11125318344778412,0.12263050014495216,0.12274083384134545,20.84,1025.81
1791119180.8885417,69.64737049429873,0.11120320228025264,0.12152051802815528,0.12784545403921818,20.86,1025.803
1791119212.2421532,69.64737049429873,0.1106981923893857,0.12202066592358024,0.12296326249468296,20.83,1025.804
1791119243.5965874,69.64737049429873,0.11064846055495381,0.12246308864254989,0.12290799567415138,20.83,1025.804
1791119274.9409337,69.64737049429873,0.11286742745614921,0.12229803678622966,0.12301857904014099,20.86,1025.793
1791119306.2915666,69.64737049429873,0.11052004509434114,0.12290799567415138,0.12340752023682737,20.86,1025.778
1791119337.6300902,69.64737049429873,0.11064846055495381,0.12230068602348752,0.12374048226174905,20.87,1025.779
1791119368.9813743,69.64737049429873,0.11032152707704895,0.12141137939959844,0.12423793046794303,20.87,1025.774
1791119400.3080027,69.64737049429873,0.11082625268501024,0.12241042676855789,0.12257540764887909,20.87,1025.782
1791119431.6528337,69.64737049429873,0.11067721935675455,0.12252251461401908,0.12296442183692168,20.83,1025.782
1791119462.9949281,69.64737049429873,0.11054913081971886,0.12191112729666584,0.12362901545133725,20.84,1025.781
1791119494.3244877,69.64737049429873,0.11092583141760323,0.12246308864254989,0.12329673662312278,20.84,1025.765
1791119525.6729674,69.64737049429873,0.11042069686018648,0.12135210784736769,0.12296326249468296,20.82,1025.773
1791119557.0154934,69.64737049429873,0.11029191607899472,0.12162985304616324,0.12307394537766378,20.84,1025.775
1791119588.3640037,69.64737049429873,0.11029191607899472,0.1221304015710905,0.12340735689257484,20.79,1025.774
1791119619.6874146,69.64737049429873,0.1109756879185849,0.12129754064749802,0.12385181463652765,20.82,1025.77
1791119651.037065,69.64737049429873,0.1096868094979545,0.12174329506093082,0.12301857904014099,20.8,1025.763
1791119682.378391,69.64737049429873,0.11120320228025264,0.1214659241982814,0.12318549120335061,20.8,1025.763
1791119713.7268991,69.64737049429873,0.11054913081971886,0.12174329506093082,0.12290799567415138,20.8,1025.762
1791119745.0685127,69.64737049429873,0.11009371882965496,0.12124302249895606,0.12379612341827546,20.77,1025.752
1791119776.4168983,69.64737049429873,0.1107268525768235,0.1223580476552743,0.12307485724798087,20.74,1025.736
1791119807.760485,69.64737049429873,0.11057808628535078,0.12142062743596693,0.12296557598939731,20.76,1025.73
1791119839.1099901,69.64737049429873,0.11052858631461171,0.12290927841856372,0.1234078447336767,20.74,1025.739
1791119870.4644463,69.64737049429873,0.11299251060637372,0.12107976170079167,0.1239056406606668,20.77,1025.733
1791119901.8098383,69.64737049429873,0.11059877338511269,0.12196587201572592,0.1251804021103768,20.79,1025.728
1791119933.154391,69.64737049429873,0.11054913081971886,0.12174329506093082,0.12529282771249078,20.8,1025.718
1791119964.507802,69.64737049429873,0.11029191607899472,0.12146138966612477,0.12423963282477565,20.8,1025.712
1791119995.845467,69.64737049429873,0.11107553549193225,0.12218534344375434,0.12285136625644624,20.8,1025.704
1791120027.17683,69.64737049429873,0.1113532806907278,0.12157516095536218,0.12462898434186795,20.82,1025.703
1791120058.5082793,69.64737049429873,0.11120320228025264,0.12224311832378965,0.12263050014495216,20.84,1025.692
1791120089.8488266,69.64737049429873,0.11027200895442746,0.12362934986410834,0.12418384248023583,20.86,1025.672
1791120121.1711895,69.64737049429873,0.1106981923893857,0.12101992033963385,0.126124566636682,20.9,1025.668
1791120152.5157716,69.64737049429873,0.11059877338511269,0.12191112729666584,0.12351850311041129,20.9,1025.672
1791120183.850347,69.64737049429873,0.11027200895442746,0.12157943416601223,0.12418384248023583,20.87,1025.666
1791120215.2008007,69.64737049429873,0.11042069686018648,0.12290927841856372,0.12301961475783141,20.89,1025.665
1791120246.5313284,69.64737049429873,0.11160752293546426,0.12119368919808438,0.12484739162065876,20.87,1025.675
1791120277.8639007,69.64737049429873,0.11077653033291861,0.12202393681713673,0.1225774352298383,20.87,1025.672
1791120309.1503334,69.64737049429873,0.11067721935675455,0.12185643170019411,0.12368443205524145,20.9,1025.664
1791120340.4988225,69.64737049429873,0.11125318344778412,0.12163400543137445,0.1225203646318534,20.84,1025.664
1791120371.8262136,69.64737049429873,0.1104499792622385,0.12135688356608305,0.12324141937110356,20.84,1025.68
1791120403.1677992,69.64737049429873,0.11022253526455483,0.12124803853105369,0.12274249289254001,20.83,1025.666
1791120434.5131638,69.64737049429873,0.11012372094405297,0.12169263898603047,0.12318615173314872,20.83,1025.654
1791120465.8637915,69.64737049429873,0.11057808628535078,0.12113938856737139,0.12639526754463268,20.87,1025.653
1791120497.1921577,69.64737049429873,0.1104499792622385,0.12191112729666584,0.12252251461401908,20.84,1025.647
1791120528.5396528,69.64737049429873,0.11049953279873673,0.12102543909764846,0.12301961475783141,20.8,1025.635
1791120559.877217,69.64737049429873,0.11027200895442746,0.12130243663183034,0.12274249289254001,20.8,1025.621
1791120591.2246315,69.64737049429873,0.11037108969230437,0.12174329506093082,0.12357385848841418,20.82,1025.614
1791120622.5682225,69.64737049429873,0.11059877338511269,0.12191112729666584,0.1233521035560446,20.83,1025.599
1791120653.9037018,69.64737049429873,0.11077653033291861,0.12135688356608305,0.12501558140442703,20.82,1025.599
1791120685.2472858,69.64737049429873,0.11067721935675455,0.1218055398871727,0.12373989836231873,20.82,1025.582
1791120716.5737555,69.64737049429873,0.11020287675703894,0.1211988020905572,0.12268919844106875,20.83,1025.576
1791120747.9170995,69.64737049429873,0.11015358887495957,0.12108513657348119,0.12263430153932511,20.8,1025.573
1791120779.2637644,69.64737049429873,0.11085458760872263,0.12124803853105369,0.12279913982334864,20.82,1025.568
1791120810.6103182,69.64737049429873,0.11017310594765349,0.1215249118456387,0.12290927841856372,20.84,1025.559
1791120841.937811,69.64737049429873,0.11025220876628315,0.12136163789685304,0.12230068602348752,20.86,1025.546
1791120873.270271,69.64737049429873,0.11007438019418975,0.12147043840443518,0.12302064583708415,20.8,1025.536
1791120904.6148562,69.64737049429873,0.1104499792622385,0.12141601377670093,0.12340768284889067,20.79,1025.534
1791120935.94414,69.64737049429873,0.11080496386294028,0.12136163789685304,0.1221911418669686,20.8,1025.528
1791120967.2747095,69.64737049429873,0.1103510054035193,0.12074844156346656,0.123297147160456,20.82,1025.523
1791120998.6092513,69.64737049429873,0.10984697173770219,0.12163813922022489,0.12373989836231873,20.79,1025.515
1791121029.9576006,69.64737049429873,0.11025220876628315,0.12064019078538281,0.12307576503267817,20.79,1025.511
1791121061.3022494,69.64737049429873,0.10984697173770219,0.121090487428709,0.1225774352298383,20.79,1025.509
1791121092.6577275,69.64737049429873,0.11078378909311848,0.1222541286500142,0.12269096465525323,20.83,1025.51
1791121124.0142658,69.64737049429873,0.10979136932817511,0.12121400447881642,0.12417757814018494,20.8,1025.5
1791121155.342659,69.64737049429873,0.10979136932817511,0.12093405873401049,0.12236552816023867,20.77,1025.503
1791121186.685032,69.64737049429873,0.11008507284274564,0.121090487428709,0.12236304576598009,20.77,1025.489
1791121218.027706,69.64737049429873,0.1109819798661294,0.12175106275133706,0.12191813809168629,20.79,1025.479
1791121249.3751075,69.64737049429873,0.10987745854456964,0.12186006579608304,0.12313171440328677,20.77,1025.481
1791121280.720861,69.64737049429873,0.10992662287298811,0.12064654142977731,0.12318680930742673,20.79,1025.47
1791121312.0681195,69.64737049429873,0.10987745854456964,0.12103093315109732,0.12285558407289683,20.79,1025.456
1791121343.4126358,69.64737049429873,0.10965036898893732,0.12092267176016724,0.12241282089274017,20.76,1025.461
1791121374.741197,69.64737049429873,0.11010434506086433,0.12097677823502029,0.122027193081727,20.76,1025.457
1791121406.0716572,69.64737049429873,0.11042971920534951,0.12268919844106875,0.12208179377122351,20.76,1025.452
1791121437.4141386,69.64737049429873,0.11015358887495957,0.12097677823502029,0.12263430153932511,20.77,1025.452
1791121468.7625449,69.64737049429873,0.11052858631461171,0.12069429190188367,0.12241282089274017,20.76,1025.454
1791121500.1070888,69.64737049429873,0.11067721935675455,0.12130731069942591,0.12241042676855789,20.79,1025.462
1791121531.4356055,69.64737049429873,0.11057808628535078,0.12125800341331006,0.12246764319034044,20.8,1025.471
1791121562.7830474,69.64737049429873,0.10998699722945283,0.12181670393760892,0.12258146324758558,20.8,1025.458
1791121594.123484,69.64737049429873,0.11019344127269987,0.12214540525900988,0.12351807591799153,20.8,1025.448
1791121625.4670806,69.64737049429873,0.11011486729417652,0.12159213953600582,0.12302371155373445,20.79,1025.46
1791121656.8125665,69.64737049429873,0.11133506353102329,0.12225139448528555,0.1230226942043599,20.82,1025.454
1791121688.163056,69.64737049429873,0.110331028810004,0.12086861366157169,0.12583148168546132,20.84,1025.453
1791121719.5095515,69.64737049429873,0.11042971920534951,0.12103093315109732,0.12307666875915269,20.82,1025.431
1791121750.8429754,69.64737049429873,0.11015358887495957,0.12092267176016724,0.12296557598939731,20.83,1025.438
1791121782.1805646,69.64737049429873,0.11020287675703894,0.12119368919808438,0.12285558407289683,20.83,1025.427
1791121813.5149353,69.64737049429873,0.10979775498486022,0.12086276335804186,0.1225774352298383,20.8,1025.424
1791121844.8685136,69.64737049429873,0.1103510054035193,0.12263430153932511,0.12351833108605445,20.8,1025.419
1791121876.212938,69.64737049429873,0.11181037085729921,0.12064654142977731,0.12263430153932511,20.83,1025.419
1791121907.552649,69.64737049429873,0.11062763061284883,0.12108513657348119,0.12263430153932511,20.84,1025.409
1791121938.9071033,69.64737049429873,0.11090425582217837,0.12131216299712047,0.1221911418669686,20.86,1025.425
1791121970.2465363,69.64737049429873,0.11058630491341964,0.12280368564720583,0.12346310116492934,20.89,1025.432
1791122001.5770772,69.64737049429873,0.11071343170898991,0.12192508651036782,0.12368306718605063,20.87,1025.42
1791122032.9284763,69.64737049429873,0.1123621027005648,0.12165043024952615,0.12384768033625944,20.89,1025.412
1791122064.2729814,69.64737049429873,0.11081206713188799,0.12147940638296137,0.1231332654956426,20.86,1025.413
1791122095.6134818,69.64737049429873,0.11023251465521365,0.12147493242094713,0.12318746394597692,20.89,1025.408
1791122126.892982,69.64737049429873,0.11125811019651934,0.12164225453736051,0.12230332341211694,20.86,1025.4
1791122158.2335193,69.64737049429873,0.11042971920534951,0.12197264121036219,0.12252465498475744,20.86,1025.402
1791122189.5879722,69.64737049429873,0.11088279591865555,0.12114462054876932,0.12445670319514082,20.89,1025.397
1791122220.9354613,69.64737049429873,0.11005514525567824,0.12153364063226246,0.12219402164601205,20.84,1025.386
1791122252.2759213,69.64737049429873,0.11028174973205847,0.12131216299712047,0.1226361895080721,20.87,1025.383
1791122283.6084487,69.64737049429873,0.1109819798661294,0.12152928600312189,0.12329755586331513,20.87,1025.371
1791122314.946893,69.64737049429873,0.11065635883525958,0.12158792332874702,0.12291055542337592,20.86,1025.369
1791122346.2954164,69.64737049429873,0.11065635883525958,0.12147493242094713,0.1262758489663984,20.89,1025.369
1791122377.6390145,69.64737049429873,0.11042971920534951,0.1212530321190711,0.12313171440328677,20.87,1025.36
1791122408.9914808,69.64737049429873,0.11060691236432976,0.12114982919292377,0.12318680930742673,20.86,1025.345
1791122440.3329048,69.64737049429873,0.11034043759176777,0.12192508651036782,0.1230226942043599,20.83,1025.343
1791122471.6772852,69.64737049429873,0.11029139526238413,0.12159633699541722,0.12329836781457612,20.83,1025.358
1791122503.0258563,69.64737049429873,0.11121349233754316,0.12131699367044117,0.12543981484056582,20.84,1025.354
1791122534.3633208,69.64737049429873,0.11096035023857735,0.1219760031621951,0.12307756845455688,20.84,1025.36
1791122565.6948555,69.64737049429873,0.11040956759239645,0.12186728540157048,0.12390374242382822,20.84,1025.361
1791122597.0274725,69.64737049429873,0.11036034138235444,0.12203043481527347,0.12258146324758558,20.84,1025.353
1791122628.3739555,69.64737049429873,0.11028174973205847,0.1218055398871727,0.12318746394597692,20.84,1025.353
1791122659.7164304,69.64737049429873,0.11015358887495957,0.12153364063226246,0.12313171440328677,20.86,1025.354
1791122691.0479019,69.64737049429873,0.11028174973205847,0.12246990520033783,0.12324248531850633,20.87,1025.35
1791122722.3843033,69.64737049429873,0.10963229508825112,0.12087443786983333,0.12269096465525323,20.86,1025.346
1791122753.7377598,69.64737049429873,0.11031115904785498,0.1208205458874894,0.1255560903623709,20.84,1025.336
1791122785.1224701,69.64737049429873,0.10968124021730884,0.12125800341331006,0.1219760031621951,20.83,1025.334
1791122816.470883,69.64737049429873,0.11031115904785498,0.12099346760366428,0.12225139448528555,20.82,1025.322
1791122847.8144665,69.64737049429873,0.10982173600982435,0.12126787971497917,0.1242864129394428,20.82,1025.317
1791122879.1678863,69.64737049429873,0.11046760966816493,0.12209419591330836,0.12285974567433205,20.84,1025.306
1791122910.5203595,69.64737049429873,0.11041857619620664,0.12121400447881642,0.12433976695312861,20.83,1025.294
1791122941.8648381,69.64737049429873,0.11011486729417652,0.1212089595792145,0.12313403587358468,20.84,1025.292
1791122973.2112596,69.64737049429873,0.11036034138235444,0.12109581442709821,0.1224175771326998,20.84,1025.293
1791123004.5538602,69.64737049429873,0.10953453576352801,0.12076670193931187,0.12247215712514228,20.84,1025.3
1791123035.8993542,69.64737049429873,0.11021292577105396,0.12126295256273321,0.12324301472939377,20.82,1025.306
1791123067.2328496,69.64737049429873,0.11026202053026454,0.12104184780487652,0.12219688858553347,20.83,1025.311
1791123098.5595179,69.64737049429873,0.10971197392864113,0.1209879292619215,0.12214243126713514,20.83,1025.307
1791123129.8918319,69.64737049429873,0.1094369506278294,0.12148386042441853,0.12291309236760353,20.82,1025.305
1791123161.2363214,69.64737049429873,0.11011486729417652,0.12110111772784284,0.12258346380523458,20.83,1025.298
1791123192.5808609,69.64737049429873,0.11016387471179827,0.1212089595792145,0.12280368564720583,20.84,1025.291
1791123223.9202185,69.64737049429873,0.11008507284274564,0.1208205458874894,0.12258346380523458,20.82,1025.291
1791123255.2556977,69.64737049429873,0.11003601318229034,0.12187087112721356,0.12379261004978787,20.86,1025.303
1791123286.5943735,69.64737049429873,0.11024239650871212,0.12121400447881642,0.12280518746409379,20.82,1025.282
1791123317.942819,69.64737049429873,0.10987048279659038,0.12138044418853182,0.12335352425502397,20.86,1025.277
1791123349.2872238,69.64737049429873,0.11009566112196217,0.12165449088833996,0.12269621628030171,20.86,1025.273
1791123380.628808,69.64737049429873,0.11024239650871212,0.12126787971497917,0.12253101906862869,20.86,1025.275
1791123411.964183,69.64737049429873,0.11006590345997143,0.12082646146700118,0.12241993939080623,20.89,1025.259
1791123443.309709,69.64737049429873,0.11038952355501819,0.12126295256273321,0.12252890714861002,20.89,1025.256
1791123474.638316,69.64737049429873,0.10998699722945283,0.12126295256273321,0.12318811566841525,20.9,1025.261
1791123505.9786148,69.64737049429873,0.10966312408064595,0.12010935619839846,0.12236304576598009,20.89,1025.266
1791123537.3122497,69.64737049429873,0.1094369506278294,0.12088023615703512,0.12203366211482655,20.86,1025.263
1791123568.6607368,69.64737049429873,0.10984021103333487,0.1212089595792145,0.12219974277120947,20.86,1025.267
1791123600.0000968,69.64737049429873,0.10966312408064595,0.12093405873401049,0.12291309236760353,20.86,1025.258
1791123631.34763,69.64737049429873,0.10993802492584996,0.1213218028636209,0.12230856296003055,20.86,1025.252
1791123662.6871376,69.64737049429873,0.11006590345997143,0.12077273460002824,0.12241993939080623,20.82,1025.254
1791123694.0377383,69.64737049429873,0.10984021103333487,0.12126787971497917,0.12197935015141839,20.82,1025.251
1791123725.3642056,69.64737049429873,0.10996810630945951,0.12099346760366428,0.12236552816023867,20.82,1025.238
1791123756.714752,69.64737049429873,0.1094195259109543,0.12093971427956379,0.12263994027155355,20.77,1025.232
1791123788.0522366,69.64737049429873,0.10974257103975436,0.12099346760366428,0.12258545547507944,20.79,1025.225
1791123819.3997471,69.64737049429873,0.11001698315106924,0.12049820046823193,0.12209111604892378,20.8,1025.225
1791123850.7440915,69.64737049429873,0.11011486729417652,0.12088023615703512,0.12241993939080623,20.8,1025.232
1791123882.0906527,69.64737049429873,0.11011486729417652,0.12115501465563093,0.1222541286500142,20.79,1025.235
1791123913.3791165,69.64737049429873,0.1094369506278294,0.1212089595792145,0.1222541286500142,20.79,1025.236
1791123944.6816137,69.64737049429873,0.110762727461462,0.12104184780487652,0.12263806906679181,20.79,1025.244
1791123976.0301707,69.64737049429873,0.11026202053026454,0.12065915788880649,0.1229678688638291,20.79,1025.243
1791124007.3775244,69.64737049429873,0.10966312408064595,0.12088023615703512,0.12230856296003055,20.79,1025.259
1791124038.714205,69.64737049429873,0.11016387471179827,0.1209879292619215,0.1222541286500142,20.77,1025.256
1791124070.0636537,69.64737049429873,0.1094369506278294,0.1209879292619215,0.12291309236760353,20.76,1025.249
1791124101.4040003,69.64737049429873,0.11003601318229034,0.12104184780487652,0.12236304576598009,20.76,1025.243
1791124132.7575097,69.64737049429873,0.10988909621320246,0.12126787971497917,0.12208802246516838,20.77,1025.238
1791124164.1022334,69.64737049429873,0.1094681589284395,0.12121400447881642,0.12236552816023867,20.77,1025.228
1791124195.4356594,69.64737049429873,0.10956555477249322,0.12082646146700118,0.12291435238286842,20.76,1025.225
1791124226.7939944,69.64737049429873,0.11006590345997143,0.11978112216265185,0.1222541286500142,20.79,1025.218
1791124258.136602,69.64737049429873,0.11016387471179827,0.12077273460002824,0.12390279964158911,20.76,1025.217
1791124289.4661572,69.64737049429873,0.11011486729417652,0.12417757814018494,0.12335324264439748,20.77,1025.228
1791124320.803631,69.64737049429873,0.10993802492584996,0.1213757739886845,0.12307846414580166,20.8,1025.218
1791124352.153081,69.64737049429873,0.11088950585536042,0.12104726873182457,0.12307846414580166,20.82,1025.215
1791124383.5074944,69.64737049429873,0.11021292577105396,0.12148386042441853,0.12247439903205114,20.83,1025.212
1791124414.8639483,69.64737049429873,0.11021292577105396,0.12236304576598009,0.12368306718605063,20.83,1025.195
1791124446.2066078,69.64737049429873,0.11053704383107626,0.12093405873401049,0.12263806906679181,20.83,1025.19
1791124477.5492551,69.64737049429873,0.11016387471179827,0.12175876126962253,0.12280368564720583,20.83,1025.186
1791124508.8925064,69.64737049429873,0.11029139526238413,0.12214540525900988,0.12340816634084663,20.84,1025.174
1791124540.2400599,69.64737049429873,0.11071343170898991,0.12175876126962253,0.12296900765439887,20.83,1025.165
1791124571.5846622,69.64737049429873,0.11021292577105396,0.12170457165282256,0.12307846414580166,20.87,1025.15
1791124602.9168725,69.64737049429873,0.11026202053026454,0.12148386042441853,0.12395796803125465,20.86,1025.142
1791124634.2604966,69.64737049429873,0.11043865321039409,0.12088023615703512,0.12236304576598009,20.82,1025.131
1791124665.6010084,69.64737049429873,0.11048782661625799,0.12148386042441853,0.12274905529289279,20.82,1025.121
1791124696.9545553,69.64737049429873,0.10998699722945283,0.12170457165282256,0.12285836465043859,20.83,1025.124
1791124728.29701,69.64737049429873,0.10988909621320246,0.12093405873401049,0.12329836781457612,20.83,1025.116
1791124759.635679,69.64737049429873,0.11021292577105396,0.1209879292619215,0.12285836465043859,20.8,1025.102
1791124790.9730353,69.64737049429873,0.10971197392864113,0.12043788266029808,0.12181299916435666,20.8,1025.099
1791124822.3155625,69.64737049429873,0.11026202053026454,0.12038425704360246,0.12208802246516838,20.77,1025.083
1791124853.6495123,69.64737049429873,0.11011486729417652,0.1222541286500142,0.12258346380523458,20.8,1025.087
1791124884.986467,69.64737049429873,0.10976086731672569,0.12131699367044117,0.12390279964158911,20.79,1025.069
1791124916.3309944,69.64737049429873,0.10976086731672569,0.12126295256273321,0.12269272299826445,20.79,1025.067
1791124947.6812997,69.64737049429873,0.11026202053026454,0.12065286373449322,0.12186728540157048,20.79,1025.065
1791124979.018098,69.64737049429873,0.11100986616903138,0.12053872032005745,0.12280217713146645,20.76,1025.069
1791125010.355523,69.64737049429873,0.11015358887495957,0.12081460387438321,0.12246990520033783,20.77,1025.07
1791125041.6920195,69.64737049429873,0.10977926170135247,0.12125800341331006,0.12246990520033783,20.79,1025.065
1791125073.0444567,69.64737049429873,0.10985878494621558,0.12054527734788058,0.12291182672702453,20.8,1025.081
1791125104.3709064,69.64737049429873,0.10921057558559638,0.12137108296670703,0.12247215712514228,20.8,1025.077
1791125135.7162974,69.64737049429873,0.11003601318229034,0.1207129059611098,0.12225139448528555,20.77,1025.074
1791125167.0689907,69.64737049429873,0.10893542972003172,0.12093405873401049,0.12291309236760353,20.79,1025.081
1791125198.4223647,69.64737049429873,0.10966312408064595,0.12137108296670703,0.12236304576598009,20.77,1025.082
1791125229.7668386,69.64737049429873,0.11003601318229034,0.12109581442709821,0.1230226942043599,20.76,1025.066
1791125261.1155872,69.64737049429873,0.10980980430313683,0.12076670193931187,0.12329796274396873,20.82,1025.055
1791125292.4509819,69.64737049429873,0.10976086731672569,0.12197935015141839,0.12379330646052307,20.82,1025.048
1791125323.7874591,69.64737049429873,0.10971197392864113,0.12076670193931187,0.1231332654956426,20.8,1025.046
1791125355.1288614,69.64737049429873,0.10980980430313683,0.12137108296670703,0.12164635150631584,20.8,1025.032
1791125386.4803696,69.64737049429873,0.10963229508825112,0.12086861366157169,0.12516903578834634,20.83,1025.04
1791125417.816714,69.64737049429873,0.10977926170135247,0.12108513657348119,0.12197264121036219,20.86,1025.025
1791125449.163213,69.64737049429873,0.10976703446092148,0.12051887225098101,0.12196926419536,20.82,1025.018
1791125480.499764,69.64737049429873,0.10966854019619106,0.12037041109938737,0.1219075982449588,20.82,1025.006
1791125511.8302164,69.64737049429873,0.10965036898893732,0.12108513657348119,0.122027193081727,20.8,1024.998
1791125543.168848,69.64737049429873,0.10979775498486022,0.12152928600312189,0.12196926419536,20.82,1024.982
1791125574.5102854,69.64737049429873,0.10968124021730884,0.12043109175645283,0.12263430153932511,20.84,1024.971
1791125605.8657835,69.64737049429873,0.10977926170135247,0.12086861366157169,0.12230594903142952,20.83,1024.958
1791125637.2083323,69.64737049429873,0.10973022906880536,0.12026283676573167,0.12307666875915269,20.84,1024.95
1791125668.549048,69.64737049429873,0.1096013282141797,0.12230332341211694,0.12351833108605445,20.8,1024.941
1791125699.9002337,69.64737049429873,0.10942307612129744,0.12124803853105369,0.12313171440328677,20.82,1024.934
1791125731.1836777,69.64737049429873,0.10987745854456964,0.12053213392673748,0.1218017851602237,20.8,1024.939
1791125762.5301924,69.64737049429873,0.10971776522384467,0.12041741858729868,0.12230068602348752,20.8,1024.939
1791125793.8676164,69.64737049429873,0.10952112977553068,0.12097677823502029,0.12368443205524145,20.77,1024.934
1791125825.1983144,69.64737049429873,0.10999488708913607,0.12095986332441667,0.1223580476552743,20.79,1024.931
1791125856.5388117,69.64737049429873,0.10988454118119272,0.12028084474759265,0.12224033477122885,20.79,1024.931
1791125887.8941708,69.64737049429873,0.10914818386972566,0.12079661744977657,0.12217949261493809,20.8,1024.927
1791125919.2387934,69.64737049429873,0.10934248600389848,0.12130243663183034,0.12224033477122885,20.8,1024.926
1791125950.5784187,69.64737049429873,0.10939154266200918,0.1205861381487123,0.12301961475783141,20.8,1024.929
1791125981.9086378,69.64737049429873,0.10984697173770219,0.1209711652164687,0.1220786584748087,20.79,1024.937
1791126013.2502263,69.64737049429873,0.11009371882965496,0.12080263983550028,0.12263240510397871,20.86,1024.949
1791126044.5977292,69.64737049429873,0.10971776522384467,0.12019444649510279,0.12191112729666584,20.86,1024.947
1791126075.9501486,69.64737049429873,0.10994553773037295,0.12119368919808438,0.1220786584748087,20.83,1024.946
1791126107.304711,69.64737049429873,0.11004428076898522,0.11997127423962611,0.12241042676855789,20.84,1024.945
1791126138.635321,69.64737049429873,0.10942307612129744,0.12025563260336562,0.12196587201572592,20.83,1024.932
1791126169.9645584,69.64737049429873,0.10914669857296887,0.12019444649510279,0.12357364848382786,20.83,1024.932
1791126201.291089,69.64737049429873,0.10958821027258882,0.12039667733626828,0.12224311832378965,20.82,1024.943
1791126232.6288188,69.64737049429873,0.10952549027890299,0.12078449103369816,0.12190049229869011,20.8,1024.938
1791126263.9751773,69.64737049429873,0.10985383626958439,0.12051219656776438,0.12223753866262134,20.82,1024.944
1791126295.3066638,69.64737049429873,0.10932804940474994,0.12057311355835897,0.12240560615115512,20.84,1024.94
1791126326.6570377,69.64737049429873,0.10955692090948577,0.12017963904538402,0.12168459436693889,20.83,1024.935
1791126357.9846075,69.64737049429873,0.10924674189281669,0.12028806028921134,0.12173545726191673,20.83,1024.933
1791126389.3341465,69.64737049429873,0.10993408554272328,0.12089958948728674,0.12195904175213419,20.84,1024.929
1791126420.6606395,69.64737049429873,0.1091804352704148,0.12029524335621399,0.12134731059605709,20.86,1024.914
1791126452.0041778,69.64737049429873,0.10945830547255977,0.12118855333563197,0.12196246456908387,20.83,1024.913
1791126483.3414767,69.64737049429873,0.109212541844794,0.1220786584748087,0.12235300461575294,20.84,1024.913
1791126514.6939929,69.64737049429873,0.1098962326330685,0.12080263983550028,0.12230068602348752,20.87,1024.901
1791126546.036785,69.64737049429873,0.11004428076898522,0.12046467972390554,0.12218824916195722,20.89,1024.896
1791126577.383161,69.64737049429873,0.10945830547255977,0.12079661744977657,0.12224033477122885,20.84,1024.887
1791126608.7216232,69.64737049429873,0.10993408554272328,0.1207361308218268,0.12173938498418906,20.84,1024.895
1791126640.061161,69.64737049429873,0.10959310109476385,0.12060148096959578,0.12162568193882134,20.86,1024.881
1791126671.4025667,69.64737049429873,0.10916678394253078,0.12026631535560069,0.12138789180677997,20.83,1024.875
1791126702.74497,69.64737049429873,0.10931346895629396,0.12122783821476044,0.12200408853173239,20.83,1024.866
1791126734.0947187,69.64737049429873,0.1096244783837787,0.12106349134994614,0.1217865963477505,20.84,1024.865
1791126765.4451418,69.64737049429873,0.10924674189281669,0.12067542572235458,0.12156655662891701,20.86,1024.857
1791126796.787606,69.64737049429873,0.10942668078021281,0.12068174277771104,0.12156655662891701,20.87,1024.852
1791126828.1311367,69.64737049429873,0.1089679935067304,0.11988519197979003,0.12190405328158557,20.84,1024.846
1791126859.464607,69.64737049429873,0.10926398126226969,0.1197767428589558,0.12139263189649953,20.84,1024.841
1791126890.7881064,69.64737049429873,0.10926398126226969,0.12038269305423294,0.12139735055629312,20.84,1024.842
1791126922.1295922,69.64737049429873,0.10976088370994898,0.11986884344544585,0.12110749769398516,20.82,1024.833
1791126953.481011,69.64737049429873,0.10981082264309297,0.12121244639122378,0.12132790332579688,20.82,1024.831
1791126984.8174567,69.64737049429873,0.1089185537319909,0.12032812005410369,0.12261888813145465,20.82,1024.829
1791127016.1062524,69.64737049429873,0.1095615813695977,0.12065630226528674,0.12206276869778965,20.82,1024.832
1791127047.4356773,69.64737049429873,0.10981082264309297,0.12040945023547346,0.12256513155658703,20.84,1024.837
1791127078.7639728,69.64737049429873,0.1092012495876075,0.12085817681715437,0.12233237083152601,20.83,1024.831
1791127110.1018722,69.64737049429873,0.10936618424678621,0.12076609451200646,0.12221760708222455,20.83,1024.832
1791127141.4522083,69.64737049429873,0.10966114198493015,0.12071745523870994,0.12211505672000073,20.86,1024.827
1791127172.796567,69.64737049429873,0.11007214814471872,0.12122273087601129,0.1218380138801827,20.83,1024.825
1791127204.1489623,69.64737049429873,0.1093630014984291,0.11998592124280587,0.12295857252165547,20.84,1024.831
1791127235.4876585,69.64737049429873,0.10944439287733994,0.12079056791052861,0.1218380138801827,20.86,1024.837
1791127266.822006,69.64737049429873,0.10932804940474994,0.12089958948728674,0.12179422496453357,20.84,1024.834
1791127298.1675038,69.64737049429873,0.10931346895629396,0.11960568643459213,0.12184543092318684,20.84,1024.838
1791127329.5059514,69.64737049429873,0.10885280761097903,0.12064986969513143,0.12184173079617536,20.84,1024.832
1791127360.8333921,69.64737049429873,0.10957977476851721,0.12032095945716845,0.12177502308731614,20.83,1024.83
1791127392.176966,69.64737049429873,0.10931626591106283,0.12087014402368736,0.12245152095337775,20.83,1024.835
1791127423.5265956,69.64737049429873,0.10944820050429897,0.12075990641063276,0.12199735164443122,20.82,1024.825
1791127454.8590755,69.64737049429873,0.10903446400587687,0.12024427212421886,0.12216763087275989,20.82,1024.822
1791127486.1844485,69.64737049429873,0.10923609643674848,0.12022192441458471,0.12187878382689579,20.83,1024.832
1791127517.4798918,69.64737049429873,0.10938732998640124,0.11959832397767939,0.12238083628196976,20.84,1024.832
1791127548.830545,69.64737049429873,0.10957112146381824,0.12061726217657744,0.12164326008613825,20.83,1024.831
1791127580.1758726,69.64737049429873,0.10931910661042546,0.12108574990877961,0.12221179435475968,20.83,1024.828
1791127611.514521,69.64737049429873,0.10968529586020988,0.12029928111784152,0.12221760708222455,20.84,1024.836
1791127642.867918,69.64737049429873,0.10979853050754795,0.12041646430975224,0.12204979506490841,20.84,1024.833
1791127674.2135017,69.64737049429873,0.10964811483439645,0.11996195478322774,0.12148919951402665,20.84,1024.835
1791127705.5550513,69.64737049429873,0.10981750926462126,0.1209194919984381,0.1219939600859962,20.84,1024.843
1791127736.883549,69.64737049429873,0.10918396950658467,0.12024427212421886,0.1219939600859962,20.86,1024.836
1791127768.2128172,69.64737049429873,0.10933388556711723,0.1202919887375373,0.12171151359130376,20.84,1024.831
1791127799.5596366,69.64737049429873,0.109698207580509,0.12040945023547346,0.12283983509581417,20.82,1024.83
1791127830.8949516,69.64737049429873,0.10949811071361565,0.12013440492214059,0.12176721929829085,20.83,1024.826
1791127862.2463698,69.64737049429873,0.10923389582556574,0.11996195478322774,0.12396996498073296,20.84,1024.824
1791127893.5959725,69.64737049429873,0.10936618424678621,0.12126769609856342,0.12165585882917439,20.86,1024.82
1791127924.9294057,69.64737049429873,0.10918396950658467,0.12018931341529111,0.12233759978340848,20.82,1024.81
1791127956.289949,69.64737049429873,0.10966665427217492,0.12107472581751684,0.12171151359130376,20.82,1024.814
1791127987.6396046,69.64737049429873,0.10993768941766528,0.120269909582495,0.12255248783096268,20.8,1024.811
1791128018.9858158,69.64737049429873,0.10962166393241535,0.12118102287034369,0.12198023726353001,20.8,1024.82
1791128050.33147,69.64737049429873,0.10932199208872376,0.1204855099212791,0.12192034582510776,20.83,1024.836
1791128081.6788664,69.64737049429873,0.11012966504280583,0.12077801771315215,0.12157412095312813,20.83,1024.83
1791128113.0084853,69.64737049429873,0.10985578179311051,0.12101900553062266,0.12163476379711886,20.83,1024.833
1791128144.3508744,69.64737049429873,0.10950236952839372,0.12141964108658462,0.12261096881921581,20.83,1024.834
1791128175.6833234,69.64737049429873,0.11025226384828798,0.12096911175029604,0.12482457581749631,20.84,1024.834
1791128207.0039465,69.64737049429873,0.10971689319796327,0.12047150172064255,0.12238588120021303,20.86,1024.839
1791128238.353476,69.64737049429873,0.10974834611728757,0.12018177583216103,0.12188244324739979,20.83,1024.847
1791128269.6838045,69.64737049429873,0.10956631431952848,0.12109122414719217,0.1219939600859962,20.84,1024.849
1791128301.0352995,69.64737049429873,0.10987986972143476,0.1205883421185014,0.12250281085214769,20.84,1024.843
1791128332.3748443,69.64737049429873,0.10952991823619776,0.12093695129316957,0.122223366771485,20.86,1024.843
1791128363.7242348,69.64737049429873,0.10966114198493015,0.12104699891890167,0.12200408853173239,20.86,1024.84
1791128395.0537674,69.64737049429873,0.11029245018960357,0.12041646430975224,0.1220563114353623,20.84,1024.845
1791128426.3972125,69.64737049429873,0.10986788653229947,0.12089583658593245,0.12357557307950846,20.84,1024.83
1791128457.7408545,69.64737049429873,0.109640318621585,0.12025501945812128,0.12237829633735853,20.9,1024.843
1791128489.0813062,69.64737049429873,0.10965907714491059,0.12036668193530696,0.12174337336172658,20.87,1024.827
1791128520.466545,69.64737049429873,0.10957600456087065,0.12071578675985395,0.12185647035390995,20.84,1024.814
1791128551.811253,69.64737049429873,0.1094559955709772,0.12084001880950668,0.1219167301562221,20.86,1024.811
1791128583.1358342,69.64737049429873,0.10905208066018662,0.1211250734230125,0.12192394480810365,20.84,1024.819
1791128614.4674134,69.64737049429873,0.11003897237443176,0.12044374610476112,0.12220886787223324,20.84,1024.817
1791128645.8088152,69.64737049429873,0.10938732998640124,0.12049243568516325,0.12141012803651834,20.87,1024.81
1791128677.1562495,69.64737049429873,0.10958962732077415,0.12003231487897664,0.12157852696309454,20.86,1024.807
1791128708.5028517,69.64737049429873,0.10917014910319343,0.1204855099212791,0.12180378688493754,20.83,1024.812
1791128739.8523684,69.64737049429873,0.10922071654275049,0.12065987139928416,0.1219167301562221,20.86,1024.817
1791128771.192868,69.64737049429873,0.11012966504280583,0.12024752247542386,0.12186023235088618,20.82,1024.828
1791128802.5172935,69.64737049429873,0.10957600456087065,0.12047855197301244,0.12363455253968507,20.83,1024.829
1791128833.8658292,69.64737049429873,0.10986291370329543,0.12054139627739724,0.12156969447771619,20.89,1024.823
1791128865.208367,69.64737049429873,0.10964576609562578,0.12092811934675606,0.12214324623010372,20.87,1024.827
1791128896.5499303,69.64737049429873,0.10959467067591008,0.12080919003174795,0.1220231219683589,20.87,1024.823
1791128927.9063287,69.64737049429873,0.11000477242212707,0.12052080674408544,0.12225110647006043,20.84,1024.823
1791128959.2328558,69.64737049429873,0.1100875872654979,0.12052770190457288,0.12173119966534603,20.87,1024.825
1791128990.5773273,69.64737049429873,0.10972897943152028,0.12070291704920039,0.12167854729706369,20.84,1024.832
1791129021.9188333,69.64737049429873,0.10972897943152028,0.11996047994285144,0.12133429362287285,20.83,1024.844
1791129053.2462318,69.64737049429873,0.11038543530615923,0.12042259097294111,0.12179598621451475,20.82,1024.846
1791129084.5939496,69.64737049429873,0.10923833180138416,0.12001627805688368,0.121513252870134,20.83,1024.851
1791129115.9382212,69.64737049429873,0.10954362285540331,0.12023999055645017,0.12173933433774081,20.8,1024.858
1791129147.285811,69.64737049429873,0.10962694877024519,0.12040832301526204,0.12173933433774081,20.79,1024.875
1791129178.6314073,69.64737049429873,0.10956224181291052,0.12012020887969371,0.12190578186569323,20.79,1024.88
1791129209.9756696,69.64737049429873,0.10933990623767278,0.11990473368816287,0.1211595855121217,20.82,1024.882
1791129241.3203518,69.64737049429873,0.11009865942996547,0.12053456500799624,0.12231368643135984,20.79,1024.881
1791129272.6529465,69.64737049429873,0.10949262256762313,0.12023242345642295,0.12191309768513636,20.83,1024.889
1791129303.9734385,69.64737049429873,0.11024199487908931,0.12016855965942919,0.1226540714325159,20.82,1024.888
1791129335.2728448,69.64737049429873,0.10942719650208814,0.12000009135108865,0.12224822954018928,20.8,1024.896
1791129366.6223588,69.64737049429873,0.10979933861671265,0.11954398060855707,0.12144268161296978,20.83,1024.888
1791129397.9636953,69.64737049429873,0.109070075124801,0.12064674747327718,0.12184889369310366,20.8,1024.892
1791129429.3012836,69.64737049429873,0.10940892943332098,0.12058389454129692,0.12380715401168049,20.83,1024.892
1791129460.64082,69.64737049429873,0.1098118835537717,0.11996047994285144,0.12167854729706369,20.8,1024.895
1791129491.9842043,69.64737049429873,0.10972897943152028,0.11972035808505972,0.12145215829093128,20.86,1024.9
1791129523.3267508,69.64737049429873,0.10917187172809739,0.12042259097294111,0.1217352764829465,20.83,1024.894
1791129554.6711853,69.64737049429873,0.10891773567113198,0.12041547360095482,0.12220000682756114,20.84,1024.903
1791129586.0206637,69.64737049429873,0.10944166974621089,0.1200721281026584,0.12150867652920534,20.87,1024.908
1791129617.3671782,69.64737049429873,0.10939076432493143,0.12053456500799624,0.12168273513828583,20.87,1024.908
1791129648.7017055,69.64737049429873,0.1087999466870827,0.12000820357047212,0.12185647035390995,20.83,1024.917
1791129680.0372689,69.64737049429873,0.10917187172809739,0.1200561949445894,0.1228866584245961,20.83,1024.918
1791129711.3696363,69.64737049429873,0.10924060274929832,0.12062683095173864,0.1215562908229058,20.83,1024.923
1791129742.7101812,69.64737049429873,0.10968371835296091,0.12108639260263084,0.12178414812426584,20.82,1024.908
1791129774.038816,69.64737049429873,0.10963231781273003,0.12126750286288634,0.12189839741439687,20.83,1024.908
1791129805.3831847,69.64737049429873,0.10985062510057302,0.11972910201007417,0.12276886758915583,20.82,1024.917
1791129836.7347796,69.64737049429873,0.11011877752698719,0.12000820357047212,0.12139569260571342,20.83,1024.927
1791129868.0661705,69.64737049429873,0.10937603604978048,0.11994404016876045,0.12156077955753533,20.84,1024.916
1791129899.4055634,69.64737049429873,0.10961344146554437,0.1206335008307953,0.12173119966534603,20.86,1024.919
1791129930.7392142,69.64737049429873,0.10981871949556016,0.12085952244266164,0.12161317517594399,20.84,1024.93
1791129962.0837038,69.64737049429873,0.10985062510057302,0.12057712745584111,0.12138105442079655,20.84,1024.926
1791129993.4241765,69.64737049429873,0.10961344146554437,0.12029604905588452,0.12201971771772224,20.83,1024.91
1791130024.7615798,69.64737049429873,0.10974809999923402,0.11994404016876045,0.1219662586451864,20.86,1024.907
1791130056.1182408,69.64737049429873,0.10883296993764922,0.12121080671700118,0.12144268161296978,20.86,1024.902
1791130087.460638,69.64737049429873,0.11003621413480236,0.12012020887969371,0.12328901858302262,20.89,1024.908
1791130118.7961726,69.64737049429873,0.10993361158103819,0.12045748276273215,0.12594702172548838,20.87,1024.905
1791130150.1387835,69.64737049429873,0.10987015919477833,0.12103532896933807,0.12172710375170505,20.9,1024.902
1791130181.4780219,69.64737049429873,0.10976732794052262,0.12045748276273215,0.12190209827924695,20.89,1024.906
1791130212.8225882,69.64737049429873,0.1097159844621076,0.12080293767453473,0.12195917116705837,20.89,1024.902
1791130244.1691418,69.64737049429873,0.10968371835296091,0.12068338621209397,0.12149481883113404,20.87,1024.883
1791130275.51972,69.64737049429873,0.11005625104382556,0.12051387930140382,0.12242017587406234,20.87,1024.883
1791130306.8601127,69.64737049429873,0.10929177165541605,0.12085952244266164,0.12190209827924695,20.83,1024.88
1791130338.1906703,69.64737049429873,0.11010777786869105,0.12051387930140382,0.12230549129106734,20.86,1024.877
1791130369.5211265,69.64737049429873,0.10978666416238424,0.12068338621209397,0.12253728791332019,20.86,1024.884
1791130400.8574839,69.64737049429873,0.10992164710586183,0.12022482092827291,0.12236280671052946,20.86,1024.884
1791130432.210008,69.64737049429873,0.1097159844621076,0.12069643715083037,0.1228263462864511,20.89,1024.882
1791130463.554743,69.64737049429873,0.10966468899288342,0.12098455128639869,0.12150407884242781,20.9,1024.883
1791130494.8990188,69.64737049429873,0.10979933861671265,0.12092215377389824,0.12184889369310366,20.89,1024.882
1791130526.243646,69.64737049429873,0.10908738310667752,0.12017628997298173,0.12236541848941296,20.87,1024.885
1791130557.5921967,69.64737049429873,0.10987015919477833,0.1207335530471505,0.12230823577009849,20.9,1024.883
1791130588.9365194,69.64737049429873,0.10988980339697572,0.12050691934928486,0.12212754028722837,20.87,1024.89
1791130620.2590318,69.64737049429873,0.10978666416238424,0.12091013856269664,0.12224533910932281,20.87,1024.891
1791130651.592557,69.64737049429873,0.10930978575667462,0.12096695985217293,0.12201286126705192,20.86,1024.884
1791130682.941112,69.64737049429873,0.10999313660238859,0.12067681474340905,0.12218496067482103,20.89,1024.893
1791130714.2815728,69.64737049429873,0.10963231781273003,0.12062012974254609,0.1217801650231483,20.84,1024.894
1791130745.6160893,69.64737049429873,0.10949692753571125,0.12016079308570446,0.12172298860753829,20.86,1024.899
1791130776.9525466,69.64737049429873,0.10915596567065243,0.12079665597595786,0.12166586585597682,20.86,1024.897
1791130808.3050737,69.64737049429873,0.1097351671135499,0.12033750165860682,0.12201286126705192,20.84,1024.895
1791130839.64379,69.64737049429873,0.1099731832966223,0.12062683095173864,0.1220162975213862,20.84,1024.901
1791130870.9880497,69.64737049429873,0.1099731832966223,0.12050691934928486,0.1220162975213862,20.9,1024.904
1791130902.3324528,69.64737049429873,0.10920719090903826,0.1204503938071532,0.12224533910932281,20.91,1024.901
1791130933.6849291,69.64737049429873,0.10966468899288342,0.12050691934928486,0.12352012388305668,20.91,1024.905
1791130965.0266156,69.64737049429873,0.10975445804458904,0.12049992665834752,0.1217801650231483,20.93,1024.911
1791130996.3581257,69.64737049429873,0.10980610958206133,0.12043611567050798,0.12288107307417098,20.89,1024.92
1791131027.686594,69.64737049429873,0.10972210007575602,0.12101804674666974,0.12165731190745768,20.9,1024.926
1791131059.0290248,69.64737049429873,0.10972210007575602,0.12031525495147294,0.12194841463506016,20.9,1024.935
1791131090.3724732,69.64737049429873,0.10927642666468268,0.12037938384179815,0.12165731190745768,20.87,1024.945
1791131121.6532953,69.64737049429873,0.10980610958206133,0.12026608037574905,0.12171885409709458,20.86,1024.935
1791131152.9835649,69.64737049429873,0.1096703907615153,0.11974132234215971,0.12177616316833581,20.87,1024.934
1791131184.3199983,69.64737049429873,0.10965130061038215,0.1204432715216164,0.12148547162173921,20.86,1024.937
1791131215.6574967,69.64737049429873,0.10972210007575602,0.12043611567050798,0.12171885409709458,20.86,1024.938
1791131247.004014,69.64737049429873,0.10922500009352312,0.12079034472898964,0.12218190889899329,20.89,1024.93
1791131278.336396,69.64737049429873,0.10956711821127928,0.12049992665834752,0.12177616316833581,20.87,1024.945
1791131309.6809182,69.64737049429873,0.109548336907965,0.1202095085877054,0.12166159894091602,20.86,1024.941
1791131341.0236127,69.64737049429873,0.10980610958206133,0.12062012974254609,0.12224243508220024,20.87,1024.941
1791131372.3750174,69.64737049429873,0.10943099734815354,0.12078400372465024,0.12207017384329884,20.87,1024.949
1791131403.734386,69.64737049429873,0.10996135629959618,0.12131411609821871,0.12194841463506016,20.9,1024.946
1791131435.0569992,69.64737049429873,0.10968371835296091,0.12016079308570446,0.12207017384329884,20.89,1024.956
1791131466.4093986,69.64737049429873,0.10946403997394692,0.12177616316833581,0.12282481236266879,20.86,1024.954
1791131497.7598324,69.64737049429873,0.11030430553096097,0.12067021231960459,0.12235754626152896,20.87,1024.95
1791131529.106771,69.64737049429873,0.10953428763206649,0.12025849985057135,0.12247287443707416,20.86,1024.964
1791131560.4369493,69.64737049429873,0.10987752100264611,0.12042892601598812,0.12165731190745768,20.86,1024.953
1791131591.7772808,69.64737049429873,0.10934612030668865,0.12031525495147294,0.12223658585364205,20.84,1024.946
1791131623.1318517,69.64737049429873,0.10968958917938659,0.12042892601598812,0.12124660886840345,20.86,1024.95
1791131654.455495,69.64737049429873,0.1092429101369474,0.12020179826944528,0.12188718992510647,20.83,1024.948
1791131685.8058689,69.64737049429873,0.10913989462055106,0.12067021231960459,0.12200594012989616,20.84,1024.953
1791131717.146433,69.64737049429873,0.10937942522343441,0.12043611567050798,0.12189094336091241,20.84,1024.951
1791131748.4957874,69.64737049429873,0.10937942522343441,0.1199672598040172,0.12194841463506016,20.83,1024.953
1791131779.8354058,69.64737049429873,0.10972210007575602,0.12027362530997004,0.12113221999023374,20.86,1024.941
1791131811.1638105,69.64737049429873,0.10976732794052262,0.12103532896933807,0.12172298860753829,20.83,1024.934
1791131842.5143852,69.64737049429873,0.1095809654250972,0.11981499138110978,0.12190209827924695,20.86,1024.929
1791131873.8619194,69.64737049429873,0.10941257355132038,0.12061339698194948,0.12207347741739766,20.87,1024.933
1791131905.2104037,69.64737049429873,0.10953428763206649,0.12042892601598812,0.1215426977530239,20.84,1024.92
1791131936.5671008,69.64737049429873,0.10953428763206649,0.12031525495147294,0.12188718992510647,20.86,1024.914
1791131967.9044032,69.64737049429873,0.10948261812806843,0.12101223157963546,0.12182963901536538,20.9,1024.918
1791131999.2508624,69.64737049429873,0.10905446752486497,0.11990226089098988,0.12188718992510647,20.91,1024.917
1791132030.6003144,69.64737049429873,0.10871146070872227,0.12118938743683022,0.12165300461297901,20.87,1024.917
1791132061.9498043,69.64737049429873,0.10953428763206649,0.12101223157963546,0.12177214242706841,20.89,1024.916
1791132093.3114028,69.64737049429873,0.10958600592916515,0.12089190259958535,0.12188718992510647,20.91,1024.911
1791132124.6568816,69.64737049429873,0.10984533173592544,0.12031525495147294,0.12299455307715815,20.91,1024.917
1791132155.990265,69.64737049429873,0.10958600592916515,0.11978903350099868,0.1220635199221875,20.9,1024.921
1791132187.317731,69.64737049429873,0.10987752100264611,0.12019405151132138,0.12171470008334201,20.91,1024.927
1791132218.6634116,69.64737049429873,0.10984533173592544,0.12042170231796463,0.12235223604249312,20.93,1024.914
1791132250.015758,69.64737049429873,0.1091575970928193,0.12054281207119627,0.12182573340238191,20.89,1024.925
1791132281.3612437,69.64737049429873,0.10886566850363015,0.12025088348200712,0.12223658585364205,20.87,1024.924
1791132312.7006936,69.64737049429873,0.1095531268172314,0.12065691372760567,0.12352050279681932,20.89,1024.919
1791132344.0383067,69.64737049429873,0.10896871697984327,0.12019405151132138,0.12153352848368784,20.86,1024.92
1791132375.3747628,69.64737049429873,0.10900297578220322,0.11990226089098988,0.12165300461297901,20.89,1024.922
1791132406.7211907,69.64737049429873,0.1091575970928193,0.11995895489281796,0.12200245501714203,20.9,1024.927
1791132438.063868,69.64737049429873,0.10960500096860709,0.1203647088089116,0.12176810266533002,20.87,1024.928
1791132469.4124544,69.64737049429873,0.10934612030668865,0.12019405151132138,0.1212413235649938,20.89,1024.925
1791132500.7548373,69.64737049429873,0.1095013017449048,0.12030776922242224,0.12147603597674846,20.91,1024.924
1791132532.1013284,69.64737049429873,0.10872797112946998,0.12030776922242224,0.12153352848368784,20.89,1024.924
1791132563.4357963,69.64737049429873,0.10944952568200846,0.12002387745635384,0.12182573340238191,20.89,1024.918
1791132594.7770994,69.64737049429873,0.10913989462055106,0.11991909051706329,0.12264627491242568,20.86,1024.918
1791132626.12267,69.64737049429873,0.10883201050025217,0.12037938384179815,0.12137118087027389,20.89,1024.929
1791132657.4633136,69.64737049429873,0.10953428763206649,0.12019405151132138,0.12148547162173921,20.86,1024.929
1791132688.7997222,69.64737049429873,0.1089515326418283,0.12031525495147294,0.12136121399264747,20.84,1024.927
1791132720.1452613,69.64737049429873,0.10944952568200846,0.12030776922242224,0.12153812394188443,20.86,1024.922
1791132751.4856987,69.64737049429873,0.10944952568200846,0.12007250389021755,0.12118396928816691,20.86,1024.929
1791132782.8332386,69.64737049429873,0.10968958917938659,0.12025088348200712,0.12182573340238191,20.87,1024.933
1791132814.177713,69.64737049429873,0.10960500096860709,0.12007250389021755,0.12206016935391156,20.89,1024.926
1791132845.521128,69.64737049429873,0.10931265768889471,0.12047874982621576,0.12176810266533002,20.87,1024.922
1791132876.865647,69.64737049429873,0.10926092189853732,0.12065691372760567,0.12252612222897337,20.89,1024.934
1791132908.1583323,69.64737049429873,0.11037750181064945,0.1203647088089116,0.12328675799585222,20.9,1024.935
1791132939.5095854,69.64737049429873,0.1101375366546195,0.12018626805439325,0.12246810527595121,20.9,1024.938
1791132970.8362324,69.64737049429873,0.10981298976160309,0.12012140727915156,0.1213561951416833,20.9,1024.939
1791133002.1866744,69.64737049429873,0.10981298976160309,0.12019405151132138,0.12158659255372518,20.9,1024.947
1791133033.525092,69.64737049429873,0.10913989462055106,0.12037938384179815,0.12217884270693015,20.91,1024.95
1791133064.851696,69.64737049429873,0.10961873016295992,0.12037206364796059,0.12166159894091602,20.91,1024.957
1791133096.1993003,69.64737049429873,0.10891716836774169,0.12030776922242224,0.12188718992510647,20.89,1024.954
1791133127.550917,69.64737049429873,0.10886566850363015,0.12217576199623884,0.12200245501714203,20.91,1024.957
1791133158.8961318,69.64737049429873,0.10872797112946998,0.12025088348200712,0.12217576199623884,20.91,1024.972
1791133190.2295637,69.64737049429873,0.10910600793872355,0.12054973989712547,0.12141859783876373,20.89,1024.964
1791133221.5703256,69.64737049429873,0.10927642666468268,0.12026608037574905,0.12293765240754478,20.9,1024.977
1791133252.9115593,69.64737049429873,0.1089857351180861,0.12020179826944528,0.12119478007514264,20.9,1024.979
1791133284.258207,69.64737049429873,0.10879749414727265,0.11973249996123475,0.12125186927521747,20.9,1024.979
1791133315.599649,69.64737049429873,0.10881421731839204,0.11961047027065835,0.12118938743683022,20.89,1024.977
1791133346.9280968,69.64737049429873,0.10934612030668865,0.12054973989712547,0.1215955371432828,20.89,1024.98
1791133378.2636845,69.64737049429873,0.10934612030668865,0.1199672598040172,0.12177214242706841,20.9,1024.989
1791133409.604212,69.64737049429873,0.1096703907615153,0.12027362530997004,0.12177214242706841,20.89,1024.991
1791133440.9386687,69.64737049429873,0.10964576609562578,0.12075913895128897,0.12207347741739766,20.89,1024.998
1791133472.2731428,69.64737049429873,0.1102728686768286,0.12196272318239793,0.12201971771772224,20.89,1025.001
1791133503.6247895,69.64737049429873,0.10970285507685448,0.12026608037574905,0.12288527187485095,20.87,1025.006
1791133534.9701037,69.64737049429873,0.10927642666468268,0.12031525495147294,0.12200940884136367,20.89,1025.019
1791133566.3155727,69.64737049429873,0.10972210007575602,0.12032270543535288,0.12171470008334201,20.87,1025.025
1791133597.6432116,69.64737049429873,0.11009666432633045,0.12055663512001816,0.12171885409709458,20.87,1025.027
1791133628.9925506,69.64737049429873,0.10970285507685448,0.12067021231960459,0.12253285315284237,20.86,1025.033
1791133660.3361406,69.64737049429873,0.10888320383266267,0.12090408852854605,0.12119478007514264,20.87,1025.023
1791133691.6745746,69.64737049429873,0.10941257355132038,0.12067021231960459,0.12166159894091602,20.89,1025.029
1791133723.0241861,69.64737049429873,0.10866015514670921,0.11931867965032683,0.12183352623083035,20.87,1025.038
1791133754.3706045,69.64737049429873,0.10934612030668865,0.11990226089098988,0.12165300461297901,20.87,1025.04
1791133785.718181,69.64737049429873,0.10974145427119761,0.12188341871652648,0.12246810527595121,20.89,1025.047
1791133817.064761,69.64737049429873,0.10984533173592544,0.12012935903825228,0.12363747839480067,20.89,1025.046
1791133848.4071562,69.64737049429873,0.10936444249696024,0.1205998359110038,0.12194115868532834,20.89,1025.047
1791133879.75154,69.64737049429873,0.10878086528409056,0.12050691934928486,0.12130388436145913,20.89,1025.043
1791133911.0982647,69.64737049429873,0.10910478846563812,0.119823563062789,0.12218799813584562,20.9,1025.051
1791133942.42356,69.64737049429873,0.10985062510057302,0.11992744609593887,0.12282787304538544,20.89,1025.044
1791133973.771026,69.64737049429873,0.10946403997394692,0.12079034472898964,0.12288247924559288,20.89,1025.048
1791134005.1147046,69.64737049429873,0.10890013803496017,0.11995895489281796,0.12288107307417098,20.9,1025.05
1791134036.4600792,69.64737049429873,0.10902031440918236,0.12024323101523374,0.12147603597674846,20.89,1025.055
1791134067.7855666,69.64737049429873,0.10926092189853732,0.11919588913413537,0.12164867691350582,20.89,1025.054
1791134099.1352203,69.64737049429873,0.10920923505632324,0.1203647088089116,0.12129873215710174,20.9,1025.055
1791134130.481477,69.64737049429873,0.1095531268172314,0.12024323101523374,0.12176810266533002,20.89,1025.059
1791134161.8241086,69.64737049429873,0.10941627639243054,0.11983701575853992,0.12270050337067087,20.86,1025.057
1791134193.1674986,69.64737049429873,0.10984533173592544,0.1203647088089116,0.12223364045715085,20.89,1025.064
1791134224.5141401,69.64737049429873,0.10965692426878276,0.12018626805439325,0.12188341871652648,20.86,1025.058
1791134255.8564553,69.64737049429873,0.10952009172503335,0.12035731907811309,0.12194115868532834,20.89,1025.063
1791134287.2281833,69.64737049429873,0.10902031440918236,0.12037206364796059,0.12147128459776935,20.86,1025.063
1791134318.577596,69.64737049429873,0.10948261812806843,0.11984562045234078,0.12118938743683022,20.86,1025.061
1791134349.9259605,69.64737049429873,0.10902031440918236,0.12059300714757654,0.12194479523331053,20.87,1025.059
1791134381.271551,69.64737049429873,0.10986511035713617,0.12076480004783538,0.1218218092609617,20.89,1025.063
1791134412.6014106,69.64737049429873,0.11045118446696561,0.120707481388981,0.12193750486898375,20.9,1025.07
1791134443.9345157,69.64737049429873,0.10922719368846363,0.12065021711468281,0.12211470729753143,20.91,1025.074
1791134475.2749517,69.64737049429873,0.10888264114500591,0.1213561951416833,0.12293508034809067,20.89,1025.077
1791134506.6196542,69.64737049429873,0.10960500096860709,0.12012935903825228,0.12223364045715085,20.87,1025.082
1791134537.9598854,69.64737049429873,0.10907196072513774,0.12035731907811309,0.12188341871652648,20.9,1025.089
1791134569.3085244,69.64737049429873,0.10957207330222143,0.12030024799751228,0.12152891122439198,20.91,1025.096
1791134600.6541977,69.64737049429873,0.10952009172503335,0.12035731907811309,0.12152891122439198,20.89,1025.104
1791134632.0055544,69.64737049429873,0.10948261812806843,0.12107510645225272,0.12194115868532834,20.89,1025.11
1791134663.347872,69.64737049429873,0.10951555483779224,0.12097285115575536,0.12229718017645028,20.89,1025.123
1791134694.6925564,69.64737049429873,0.10949692753571125,0.1201451501324271,0.12218799813584562,20.89,1025.128
1791134725.9669163,69.64737049429873,0.10953428763206649,0.12037206364796059,0.12194841463506016,20.9,1025.13
1791134757.3133812,69.64737049429873,0.10934612030668865,0.12025088348200712,0.1220635199221875,20.94,1025.133
1791134788.662085,69.64737049429873,0.1095531268172314,0.12012935903825228,0.12200245501714203,20.93,1025.137
1791134820.0085576,69.64737049429873,0.10917540029507018,0.11965799022481194,0.12392982167451304,20.93,1025.145
1791134851.3520093,69.64737049429873,0.10946815944513444,0.12112109220086642,0.12199895338649913,20.91,1025.139
1791134882.7004333,69.64737049429873,0.10989734424831946,0.12047874982621576,0.12252612222897337,20.93,1025.141
1791134914.0300217,69.64737049429873,0.10917540029507018,0.11959209522668704,0.12194115868532834,20.94,1025.145
1791134945.3524084,69.64737049429873,0.10903775183635182,0.12105797625312248,0.12158659255372518,20.93,1025.14
1791134976.6892626,69.64737049429873,0.10933092804163892,0.12076480004783538,0.12223068107427085,20.91,1025.133
1791135008.0245047,69.64737049429873,0.10991728045221309,0.12094311515125253,0.12170211963238224,20.9,1025.131
1791135039.3539484,69.64737049429873,0.10976091859519871,0.12012935903825228,0.12211470729753143,20.9,1025.135
1791135070.707479,69.64737049429873,0.1092944908556842,0.11974132234215971,0.12188341871652648,20.89,1025.138
1791135102.0529306,69.64737049429873,0.10996135629959618,0.12060663244659203,0.12195201701155813,20.89,1025.135
1791135133.396587,69.64737049429873,0.10960500096860709,0.12089190259958535,0.12217884270693015,20.9,1025.135
1791135164.737843,69.64737049429873,0.1100854351220679,0.12030776922242224,0.12217576199623884,20.89,1025.141
1791135196.0825143,69.64737049429873,0.11101415141070169,0.12089190259958535,0.12264430273107467,20.9,1025.141
1791135227.4240186,69.64737049429873,0.10974145427119761,0.12024323101523374,0.12211793832107597,20.93,1025.147
1791135258.773355,69.64737049429873,0.10952009172503335,0.11971472969738375,0.12141371259607733,20.93,1025.16
1791135290.1128683,69.64737049429873,0.10976091859519871,0.12000748884744802,0.12199895338649913,20.91,1025.162
1791135321.4625168,69.64737049429873,0.1091575970928193,0.12025088348200712,0.12147128459776935,20.91,1025.157
1791135352.8119678,69.64737049429873,0.10900297578220322,0.12002387745635384,0.12147603597674846,20.9,1025.167
1791135384.137498,69.64737049429873,0.11016903607612706,0.12031525495147294,0.12177214242706841,20.89,1025.164
1791135415.4839776,69.64737049429873,0.10884879189294858,0.1204432715216164,0.12217884270693015,20.89,1025.167
1791135446.8225005,69.64737049429873,0.10949692753571125,0.12010445632477118,0.12149015620299775,20.87,1025.167
1791135478.177841,69.64737049429873,0.10934298851959821,0.12021718272261188,0.12149481883113404,20.86,1025.169
1791135509.5243843,69.64737049429873,0.10893444534925403,0.11991069554184279,0.12143311594802464,20.86,1025.169
1791135540.8860073,69.64737049429873,0.10937942522343441,0.12008054857447963,0.12113221999023374,20.86,1025.166
1791135572.242466,69.64737049429873,0.109929425870336,0.12019405151132138,0.1215955371432828,20.86,1025.165
1791135603.5870748,69.64737049429873,0.10984533173592544,0.12071404559767701,0.1215955371432828,20.89,1025.162
1791135634.9294527,69.64737049429873,0.10931265768889471,0.12047874982621576,0.12164867691350582,20.89,1025.163
1791135666.2749193,69.64737049429873,0.10877947895331522,0.12071404559767701,0.12164867691350582,20.91,1025.161
1791135697.6213732,69.64737049429873,0.10944952568200846,0.12007250389021755,0.12188341871652648,20.89,1025.166
1791135728.9708164,69.64737049429873,0.10931265768889471,0.11954467247882754,0.12153352848368784,20.9,1025.172
1791135760.2964356,69.64737049429873,0.10902031440918236,0.11989378628257075,0.12270234815846409,20.9,1025.163
1791135791.6249187,69.64737049429873,0.10936444249696024,0.1200157025338407,0.12170633299128822,20.9,1025.17
1791135822.9674263,69.64737049429873,0.10995334193598635,0.12057712745584111,0.1215955371432828,20.9,1025.168
1791135854.298975,69.64737049429873,0.11121194345703742,0.12016079308570446,0.12184507878292528,20.91,1025.177
1791135885.6315773,69.64737049429873,0.10941257355132038,0.12037206364796059,0.12149015620299775,20.89,1025.181
1791135916.9728708,69.64737049429873,0.10960500096860709,0.12059300714757654,0.12427912019596271,20.87,1025.186
1791135948.3254318,69.64737049429873,0.10917540029507018,0.12094311515125253,0.12147128459776935,20.89,1025.183
1791135979.6657765,69.64737049429873,0.11034643689532725,0.12258419417692093,0.12322783949815494,20.9,1025.187
1791136011.0115702,69.64737049429873,0.10941627639243054,0.12048584213165292,0.1218218092609617,20.89,1025.192
1791136042.352789,69.64737049429873,0.10963777308851232,0.12206016935391156,0.12241014323977004,20.9,1025.186
1791136073.6974134,69.64737049429873,0.11111933312789532,0.12077123159803828,0.12246810527595121,20.93,1025.193
1791136105.040955,69.64737049429873,0.10970889678764144,0.1203647088089116,0.12258419417692093,20.9,1025.197
1791136136.389257,69.64737049429873,0.10960500096860709,0.12065691372760567,0.1215910754368141,20.9,1025.191
1791136167.7367578,69.64737049429873,0.10984533173592544,0.12030024799751228,0.12176810266533002,20.9,1025.187
1791136199.0794024,69.64737049429873,0.10976091859519871,0.12024323101523374,0.1217640437478336,20.9,1025.19
1791136230.4127944,69.64737049429873,0.10984533173592544,0.12077763275198443,0.12170633299128822,20.91,1025.195
1791136261.7462628,69.64737049429873,0.10943099734815354,0.12015298999608229,0.12247049548875381,20.9,1025.192
1791136293.0949385,69.64737049429873,0.10941257355132038,0.12033012092239555,0.12212754028722837,20.87,1025.193
1791136324.4423985,69.64737049429873,0.10963231781273003,0.12027362530997004,0.12178414812426584,20.87,1025.191
1791136355.7887838,69.64737049429873,0.10936115550161829,0.12084718986428726,0.12154725006970066,20.87,1025.184
1791136387.1352394,69.64737049429873,0.10948261812806843,0.12037206364796059,0.12264823780812556,20.89,1025.189
1791136418.480814,69.64737049429873,0.1095013017449048,0.1212413235649938,0.12153812394188443,20.89,1025.188
1791136449.8243215,69.64737049429873,0.10960500096860709,0.12053585141044464,0.12322843610823778,20.87,1025.183
1791136481.1718254,69.64737049429873,0.10941627639243054,0.12030024799751228,0.12141371259607733,20.89,1025.184
1791136512.4643188,69.64737049429873,0.10981298976160309,0.1218796296086399,0.12170633299128822,20.87,1025.189
1791136543.8058343,69.64737049429873,0.10933092804163892,0.12047162384254831,0.12164432866369666,20.89,1025.194
1791136575.1531785,69.64737049429873,0.10927903624730671,0.1195353331693221,0.1218796296086399,20.91,1025.195
1791136606.4987671,69.64737049429873,0.10922719368846363,0.12024323101523374,0.12170633299128822,20.9,1025.206
1791136637.850295,69.64737049429873,0.10986511035713617,0.11988527143197412,0.12170633299128822,20.91,1025.21
1791136669.1777136,69.64737049429873,0.10986511035713617,0.12158659255372518,0.12164432866369666,20.91,1025.218
1791136700.5222497,69.64737049429873,0.10933092804163892,0.12012935903825228,0.12193750486898375,20.89,1025.225
1791136731.8597708,69.64737049429873,0.10981298976160309,0.120707481388981,0.12182573340238191,20.91,1025.234
1791136763.2033222,69.64737049429873,0.11005367774526298,0.120707481388981,0.1218796296086399,20.9,1025.243
1791136794.5550244,69.64737049429873,0.10938286914163288,0.12029269102367146,0.1231102096901321,20.91,1025.246
1791136825.8852012,69.64737049429873,0.10922719368846363,0.11982837022423683,0.12193750486898375,20.91,1025.256
1791136857.228751,69.64737049429873,0.10962410424692601,0.12012140727915156,0.12152891122439198,20.89,1025.255
1791136888.5623648,69.64737049429873,0.10912365599721964,0.12030024799751228,0.12164432866369666,20.89,1025.263
1791136919.9046333,69.64737049429873,0.10981298976160309,0.11971472969738375,0.12234956204796214,20.89,1025.269
1791136951.2450979,69.64737049429873,0.10912365599721964,0.12006442104154337,0.12170633299128822,20.87,1025.269
1791136982.5918212,69.64737049429873,0.10858988199494164,0.12000748884744802,0.1217640437478336,20.86,1025.277
1791137013.939249,69.64737049429873,0.10922719368846363,0.11995061062002285,0.12147128459776935,20.83,1025.271
1791137045.2848434,69.64737049429873,0.10952009172503335,0.12041444433406628,0.12252612222897337,20.89,1025.269
1791137076.6163318,69.64737049429873,0.10933092804163892,0.12041444433406628,0.12129355549881045,20.86,1025.27
1791137107.9586291,69.64737049429873,0.10877947895331522,0.12088576629764082,0.12158659255372518,20.84,1025.275
1791137139.302263,69.64737049429873,0.10941627639243054,0.12024323101523374,0.12205680289789789,20.84,1025.277
1791137170.6309304,69.64737049429873,0.11039878583474252,0.11995061062002285,0.12229157378171002,20.89,1025.283
1791137201.977102,69.64737049429873,0.10898599919239198,0.12035731907811309,0.12199895338649913,20.87,1025.281
1791137233.3126543,69.64737049429873,0.10946815944513444,0.11989378628257075,0.1218796296086399,20.89,1025.285
1791137264.6691203,69.64737049429873,0.10941627639243054,0.12053585141044464,0.1213561951416833,20.87,1025.284
1791137296.0147586,69.64737049429873,0.10883103560200874,0.12006442104154337,0.12170633299128822,20.86,1025.281
1791137327.3441885,69.64737049429873,0.10965692426878276,0.12012935903825228,0.1218796296086399,20.87,1025.286
1791137358.6686172,69.64737049429873,0.1095531268172314,0.1197802989715235,0.12281860400079588,20.86,1025.294
1791137389.9971051,69.64737049429873,0.10931265768889471,0.12042170231796463,0.12211793832107597,20.86,1025.304
1791137421.346757,69.64737049429873,0.10896871697984327,0.11995895489281796,0.12246810527595121,20.86,1025.31
1791137452.6891615,69.64737049429873,0.10926092189853732,0.12019405151132138,0.12176810266533002,20.84,1025.311
1791137484.0357618,69.64737049429873,0.1095013017449048,0.12071404559767701,0.12206016935391156,20.87,1025.318
1791137515.3671312,69.64737049429873,0.10920923505632324,0.1197802989715235,0.12129873215710174,20.87,1025.32
1791137546.7055824,69.64737049429873,0.10960500096860709,0.12117852544770508,0.12182573340238191,20.83,1025.327
1791137578.063198,69.64737049429873,0.10927903624730671,0.11988527143197412,0.12328629944381031,20.86,1025.343
1791137609.4186027,69.64737049429873,0.10946815944513444,0.12000748884744802,0.12140880414450725,20.84,1025.342
1791137640.7611215,69.64737049429873,0.10941627639243054,0.12000748884744802,0.1217640437478336,20.86,1025.353
1791137672.0977113,69.64737049429873,0.10970889678764144,0.12030024799751228,0.12152891122439198,20.84,1025.362
1791137703.4570591,69.64737049429873,0.10902031440918236,0.11948809405282942,0.12211470729753143,20.86,1025.371
1791137734.81067,69.64737049429873,0.10931265768889471,0.11983701575853992,0.12188341871652648,20.86,1025.378
1791137766.1591735,69.64737049429873,0.10872797112946998,0.12018626805439325,0.12129873215710174,20.83,1025.381
1791137797.5036814,69.64737049429873,0.10936444249696024,0.1203647088089116,0.12188341871652648,20.82,1025.382
1791137828.8262477,69.64737049429873,0.10902031440918236,0.1203647088089116,0.12182573340238191,20.83,1025.387
1791137860.176527,69.64737049429873,0.1095013017449048,0.12025088348200712,0.12153352848368784,20.83,1025.392
1791137891.5222208,69.64737049429873,0.10958600592916515,0.12024323101523374,0.12165300461297901,20.84,1025.392
1791137922.8686094,69.64737049429873,0.10981298976160309,0.12053585141044464,0.1218218092609617,20.84,1025.392
1791137954.2160418,69.64737049429873,0.10953428763206649,0.12071404559767701,0.12211793832107597,20.84,1025.401
1791137985.5737054,69.64737049429873,0.11021045665750018,0.12076480004783538,0.12252612222897337,20.87,1025.397
1791138016.9150605,69.64737049429873,0.10957207330222143,0.12100051844389573,0.12275874077338408,20.9,1025.403
1791138048.2586854,69.64737049429873,0.10986511035713617,0.12035731907811309,0.12240760533410114,20.9,1025.401
1791138079.6062493,69.64737049429873,0.10888264114500591,0.12082847180565554,0.1218218092609617,20.91,1025.404
1791138110.9586418,69.64737049429873,0.11042974157331356,0.12170633299128822,0.12223364045715085,20.93,1025.409
1791138142.3160236,69.64737049429873,0.11042974157331356,0.12106371336986078,0.12270234815846409,20.93,1025.423
1791138173.662598,69.64737049429873,0.10976091859519871,0.1212413235649938,0.12223364045715085,20.95,1025.431
1791138204.9931045,69.64737049429873,0.11048203080774419,0.12042892601598812,0.12235223604249312,20.94,1025.431
1791138236.3426268,69.64737049429873,0.11022107865215966,0.12030776922242224,0.12247049548875381,20.95,1025.441
1791138267.695989,69.64737049429873,0.10960500096860709,0.12059300714757654,0.12241014323977004,20.93,1025.445
1791138299.0416524,69.64737049429873,0.10941627639243054,0.11965799022481194,0.12234956204796214,20.93,1025.451
1791138330.337103,69.64737049429873,0.10994940604060527,0.12124660886840345,0.12164867691350582,20.91,1025.458
1791138361.665526,69.64737049429873,0.10987752100264611,0.12094911864629973,0.12217884270693015,20.9,1025.464
1791138393.0152304,69.64737049429873,0.10941627639243054,0.12112109220086642,0.12217576199623884,20.9,1025.478
1791138424.359628,69.64737049429873,0.10994940604060527,0.12006442104154337,0.12194115868532834,20.9,1025.484
1791138455.7030425,69.64737049429873,0.10883103560200874,0.12141371259607733,0.12170633299128822,20.91,1025.488
1791138487.0435941,69.64737049429873,0.10912365599721964,0.12270234815846409,0.12322783949815494,20.89,1025.491
1791138518.3790436,69.64737049429873,0.10941627639243054,0.11983701575853992,0.12357896291454627,20.9,1025.488
1791138549.7196314,69.64737049429873,0.10907196072513774,0.11995895489281796,0.12188341871652648,20.93,1025.498
1791138581.066026,69.64737049429873,0.1091575970928193,0.12020179826944528,0.12200245501714203,20.9,1025.501
1791138612.4105828,69.64737049429873,0.10977385817462258,0.1201451501324271,0.12194841463506016,20.89,1025.502
1791138643.7419233,69.64737049429873,0.1092429101369474,0.11991069554184279,0.12171470008334201,20.87,1025.508
1791138675.0766304,69.64737049429873,0.10958600592916515,0.12047874982621576,0.12427723645588,20.86,1025.514
1791138706.4341056,69.64737049429873,0.11000151718285232,0.12076480004783538,0.12252612222897337,20.9,1025.52
1791138737.7735622,69.64737049429873,0.10996950011738285,0.12035731907811309,0.12217266666355464,20.89,1025.523
1791138769.1141233,69.64737049429873,0.10938286914163288,0.12024323101523374,0.12158659255372518,20.87,1025.528
1791138800.469421,69.64737049429873,0.10922719368846363,0.12047874982621576,0.1217640437478336,20.89,1025.523
1791138831.8209746,69.64737049429873,0.10891716836774169,0.12042892601598812,0.12211793832107597,20.87,1025.526
1791138863.1595445,69.64737049429873,0.10972210007575602,0.11991909051706329,0.1215955371432828,20.89,1025.524
1791138894.503059,69.64737049429873,0.10859278576202054,0.12004011210224498,0.12108076279963177,20.89,1025.526
1791138925.8345582,69.64737049429873,0.10927642666468268,0.12037938384179815,0.12125710496093679,20.86,1025.516
1791138957.173896,69.64737049429873,0.1092944908556842,0.12031525495147294,0.12159997782283151,20.84,1025.514
1791138988.518472,69.64737049429873,0.10953428763206649,0.11978903350099868,0.12148076493194931,20.86,1025.508
1791139019.8679092,69.64737049429873,0.1085224266980605,0.12013727323416444,0.12153812394188443,20.86,1025.505
1791139051.1954248,69.64737049429873,0.10905446752486497,0.12013727323416444,0.12165300461297901,20.87,1025.503
1791139082.5419545,69.64737049429873,0.10913989462055106,0.12025088348200712,0.12276214827057748,20.86,1025.497
1791139113.8734329,69.64737049429873,0.10886566850363015,0.12030776922242224,0.12165300461297901,20.87,1025.493
1791139145.1998951,69.64737049429873,0.10970889678764144,0.12106371336986078,0.12188341871652648,20.87,1025.493
1791139176.543448,69.64737049429873,0.10960500096860709,0.1215910754368141,0.12194115868532834,20.89,1025.488
1791139207.8838823,69.64737049429873,0.10987752100264611,0.11945063079556313,0.12211793832107597,20.89,1025.483
1791139239.2305543,69.64737049429873,0.10912229202578627,0.12027362530997004,0.12137118087027389,20.89,1025.481
1791139270.5770926,69.64737049429873,0.10965130061038215,0.12026608037574905,0.1217801650231483,20.84,1025.476
1791139301.90532,69.64737049429873,0.11004487611523116,0.12015298999608229,0.12288107307417098,20.86,1025.479
1791139333.2509296,69.64737049429873,0.10941257355132038,0.12022482092827291,0.12224822954018928,20.84,1025.481
1791139364.596498,69.64737049429873,0.10992164710586183,0.12033012092239555,0.1230577906924588,20.84,1025.478
1791139395.9418857,69.64737049429873,0.10936115550161829,0.12016079308570446,0.12201286126705192,20.86,1025.471
1791139427.2874439,69.64737049429873,0.10952966112242925,0.12022482092827291,0.12328857070504654,20.84,1025.473
1791139458.6350377,69.64737049429873,0.10968371835296091,0.1197588430723432,0.12167011279392746,20.86,1025.476
1791139489.966502,69.64737049429873,0.10934298851959821,0.11987119236425571,0.12178414812426584,20.86,1025.471
1791139521.311813,69.64737049429873,0.10907101039285441,0.1199672598040172,0.12143790998202392,20.87,1025.461
1791139552.6564293,69.64737049429873,0.10944952568200846,0.11989378628257075,0.12148076493194931,20.87,1025.46
1791139583.9778628,69.64737049429873,0.11000151718285232,0.12082847180565554,0.12112109220086642,20.84,1025.457
1791139615.3253682,69.64737049429873,0.10934612030668865,0.11985418459434621,0.12164867691350582,20.83,1025.465
1791139646.671906,69.64737049429873,0.10927642666468268,0.1202095085877054,0.1213662091798552,20.83,1025.457
1791139678.0254576,69.64737049429873,0.11081188104543761,0.12021718272261188,0.12160439762375283,20.87,1025.458
1791139709.3588848,69.64737049429873,0.11039683624182198,0.12045748276273215,0.12172298860753829,20.83,1025.46
1791139740.712387,69.64737049429873,0.10942719650208814,0.12040832301526204,0.12184507878292528,20.87,1025.466
1791139772.0528262,69.64737049429873,0.1101700933721555,0.12030345410369321,0.12161753321690798,20.9,1025.462
1791139803.4012907,69.64737049429873,0.10944166974621089,0.11989640694391315,0.12179598621451475,20.89,1025.463
1791139834.7427704,69.64737049429873,0.10985062510057302,0.12011235102280846,0.1211595855121217,20.89,1025.456
1791139866.081347,69.64737049429873,0.10937603604978048,0.12012020887969371,0.12242265470296422,20.87,1025.461
1791139897.4369073,69.64737049429873,0.10918948173391668,0.12020179826944528,0.12214013429042823,20.86,1025.459
1791139928.786301,69.64737049429873,0.10905446752486497,0.12037206364796059,0.12148076493194931,20.89,1025.465
1791139960.1247585,69.64737049429873,0.11003338286038676,0.1205998359110038,0.12165300461297901,20.89,1025.467
1791139991.4553745,69.64737049429873,0.1095013017449048,0.1217105264279529,0.12206016935391156,20.89,1025.481
1791140022.7989,69.64737049429873,0.10943099734815354,0.12120014738284719,0.1222943836063312,20.91,1025.483
1791140054.175402,69.64737049429873,0.10907101039285441,0.11986270847054818,0.1217801650231483,20.87,1025.492
1791140085.5148993,69.64737049429873,0.109548336907965,0.11969387999094273,0.1217801650231483,20.9,1025.486
1791140116.8132012,69.64737049429873,0.10949692753571125,0.12057032867298051,0.12189839741439687,20.9,1025.497
1791140148.1498156,69.64737049429873,0.10992164710586183,0.12023999055645017,0.12149481883113404,20.89,1025.504
1791140179.4953475,69.64737049429873,0.10972897943152028,0.11984058670446368,0.12190944829445673,20.89,1025.511
1791140210.8348885,69.64737049429873,0.11020103383538998,0.12047855197301244,0.12386479497990167,20.89,1025.502
1791140242.1782894,69.64737049429873,0.11014982284572022,0.12065332466901371,0.12168273513828583,20.93,1025.516
1791140273.5107713,69.64737049429873,0.10937270032563463,0.11979339646789346,0.12243002210629748,20.97,1025.527
1791140304.855371,69.64737049429873,0.1102829847700677,0.12029604905588452,0.12145686364693511,20.93,1025.533
1791140336.1998718,69.64737049429873,0.10941257355132038,0.12043611567050798,0.12288527187485095,20.94,1025.531
1791140367.53133,69.64737049429873,0.10876281474304131,0.11991909051706329,0.1213662091798552,20.94,1025.538
1791140398.8737981,69.64737049429873,0.10965130061038215,0.11971157329871242,0.12160439762375283,20.91,1025.538
1791140430.222287,69.64737049429873,0.10912094968548511,0.11919023611528058,0.12138595660707294,20.89,1025.541
1791140461.5669913,69.64737049429873,0.1087987301635746,0.12028860940346488,0.12230823577009849,20.87,1025.534
1791140492.9082844,69.64737049429873,0.10883296993764922,0.12012020887969371,0.12138595660707294,20.84,1025.532
1791140524.2397578,69.64737049429873,0.10937603604978048,0.11994404016876045,0.121272665421967,20.86,1025.54
1791140555.5843565,69.64737049429873,0.10927385852524804,0.12041547360095482,0.1226540714325159,20.9,1025.538
1791140586.9207687,69.64737049429873,0.11132570041764395,0.1209458502706975,0.12231368643135984,20.9,1025.548
1791140618.261256,69.64737049429873,0.10955744224728971,0.1207717539682677,0.12214634374864423,20.97,1025.545
1791140649.591772,69.64737049429873,0.1093547365935961,0.12070936684913487,0.12186023235088618,20.97,1025.539
1791140680.9212136,69.64737049429873,0.10918761532074352,0.12042259097294111,0.1220865383375475,21.0,1025.546
1791140712.2637327,69.64737049429873,0.1090528637051004,0.12040113898282793,0.12162618854271158,20.97,1025.555
1791140743.6034098,69.64737049429873,0.10922500009352312,0.12021718272261188,0.12126750286288634,20.93,1025.547
1791140774.9556248,69.64737049429873,0.10925846424845136,0.12062683095173864,0.12137612922930384,20.93,1025.544
1791140806.3002756,69.64737049429873,0.10918948173391668,0.11983209474412539,0.1220162975213862,20.91,1025.551
1791140837.6398668,69.64737049429873,0.10944166974621089,0.12058389454129692,0.12184889369310366,20.93,1025.55
1791140868.987251,69.64737049429873,0.10930695932778739,0.12002431507297776,0.12167854729706369,20.91,1025.548
1791140900.324758,69.64737049429873,0.10980515472373993,0.12039532529220152,0.12214634374864423,20.89,1025.558
1791140931.6761405,69.64737049429873,0.10963495615096006,0.12011905008034585,0.12323538136445178,20.91,1025.549
1791140963.0028558,69.64737049429873,0.10903510100320044,0.120048203889586,0.12159162360985008,20.9,1025.554
1791140994.3521554,69.64737049429873,0.10957112146381824,0.12004027773269872,0.12175537875056033,20.86,1025.559
1791141025.696768,69.64737049429873,0.10938732998640124,0.12038106979825841,0.12180766018332992,20.87,1025.554
1791141057.0262635,69.64737049429873,0.10943783426927332,0.12022192441458471,0.12186397695457836,20.91,1025.546
1791141088.3756053,69.64737049429873,0.10977357149389413,0.11980193478504414,0.12232443703755179,20.91,1025.541
1791141119.7301185,69.64737049429873,0.10903640536079191,0.1206335008307953,0.1216869035545011,20.9,1025.54
1791141151.0806723,69.64737049429873,0.10891745428236527,0.12028113490329935,0.12184507878292528,20.91,1025.53
1791141182.424064,69.64737049429873,0.10905365922646643,0.12047156161549703,0.12230549129106734,20.93,1025.537
1791141213.7666848,69.64737049429873,0.10962694877024519,0.11997676756035523,0.12208329589982414,20.91,1025.529
1791141245.1113045,69.64737049429873,0.10873327734632268,0.11974646841119288,0.12169105268054907,20.94,1025.531
1791141276.4446785,69.64737049429873,0.1094559955709772,0.1203181613467604,0.12146154721789548,20.93,1025.528
1791141307.7711272,69.64737049429873,0.10940534265249324,0.12044374610476112,0.12169105268054907,20.93,1025.522
1791141339.11172,69.64737049429873,0.11027257471370999,0.12015127700567543,0.122665496611262,20.98,1025.525
1791141370.456189,69.64737049429873,0.10930417732929032,0.11992948335919644,0.12134918176912995,20.94,1025.533
1791141401.8066788,69.64737049429873,0.10908528048589933,0.11988246028826804,0.12124219496480072,20.94,1025.528
1791141433.1480758,69.64737049429873,0.1083825090062613,0.11958937119641803,0.1212473421138766,20.94,1025.531
1791141464.4725237,69.64737049429873,0.11032337045298929,0.11974646841119288,0.12084001880950668,20.93,1025.537
1791141495.827213,69.64737049429873,0.10857974069028271,0.11959979267541122,0.12111414991594917,20.91,1025.543
1791141527.1727414,69.64737049429873,0.10871338411605376,0.11942305524633619,0.12149945966010411,20.9,1025.552
1791141558.5161703,69.64737049429873,0.10908738310667752,0.12047156161549703,0.1215562908229058,20.87,1025.553
1791141589.8607025,69.64737049429873,0.1088164122313124,0.11991302182730192,0.1210467162870809,20.87,1025.565
1791141621.1920311,69.64737049429873,0.10933687229630099,0.12022192441458471,0.1216869035545011,20.86,1025.577
1791141652.5376315,69.64737049429873,0.10950236952839372,0.12056170128106003,0.1214148955167326,20.86,1025.58
1791141683.8801105,69.64737049429873,0.11001929603602856,0.12028466284294739,0.1220961759526775,20.9,1025.578
1791141715.2176266,69.64737049429873,0.1086851331053871,0.11996195478322774,0.12187510760388914,20.89,1025.589
1791141746.5571914,69.64737049429873,0.10946615781193612,0.1201968166257819,0.12126264247258724,20.91,1025.589
1791141777.8986158,69.64737049429873,0.10964811483439645,0.12064340775119592,0.122223366771485,20.93,1025.588
1791141809.244084,69.64737049429873,0.10923389582556574,0.12029928111784152,0.12261692186446763,20.94,1025.591
1791141840.5856512,69.64737049429873,0.1089348804065751,0.1201665965988567,0.1221056811770469,20.93,1025.592
1791141871.91997,69.64737049429873,0.10973568181840247,0.12101900553062266,0.12107472581751684,20.9,1025.611
1791141903.2557874,69.64737049429873,0.10940534265249324,0.12090179132007316,0.12226808975240516,20.89,1025.613
1791141934.5470316,69.64737049429873,0.10878357253761829,0.11985745256657979,0.12181151562338524,20.9,1025.62
1791141965.8935533,69.64737049429873,0.10923833180138416,0.12070291704920039,0.12140052673522514,20.87,1025.628
1791141997.2340043,69.64737049429873,0.10997677102589119,0.12017420363965482,0.1242661179314374,20.89,1025.634
1791142028.5635533,69.64737049429873,0.11017112343210055,0.12022940787056771,0.1227819358292025,20.91,1025.625
1791142059.9071343,69.64737049429873,0.10925132118500418,0.12057508277734584,0.12193109317632424,20.91,1025.633
1791142091.2605598,69.64737049429873,0.10963495615096006,0.12034717102820072,0.1240290817970309,20.91,1025.627
1791142122.5991857,69.64737049429873,0.10901821481641558,0.11990712510993966,0.12125246564027944,20.91,1025.631
1791142153.9465935,69.64737049429873,0.10967962412133059,0.12059492650242419,0.1213783467509513,20.91,1025.63
1791142185.2739909,69.64737049429873,0.10898471978312357,0.12047836151820733,0.12138313014081531,20.9,1025.64
1791142216.616669,69.64737049429873,0.10986080703928622,0.12054003332850831,0.12154911266033161,20.93,1025.637
1791142247.9620023,69.64737049429873,0.11032243702858768,0.12054670946839552,0.12222622695312232,20.94,1025.661
1791142279.309454,69.64737049429873,0.10914969212209075,0.12060148096959578,0.12121760032105239,20.93,1025.661
1791142310.639017,69.64737049429873,0.10900104771194252,0.1203137662513246,0.12200408853173239,20.93,1025.674
1791142341.987494,69.64737049429873,0.10966665427217492,0.12085817681715437,0.1213783467509513,20.89,1025.68
1791142373.3170109,69.64737049429873,0.10968529586020988,0.12017420363965482,0.12465271232008024,20.9,1025.684
1791142404.6655266,69.64737049429873,0.10928386782483603,0.1208150000705955,0.1220465144599685,20.9,1025.699
1791142436.0151806,69.64737049429873,0.10933094495660262,0.12021912235661988,0.12211194578386801,20.91,1025.712
1791142467.3625662,69.64737049429873,0.11023229246928845,0.12055997119976776,0.12184173079617536,20.89,1025.712
1791142498.6929321,69.64737049429873,0.11013271056385422,0.12044420307018584,0.12167647700846823,20.89,1025.715
1791142530.0385857,69.64737049429873,0.11018247901627468,0.12066908008177037,0.12223190843589979,20.95,1025.719
1791142561.383939,69.64737049429873,0.10951186882398234,0.12038970101527532,0.12245617946437905,20.95,1025.713
1791142592.731373,69.64737049429873,0.10921453835547386,0.12033524826336747,0.12379826961256069,20.98,1025.717
1791142624.06402,69.64737049429873,0.10957496197531458,0.12229001717880832,0.12307210926934381,20.95,1025.729
1791142655.4033906,69.64737049429873,0.10954348680746759,0.12021912235661988,0.12374224981321577,21.01,1025.723
1791142686.741956,69.64737049429873,0.10977329648846393,0.12139735055629312,0.12156222525097746,21.01,1025.717
1791142718.092433,69.64737049429873,0.10970517769069994,0.11988519197979003,0.12201076447660249,21.01,1025.714
1791142749.429959,69.64737049429873,0.10972961706606718,0.12007176469858534,0.12262279391230854,21.0,1025.708
1791142780.7693245,69.64737049429873,0.10948421388096874,0.12000889469772875,0.12204979506490841,20.97,1025.711
1791142812.1120143,69.64737049429873,0.10941614819289734,0.1206985236973639,0.12131311449531754,20.95,1025.704
1791142843.4574988,69.64737049429873,0.10914969212209075,0.12066270566149238,0.12205306068924714,20.95,1025.694
1791142874.8029442,69.64737049429873,0.10949391742196889,0.12000171829541754,0.12211815354055089,20.94,1025.679
1791142906.1486328,69.64737049429873,0.11013271056385422,0.1204510594518377,0.12162149198244211,20.91,1025.68
1791142937.493914,69.64737049429873,0.10939491311276309,0.1206145009655733,0.12245849293118607,20.94,1025.675
1791142968.8194196,69.64737049429873,0.10911578666058798,0.12072993374610753,0.12195560346064337,20.94,1025.668
1791143000.1688802,69.64737049429873,0.10898447571707179,0.1201103219487803,0.12245849293118607,20.9,1025.675
1791143031.5144427,69.64737049429873,0.10921453835547386,0.12049875449508977,0.12139735055629312,20.9,1025.667
1791143062.8598585,69.64737049429873,0.10946220137111431,0.12077838663355966,0.12139263189649953,20.91,1025.677
1791143094.1854503,69.64737049429873,0.10985383626958439,0.1203423443042001,0.12201076447660249,20.91,1025.666
1791143125.5129426,69.64737049429873,0.10960629529297132,0.12040362223100541,0.12229270244500337,20.93,1025.67
1791143156.856366,69.64737049429873,0.10963748771720333,0.12129262259826958,0.12184911437471234,20.95,1025.663
1791143188.2070825,69.64737049429873,0.11041158485812404,0.12037565323740392,0.12284994762809001,20.94,1025.66
1791143219.5484443,69.64737049429873,0.10977965560604108,0.12026631535560069,0.12217061654648254,20.94,1025.662
1791143250.8948905,69.64737049429873,0.10946220137111431,0.12043731557834175,0.12206276869778965,20.94,1025.651
1791143282.2452965,69.64737049429873,0.10926398126226969,0.11960568643459213,0.12150274348327074,20.95,1025.665
1791143313.5849948,69.64737049429873,0.10893515928897883,0.1200095633787242,0.12318349168022569,20.9,1025.648
1791143344.9163866,69.64737049429873,0.1097546858255538,0.11956043217800942,0.12168054484164706,20.93,1025.647
1791143376.2559543,69.64737049429873,0.10993408554272328,0.12034940839386757,0.12134249166619414,20.9,1025.64
1791143407.603516,69.64737049429873,0.1089516003532314,0.12046467972390554,0.1220723455112392,20.9,1025.652
1791143438.9357734,69.64737049429873,0.10981634796700553,0.11958679864354366,0.12101992033963385,20.87,1025.643
1791143470.2783926,69.64737049429873,0.109212541844794,0.1202483961049175,0.12107976170079167,20.9,1025.646
1791143501.6138968,69.64737049429873,0.109212541844794,0.1203023941673435,0.12141137939959844,20.86,1025.649
1791143532.9642816,69.64737049429873,0.10963748771720333,0.12346294824476736,0.12262858660465047,20.9,1025.646
1791143564.3117375,69.64737049429873,0.10893515928897883,0.11976834871541468,0.12485355097829554,20.91,1025.659
1791143595.6612828,69.64737049429873,0.1093454780675307,0.12012550168429978,0.12133278818035663,20.89,1025.661
1791143627.0018907,69.64737049429873,0.10944064335855329,0.1205255179702089,0.12151610441782794,20.89,1025.663
1791143658.3353648,69.64737049429873,0.10888639962797052,0.12091118247298253,0.12163400543137445,20.89,1025.658
1791143689.6658084,69.64737049429873,0.1091804352704148,0.12046467972390554,0.12235300461575294,20.87,1025.67
1791143720.9463675,69.64737049429873,0.10952112977553068,0.12030951293938277,0.12129754064749802,20.89,1025.661
1791143752.2858765,69.64737049429873,0.1103510054035193,0.1205861381487123,0.12113938856737139,20.89,1025.67
1791143783.635516,69.64737049429873,0.10901672411864984,0.11930992532895865,0.12147043840443518,20.86,1025.669
1791143814.9777389,69.64737049429873,0.10883754759364539,0.11997127423962611,0.12157943416601223,20.84,1025.679
1791143846.3211896,69.64737049429873,0.10981634796700553,0.1202483961049175,0.12085688678347097,20.86,1025.673
1791143877.6717358,69.64737049429873,0.10924450456620113,0.12014054527271366,0.12385098035370556,20.83,1025.682
1791143909.0083108,69.64737049429873,0.10891907834511966,0.11990943910817721,0.1215249118456387,20.82,1025.669
1791143940.346751,69.64737049429873,0.10878747743503474,0.12056655719969848,0.12140672416479391,20.82,1025.675
1791143971.6863234,69.64737049429873,0.10914818386972566,0.12017963904538402,0.12129262259826958,20.79,1025.669
1791144003.0277798,69.64737049429873,0.10942668078021281,0.12040362223100541,0.12134731059605709,20.79,1025.659
1791144034.374306,69.64737049429873,0.11183434583516352,0.12057964047540723,0.12135210784736769,20.77,1025.656
1791144065.7208414,69.64737049429873,0.10911454512782728,0.12059260677437407,0.12135688356608305,20.77,1025.661
1791144097.0722685,69.64737049429873,0.1098283381736667,0.12020180050611162,0.12280066187195506,20.77,1025.673
1791144128.4127517,69.64737049429873,0.10909786122083572,0.11981815043860748,0.12191464054359674,20.77,1025.67
1791144159.7601643,69.64737049429873,0.10904906755339981,0.12064654142977731,0.1218055398871727,20.77,1025.674
1791144191.1059587,69.64737049429873,0.10992662287298811,0.12053213392673748,0.12208179377122351,20.79,1025.678
1791144222.4462817,69.64737049429873,0.11020287675703894,0.12103093315109732,0.12241282089274017,20.83,1025.679
1791144253.780807,69.64737049429873,0.10914669857296887,0.12053213392673748,0.123297147160456,20.84,1025.706
1791144285.1211932,69.64737049429873,0.10909786122083572,0.12097677823502029,0.12186006579608304,20.82,1025.718
1791144316.4567742,69.64737049429873,0.11002508363860708,0.12097677823502029,0.12346306319147753,20.82,1025.731
1791144347.7912092,69.64737049429873,0.11025220876628315,0.12037041109938737,0.12186006579608304,20.77,1025.739
1791144379.1277468,69.64737049429873,0.10977926170135247,0.12086276335804186,0.12230332341211694,20.79,1025.735
1791144410.465215,69.64737049429873,0.10984697173770219,0.12042427046691868,0.12202393681713673,20.79,1025.746
1791144441.8127096,69.64737049429873,0.10965036898893732,0.12059260677437407,0.12208179377122351,20.82,1025.747
1791144473.1582723,69.64737049429873,0.1096013282141797,0.12031659988717644,0.12197264121036219,20.83,1025.746
1791144504.5097392,69.64737049429873,0.11015358887495957,0.12086861366157169,0.12169663432316455,20.86,1025.748
1791144535.8501542,69.64737049429873,0.11025220876628315,0.12456807872768076,0.12451236605523648,20.89,1025.757
1791144567.1937351,69.64737049429873,0.11010434506086433,0.12064654142977731,0.12396010539445661,20.89,1025.756
1791144598.5431905,69.64737049429873,0.11075538452514053,0.12147493242094713,0.12396010539445661,20.9,1025.749
1791144629.8845363,69.64737049429873,0.11010434506086433,0.12169663432316455,0.12313171440328677,20.9,1025.755
1791144661.2311337,69.64737049429873,0.10955233128646909,0.11992542295778305,0.12285558407289683,20.95,1025.755
1791144692.573767,69.64737049429873,0.11020287675703894,0.12037041109938737,0.1218055398871727,20.91,1025.764
1791144723.928093,69.64737049429873,0.10937411510488651,0.12014801658286788,0.12263430153932511,20.94,1025.781
1791144755.2536223,69.64737049429873,0.10955233128646909,0.12136637098303475,0.12230332341211694,20.95,1025.776
1791144786.5802572,69.64737049429873,0.11088279591865555,0.12158792332874702,0.12296672498687979,20.95,1025.782
1791144817.90673,69.64737049429873,0.10973022906880536,0.12081460387438321,0.12208491507016728,20.97,1025.792
1791144849.2551963,69.64737049429873,0.11005514525567824,0.12048488200224083,0.12302167230898937,20.95,1025.809
1791144880.5768278,69.64737049429873,0.1088543285604516,0.12081460387438321,0.12131216299712047,20.93,1025.802
1791144911.9250453,69.64737049429873,0.11000598940043192,0.12037041109938737,0.12219402164601205,20.89,1025.815
1791144943.2785807,69.64737049429873,0.10917870840555226,0.12043109175645283,0.12175106275133706,20.89,1025.808
1791144974.6222978,69.64737049429873,0.10898399868431037,0.12065286373449322,0.12203043481527347,20.89,1025.803
1791145005.9687102,69.64737049429873,0.10973022906880536,0.12031659988717644,0.12208491507016728,20.9,1025.816
1791145037.309017,69.64737049429873,0.10987745854456964,0.12064654142977731,0.12175106275133706,20.91,1025.803
1791145068.6527467,69.64737049429873,0.10955233128646909,0.12064654142977731,0.12224864809755981,20.95,1025.803
1791145099.9800606,69.64737049429873,0.10942307612129744,0.1211988020905572,0.12263430153932511,20.97,1025.804
1791145131.3254886,69.64737049429873,0.10965036898893732,0.12136163789685304,0.122027193081727,20.95,1025.809
1791145162.6760519,69.64737049429873,0.10911454512782728,0.12030951293938277,0.12196926419536,20.93,1025.797
1791145194.0246413,69.64737049429873,0.11007438019418975,0.12008669237268124,0.12362901545133725,20.91,1025.793
1791145225.3609529,69.64737049429873,0.10940560299835643,0.12037734951833717,0.12119368919808438,20.93,1025.802
1791145256.6955156,69.64737049429873,0.10990780930440719,0.12027000880827177,0.12147940638296137,20.9,1025.808
1791145288.0360293,69.64737049429873,0.10948572145116102,0.12021641020818256,0.12164635150631584,20.89,1025.806
1791145319.382675,69.64737049429873,0.10938822323544194,0.12027000880827177,0.12175876126962253,20.89,1025.819
1791145350.7251031,69.64737049429873,0.1091619273270177,0.12065286373449322,0.12192162004592465,20.89,1025.816
1791145382.0686533,69.64737049429873,0.10955233128646909,0.12059260677437407,0.12158792332874702,20.91,1025.826
1791145413.4182498,69.64737049429873,0.10992662287298811,0.12042427046691868,0.122027193081727,20.9,1025.83
1791145444.7505338,69.64737049429873,0.10924450456620113,0.1205255179702089,0.12274414451371231,20.87,1025.823
1791145476.0950963,69.64737049429873,0.10903321921419037,0.12174329506093082,0.12218824916195722,20.89,1025.826
1791145507.3847017,69.64737049429873,0.11009371882965496,0.12108513657348119,0.12301961475783141,20.9,1025.814
1791145538.7141054,69.64737049429873,0.11057808628535078,0.12119368919808438,0.12268919844106875,20.9,1025.815
1791145570.0565486,69.64737049429873,0.10966854019619106,0.12014054527271366,0.1223555317893937,20.86,1025.812
1791145601.3898745,69.64737049429873,0.10961935931848348,0.1215249118456387,0.1218017851602237,20.86,1025.804
1791145632.7395983,69.64737049429873,0.10984697173770219,0.12229803678622966,0.1220786584748087,20.87,1025.798
1791145664.073017,69.64737049429873,0.10990780930440719,0.12043788266029808,0.12373989836231873,20.89,1025.795
1791145695.429485,69.64737049429873,0.10988909621320246,0.12093405873401049,0.12236304576598009,20.91,1025.779
1791145726.7739038,69.64737049429873,0.10938822323544194,0.12065915788880649,0.1222541286500142,20.89,1025.772
1791145758.1173205,69.64737049429873,0.10929089851165155,0.12065915788880649,0.12203366211482655,20.86,1025.769
1791145789.4989111,69.64737049429873,0.10958339362312514,0.12020912167061427,0.12263806906679181,20.9,1025.766
1791145820.8395185,69.64737049429873,0.11038035194806196,0.121090487428709,0.12131216299712047,20.89,1025.753
1791145852.1810133,69.64737049429873,0.10977926170135247,0.12065286373449322,0.12384932297196669,20.89,1025.752
1791145883.5196187,69.64737049429873,0.11018332352056323,0.12147940638296137,0.12175492059911742,20.89,1025.757
1791145914.8708951,69.64737049429873,0.10872431062487621,0.1204781780544402,0.12230594903142952,20.89,1025.747
1791145946.214512,69.64737049429873,0.10997583121795458,0.12064654142977731,0.12213644334441161,20.9,1025.743
1791145977.559242,69.64737049429873,0.11020287675703894,0.1205861381487123,0.1225794537425069,20.9,1025.747
1791146008.908366,69.64737049429873,0.10994553773037295,0.12074844156346656,0.12252251461401908,20.91,1025.754
1791146040.241002,69.64737049429873,0.10999488708913607,0.12129754064749802,0.12246537102724862,20.94,1025.755
1791146071.5935998,69.64737049429873,0.10960629529297132,0.12062096689574342,0.12335181557980876,20.9,1025.757
1791146102.940951,69.64737049429873,0.10970517769069994,0.11967708253947167,0.12206916765278604,20.93,1025.762
1791146134.2914908,69.64737049429873,0.11004428076898522,0.1209169399917336,0.12162568193882134,20.9,1025.763
1791146165.632901,69.64737049429873,0.10984021103333487,0.12269447352260254,0.12274905529289279,20.94,1025.77
1791146196.9733338,69.64737049429873,0.1095168351963788,0.12027714894531787,0.12329836781457612,20.94,1025.767
1791146228.3229575,69.64737049429873,0.11026202053026454,0.12175492059911742,0.12219974277120947,20.93,1025.777
1791146259.6536596,69.64737049429873,0.11075538452514053,0.1218055398871727,0.1223605522891197,20.94,1025.795
1791146291.0000377,69.64737049429873,0.10929347332500063,0.1209711652164687,0.12263430153932511,20.94,1025.8
1791146322.3423684,69.64737049429873,0.10934248600389848,0.1209169399917336,0.12213342923437599,20.94,1025.815
1791146353.6870856,69.64737049429873,0.10994553773037295,0.1202483961049175,0.12202393681713673,20.95,1025.824
1791146385.0354578,69.64737049429873,0.10916352149326189,0.1203023941673435,0.12157943416601223,20.93,1025.828
1791146416.3738952,69.64737049429873,0.10963748771720333,0.12047144402928468,0.12202066592358024,20.9,1025.841
1791146447.7233791,69.64737049429873,0.10934248600389848,0.12035644074768369,0.12124803853105369,20.87,1025.841
1791146479.0498798,69.64737049429873,0.10981634796700553,0.12035644074768369,0.12168862570766219,20.89,1025.838
1791146510.3834207,69.64737049429873,0.109082247101475,0.11979341775773898,0.12118855333563197,20.89,1025.857
1791146541.731811,69.64737049429873,0.10942307612129744,0.12081460387438321,0.12185278126322635,20.89,1025.862
1791146573.0703785,69.64737049429873,0.10993802492584996,0.12049155607374722,0.12164635150631584,20.86,1025.856
1791146604.410877,69.64737049429873,0.11011486729417652,0.120048263900562,0.12175876126962253,20.84,1025.856
1791146635.7443094,69.64737049429873,0.10880575243978298,0.12048488200224083,0.12137108296670703,20.83,1025.85
1791146667.0728934,69.64737049429873,0.11038035194806196,0.11998695321140591,0.12164225453736051,20.83,1025.854
1791146698.419427,69.64737049429873,0.10965036898893732,0.12191464054359674,0.12114462054876932,20.8,1025.832
1791146729.763771,69.64737049429873,0.10971776522384467,0.12013304038215919,0.12246764319034044,20.83,1025.828
1791146761.0984788,69.64737049429873,0.109082247101475,0.11990943910817721,0.1217980135573545,20.8,1025.828
1791146792.436932,69.64737049429873,0.1097855863074243,0.12129754064749802,0.1219075982449588,20.84,1025.817
1791146823.7824984,69.64737049429873,0.10973617567470476,0.12074230003176971,0.12268564218681882,20.84,1025.813
1791146855.1268775,69.64737049429873,0.11092583141760323,0.12235300461575294,0.12407374372613961,20.87,1025.798
1791146886.4762855,69.64737049429873,0.11112552668542966,0.12179422496453357,0.12485046437854594,20.89,1025.796
1791146917.8067808,69.64737049429873,0.10993408554272328,0.12084505411018563,0.12490981914514762,20.87,1025.799
1791146949.1503894,69.64737049429873,0.10950759098935998,0.12079056791052861,0.12195904175213419,20.89,1025.781
1791146980.4988146,69.64737049429873,0.10947606323401048,0.12129262259826958,0.12440939536646373,20.86,1025.822
1791147011.8413315,69.64737049429873,0.10994553773037295,0.12174718761078596,0.1227960751755188,20.87,1025.805
1791147043.1827502,69.64737049429873,0.10921057558559638,0.12005590066124767,0.1223580476552743,20.86,1025.819
1791147074.512212,69.64737049429873,0.10921057558559638,0.12049155607374722,0.12236304576598009,20.87,1025.822
1791147105.8628597,69.64737049429873,0.10987745854456964,0.1225203646318534,0.12192162004592465,20.87,1025.83
1791147137.2093492,69.64737049429873,0.11009371882965496,0.1219075982449588,0.12340752023682737,20.9,1025.817
1791147168.5538921,69.64737049429873,0.10973617567470476,0.12017963904538402,0.12157516095536218,20.9,1025.836
1791147199.8802054,69.64737049429873,0.1099836746011871,0.12100880804037735,0.12246079596711405,20.91,1025.84
1791147231.2196658,69.64737049429873,0.11104757091378024,0.12062740371193187,0.12240317951172648,20.93,1025.842
1791147262.5694344,69.64737049429873,0.11158082987225244,0.12046467972390554,0.12179422496453357,20.95,1025.855
1791147293.9088445,69.64737049429873,0.11034157694355289,0.12022649040120219,0.12362968578195374,20.93,1025.854
1791147325.2121768,69.64737049429873,0.11028215098395745,0.12050549071745016,0.12167647700846823,20.94,1025.859
1791147356.5548623,69.64737049429873,0.10944439287733994,0.12072370861538374,0.12217949261493809,20.91,1025.871
1791147387.8862152,69.64737049429873,0.11089081275444408,0.12077838663355966,0.12161728304896936,20.9,1025.873
1791147419.231778,69.64737049429873,0.10949391742196889,0.12080263983550028,0.12340686241689322,20.93,1025.882
1791147450.553404,69.64737049429873,0.10966854019619106,0.12025563260336562,0.12185643170019411,20.94,1025.902
1791147481.8966846,69.64737049429873,0.1095702225313514,0.11975626252072369,0.12152928600312189,20.95,1025.908
1791147513.2501776,69.64737049429873,0.11037108969230437,0.1212379838711223,0.12202393681713673,20.93,1025.912
1791147544.593796,69.64737049429873,0.10924674189281669,0.12028806028921134,0.12162568193882134,20.93,1025.915
1791147575.9302375,69.64737049429873,0.10942668078021281,0.1204510594518377,0.12162568193882134,20.91,1025.926
1791147607.2708397,69.64737049429873,0.10939491311276309,0.12088789139279268,0.12240317951172648,20.91,1025.922
1791147638.5984688,69.64737049429873,0.11030223919289266,0.1220074340701707,0.12150274348327074,20.9,1025.935
1791147669.941619,69.64737049429873,0.10951186882398234,0.12049198769387386,0.1246394104838646,20.94,1025.929
1791147701.28913,69.64737049429873,0.11017212729498709,0.1195880667861265,0.12222907414516444,20.9,1025.934
1791147732.6288059,69.64737049429873,0.1086872050155121,0.120032606000225,0.12099195008272329,20.91,1025.93
1791147763.9782124,69.64737049429873,0.10911704742523823,0.11940663336970599,0.12166416241158431,20.94,1025.934
1791147795.3096342,69.64737049429873,0.10840630060861689,0.12060148096959578,0.1213783467509513,20.9,1025.929
1791147826.6562638,69.64737049429873,0.10797801291036621,0.1199474900849542,0.12149824934893523,20.9,1025.925
1791147857.9966674,69.64737049429873,0.10939491311276309,0.12318615173314872,0.12423793046794303,20.89,1025.923
1791147889.3362079,69.64737049429873,0.109082247101475,0.12013304038215919,0.12540113824982876,20.9,1025.936
1791147920.6846502,69.64737049429873,0.10847822815579193,0.11968563665459436,0.12174329506093082,20.87,1025.908
1791147952.018281,69.64737049429873,0.10970517769069994,0.11976834871541468,0.12135210784736769,20.87,1025.912
1791147983.3417542,69.64737049429873,0.10913269328032354,0.12055335535709927,0.12122273087601129,20.87,1025.916
1791148014.6902544,69.64737049429873,0.10951186882398234,0.12014962010476522,0.12307118497530005,20.87,1025.909
1791148046.0207422,69.64737049429873,0.10924901382930254,0.11957919672795421,0.12239583337932007,20.83,1025.916
1791148077.3672028,69.64737049429873,0.10954806646347938,0.1201968166257819,0.12154911266033161,20.83,1025.914
1791148108.6888108,69.64737049429873,0.1087366779562102,0.1199233812913208,0.12171554973924524,20.84,1025.919
1791148140.0391567,69.64737049429873,0.1102221850097848,0.12043039676408457,0.12211505672000073,20.84,1025.917
1791148171.3815687,69.64737049429873,0.10943034114997359,0.11981435518163824,0.121553503401362,20.89,1025.914
1791148202.7301376,69.64737049429873,0.10948010705062962,0.12099195008272329,0.1223401964325837,20.86,1025.921
1791148234.069724,69.64737049429873,0.11009172704998818,0.12138313014081531,0.12239583337932007,20.86,1025.918
1791148265.4181545,69.64737049429873,0.10976088370994898,0.12256720540885971,0.12239336234563622,20.87,1025.916
1791148296.7646527,69.64737049429873,0.1095615813695977,0.12167647700846823,0.12318281912682745,20.9,1025.902
1791148328.1082227,69.64737049429873,0.10983504145619141,0.12055997119976776,0.12184543092318684,20.89,1025.9
1791148359.4546998,69.64737049429873,0.10955692090948577,0.12056655719969848,0.12223753866262134,20.9,1025.905
1791148390.8021927,69.64737049429873,0.11000289828175161,0.12060800572344818,0.12368581540271999,20.93,1025.904
1791148422.147536,69.64737049429873,0.10971099017785642,0.12121760032105239,0.12340686241689322,20.94,1025.901
1791148453.4801633,69.64737049429873,0.10976088370994898,0.12110209787004632,0.12374344157199785,20.97,1025.899
1791148484.827651,69.64737049429873,0.10939833577328441,0.1211572470046234,0.12278829149466033,21.0,1025.891
1791148516.1841862,69.64737049429873,0.10962967670953991,0.12295619546917262,0.12295619546917262,20.97,1025.901
1791148547.5225475,69.64737049429873,0.11175046985301908,0.1220563114353623,0.12548894452508644,20.97,1025.889
1791148578.86409,69.64737049429873,0.10996091246937675,0.1205333267304176,0.12486919491582406,20.97,1025.894
1791148610.2105608,69.64737049429873,0.10954806646347938,0.12014202985149061,0.12188608598033447,20.94,1025.89
1791148641.5462182,69.64737049429873,0.11011141314383519,0.12047836151820733,0.12244917576518533,20.97,1025.889
1791148672.8836427,69.64737049429873,0.10967962412133059,0.1203137662513246,0.12188608598033447,20.98,1025.893
1791148704.2280316,69.64737049429873,0.10954806646347938,0.12099195008272329,0.12177502308731614,20.98,1025.891
1791148735.567798,69.64737049429873,0.11032243702858768,0.11987703625760537,0.12239583337932007,20.97,1025.887
1791148766.9061263,69.64737049429873,0.10954348680746759,0.12055335535709927,0.12144766273148169,20.97,1025.891
1791148798.2516391,69.64737049429873,0.1095615813695977,0.12054003332850831,0.12206276869778965,20.91,1025.898
1791148829.6002061,69.64737049429873,0.11019199721173908,0.12059492650242419,0.12166416241158431,20.94,1025.896
1791148860.9295628,69.64737049429873,0.10926639312330148,0.12092533833880616,0.12228188800902179,20.93,1025.902
1791148892.2701032,69.64737049429873,0.11016167162662073,0.12098058308497557,0.12509717260147682,20.94,1025.917
1791148923.601656,69.64737049429873,0.11003053442263902,0.12239088002303389,0.12261692186446763,20.94,1025.917
1791148954.9289865,69.64737049429873,0.11026232635573233,0.12092533833880616,0.12261692186446763,20.91,1025.918
1791148986.2736125,69.64737049429873,0.10987986972143476,0.12132299619548362,0.12261692186446763,20.93,1025.92
1791149017.6220765,69.64737049429873,0.10996091246937675,0.12036858134708525,0.12216763087275989,20.93,1025.92
1791149048.9635057,69.64737049429873,0.1093485164584403,0.12036858134708525,0.12200072775792219,20.93,1025.915
1791149080.3150632,69.64737049429873,0.10949811071361565,0.12075990641063276,0.12188608598033447,20.91,1025.904
1791149111.5995696,69.64737049429873,0.11001103362783538,0.12008729299903907,0.12408186171624541,20.94,1025.895
1791149142.9399896,69.64737049429873,0.11152344917139086,0.1222873197395152,0.12503654966081235,20.91,1025.897
1791149174.2895563,69.64737049429873,0.1109693334466637,0.12044420307018584,0.12284709107820421,20.89,1025.884
1791149205.6391017,69.64737049429873,0.11005267555495897,0.12099759489907813,0.12256720540885971,20.89,1025.886
1791149236.982562,69.64737049429873,0.11025223595770155,0.12110749769398516,0.122902806519568,20.87,1025.881
1791149268.333927,69.64737049429873,0.11098493612236222,0.1208760867535238,0.12374344157199785,20.89,1025.879
1791149299.682547,69.64737049429873,0.11221121925374616,0.1231821435162322,0.12402409059988069,20.87,1025.871
1791149331.0090384,69.64737049429873,0.1116755333730362,0.12043039676408457,0.12621191121814224,20.89,1025.864
1791149362.341449,69.64737049429873,0.10911704742523823,0.12025165339023969,0.12127272674204263,20.84,1025.868
1791149393.6869183,69.64737049429873,0.109698207580509,0.12013440492214059,0.12177113010163688,20.84,1025.865
1791149425.0244863,69.64737049429873,0.11026232635573233,0.12013440492214059,0.12177113010163688,20.84,1025.865
1791149456.3699446,69.64737049429873,0.10936618424678621,0.12120726892641641,0.12205306068924714,20.87,1025.878
1791149487.7154465,69.64737049429873,0.10982973980365729,0.12013440492214059,0.12205306068924714,20.89,1025.871
1791149519.0599961,69.64737049429873,0.10964811483439645,0.12013440492214059,0.1228427573599891,20.89,1025.871
1791149550.3954477,69.64737049429873,0.10918396950658467,0.12041646430975224,0.12126264247258724,20.9,1025.873
1791149581.7270746,69.64737049429873,0.11100707734217861,0.12138313014081531,0.12335035603619834,20.89,1025.888
1791149613.0914927,69.64737049429873,0.11111423531727055,0.12100321416058164,0.12436126999455557,20.87,1025.89
1791149644.4379523,69.64737049429873,0.10961133906939743,0.11969693651620131,0.12212123634137327,20.87,1025.892
1791149675.7853594,69.64737049429873,0.10977965560604108,0.1205883421185014,0.12138313014081531,20.84,1025.895
1791149707.1339548,69.64737049429873,0.10941614819289734,0.12052658946520996,0.12487236656534956,20.87,1025.892
1791149738.4854572,69.64737049429873,0.10931626591106283,0.11996195478322774,0.12227640658068865,20.87,1025.9
1791149769.8419883,69.64737049429873,0.10861959289588177,0.12030654021331542,0.12109122414719217,20.84,1025.894
1791149801.1873996,69.64737049429873,0.10898471978312357,0.1210414513030582,0.122223366771485,20.83,1025.9
1791149832.5278928,69.64737049429873,0.10921656582119023,0.12098627953679522,0.1216600200911292,20.82,1025.896
1791149863.8613484,69.64737049429873,0.10954806646347938,0.12115194592887332,0.12441999001216332,20.86,1025.887
1791149895.206988,69.64737049429873,0.10944820050429897,0.12007954657597543,0.12256095545480314,20.84,1025.89
1791149926.5385194,69.64737049429873,0.11044347353180668,0.12002473830812947,0.1215447018601989,20.89,1025.891
1791149957.8959813,69.64737049429873,0.10918396950658467,0.12007954657597543,0.12126264247258724,20.86,1025.892
1791149989.2453096,69.64737049429873,0.10898471978312357,0.1210966734107734,0.12177113010163688,20.84,1025.894
1791150020.5831082,69.64737049429873,0.10987986972143476,0.1205333267304176,0.12447675349290822,20.87,1025.893
1791150051.9164789,69.64737049429873,0.10981082264309297,0.12077225452270145,0.122223366771485,20.87,1025.895
1791150083.2599058,69.64737049429873,0.10982973980365729,0.12008729299903907,0.12245385549566701,20.89,1025.887
1791150114.603507,69.64737049429873,0.10972961706606718,0.12025165339023969,0.12126769609856342,20.89,1025.886
1791150145.9308486,69.64737049429873,0.10982973980365729,0.12093115804317761,0.12188608598033447,20.89,1025.877
1791150177.25935,69.64737049429873,0.11016167162662073,0.12075369002599401,0.12211194578386801,20.87,1025.877
1791150208.608963,69.64737049429873,0.1099300454220067,0.12030654021331542,0.12182676124781056,20.87,1025.886
1791150239.9393537,69.64737049429873,0.11115928764404479,0.12103587833134545,0.1213783467509513,20.86,1025.878
1791150271.2718725,69.64737049429873,0.10998026696812066,0.1215447018601989,0.12193817617016549,20.86,1025.875
1791150302.62453,69.64737049429873,0.109698207580509,0.12025165339023969,0.12239088002303389,20.86,1025.874
1791150333.9778795,69.64737049429873,0.10944820050429897,0.1210414513030582,0.122223366771485,20.84,1025.866
1791150365.3264053,69.64737049429873,0.11039308648401308,0.12025165339023969,0.12363173347237452,20.86,1025.869
1791150396.6817622,69.64737049429873,0.11034274539089192,0.12120726892641641,0.12199735164443122,20.84,1025.86
1791150428.0214157,69.64737049429873,0.1099300454220067,0.12160454108790904,0.1228427573599891,20.86,1025.869
1791150459.37189,69.64737049429873,0.11024220081742292,0.1201968166257819,0.12267477890740441,20.89,1025.877
1791150490.7082431,69.64737049429873,0.10982973980365729,0.1205333267304176,0.1219416934313071,20.84,1025.873
1791150522.0429666,69.64737049429873,0.11001103362783538,0.12148919951402665,0.12391340681255242,20.84,1025.872
1791150553.3842962,69.64737049429873,0.10987986972143476,0.12126769609856342,0.123688163075547,20.86,1025.885
1791150584.7267532,69.64737049429873,0.1100612004984665,0.12093115804317761,0.12408186171624541,20.86,1025.885
1791150616.0803719,69.64737049429873,0.11019199721173908,0.12042344641325882,0.12177502308731614,20.86,1025.888
1791150647.4277315,69.64737049429873,0.11047315746283869,0.12070486297502701,0.122223366771485,20.87,1025.885
1791150678.755285,69.64737049429873,0.11004166036926832,0.12239583337932007,0.12492282331319429,20.9,1025.88
1791150710.0968473,69.64737049429873,0.1103726314568834,0.1216088077326921,0.12413694739474905,20.89,1025.877
1791150741.4413123,69.64737049429873,0.11014183931005521,0.12014202985149061,0.12396884951561936,20.87,1025.869
1791150772.7848575,69.64737049429873,0.10962967670953991,0.12110209787004632,0.12171956750682258,20.87,1025.864
1791150804.1312566,69.64737049429873,0.11063242746545511,0.12060800572344818,0.12222622695312232,20.87,1025.867
1791150835.4818332,69.64737049429873,0.10961133906939743,0.12138313014081531,0.122902806519568,20.9,1025.862
1791150866.8203442,69.64737049429873,0.10986080703928622,0.1211572470046234,0.1232942341740634,20.9,1025.866
1791150898.1718822,69.64737049429873,0.10967962412133059,0.12064986969513143,0.12250725922389133,20.9,1025.87
1791150929.4532845,69.64737049429873,0.10982973980365729,0.1208760867535238,0.12183052922209982,20.87,1025.872
1791150960.807777,69.64737049429873,0.10957977476851721,0.12076609451200646,0.12188971213958731,20.86,1025.871
1791150992.1513095,69.64737049429873,0.11034274539089192,0.12070486297502701,0.12194519468235332,20.86,1025.877
1791151023.499826,69.64737049429873,0.11029245018960357,0.12290017647950084,0.12351902859270902,20.91,1025.886
1791151054.8482258,69.64737049429873,0.11052348916546911,0.12149824934893523,0.12458790656777788,20.9,1025.882
1791151086.1966424,69.64737049429873,0.1101221150272529,0.12065630226528674,0.12368721760629632,20.87,1025.889
1791151117.5332778,69.64737049429873,0.11121534467756905,0.12138313014081531,0.12408049333523623,20.87,1025.893
1791151148.883817,69.64737049429873,0.1100612004984665,0.1219416934313071,0.12323761203094082,20.87,1025.892
1791151180.2201564,69.64737049429873,0.1100612004984665,0.12093695129316957,0.1252646246894396,20.91,1025.891
1791151211.566861,69.64737049429873,0.10962967670953991,0.12160454108790904,0.12368721760629632,20.9,1025.897
1791151242.8461506,69.64737049429873,0.112262366121981,0.12132299619548362,0.12261888813145465,20.89,1025.893
1791151274.2006183,69.64737049429873,0.11072527543699265,0.12036147716358567,0.12256095545480314,20.91,1025.892
1791151305.5422664,69.64737049429873,0.11011141314383519,0.12126769609856342,0.12312455926517507,20.89,1025.887
1791151336.8846264,69.64737049429873,0.11175046985301908,0.12054003332850831,0.12351902859270902,20.9,1025.889
1791151368.2312603,69.64737049429873,0.11039308648401308,0.1210966734107734,0.12222622695312232,20.89,1025.889
1791151399.5777678,69.64737049429873,0.11057386675137178,0.12099195008272329,0.1227867134518408,20.87,1025.889
1791151430.9180875,69.64737049429873,0.10989173318219225,0.12077225452270145,0.12262084546046655,20.87,1025.887
1791151462.2656665,69.64737049429873,0.10994166349735747,0.12121760032105239,0.12172356701930506,20.93,1025.888
1791151493.6024485,69.64737049429873,0.10981082264309297,0.12110749769398516,0.12262084546046655,20.91,1025.883
1791151524.9587262,69.64737049429873,0.11030223919289266,0.12049198769387386,0.12284565306901436,20.93,1025.889
1791151556.3351097,69.64737049429873,0.11002222658563321,0.12116777706213719,0.12245385549566701,20.91,1025.872
1791151587.6647296,69.64737049429873,0.1098418481984253,0.12138789180677997,0.1222873197395152,20.89,1025.877
1791151619.0031965,69.64737049429873,0.11017212729498709,0.12126769609856342,0.12284565306901436,20.9,1025.878
1791151650.3386033,69.64737049429873,0.10954806646347938,0.1216600200911292,0.1228427573599891,20.91,1025.877
1791151681.6762655,69.64737049429873,0.11110850451856731,0.12143374783405929,0.12363173347237452,20.9,1025.873
1791151713.0246572,69.64737049429873,0.10987986972143476,0.12030654021331542,0.12340636117036104,20.91,1025.866
1791151744.3710752,69.64737049429873,0.11067475982419099,0.12070486297502701,0.12199735164443122,20.91,1025.86
1791151775.7044647,69.64737049429873,0.11093444027067384,0.12082710358119034,0.12228188800902179,20.91,1025.85
1791151807.0471554,69.64737049429873,0.1098418481984253,0.12065630226528674,0.12329465598214978,20.93,1025.843
1791151838.3916519,69.64737049429873,0.10989173318219225,0.11993949021815,0.12262084546046655,20.93,1025.847
1791151869.7370594,69.64737049429873,0.1093630014984291,0.12049875449508977,0.12189691518743925,20.91,1025.841
1791151901.0666025,69.64737049429873,0.10969246461901254,0.12004823438475917,0.12206597541424555,20.87,1025.838
1791151932.4120345,69.64737049429873,0.10908324265196236,0.12066908008177037,0.12223190843589979,20.86,1025.836
1791151963.7575173,69.64737049429873,0.10888588747292828,0.12006372171265678,0.12206597541424555,20.83,1025.84
1791151995.0841436,69.64737049429873,0.10980423866498927,0.1194434653910673,0.12223753866262134,20.84,1025.83
1791152026.417487,69.64737049429873,0.1093630014984291,0.12083311420356602,0.12162149198244211,20.86,1025.831
1791152057.7510939,69.64737049429873,0.10961133906939743,0.12049198769387386,0.1222873197395152,20.86,1025.836
1791152089.1043906,69.64737049429873,0.11004166036926832,0.12064986969513143,0.1216088077326921,20.84,1025.839
1791152120.4520884,69.64737049429873,0.11108606586156146,0.11986061328972242,0.12290017647950084,20.86,1025.848
1791152151.7996585,69.64737049429873,0.10939833577328441,0.12008729299903907,0.12126769609856342,20.83,1025.842
1791152183.1381123,69.64737049429873,0.10996091246937675,0.12132790332579688,0.12273242536027297,20.86,1025.838
1791152214.4676268,69.64737049429873,0.10957977476851721,0.12037565323740392,0.12273242536027297,20.83,1025.846
1791152245.814109,69.64737049429873,0.10961133906939743,0.12155787421981451,0.12346279254411503,20.82,1025.858
1791152277.159631,69.64737049429873,0.10951186882398234,0.1227914261288333,0.12351885184239184,20.84,1025.851
1791152308.501986,69.64737049429873,0.10913269328032354,0.12066270566149238,0.12452640509427124,20.86,1025.837
1791152339.8476107,69.64737049429873,0.11043199751017355,0.12032812005410369,0.12206276869778965,20.87,1025.841
1791152371.195032,69.64737049429873,0.11005267555495897,0.12055997119976776,0.122902806519568,20.86,1025.85
1791152402.524547,69.64737049429873,0.10939491311276309,0.12062096689574342,0.12217949261493809,20.87,1025.852
1791152433.8650348,69.64737049429873,0.11008298705107557,0.12118339434806046,0.12362968578195374,20.82,1025.844
1791152465.1974387,69.64737049429873,0.10950759098935998,0.1205255179702089,0.12340735689257484,20.83,1025.845
1791152496.542013,69.64737049429873,0.10985383626958439,0.12077225452270145,0.12196587201572592,20.8,1025.85
1791152527.8675504,69.64737049429873,0.10981082264309297,0.12082710358119034,0.12177889837681805,20.82,1025.849
1791152559.2139432,69.64737049429873,0.11017212729498709,0.12021172086504625,0.12166828591957479,20.83,1025.846
1791152590.5636275,69.64737049429873,0.10946220137111431,0.12077838663355966,0.12211815354055089,20.82,1025.862
1791152621.9099817,69.64737049429873,0.11144957088743417,0.12022649040120219,0.12223190843589979,20.83,1025.855
1791152653.2404177,69.64737049429873,0.10957496197531458,0.1199474900849542,0.12162149198244211,20.82,1025.849
1791152684.5822108,69.64737049429873,0.11028215098395745,0.12016469752498794,0.12156655662891701,20.77,1025.858
1791152715.8684149,69.64737049429873,0.10967403956493821,0.12100880804037735,0.12206597541424555,20.79,1025.856
1791152747.2159631,69.64737049429873,0.11026217151167424,0.12079056791052861,0.12273749324743406,20.82,1025.856
1791152778.5686116,69.64737049429873,0.10955692090948577,0.12085098376050395,0.12301857904014099,20.8,1025.859
1791152809.9139163,69.64737049429873,0.11011316200289703,0.12072993374610753,0.12246308864254989,20.86,1025.856
1791152841.2594235,69.64737049429873,0.10939491311276309,0.12117821207883007,0.12262666442495862,20.83,1025.85
1791152872.605084,69.64737049429873,0.10985383626958439,0.12095417410844088,0.12279453248359562,20.84,1025.85
1791152903.949321,69.64737049429873,0.10970517769069994,0.12246079596711405,0.1226838520393765,20.89,1025.857
1791152935.2910101,69.64737049429873,0.11086917619172709,0.12054670946839552,0.12435332736870483,20.87,1025.859
1791152966.6205533,69.64737049429873,0.11060321368790704,0.12093695129316957,0.12222907414516444,20.84,1025.85
1791152997.9669354,69.64737049429873,0.11177715349135948,0.12093115804317761,0.125146686711412,20.87,1025.859
1791153029.295426,69.64737049429873,0.11014183931005521,0.12060148096959578,0.12262084546046655,20.87,1025.868
1791153060.6251507,69.64737049429873,0.10989173318219225,0.12295738669795879,0.1241918329347282,20.87,1025.866
1791153091.9763105,69.64737049429873,0.11035228780508691,0.12088789139279268,0.12402409059988069,20.84,1025.876
1791153123.3189833,69.64737049429873,0.11025223595770155,0.12060800572344818,0.12419022036116707,20.83,1025.871
1791153154.6574037,69.64737049429873,0.11000289828175161,0.12229001717880832,0.12256926988101416,20.86,1025.869
1791153185.9988832,69.64737049429873,0.1101024978978634,0.12217654732590916,0.12407642527734541,20.87,1025.865
1791153217.3372548,69.64737049429873,0.11028215098395745,0.12079056791052861,0.12273581160284895,20.87,1025.878
1791153248.6848354,69.64737049429873,0.1089679935067304,0.1210143767100482,0.12251603557310849,20.89,1025.867
1791153280.0244718,69.64737049429873,0.10904980351652854,0.12018705941604138,0.1226838520393765,20.84,1025.858
1791153311.3549068,69.64737049429873,0.10981634796700553,0.12074230003176971,0.12168459436693889,20.8,1025.848
1791153342.6874661,69.64737049429873,0.10940906429915893,0.12046467972390554,0.12274083384134545,20.82,1025.845
1791153374.0269797,69.64737049429873,0.10960629529297132,0.12105801877202957,0.12191112729666584,20.82,1025.836
1791153405.3734167,69.64737049429873,0.10914969212209075,0.12054003332850831,0.12385434015672853,20.84,1025.836
1791153436.714948,69.64737049429873,0.1099108369606395,0.12054003332850831,0.12177502308731614,20.83,1025.831
1791153468.0654275,69.64737049429873,0.10939833577328441,0.11986884344544585,0.12222622695312232,20.82,1025.823
1791153499.3948004,69.64737049429873,0.10905055084380778,0.12005599556116164,0.121553503401362,20.77,1025.804
1791153530.7372386,69.64737049429873,0.10919744064246714,0.12062740371193187,0.12162149198244211,20.77,1025.812
1791153562.064812,69.64737049429873,0.10935986740933916,0.12062740371193187,0.12157516095536218,20.76,1025.809
1791153593.4083345,69.64737049429873,0.10955692090948577,0.120017373154069,0.12179422496453357,20.73,1025.8
1791153624.7527466,69.64737049429873,0.10932804940474994,0.12079056791052861,0.12224033477122885,20.72,1025.799
1791153656.1024222,69.64737049429873,0.10980423866498927,0.12022649040120219,0.12195904175213419,20.76,1025.803
1791153687.446796,69.64737049429873,0.10965571419995904,0.12284994762809001,0.12307302939408277,20.79,1025.79
1791153718.7764235,69.64737049429873,0.1097546858255538,0.12045788493360542,0.12368581540271999,20.79,1025.794
1791153750.1169271,69.64737049429873,0.10942668078021281,0.12140204793115991,0.12212736026293373,20.77,1025.795
1791153781.4463727,69.64737049429873,0.1093454780675307,0.12038269305423294,0.12218242462434982,20.77,1025.79
1791153812.792841,69.64737049429873,0.1101221150272529,0.12065630226528674,0.1222873197395152,20.8,1025.787
1791153844.1333604,69.64737049429873,0.1099108369606395,0.12065630226528674,0.12267661003863944,20.79,1025.784
1791153875.4747472,69.64737049429873,0.10923172916361416,0.1217827560905302,0.1222846100441597,20.79,1025.779
1791153906.8253045,69.64737049429873,0.10974221397837376,0.12133765091049946,0.12234278130504911,20.82,1025.782
1791153938.176695,69.64737049429873,0.10967403956493821,0.12106349134994614,0.12245617946437905,20.79,1025.757
1791153969.5195785,69.64737049429873,0.10949391742196889,0.12089375366777914,0.12240317951172648,20.82,1025.756
1791154000.8447955,69.64737049429873,0.10980423866498927,0.12123292249452718,0.1227929828171687,20.84,1025.76
1791154032.1922147,69.64737049429873,0.11106967182581379,0.12062096689574342,0.12206916765278604,20.87,1025.759
1791154063.5358016,69.64737049429873,0.10957496197531458,0.12039667733626828,0.12307302939408277,20.86,1025.763
1791154094.882203,69.64737049429873,0.10932804940474994,0.12091118247298253,0.12223753866262134,20.83,1025.759
1791154126.2307634,69.64737049429873,0.1095389771043561,0.12068803144055762,0.12235300461575294,20.84,1025.756
1791154157.5773346,69.64737049429873,0.10952112977553068,0.1205861381487123,0.1217980135573545,20.8,1025.74
1791154188.922701,69.64737049429873,0.10939154266200918,0.1208390976519429,0.12130243663183034,20.8,1025.746
1791154220.2682078,69.64737049429873,0.10974221397837376,0.12083311420356602,0.12190049229869011,20.79,1025.736
1791154251.605802,69.64737049429873,0.1095615813695977,0.12110749769398516,0.12284565306901436,20.79,1025.739
1791154282.9512737,69.64737049429873,0.10913269328032354,0.11993949021815,0.12256513155658703,20.79,1025.742
1791154314.301765,69.64737049429873,0.10957496197531458,0.12079056791052861,0.12173151177439664,20.79,1025.74
1791154345.5773356,69.64737049429873,0.10970517769069994,0.12201407985346004,0.12251603557310849,20.8,1025.734
1791154376.9206433,69.64737049429873,0.10985383626958439,0.12067542572235458,0.12229270244500337,20.83,1025.727
1791154408.27628,69.64737049429873,0.11281953433253035,0.1210143767100482,0.12212736026293373,20.83,1025.722
1791154439.636721,69.64737049429873,0.10988454118119272,0.1212379838711223,0.12324034381581928,20.83,1025.709
1791154470.9803221,69.64737049429873,0.11019272833293164,0.12024112705218547,0.12240560615115512,20.84,1025.702
1791154502.322793,69.64737049429873,0.10983504145619141,0.12023382522500013,0.1219075982449588,20.86,1025.697
1791154533.6023555,69.64737049429873,0.10932804940474994,0.121118224104118,0.12218242462434982,20.89,1025.692
1791154564.947647,69.64737049429873,0.10888588747292828,0.12117300636998497,0.12201076447660249,20.87,1025.684
1791154596.2912574,69.64737049429873,0.10967403956493821,0.12072993374610753,0.12340702798763166,20.9,1025.689
1791154627.6216912,69.64737049429873,0.1093454780675307,0.1200095633787242,0.12223753866262134,20.84,1025.675
1791154658.9671333,69.64737049429873,0.1092295956712957,0.12090539902999617,0.12218242462434982,20.86,1025.673
1791154690.3067505,69.64737049429873,0.10954348680746759,0.12032812005410369,0.12185278126322635,20.83,1025.667
1791154721.6495662,69.64737049429873,0.10900104771194252,0.12121760032105239,0.12211815354055089,20.79,1025.663
1791154752.9955833,69.64737049429873,0.10986080703928622,0.12032095945716845,0.12262084546046655,20.8,1025.659
1791154784.3450437,69.64737049429873,0.10961133906939743,0.12055335535709927,0.12200408853173239,20.79,1025.644
1791154815.6916275,69.64737049429873,0.10954348680746759,0.12167647700846823,0.12195214958943303,20.82,1025.628
1791154847.04415,69.64737049429873,0.1099836746011871,0.12012550168429978,0.12262666442495862,20.82,1025.615
1791154878.383597,69.64737049429873,0.10927880036278015,0.12134731059605709,0.12235046605794483,20.79,1025.612
1791154909.7281146,69.64737049429873,0.1104410329576355,0.12063381161033311,0.12329590999540677,20.83,1025.599
1791154941.0717168,69.64737049429873,0.10991510802506747,0.12112885396264893,0.12224311832378965,20.82,1025.581
1791154972.4060915,69.64737049429873,0.11089756757968149,0.12007906988503426,0.12218534344375434,20.83,1025.563
1791155003.747555,69.64737049429873,0.10999488708913607,0.12051887225098101,0.12257540764887909,20.83,1025.544
1791155035.0922112,69.64737049429873,0.10973617567470476,0.12074230003176971,0.12301857904014099,20.86,1025.55
1791155066.4336202,69.64737049429873,0.11011316200289703,0.12134731059605709,0.12235300461575294,20.86,1025.546
1791155097.7701323,69.64737049429873,0.10947606323401048,0.1209711652164687,0.1229054128110449,20.83,1025.535
1791155129.093589,69.64737049429873,0.10942668078021281,0.12223472991281847,0.12245849293118607,20.8,1025.534
1791155160.424019,69.64737049429873,0.1098418481984253,0.12077225452270145,0.12357470801825864,20.82,1025.545
1791155191.7706323,69.64737049429873,0.1101221150272529,0.12066908008177037,0.12172356701930506,20.82,1025.543
1791155223.112008,69.64737049429873,0.10929608768104473,0.12039667733626828,0.1217865963477505,20.82,1025.533
1791155254.396479,69.64737049429873,0.10970517769069994,0.1203423443042001,0.12262666442495862,20.8,1025.522
1791155285.689104,69.64737049429873,0.10980423866498927,0.12074230003176971,0.12201407985346004,20.84,1025.515
1791155317.039586,69.64737049429873,0.1097855863074243,0.12034940839386757,0.12168459436693889,20.86,1025.525
1791155348.3810306,69.64737049429873,0.10966854019619106,0.1203023941673435,0.12201738030225336,20.83,1025.532
1791155379.720569,69.64737049429873,0.1092295956712957,0.1207361308218268,0.12229803678622966,20.82,1025.542
1791155411.0720856,69.64737049429873,0.1096868094979545,0.12079056791052861,0.12212736026293373,20.82,1025.545
1791155442.4175184,69.64737049429873,0.10942668078021281,0.12128768233464718,0.12235046605794483,20.8,1025.54
1791155473.7471282,69.64737049429873,0.10970517769069994,0.12190049229869011,0.12429915474147636,20.82,1025.55
1791155505.0965333,69.64737049429873,0.10921453835547386,0.12043731557834175,0.12212430521745665,20.79,1025.544
1791155536.4421318,69.64737049429873,0.10913269328032354,0.12111287305003278,0.12189332183801183,20.76,1025.549
1791155567.800587,69.64737049429873,0.10969246461901254,0.121553503401362,0.12340686241689322,20.77,1025.559
1791155599.1409273,69.64737049429873,0.10941257894966804,0.11983094288228525,0.12211505672000073,20.79,1025.566
1791155630.4835045,69.64737049429873,0.10931346895629396,0.12105801877202957,0.12240074188657116,20.79,1025.575
1791155661.8361359,69.64737049429873,0.10921453835547386,0.12122783821476044,0.1227914261288333,20.79,1025.571
1791155693.1775117,69.64737049429873,0.11002222658563321,0.12088789139279268,0.12150721728125548,20.77,1025.575
1791155724.514024,69.64737049429873,0.10992251919136262,0.12044420307018584,0.12206276869778965,20.76,1025.571
1791155755.8565161,69.64737049429873,0.10957496197531458,0.12139735055629312,0.12290411261373066,20.8,1025.563
1791155787.1970456,69.64737049429873,0.10990347870002667,0.1208390976519429,0.12256926988101416,20.84,1025.562
1791155818.5443988,69.64737049429873,0.10990347870002667,0.12095417410844088,0.12245849293118607,20.84,1025.567
1791155849.892004,69.64737049429873,0.1096244783837787,0.12055997119976776,0.12212430521745665,20.83,1025.568
1791155881.2364707,69.64737049429873,0.1092295956712957,0.12045788493360542,0.12385349451242601,20.86,1025.562
1791155912.5830789,69.64737049429873,0.10988454118119272,0.12039667733626828,0.12246079596711405,20.83,1025.556
1791155943.9065082,69.64737049429873,0.10913269328032354,0.12071117342340394,0.12240317951172648,20.8,1025.554
1791155975.23986,69.64737049429873,0.11040238185608049,0.12048519010511123,0.12211505672000073,20.82,1025.554
1791156006.5795455,69.64737049429873,0.10961133906939743,0.12032812005410369,0.12194519468235332,20.8,1025.544
1791156037.9260216,69.64737049429873,0.11000289828175161,0.12038970101527532,0.1220074340701707,20.82,1025.538
1791156069.271354,69.64737049429873,0.10921453835547386,0.12055997119976776,0.12190049229869011,20.79,1025.541
1791156100.621037,69.64737049429873,0.10939491311276309,0.12045788493360542,0.12195560346064337,20.8,1025.541
1791156131.9633772,69.64737049429873,0.10901721338677492,0.12039667733626828,0.12273916730987829,20.8,1025.546
1791156163.3119717,69.64737049429873,0.10980423866498927,0.12066908008177037,0.12179041926669976,20.8,1025.545
1791156194.6564448,69.64737049429873,0.10949391742196889,0.12105801877202957,0.12212123634137327,20.77,1025.551
1791156225.9989805,69.64737049429873,0.10921453835547386,0.12066908008177037,0.12184173079617536,20.76,1025.55
1791156257.3403773,69.64737049429873,0.1089021761565954,0.12089375366777914,0.12189691518743925,20.79,1025.55
1791156288.6878107,69.64737049429873,0.10903383681782407,0.12084505411018563,0.1217865963477505,20.76,1025.554
1791156319.9673553,69.64737049429873,0.10924674189281669,0.12043731557834175,0.12312857021963333,20.77,1025.547
1791156351.3199618,69.64737049429873,0.10895158950324596,0.12009500420952109,0.12166828591957479,20.76,1025.551
1791156382.6644711,69.64737049429873,0.10919933039131026,0.12054670946839552,0.12239583337932007,20.74,1025.556
1791156413.9949338,69.64737049429873,0.11027228823362208,0.1208760867535238,0.12194868003236962,20.76,1025.558
1791156445.3513997,69.64737049429873,0.10999163920573923,0.12060800572344818,0.12222622695312232,20.74,1025.551
1791156476.6957355,69.64737049429873,0.10923172916361416,0.12173151177439664,0.12223190843589979,20.77,1025.536
1791156508.039415,69.64737049429873,0.1101024978978634,0.12089375366777914,0.12262473354723563,20.79,1025.539
1791156539.368911,69.64737049429873,0.11003330841709713,0.12056655719969848,0.12335123572151895,20.77,1025.543
1791156570.6983023,69.64737049429873,0.10990347870002667,0.12039667733626828,0.12229270244500337,20.79,1025.542
1791156602.043975,69.64737049429873,0.10949391742196889,0.12038970101527532,0.12240317951172648,20.76,1025.537
1791156633.387314,69.64737049429873,0.11000289828175161,0.12156655662891701,0.12307210926934381,20.8,1025.538
1791156664.7279162,69.64737049429873,0.10959310109476385,0.12106349134994614,0.12284852258321999,20.79,1025.534
1791156696.0763829,69.64737049429873,0.11051141892146356,0.12284994762809001,0.12229001717880832,20.82,1025.534
1791156727.4168417,69.64737049429873,0.11079054537363868,0.12167647700846823,0.12485665151364894,20.83,1025.524
1791156758.7682123,69.64737049429873,0.10988454118119272,0.121118224104118,0.12301649356368204,20.86,1025.529
1791156790.116779,69.64737049429873,0.11076179573076288,0.12071745523870994,0.12223472991281847,20.86,1025.539
1791156821.4602916,69.64737049429873,0.1113442710594941,0.12194868003236962,0.1221735886668394,20.86,1025.525
1791156852.741862,69.64737049429873,0.1103726314568834,0.12093115804317761,0.1241918329347282,20.87,1025.523
1791156884.0823445,69.64737049429873,0.10976088370994898,0.12161305500918422,0.12228188800902179,20.87,1025.529
1791156915.424874,69.64737049429873,0.10951186882398234,0.12116777706213719,0.1227341223244946,20.87,1025.524
1791156946.7721827,69.64737049429873,0.1102221850097848,0.12239829320091909,0.12239829320091909,20.89,1025.525
1791156978.1228178,69.64737049429873,0.11129370374616637,0.12065630226528674,0.1249195501442328,20.91,1025.521
1791157009.451344,69.64737049429873,0.10948010705062962,0.12127272674204263,0.12183428006068135,20.91,1025.526
1791157040.7816455,69.64737049429873,0.10928131454077013,0.12048519010511123,0.12205954740470089,20.89,1025.517
1791157072.1251822,69.64737049429873,0.10981082264309297,0.12093695129316957,0.12138313014081531,20.89,1025.508
1791157103.4697292,69.64737049429873,0.1089185537319909,0.12020428569821602,0.12211505672000073,20.86,1025.505
1791157134.8072615,69.64737049429873,0.10979200848435053,0.12099759489907813,0.12239583337932007,20.86,1025.491
1791157166.155663,69.64737049429873,0.1087366779562102,0.12054003332850831,0.12363104470913855,20.86,1025.479
1791157197.5012257,69.64737049429873,0.10888536738076257,0.12043039676408457,0.12166416241158431,20.8,1025.465
1791157228.851649,69.64737049429873,0.10919933039131026,0.12020428569821602,0.121553503401362,20.82,1025.45
1791157260.1941686,69.64737049429873,0.1086872050155121,0.12110209787004632,0.12149824934893523,20.83,1025.439
1791157291.571975,69.64737049429873,0.10914969212209075,0.12043039676408457,0.12110209787004632,20.8,1025.427
1791157322.9142838,69.64737049429873,0.10928131454077013,0.12038269305423294,0.12183428006068135,20.82,1025.415
1791157354.2577882,69.64737049429873,0.10938062047250284,0.12060148096959578,0.12211815354055089,20.8,1025.404
1791157385.6083376,69.64737049429873,0.1095615813695977,0.12015717591797356,0.12368721760629632,20.8,1025.395
1791157416.9516482,69.64737049429873,0.10893515928897883,0.12105252135152902,0.12133278818035663,20.79,1025.389
1791157448.2953308,69.64737049429873,0.10952991823619776,0.12043039676408457,0.12166828591957479,20.8,1025.382
1791157479.6427987,69.64737049429873,0.1089021761565954,0.12044420307018584,0.12290149448834937,20.8,1025.376
1791157510.9851,69.64737049429873,0.10881957744764818,0.11975991643231379,0.12133765091049946,20.79,1025.363
1791157542.329764,69.64737049429873,0.10914969212209075,0.12099759489907813,0.12194868003236962,20.77,1025.359
1791157573.6743171,69.64737049429873,0.10976088370994898,0.12099195008272329,0.12206276869778965,20.76,1025.358
1791157604.9966493,69.64737049429873,0.10908324265196236,0.12066908008177037,0.12256513155658703,20.8,1025.359
1791157636.3401105,69.64737049429873,0.10954348680746759,0.12094845914826541,0.12262473354723563,20.8,1025.358
1791157667.680625,69.64737049429873,0.10938062047250284,0.12037565323740392,0.12217654732590916,20.82,1025.354
1791157699.0102098,69.64737049429873,0.10929874249774821,0.12059492650242419,0.12239583337932007,20.82,1025.351
1791157730.3517559,69.64737049429873,0.1090673562073407,0.1211625239944504,0.12211194578386801,20.8,1025.354
1791157761.7001727,69.64737049429873,0.10994166349735747,0.12082106559927731,0.1223401964325837,20.84,1025.344
1791157793.0437396,69.64737049429873,0.10994166349735747,0.12065630226528674,0.12217061654648254,20.86,1025.361
1791157824.3932452,69.64737049429873,0.10938062047250284,0.1203137662513246,0.12284565306901436,20.86,1025.359
1791157855.7386072,69.64737049429873,0.10981082264309297,0.12104699891890167,0.12256304826012138,20.86,1025.357
1791157887.0953221,69.64737049429873,0.10952991823619776,0.12020428569821602,0.12188971213958731,20.84,1025.345
1791157918.4397743,69.64737049429873,0.10919933039131026,0.12071117342340394,0.12166416241158431,20.82,1025.345
1791157949.7800794,69.64737049429873,0.10911704742523823,0.12082106559927731,0.12217061654648254,20.86,1025.344
1791157981.1277368,69.64737049429873,0.10967962412133059,0.1203137662513246,0.12222622695312232,20.86,1025.34
1791158012.4712212,69.64737049429873,0.10952991823619776,0.12048519010511123,0.12143840725572298,20.84,1025.337
1791158043.8205957,69.64737049429873,0.1093485164584403,0.12059492650242419,0.1216088077326921,20.84,1025.339
1791158075.1662745,69.64737049429873,0.10911704742523823,0.12014202985149061,0.12256304826012138,20.82,1025.338
1791158106.4618454,69.64737049429873,0.10911704742523823,0.12036858134708525,0.12098627953679522,20.83,1025.325
1791158137.7921057,69.64737049429873,0.10962967670953991,0.12054003332850831,0.12171956750682258,20.82,1025.324
1791158169.1336613,69.64737049429873,0.10924901382930254,0.1208760867535238,0.12194519468235332,20.84,1025.326
1791158200.4831827,69.64737049429873,0.10943034114997359,0.12048519010511123,0.12239336234563622,20.84,1025.317
1791158231.8067422,69.64737049429873,0.11106374954706677,0.12121760032105239,0.12217061654648254,20.87,1025.316
1791158263.1591794,69.64737049429873,0.10924901382930254,0.12082106559927731,0.12480930365600562,20.87,1025.31
1791158294.4856322,69.64737049429873,0.10944820050429897,0.12115194592887332,0.12166416241158431,20.89,1025.319
1791158325.8130407,69.64737049429873,0.11001103362783538,0.12132790332579688,0.1227867134518408,20.87,1025.329
1791158357.1566012,69.64737049429873,0.10962967670953991,0.12126769609856342,0.12278829149466033,20.86,1025.331
1791158388.4850686,69.64737049429873,0.10921656582119023,0.12008729299903907,0.12188608598033447,20.84,1025.337
1791158419.8296204,69.64737049429873,0.10938062047250284,0.12009500420952109,0.12250725922389133,20.83,1025.336
1791158451.1731472,69.64737049429873,0.10858839406632509,0.12025900105773932,0.12200408853173239,20.82,1025.343
1791158482.5046809,69.64737049429873,0.11027228823362208,0.1203137662513246,0.12132790332579688,20.82,1025.345
1791158513.8371344,69.64737049429873,0.10967962412133059,0.11986061328972242,0.12177502308731614,20.8,1025.349
1791158545.185502,69.64737049429873,0.10898471978312357,0.1208150000705955,0.12188608598033447,20.77,1025.358
1791158576.521999,69.64737049429873,0.1095980678162488,0.1205333267304176,0.1219416934313071,20.8,1025.362
1791158607.872539,69.64737049429873,0.10941614819289734,0.1206985236973639,0.12312455926517507,20.82,1025.373
1791158639.2141225,69.64737049429873,0.11105776777244765,0.1205883421185014,0.12199735164443122,20.83,1025.367
1791158670.559775,69.64737049429873,0.10908425365917596,0.12013440492214059,0.12227915354961717,20.82,1025.368
1791158701.9072075,69.64737049429873,0.10926639312330148,0.12087014402368736,0.12160025494204835,20.82,1025.372
1791158733.2495046,69.64737049429873,0.10949811071361565,0.12093115804317761,0.12199735164443122,20.82,1025.369
1791158764.5832205,69.64737049429873,0.10939833577328441,0.1205333267304176,0.12200072775792219,20.84,1025.367
1791158795.9284782,69.64737049429873,0.10996091246937675,0.11993145403621867,0.12154911266033161,20.83,1025.36
1791158827.2619777,69.64737049429873,0.10946220137111431,0.12099759489907813,0.12166828591957479,20.87,1025.357
1791158858.59978,69.64737049429873,0.11009172704998818,0.1205883421185014,0.1221735886668394,20.84,1025.363
1791158889.9399838,69.64737049429873,0.10941614819289734,0.12103587833134545,0.12182676124781056,20.84,1025.355
1791158921.2905967,69.64737049429873,0.10941614819289734,0.12267293941064555,0.12239088002303389,20.86,1025.35
1791158952.6262848,69.64737049429873,0.10931626591106283,0.1213783467509513,0.12210882063542222,20.84,1025.354
1791158983.966561,69.64737049429873,0.10921656582119023,0.12047836151820733,0.12306838679201872,20.9,1025.351
1791159015.2951148,69.64737049429873,0.10931626591106283,0.12064340775119592,0.12210882063542222,20.87,1025.349
1791159046.6295695,69.64737049429873,0.109698207580509,0.12098058308497557,0.12177113010163688,20.89,1025.353
1791159077.9779015,69.64737049429873,0.11003053442263902,0.12080890680620107,0.12261692186446763,20.87,1025.343
1791159109.3235023,69.64737049429873,0.10928386782483603,0.12047150172064255,0.12193817617016549,20.9,1025.345
1791159140.669937,69.64737049429873,0.10982973980365729,0.1205883421185014,0.12216463155275124,20.89,1025.347
1791159172.0036232,69.64737049429873,0.11031272272799046,0.12115194592887332,0.12199735164443122,20.9,1025.347
1791159203.3520076,69.64737049429873,0.10914969212209075,0.12038970101527532,0.12211194578386801,20.9,1025.351
1791159234.677547,69.64737049429873,0.10949391742196889,0.12016469752498794,0.12284852258321999,20.91,1025.346
1791159266.0079887,69.64737049429873,0.1093630014984291,0.12105801877202957,0.12217654732590916,20.87,1025.351
1791159297.3494809,69.64737049429873,0.10966114198493015,0.12082106559927731,0.12195214958943303,20.84,1025.347
1791159328.6949337,69.64737049429873,0.10967962412133059,0.12098627953679522,0.12217061654648254,20.84,1025.347
1791159360.0405698,69.64737049429873,0.11085528331313999,0.1208150000705955,0.12295619546917262,20.86,1025.344
1791159391.3869612,69.64737049429873,0.1095980678162488,0.12030654021331542,0.12199735164443122,20.86,1025.338
1791159422.736407,69.64737049429873,0.10903446400587687,0.12030654021331542,0.12199735164443122,20.84,1025.343
1791159454.0790114,69.64737049429873,0.1095980678162488,0.1215447018601989,0.1219416934313071,20.83,1025.34
1791159485.4204066,69.64737049429873,0.10926639312330148,0.12036147716358567,0.12182676124781056,20.82,1025.336
1791159516.7688673,69.64737049429873,0.10946615781193612,0.12086417410722641,0.12148919951402665,20.83,1025.346
1791159548.106698,69.64737049429873,0.10936618424678621,0.1206985236973639,0.12193817617016549,20.82,1025.336
1791159579.4609554,69.64737049429873,0.10941614819289734,0.12092533833880616,0.12210882063542222,20.83,1025.333
1791159610.8054814,69.64737049429873,0.10951621316655685,0.1198523455345289,0.12216463155275124,20.83,1025.335
1791159642.1518893,69.64737049429873,0.10948010705062962,0.12026631535560069,0.12182676124781056,20.8,1025.332
1791159673.4785714,69.64737049429873,0.10924901382930254,0.12144304550687775,0.12222907414516444,20.84,1025.326
1791159704.8139002,69.64737049429873,0.10919933039131026,0.12121760032105239,0.12290149448834937,20.86,1025.325
1791159736.1594794,69.64737049429873,0.10974221397837376,0.12127272674204263,0.12256513155658703,20.86,1025.308
1791159767.489885,69.64737049429873,0.10949811071361565,0.12075990641063276,0.12256304826012138,20.86,1025.307
1791159798.841479,69.64737049429873,0.10931626591106283,0.12103587833134545,0.1219416934313071,20.89,1025.304
1791159830.1839805,69.64737049429873,0.1099300454220067,0.12109122414719217,0.12250281085214769,20.91,1025.298
1791159861.5314038,69.64737049429873,0.10961646133373482,0.12029928111784152,0.1222204935111566,20.9,1025.295
1791159892.8779285,69.64737049429873,0.10928386782483603,0.12109122414719217,0.12204979506490841,20.9,1025.291
1791159924.1725135,69.64737049429873,0.10918396950658467,0.12013440492214059,0.12165585882917439,20.86,1025.291
1791159955.5069659,69.64737049429873,0.10974834611728757,0.12103587833134545,0.12210882063542222,20.84,1025.285
1791159986.8675244,69.64737049429873,0.10979853050754795,0.12114662060191886,0.12188244324739979,20.84,1025.28
1791160018.2128043,69.64737049429873,0.10933388556711723,0.12080890680620107,0.1222204935111566,20.87,1025.276
1791160049.5626202,69.64737049429873,0.11023206458603275,0.12142436489677146,0.12204979506490841,20.89,1025.267
1791160080.9129753,69.64737049429873,0.11026232635573233,0.12032095945716845,0.12283983509581417,20.89,1025.265
1791160112.247394,69.64737049429873,0.11015236537170364,0.12077838663355966,0.12194868003236962,20.9,1025.264
1791160143.5890226,69.64737049429873,0.10931346895629396,0.12066908008177037,0.12256720540885971,20.93,1025.266
1791160174.9292586,69.64737049429873,0.11002222658563321,0.12104699891890167,0.12212123634137327,20.91,1025.263
1791160206.2789834,69.64737049429873,0.10982973980365729,0.12132790332579688,0.12188971213958731,20.95,1025.258
1791160237.6254041,69.64737049429873,0.10924901382930254,0.12076609451200646,0.12245152095337775,20.91,1025.261
1791160268.9568634,69.64737049429873,0.11039308648401308,0.1213180666366969,0.12217061654648254,20.93,1025.256
1791160300.313291,69.64737049429873,0.10956631431952848,0.11996998005006179,0.12244681985810268,20.94,1025.246
1791160331.643874,69.64737049429873,0.10875266210069091,0.12013440492214059,0.1213783467509513,20.93,1025.241
1791160362.984328,69.64737049429873,0.11021197600961692,0.12098058308497557,0.12120726892641641,20.91,1025.238
1791160394.3277864,69.64737049429873,0.10911704742523823,0.12036858134708525,0.12205306068924714,20.91,1025.234
1791160425.6744432,69.64737049429873,0.10911704742523823,0.1205883421185014,0.12194519468235332,20.9,1025.235
1791160457.0208716,69.64737049429873,0.10903446400587687,0.12143374783405929,0.1216600200911292,20.93,1025.229
1791160488.3642325,69.64737049429873,0.10861959289588177,0.12071117342340394,0.12335006013219661,20.93,1025.232
1791160519.7208726,69.64737049429873,0.10918218876385487,0.12015717591797356,0.12262084546046655,20.89,1025.22
1791160551.071415,69.64737049429873,0.10926398126226969,0.12022649040120219,0.12167239074296628,20.91,1025.216
1791160582.4157715,69.64737049429873,0.10957496197531458,0.12054670946839552,0.12179041926669976,20.9,1025.216
1791160613.755251,69.64737049429873,0.10916678394253078,0.11963372684093104,0.12183428006068135,20.9,1025.209
1791160645.1109052,69.64737049429873,0.1093485164584403,0.12082106559927731,0.12154911266033161,20.91,1025.201
1791160676.4573088,69.64737049429873,0.10977965560604108,0.1201968166257819,0.12171956750682258,20.89,1025.195
1791160707.8047187,69.64737049429873,0.1090673562073407,0.11969693651620131,0.12154911266033161,20.9,1025.189
1791160739.1452947,69.64737049429873,0.11052348916546911,0.12002473830812947,0.12143840725572298,20.89,1025.182
1791160770.4936984,69.64737049429873,0.10936618424678621,0.12064986969513143,0.12177113010163688,20.9,1025.169
1791160801.8332856,69.64737049429873,0.10949811071361565,0.1205333267304176,0.12267477890740441,20.91,1025.166
1791160833.1588118,69.64737049429873,0.10949811071361565,0.1210966734107734,0.12199735164443122,20.87,1025.167
1791160864.5052226,69.64737049429873,0.10939833577328441,0.12015717591797356,0.12306838679201872,20.87,1025.167
1791160895.8367312,69.64737049429873,0.10955692090948577,0.12069429190188367,0.12127773455944632,20.87,1025.162
1791160927.1733162,69.64737049429873,0.10926160624170667,0.11976458611278118,0.1215249118456387,20.9,1025.154
1791160958.5157702,69.64737049429873,0.10903321921419037,0.12023382522500013,0.1218055398871727,20.87,1025.162
1791160989.8593125,69.64737049429873,0.10987273323323375,0.12032095945716845,0.12173545726191673,20.89,1025.168
1791161021.2046652,69.64737049429873,0.10971099017785642,0.12054003332850831,0.12172356701930506,20.9,1025.17
1791161052.5471914,69.64737049429873,0.11062429028331736,0.1205333267304176,0.12340652901342018,20.91,1025.168
1791161083.8867204,69.64737049429873,0.11001103362783538,0.12093115804317761,0.12211194578386801,20.94,1025.169
1791161115.2391937,69.64737049429873,0.10939833577328441,0.12093115804317761,0.12239336234563622,20.93,1025.178
1791161146.5898623,69.64737049429873,0.10870304644294568,0.12025165339023969,0.12267477890740441,20.91,1025.17
1791161177.9451573,69.64737049429873,0.10921656582119023,0.12070486297502701,0.122223366771485,20.91,1025.175
1791161209.280625,69.64737049429873,0.10941614819289734,0.12077838663355966,0.12256095545480314,20.91,1025.178
1791161240.6302874,69.64737049429873,0.11084765648328468,0.12074844156346656,0.12229001717880832,20.91,1025.175
1791161271.9757373,69.64737049429873,0.10973022906880536,0.12059904654674289,0.12252251461401908,20.94,1025.169
1791161303.3281796,69.64737049429873,0.10968124021730884,0.12036344157903203,0.12230594903142952,20.95,1025.166
1791161334.674616,69.64737049429873,0.11006358162548859,0.12005599556116164,0.12174718761078596,20.95,1025.175
1791161366.019211,69.64737049429873,0.10979200848435053,0.12038269305423294,0.12094845914826541,20.97,1025.182
1791161397.3426223,69.64737049429873,0.11063242746545511,0.12127773455944632,0.12094271826875183,20.97,1025.183
1791161428.6882448,69.64737049429873,0.11129370374616637,0.12093695129316957,0.1217827560905302,20.98,1025.18
1791161460.0317621,69.64737049429873,0.10996091246937675,0.1205883421185014,0.12374344157199785,20.98,1025.184
1791161491.3760924,69.64737049429873,0.10888536738076257,0.12036858134708525,0.12143374783405929,20.97,1025.187
1791161522.7217307,69.64737049429873,0.10957977476851721,0.12008729299903907,0.12222622695312232,20.97,1025.188
1791161554.0703175,69.64737049429873,0.10967962412133059,0.12110209787004632,0.12149373473926994,20.98,1025.192
1791161585.39968,69.64737049429873,0.10949811071361565,0.12148919951402665,0.12171956750682258,20.98,1025.19
1791161616.7483675,69.64737049429873,0.10913408880528566,0.11998592124280587,0.12233499127685737,21.01,1025.197
1791161648.0887463,69.64737049429873,0.10960629529297132,0.12141601377670093,0.12194868003236962,21.03,1025.193
1791161679.4321678,69.64737049429873,0.10877293722300987,0.11932854288064319,0.12196926419536,21.0,1025.195
1791161710.7246163,69.64737049429873,0.10929347332500063,0.12101992033963385,0.1217980135573545,20.98,1025.188
1791161742.071232,69.64737049429873,0.10914818386972566,0.1206145009655733,0.1219075982449588,21.01,1025.19
1791161773.4188066,69.64737049429873,0.10954348680746759,0.12066270566149238,0.12201076447660249,21.03,1025.188
1791161804.7650692,69.64737049429873,0.10943034114997359,0.11991527173335648,0.12262279391230854,21.03,1025.181
1791161836.1148567,69.64737049429873,0.10931626591106283,0.1198060046509929,0.12132299619548362,21.03,1025.171
1791161867.4471269,69.64737049429873,0.10946615781193612,0.12013440492214059,0.12250504011166291,21.04,1025.17
1791161898.8036973,69.64737049429873,0.10949811071361565,0.12149373473926994,0.12233759978340848,21.0,1025.172
1791161930.1463006,69.64737049429873,0.10880232307156572,0.12029928111784152,0.1220563114353623,21.01,1025.171
1791161961.4946096,69.64737049429873,0.10913408880528566,0.12076609451200646,0.12114662060191886,21.03,1025.171
1791161992.8360586,69.64737049429873,0.1093454780675307,0.12024112705218547,0.12172356701930506,21.01,1025.163
1791162024.1687207,69.64737049429873,0.1095702225313514,0.12015545453750041,0.12318549120335061,21.03,1025.155
1791162055.5151148,69.64737049429873,0.10940560299835643,0.12036344157903203,0.12153364063226246,21.01,1025.159
1791162086.8645537,69.64737049429873,0.10844443872266325,0.1206145009655733,0.12185643170019411,21.0,1025.153
1791162118.215262,69.64737049429873,0.10867144984287777,0.11986884344544585,0.12217654732590916,21.01,1025.155
1791162149.5598166,69.64737049429873,0.10903446400587687,0.11974293640294349,0.12132790332579688,21.01,1025.146
1791162180.9080462,69.64737049429873,0.10926639312330148,0.11996998005006179,0.12148919951402665,20.98,1025.148
1791162212.2555804,69.64737049429873,0.1090673562073407,0.120032606000225,0.1210966734107734,21.01,1025.144
1791162243.6022367,69.64737049429873,0.10901771022697922,0.11919887340745915,0.12228188800902179,21.03,1025.152
1791162274.9286654,69.64737049429873,0.10885280761097903,0.11948846304607016,0.12110749769398516,21.01,1025.14
1791162306.2752023,69.64737049429873,0.10908324265196236,0.11983094288228525,0.12088789139279268,21.0,1025.143
1791162337.6148286,69.64737049429873,0.10964276034489585,0.12084505411018563,0.1217865963477505,20.94,1025.144
1791162368.964098,69.64737049429873,0.10893529553673027,0.12014801658286788,0.12162568193882134,20.95,1025.147
1791162400.303662,69.64737049429873,0.10903261097694424,0.11999474026866296,0.1211988020905572,20.97,1025.138
1791162431.6552057,69.64737049429873,0.10945446873717882,0.12004059299997882,0.12131699367044117,20.97,1025.143
1791162462.9845524,69.64737049429873,0.10997583121795458,0.11975626252072369,0.12175106275133706,20.97,1025.145
1791162494.3171303,69.64737049429873,0.10911454512782728,0.12019444649510279,0.12124803853105369,20.98,1025.147
1791162525.6326013,69.64737049429873,0.10888639962797052,0.1203023941673435,0.12157943416601223,20.98,1025.142
1791162556.9730196,69.64737049429873,0.1091804352704148,0.12051219656776438,0.1214659241982814,20.95,1025.15
1791162588.3145897,69.64737049429873,0.10909897151443056,0.12067542572235458,0.12240560615115512,20.94,1025.15
1791162619.6562288,69.64737049429873,0.10916514017513411,0.12100321416058164,0.12184543092318684,20.9,1025.148
1791162651.007546,69.64737049429873,0.10903383681782407,0.11999383766416576,0.12156222525097746,20.89,1025.145
1791162682.3330169,69.64737049429873,0.10875420467935416,0.11949749015674999,0.12144766273148169,20.87,1025.143
1791162713.6627104,69.64737049429873,0.10924674189281669,0.12062096689574342,0.12134249166619414,20.9,1025.139
1791162745.0061696,69.64737049429873,0.1093454780675307,0.11989331086329806,0.12151167088061346,20.89,1025.134
1791162776.3546567,69.64737049429873,0.10985383626958439,0.1201103219487803,0.1225138563649936,20.9,1025.129
1791162807.7011106,69.64737049429873,0.10901672411864984,0.12098236619435765,0.12201076447660249,20.89,1025.132
1791162839.042674,69.64737049429873,0.10903261097694424,0.11993336133898773,0.12208491507016728,20.87,1025.133
1791162870.3741493,69.64737049429873,0.10932519788378975,0.12020180050611162,0.12164225453736051,20.89,1025.135
1791162901.716481,69.64737049429873,0.10888639962797052,0.12051887225098101,0.12103093315109732,20.89,1025.13
1791162933.064161,69.64737049429873,0.10988454118119272,0.11966848976870621,0.1219075982449588,20.9,1025.131
1791162964.3966036,69.64737049429873,0.10921453835547386,0.12027359651063252,0.12190049229869011,20.9,1025.132
1791162995.7350268,69.64737049429873,0.10903383681782407,0.12005599556116164,0.12195214958943303,20.91,1025.139
1791163027.0815868,69.64737049429873,0.10855753375623774,0.12066908008177037,0.12190049229869011,20.93,1025.134
1791163058.4600952,69.64737049429873,0.10841049673455783,0.12023382522500013,0.12128271970577954,20.94,1025.139
1791163089.8045046,69.64737049429873,0.1093454780675307,0.12066908008177037,0.12190405328158557,20.95,1025.129
1791163121.155988,69.64737049429873,0.10898447571707179,0.12060800572344818,0.12161728304896936,20.95,1025.134
1791163152.4974358,69.64737049429873,0.10913269328032354,0.12045788493360542,0.12189691518743925,21.01,1025.14
1791163183.8260846,69.64737049429873,0.10958821027258882,0.11991744896092091,0.12262858660465047,21.0,1025.138
1791163215.1695511,69.64737049429873,0.10839984392972363,0.11954202010821754,0.12130243663183034,20.98,1025.131
1791163246.5190089,69.64737049429873,0.1088703210246403,0.11969415237433471,0.12092267176016724,20.97,1025.131
1791163277.8555832,69.64737049429873,0.10913131910036339,0.11990139315716264,0.12168862570766219,20.97,1025.127
1791163309.2099483,69.64737049429873,0.1087383390925051,0.1201103219487803,0.12184911437471234,20.98,1025.118
1791163340.5567253,69.64737049429873,0.10977329648846393,0.11999383766416576,0.12156222525097746,21.0,1025.115
1791163371.8981495,69.64737049429873,0.10886904309420793,0.12043039676408457,0.1222873197395152,20.97,1025.11
1791163403.2275038,69.64737049429873,0.10948010705062962,0.12037565323740392,0.12127272674204263,20.97,1025.098
1791163434.5542376,69.64737049429873,0.10928131454077013,0.11993949021815,0.1222846100441597,21.0,1025.1
1791163465.8975146,69.64737049429873,0.10959310109476385,0.1199474900849542,0.12161728304896936,20.95,1025.094
1791163497.2429569,69.64737049429873,0.10911578666058798,0.12039667733626828,0.12223472991281847,20.97,1025.084
1791163528.5285838,69.64737049429873,0.10924674189281669,0.1199474900849542,0.1231841611971312,21.0,1025.081
1791163559.8760056,69.64737049429873,0.10929347332500063,0.11975626252072369,0.12173545726191673,20.98,1025.078
1791163591.2185607,69.64737049429873,0.10914669857296887,0.12020912167061427,0.1215249118456387,20.98,1025.075
1791163622.5632524,69.64737049429873,0.10945446873717882,0.11970262995662193,0.12213944399200012,20.98,1025.077
1791163653.9053645,69.64737049429873,0.10911454512782728,0.12118339434806046,0.12140672416479391,20.97,1025.063
1791163685.2490213,69.64737049429873,0.10955692090948577,0.11984738113759415,0.12179422496453357,21.01,1025.069
1791163716.5746596,69.64737049429873,0.10909897151443056,0.12084505411018563,0.12157086848649096,21.0,1025.061
1791163747.9230871,69.64737049429873,0.10914818386972566,0.12022649040120219,0.12168054484164706,21.01,1025.057
1791163779.2734985,69.64737049429873,0.10903383681782407,0.11972259184324242,0.12206916765278604,21.0,1025.052
1791163810.6193552,69.64737049429873,0.10914818386972566,0.12017218515756789,0.12095417410844088,21.01,1025.048
1791163841.9614782,69.64737049429873,0.10857292194163454,0.11999383766416576,0.12190049229869011,21.0,1025.047
1791163873.3070598,69.64737049429873,0.10893515928897883,0.11978509912111346,0.12139263189649953,20.94,1025.046
1791163904.647473,69.64737049429873,0.10882060017166632,0.11978509912111346,0.12089958948728674,20.94,1025.049
1791163935.991035,69.64737049429873,0.10914818386972566,0.11996338185338991,0.12084505411018563,20.93,1025.056
1791163967.3424568,69.64737049429873,0.10947208099186337,0.1196490454094545,0.12096552696975683,20.9,1025.044
1791163998.6718805,69.64737049429873,0.10919557966849151,0.12025563260336562,0.12108513657348119,20.91,1025.039
1791164030.0184436,69.64737049429873,0.10947208099186337,0.12036344157903203,0.12108513657348119,20.91,1025.044
1791164061.368959,69.64737049429873,0.10944064335855329,0.12002514785927976,0.12147043840443518,20.95,1025.043
1791164092.7224634,69.64737049429873,0.10898423537905726,0.11963181880031307,0.12118855333563197,20.93,1025.05
1791164124.0649884,69.64737049429873,0.10857582870277228,0.12012550168429978,0.12135210784736769,20.93,1025.049
1791164155.4105282,69.64737049429873,0.10882060017166632,0.12034940839386757,0.12095986332441667,20.89,1025.047
1791164186.739943,69.64737049429873,0.10854222882890209,0.11990139315716264,0.12112885396264893,20.91,1025.047
1791164218.073426,69.64737049429873,0.1089516003532314,0.11984738113759415,0.12129262259826958,20.91,1025.046
1791164249.4189065,69.64737049429873,0.10914818386972566,0.11939871119670742,0.1210143767100482,20.9,1025.046
1791164280.7646177,69.64737049429873,0.10877155762830716,0.11990139315716264,0.12112355102067278,20.91,1025.039
1791164312.0910041,69.64737049429873,0.1089516003532314,0.12128768233464718,0.12184911437471234,20.93,1025.039
1791164343.4313726,69.64737049429873,0.109212541844794,0.11947963731139413,0.12262666442495862,20.91,1025.041
1791164374.778945,69.64737049429873,0.10896787935687159,0.12003288773005322,0.1205861381487123,20.9,1025.032
1791164406.110399,69.64737049429873,0.10865804922866652,0.119246957297086,0.12086276335804186,20.89,1025.031
1791164437.443944,69.64737049429873,0.1088703210246403,0.1196490454094545,0.12130243663183034,20.9,1025.022
1791164468.7892923,69.64737049429873,0.10906561268931347,0.1205255179702089,0.12080863525010933,20.9,1025.018
1791164500.1278083,69.64737049429873,0.10870686451640782,0.119246957297086,0.1214659241982814,20.91,1025.025
1791164531.4684277,69.64737049429873,0.10898423537905726,0.11973950295192402,0.1214659241982814,20.94,1025.011
1791164562.7989755,69.64737049429873,0.10927880036278015,0.11956926059088853,0.12135210784736769,20.91,1025.013
1791164594.14852,69.64737049429873,0.10882060017166632,0.12095986332441667,0.12184911437471234,20.91,1025.003
1791164625.497889,69.64737049429873,0.1091804352704148,0.12017963904538402,0.12229537562031766,20.94,1025.005
1791164656.8413675,69.64737049429873,0.1089516003532314,0.120017373154069,0.12129262259826958,20.95,1025.006
1791164688.1858745,69.64737049429873,0.11006358162548859,0.11984738113759415,0.12135210784736769,20.97,1025.001
1791164719.5213149,69.64737049429873,0.1106981923893857,0.12040362223100541,0.12151610441782794,20.98,1024.994
1791164750.871751,69.64737049429873,0.10961935931848348,0.12014054527271366,0.12151610441782794,20.97,1024.992
1791164782.218285,69.64737049429873,0.10857582870277228,0.11978509912111346,0.12163400543137445,20.94,1024.991
1791164813.5579085,69.64737049429873,0.10885357390156783,0.11973950295192402,0.12089958948728674,20.94,1024.986
1791164844.9122553,69.64737049429873,0.10986570580178803,0.12074844156346656,0.12124803853105369,20.94,1024.982
1791164876.2418122,69.64737049429873,0.10916352149326189,0.12035644074768369,0.12185643170019411,20.93,1024.98
1791164907.5684502,69.64737049429873,0.10958821027258882,0.1204105359113584,0.12207550908655372,20.95,1024.979
1791164938.8967485,69.64737049429873,0.10935986740933916,0.12051887225098101,0.1221304015710905,20.95,1024.98
1791164970.2402713,69.64737049429873,0.10935986740933916,0.12024112705218547,0.12168459436693889,20.97,1024.988
1791165001.588914,69.64737049429873,0.10927880036278015,0.12045788493360542,0.12112885396264893,20.98,1024.984
1791165032.9322655,69.64737049429873,0.10983504145619141,0.11973106646823707,0.12184911437471234,20.98,1024.982
1791165064.2788265,69.64737049429873,0.1093773428571948,0.12023382522500013,0.12173545726191673,21.01,1024.986
1791165095.6084454,69.64737049429873,0.10854222882890209,0.12017963904538402,0.12129262259826958,20.98,1024.992
1791165126.9377735,69.64737049429873,0.10909897151443056,0.11928168379192314,0.12157086848649096,20.98,1024.987
1791165158.265294,69.64737049429873,0.10878747743503474,0.11952432815973542,0.12117821207883007,21.0,1024.993
1791165189.6019878,69.64737049429873,0.10916352149326189,0.11974790155121602,0.1214659241982814,20.97,1024.995
1791165220.9571645,69.64737049429873,0.10854222882890209,0.11949749015674999,0.12113413309153472,20.95,1024.992
1791165252.2818341,69.64737049429873,0.10827840730406263,0.12045788493360542,0.1210143767100482,20.95,1025.0
1791165283.6312923,69.64737049429873,0.10847822815579193,0.11947065524315229,0.12118339434806046,20.98,1024.995
1791165314.907747,69.64737049429873,0.1084294936537584,0.11952432815973542,0.12046467972390554,20.93,1024.993
1791165346.254496,69.64737049429873,0.10847822815579193,0.11952432815973542,0.12124302249895606,20.94,1024.994
1791165377.5997825,69.64737049429873,0.10926160624170667,0.12018705941604138,0.12141137939959844,20.97,1025.0
1791165408.9443052,69.64737049429873,0.10940906429915893,0.11951542243967468,0.12207550908655372,20.97,1024.999
1791165440.2737994,69.64737049429873,0.10950759098935998,0.11990139315716264,0.12201738030225336,21.01,1024.996
1791165471.6133761,69.64737049429873,0.1089516003532314,0.11984738113759415,0.12146138966612477,21.0,1024.993
1791165502.9648762,69.64737049429873,0.10950759098935998,0.11962314726894126,0.12151610441782794,21.01,1024.989
1791165534.3081825,69.64737049429873,0.1090006798160745,0.11906665549249848,0.12095986332441667,21.03,1024.989
1791165565.6567895,69.64737049429873,0.10877155762830716,0.12007141307580327,0.12129262259826958,21.0,1024.989
1791165597.0043685,69.64737049429873,0.1091804352704148,0.120017373154069,0.1220723455112392,21.0,1024.99
1791165628.3576279,69.64737049429873,0.10864019545938051,0.11916433893889218,0.12168459436693889,21.0,1024.991
1791165659.7011282,69.64737049429873,0.10898447571707179,0.11965118720739107,0.12078449103369816,20.98,1024.986
1791165691.0498207,69.64737049429873,0.10893515928897883,0.11916433893889218,0.12105252135152902,20.97,1024.985
1791165722.3942199,69.64737049429873,0.10955692090948577,0.12007141307580327,0.12100880804037735,20.98,1024.99
1791165753.735749,69.64737049429873,0.10872255926936888,0.12017963904538402,0.12173938498418906,20.98,1024.997
1791165785.0742857,69.64737049429873,0.1092295956712957,0.11973950295192402,0.12118339434806046,21.0,1025.0
1791165816.4148872,69.64737049429873,0.10890256506826981,0.11967708253947167,0.12068174277771104,21.01,1025.012
1791165847.757187,69.64737049429873,0.10877155762830716,0.1199554538822359,0.12117821207883007,21.0,1025.022
1791165879.1060946,69.64737049429873,0.10932804940474994,0.12051219656776438,0.12079056791052861,21.01,1025.031
1791165910.4472444,69.64737049429873,0.1093773428571948,0.1212379838711223,0.12184911437471234,21.01,1025.035
1791165941.7997568,69.64737049429873,0.10960629529297132,0.12040362223100541,0.12212736026293373,21.01,1025.034
1791165973.1412969,69.64737049429873,0.10882060017166632,0.11962314726894126,0.12134731059605709,20.98,1025.042
1791166004.4708245,69.64737049429873,0.10909897151443056,0.12045788493360542,0.12106893925329286,20.98,1025.049
1791166035.8021781,69.64737049429873,0.10893515928897883,0.11975991643231379,0.12240560615115512,21.01,1025.051
1791166067.1405988,69.64737049429873,0.10829303627229002,0.11998592124280587,0.12205954740470089,21.0,1025.056
1791166098.486243,69.64737049429873,0.10997235028835704,0.12055335535709927,0.12161305500918422,21.04,1025.055
1791166129.8376582,69.64737049429873,0.10836157286783718,0.11962314726894126,0.12245617946437905,21.05,1025.061
1791166161.18419,69.64737049429873,0.1086736050351671,0.11984738113759415,0.12179422496453357,21.08,1025.061
1791166192.5296612,69.64737049429873,0.1099836746011871,0.12017963904538402,0.12129262259826958,21.07,1025.059
1791166223.8691752,69.64737049429873,0.10882060017166632,0.12028806028921134,0.12351858970404067,21.07,1025.066
1791166255.2166061,69.64737049429873,0.1090006798160745,0.11945256955774992,0.12112355102067278,21.04,1025.057
1791166286.5572233,69.64737049429873,0.10854222882890209,0.11962314726894126,0.12079056791052861,21.01,1025.059
1791166317.9056644,69.64737049429873,0.10904980351652854,0.12168054484164706,0.12212736026293373,21.04,1025.055
1791166349.25021,69.64737049429873,0.10891881805092382,0.11983918056409572,0.12223753866262134,21.05,1025.049
1791166380.599784,69.64737049429873,0.10826385748613784,0.11989331086329806,0.12095417410844088,21.04,1025.048
1791166411.9432695,69.64737049429873,0.10939491311276309,0.12054670946839552,0.12189332183801183,21.04,1025.049
1791166443.2707102,69.64737049429873,0.10928131454077013,0.12013440492214059,0.121553503401362,21.05,1025.042
1791166474.6143558,69.64737049429873,0.10853583364445929,0.11972580065792021,0.1215402708631891,21.05,1025.03
1791166505.960692,69.64737049429873,0.10848615826726449,0.11909065354973587,0.12142436489677146,21.04,1025.02
1791166537.3021328,69.64737049429873,0.10875420467935416,0.11972259184324242,0.12071745523870994,21.03,1025.017
1791166568.650198,69.64737049429873,0.10888588747292828,0.1196598580796801,0.12167647700846823,21.03,1025.004
1791166599.9982183,69.64737049429873,0.10954348680746759,0.12117821207883007,0.12128271970577954,21.05,1024.994
1791166631.3436508,69.64737049429873,0.1096244783837787,0.1199474900849542,0.12206916765278604,21.05,1024.984
1791166662.6880758,69.64737049429873,0.10850847711878675,0.11900293540583684,0.12117300636998497,21.03,1024.975
1791166694.0187798,69.64737049429873,0.1089679935067304,0.11966848976870621,0.12095417410844088,21.03,1024.966
1791166725.3591478,69.64737049429873,0.1087383390925051,0.1197767428589558,0.12106349134994614,21.03,1024.955
1791166756.6884842,69.64737049429873,0.1096244783837787,0.1204510594518377,0.121118224104118,21.03,1024.948
1791166788.0222936,69.64737049429873,0.10952549027890299,0.11928168379192314,0.12139735055629312,21.04,1024.936
1791166819.3646188,69.64737049429873,0.10868924512064412,0.11938948945245823,0.12062096689574342,21.03,1024.928
1791166850.695196,69.64737049429873,0.10837640115598876,0.1193802259412102,0.12223472991281847,21.0,1024.913
1791166882.039671,69.64737049429873,0.10822387545404191,0.12064986969513143,0.12094271826875183,21.0,1024.917
1791166913.3641171,69.64737049429873,0.1089350209287648,0.11946113449775754,0.12110209787004632,21.01,1024.909
1791166944.7125492,69.64737049429873,0.10876873403388207,0.11912496002952808,0.12137354148818329,21.03,1024.911
1791166976.050183,69.64737049429873,0.10928131454077013,0.12005599556116164,0.12121244639122378,21.0,1024.908
1791167007.3995466,69.64737049429873,0.10926398126226969,0.1196598580796801,0.12089375366777914,21.0,1024.899
1791167038.7569888,69.64737049429873,0.1089021761565954,0.12105252135152902,0.12133765091049946,21.0,1024.889
1791167070.1125357,69.64737049429873,0.10896810942240732,0.11925305712587259,0.12138789180677997,21.01,1024.895
1791167101.4539993,69.64737049429873,0.10801315060294553,0.12105801877202957,0.1211625239944504,21.03,1024.901
1791167132.7324834,69.64737049429873,0.1089021761565954,0.11959689659723718,0.12223190843589979,21.04,1024.896
1791167164.066117,69.64737049429873,0.10862216354933596,0.11965118720739107,0.12144766273148169,21.04,1024.895
1791167195.404488,69.64737049429873,0.10898447571707179,0.1191545611247655,0.12189332183801183,21.03,1024.891
1791167226.748117,69.64737049429873,0.10913269328032354,0.12004823438475917,0.12083311420356602,21.05,1024.896
1791167258.0955937,69.64737049429873,0.10862216354933596,0.11993145403621867,0.12088789139279268,21.04,1024.894
1791167289.431076,69.64737049429873,0.10876873403388207,0.11972580065792021,0.12144304550687775,21.04,1024.894
1791167320.7746255,69.64737049429873,0.10883484387809272,0.11909495100006336,0.12068575786031265,21.05,1024.895
1791167352.1190207,69.64737049429873,0.10858267042875581,0.11942410896682995,0.12067933089942655,21.07,1024.898
1791167383.4655762,69.64737049429873,0.10806939241416254,0.1192337548131447,0.12135899295182755,21.04,1024.898
1791167414.8061247,69.64737049429873,0.10939833577328441,0.11930729012680713,0.1208150000705955,21.04,1024.9
1791167446.151478,69.64737049429873,0.10905055084380778,0.12015717591797356,0.12093695129316957,21.05,1024.905
1791167477.500931,69.64737049429873,0.10903383681782407,0.11959689659723718,0.1217275484008262,21.07,1024.899
1791167508.841461,69.64737049429873,0.10802709601055943,0.12025900105773932,0.12082710358119034,21.05,1024.898
1791167540.1751678,69.64737049429873,0.10817461341467219,0.11968830670988388,0.12143840725572298,21.05,1024.894
1791167571.5175116,69.64737049429873,0.10823846189634523,0.11996998005006179,0.12087014402368736,21.05,1024.896
1791167602.8600547,69.64737049429873,0.1087861959562411,0.11953370615375543,0.1210966734107734,21.07,1024.895
1791167634.2014835,69.64737049429873,0.10924901382930254,0.12010268044697348,0.12144304550687775,21.04,1024.894
1791167665.5430958,69.64737049429873,0.10918218876385487,0.12043039676408457,0.12144766273148169,21.03,1024.892
1791167696.8965635,69.64737049429873,0.1087510953959754,0.11974646841119288,0.12138313014081531,21.07,1024.894
1791167728.230103,69.64737049429873,0.10831260969984213,0.11968226581956935,0.1210579980152563,21.07,1024.891
1791167759.574688,69.64737049429873,0.10895155592519039,0.11929492703122399,0.12134424206224491,21.07,1024.881
1791167790.9139302,69.64737049429873,0.10896822714519563,0.11973438812845662,0.12198023726353001,21.07,1024.88
1791167822.2544935,69.64737049429873,0.10931626591106283,0.11941590424543229,0.12289752236476117,21.07,1024.88
1791167853.6040866,69.64737049429873,0.10844051405428734,0.12021172086504625,0.12132790332579688,21.05,1024.876
1791167884.9524157,69.64737049429873,0.1089021761565954,0.11947028549802581,0.12099759489907813,21.04,1024.875
1791167916.2989504,69.64737049429873,0.10890178120123323,0.11934274849923676,0.12098627953679522,21.05,1024.874
1791167947.6467178,69.64737049429873,0.1089350209287648,0.11975144574912541,0.1231807830396881,21.05,1024.878
1791167979.0009403,69.64737049429873,0.10830774503844227,0.11941590424543229,0.1208760867535238,21.04,1024.885
1791168010.3515637,69.64737049429873,0.10813969976258987,0.11974293640294349,0.12054003332850831,21.03,1024.88
1791168041.690934,69.64737049429873,0.10866926114358354,0.11956133476468672,0.12087014402368736,21.04,1024.887
1791168073.033438,69.64737049429873,0.10890178120123323,0.1196709284419734,0.12097486054933128,21.04,1024.889
1791168104.3818965,69.64737049429873,0.10833258390308663,0.11940533918695728,0.12170745893658001,21.05,1024.893
1791168135.727423,69.64737049429873,0.1087999466870827,0.11948822060757668,0.12117570075011172,21.05,1024.887
1791168167.0760376,69.64737049429873,0.10845936925603945,0.11959979267541122,0.12139083594894098,21.05,1024.888
1791168198.407684,69.64737049429873,0.10824206013769336,0.11918471887946501,0.12075913895128897,21.04,1024.893
1791168229.7359233,69.64737049429873,0.1089348804065751,0.1189959244508289,0.12072853774087548,21.05,1024.889
1791168261.0744307,69.64737049429873,0.10840203906557855,0.11945194163376416,0.12046461049795015,21.04,1024.883
1791168292.4239054,69.64737049429873,0.10891828529424626,0.12000091828203809,0.12108025052344597,21.04,1024.872
1791168323.7653935,69.64737049429873,0.10883484387809272,0.11949749931231683,0.12170338564749393,21.03,1024.873
1791168355.1168354,69.64737049429873,0.10833740459053033,0.1198989411663719,0.12080278561541836,21.03,1024.879
1791168386.457474,69.64737049429873,0.10823846189634523,0.11911500276025444,0.12046461049795015,20.98,1024.875
1791168417.7979803,69.64737049429873,0.10805521628517888,0.1198523455345289,0.12075369002599401,21.03,1024.865
1791168449.1484418,69.64737049429873,0.10913408880528566,0.11986061328972242,0.12092533833880616,21.03,1024.856
1791168480.4888713,69.64737049429873,0.1095980678162488,0.11967963744223666,0.12098627953679522,21.03,1024.863
1791168511.835376,69.64737049429873,0.10805521628517888,0.1196533901459633,0.12075369002599401,21.01,1024.865
1791168543.1688476,69.64737049429873,0.10910358827812192,0.11967343741027907,0.12158291264921857,21.01,1024.868
1791168574.5114746,69.64737049429873,0.10878086528409056,0.12013727323416444,0.12122136684389596,21.03,1024.865
1791168605.862946,69.64737049429873,0.10841994563524131,0.11967601975746309,0.12066357872144154,21.01,1024.864
1791168637.2154038,69.64737049429873,0.1084943841539762,0.1195067537341867,0.12148547162173921,21.03,1024.864
1791168668.5530403,69.64737049429873,0.10905208066018662,0.11998485496898915,0.1204296753620959,21.03,1024.871
1791168699.907483,69.64737049429873,0.10833258390308663,0.11982731407775146,0.12192394480810365,21.05,1024.877
1791168731.2508848,69.64737049429873,0.10811894502577002,0.11945194163376416,0.12147546872300055,21.04,1024.871
1791168762.5924714,69.64737049429873,0.10943405853217412,0.11943342916021946,0.12114662060191886,21.07,1024.876
1791168793.9837976,69.64737049429873,0.10851700786472203,0.11930457956030367,0.12170338564749393,21.08,1024.883
1791168825.3252647,69.64737049429873,0.10809797986276558,0.11947914560259454,0.12072853774087548,21.04,1024.884
1791168856.67386,69.64737049429873,0.10855135988405366,0.12091361883878998,0.12192752722044896,21.04,1024.882
1791168888.0305533,69.64737049429873,0.10787163535137378,0.11972580065792021,0.12085817681715437,21.08,1024.884
1791168919.308921,69.64737049429873,0.10825312848753038,0.11962493680458822,0.12176329055467387,21.08,1024.885
1791168950.648807,69.64737049429873,0.1099300454220067,0.1201035536476317,0.12092533833880616,21.07,1024.882
1791168982.0018456,69.64737049429873,0.10878222963938859,0.11961959281424032,0.12077801771315215,21.05,1024.874
1791169013.3452747,69.64737049429873,0.10847116196121763,0.11966702630362883,0.12077763275198443,21.07,1024.876
1791169044.694815,69.64737049429873,0.10850652860919177,0.1196377094692659,0.12048584213165292,21.05,1024.88
1791169076.0504167,69.64737049429873,0.10891773567113198,0.11973780535818628,0.12120548953800224,21.07,1024.884
1791169107.3949409,69.64737049429873,0.10869910805401554,0.11992948335919644,0.12134424206224491,21.08,1024.877
1791169138.7394276,69.64737049429873,0.10885123904215645,0.11948834355462382,0.12106917561571484,21.1,1024.877
1791169170.075803,69.64737049429873,0.10803399651264593,0.11886594003840086,0.12085215196476601,21.07,1024.877
1791169201.42936,69.64737049429873,0.10828270477353502,0.11924957265975494,0.12079663630581988,21.05,1024.869
1791169232.7629492,69.64737049429873,0.10797677171899837,0.11878979110267805,0.120269909582495,21.03,1024.873
1791169264.1165152,69.64737049429873,0.10881748385814204,0.11924957265975494,0.12015895446864676,21.04,1024.872
1791169295.467721,69.64737049429873,0.10828270477353502,0.11930457956030367,0.120734869220034,21.03,1024.88
1791169326.8063328,69.64737049429873,0.10796271466575325,0.11924957265975494,0.12044374610476112,21.03,1024.878
1791169358.1528132,69.64737049429873,0.10880114417531067,0.12119159369894672,0.12113049743817508,21.04,1024.887
1791169389.485341,69.64737049429873,0.10842836799117152,0.1185575010892075,0.1212473421138766,21.04,1024.89
1791169420.8297775,69.64737049429873,0.10931265768889471,0.11947862496840392,0.12057032867298051,21.01,1024.896
1791169452.1683235,69.64737049429873,0.10817950917939397,0.11943156915667759,0.12123601318782225,21.0,1024.906
1791169483.521899,69.64737049429873,0.10839992508256255,0.12065021711468281,0.12106371336986078,21.0,1024.911
1791169514.8553047,69.64737049429873,0.10879749414727265,0.1191801844860796,0.12088576629764082,20.97,1024.919
1791169546.2067792,69.64737049429873,0.10864634402157165,0.12053456500799624,0.12030345410369321,21.0,1024.923
1791169577.5495055,69.64737049429873,0.10864875879992382,0.11918471887946501,0.12110865007314103,20.97,1024.929
1791169608.8798325,69.64737049429873,0.10816237736335506,0.1186691613361726,0.12066638787527272,20.97,1024.932
1791169640.2274277,69.64737049429873,0.10844782735483888,0.11927548746816603,0.1206106503015212,20.95,1024.938
1791169671.5568435,69.64737049429873,0.10810573617644362,0.11921019904673022,0.12116498224412177,20.94,1024.94
1791169702.8972094,69.64737049429873,0.10928909541844586,0.11957134116882172,0.12064674747327718,20.94,1024.948
1791169734.2307584,69.64737049429873,0.10861432985333001,0.11990473368816287,0.12266172349917755,20.95,1024.945
1791169765.5783677,69.64737049429873,0.10857974069028271,0.11911962500025833,0.12110865007314103,20.95,1024.941
1791169796.9157102,69.64737049429873,0.10831260969984213,0.1190542896863361,0.1214053384938501,20.97,1024.944
1791169828.25432,69.64737049429873,0.10863029222288641,0.11968497088721085,0.12089583658593245,20.95,1024.933
1791169859.594803,69.64737049429873,0.10850292267800794,0.11951652093449223,0.1215426977530239,20.95,1024.937
1791169890.938262,69.64737049429873,0.10858693103249789,0.11957354484013291,0.12163556992476997,20.95,1024.935
1791169922.288836,69.64737049429873,0.10869296213747726,0.11997552563147995,0.12098869358967376,20.95,1024.937
1791169953.64868,69.64737049429873,0.10861163552731076,0.11972035808505972,0.12125710496093679,20.93,1024.937
1791169984.9906838,69.64737049429873,0.10845936925603945,0.11924598714275006,0.12144743099753412,20.91,1024.933
1791170016.3331194,69.64737049429873,0.10861163552731076,0.11914466711423492,0.12097871490286688,20.93,1024.933
1791170047.6798527,69.64737049429873,0.1087152771335963,0.11922011100047994,0.12087174002670932,20.91,1024.931
1791170079.0272777,69.64737049429873,0.10925604551961138,0.11996047994285144,0.12174337336172658,20.93,1024.938
1791170110.3586771,69.64737049429873,0.10861432985333001,0.11991302182730192,0.12139569260571342,20.95,1024.936
1791170141.6871908,69.64737049429873,0.10911962846579427,0.12008791365645748,0.12134424206224491,20.95,1024.94
1791170173.0167432,69.64737049429873,0.10895155592519039,0.12002431507297776,0.1216304861092335,20.94,1024.943
1791170204.35019,69.64737049429873,0.10940534265249324,0.1204296753620959,0.12174337336172658,20.97,1024.952
1791170235.700635,69.64737049429873,0.10999313660238859,0.12234956204796214,0.12254603401232901,20.98,1024.955
1791170267.0473988,69.64737049429873,0.10933092804163892,0.12069425905863747,0.12369656210070629,21.0,1024.961
1791170298.3906124,69.64737049429873,0.10938636914158986,0.12104060027204706,0.12210492159885895,20.98,1024.967
1791170329.740155,69.64737049429873,0.10922719368846363,0.12049992665834752,0.12157301532626567,21.01,1024.973
1791170361.084787,69.64737049429873,0.10847500064020281,0.1197588430723432,0.12265019148359994,21.03,1024.969
1791170392.4170492,69.64737049429873,0.10985062510057302,0.12018398427970509,0.12143790998202392,21.04,1024.973
1791170423.7556388,69.64737049429873,0.1088164122313124,0.11991302182730192,0.12167854729706369,21.03,1024.974
1791170455.1003287,69.64737049429873,0.10903574804173516,0.11928522977106366,0.12134424206224491,21.03,1024.978
1791170486.4427683,69.64737049429873,0.10869910805401554,0.11957134116882172,0.121001898157612,21.03,1024.974
1791170517.7962418,69.64737049429873,0.1087152771335963,0.11954398060855707,0.121001898157612,21.0,1024.974
1791170549.1437058,69.64737049429873,0.10871338411605376,0.11970274736393707,0.12075278727055223,21.0,1024.966
1791170580.4701421,69.64737049429873,0.10935792061021339,0.11903367493653733,0.12138105442079655,20.98,1024.969
1791170611.8137064,69.64737049429873,0.109070075124801,0.1200721281026584,0.12064674747327718,21.01,1024.964
1791170643.1571705,69.64737049429873,0.10896859158893771,0.12087340598643925,0.12116498224412177,21.03,1024.968
1791170674.503576,69.64737049429873,0.10830730181484186,0.12091266533487238,0.12157756265174638,21.04,1024.96
1791170705.8083494,69.64737049429873,0.10937117791727169,0.11943059763103156,0.12120907887564053,21.03,1024.967
1791170737.1336095,69.64737049429873,0.10820355432186919,0.11962141354101302,0.12120907887564053,21.01,1024.965
1791170768.4781067,69.64737049429873,0.10803357422407632,0.11981968355797762,0.12080309642747615,20.98,1024.955
1791170799.8147151,69.64737049429873,0.10819451540967019,0.11948809405282942,0.1205861459265384,20.98,1024.955
1791170831.1550958,69.64737049429873,0.10854172897471805,0.11959071345282325,0.1209550937949225,20.95,1024.958
1791170862.5077786,69.64737049429873,0.10886636494920368,0.12004817236547502,0.12103532896933807,20.97,1024.955
1791170893.8531642,69.64737049429873,0.10915596567065243,0.11986270847054818,0.12120548953800224,20.95,1024.952
1791170925.196681,69.64737049429873,0.10878086528409056,0.12008054857447963,0.12142829935282547,20.97,1024.957
1791170956.5440538,69.64737049429873,0.10896871697984327,0.11972363584525915,0.1209550937949225,20.98,1024.947
1791170987.8776023,69.64737049429873,0.10886566850363015,0.12019405151132138,0.12176810266533002,20.98,1024.953
1791171019.2152522,69.64737049429873,0.1092944908556842,0.12079034472898964,0.12200245501714203,21.0,1024.953
1791171050.567676,69.64737049429873,0.10871338411605376,0.12068338621209397,0.12160439762375283,20.97,1024.946
1791171081.9090846,69.64737049429873,0.1101375366546195,0.12062993529522661,0.12276552372588924,21.0,1024.944
1791171113.2506008,69.64737049429873,0.10914293941149736,0.11990828892045004,0.12222171800392323,21.0,1024.94
1791171144.598318,69.64737049429873,0.10891687781718525,0.1195353331693221,0.12227732250345133,20.98,1024.934
1791171175.9446712,69.64737049429873,0.10965692426878276,0.12142346003678789,0.12105797625312248,21.0,1024.931
1791171207.2910278,69.64737049429873,0.10859278576202054,0.11922608919958973,0.12118938743683022,20.98,1024.932
1791171238.6216743,69.64737049429873,0.10872976811637351,0.12004011210224498,0.12091013856269664,21.01,1024.936
1791171269.9630904,69.64737049429873,0.10883201050025217,0.11971157329871242,0.12154725006970066,21.0,1024.939
1791171301.2925878,69.64737049429873,0.10871338411605376,0.11958159164280698,0.12092215377389824,21.0,1024.936
1791171332.6382458,69.64737049429873,0.10975445804458904,0.12061339698194948,0.12120014738284719,21.01,1024.939
1791171363.967639,69.64737049429873,0.10869504357148951,0.11945063079556313,0.12171885409709458,21.01,1024.943
1791171395.313095,69.64737049429873,0.10936115550161829,0.11975010328209444,0.12113774460855636,21.0,1024.951
1791171426.6448314,69.64737049429873,0.10883201050025217,0.12009652452588132,0.12096695985217293,21.01,1024.96
1791171457.9849453,69.64737049429873,0.10896859158893771,0.11995895489281796,0.12102383457268462,21.04,1024.962
1791171489.3335276,69.64737049429873,0.10962956580213305,0.1200892192110137,0.1217640437478336,21.05,1024.959
1791171520.668128,69.64737049429873,0.10905612370414586,0.12013878182368902,0.12162672720549614,21.03,1024.965
1791171552.020743,69.64737049429873,0.10875971016337768,0.11984208339345165,0.12215696698296427,21.07,1024.968
1791171583.3649132,69.64737049429873,0.10968207284652003,0.12003994077377368,0.12073217868416378,21.05,1024.973
1791171614.7065,69.64737049429873,0.10910724716598705,0.11994222670513233,0.12151492707740602,21.07,1024.97
1791171646.0579953,69.64737049429873,0.10933092804163892,0.12042170231796463,0.1218796296086399,21.05,1024.978
1791171677.4025838,69.64737049429873,0.10891716836774169,0.11914974497099656,0.12153352848368784,21.04,1024.971
1791171708.737926,69.64737049429873,0.10943099734815354,0.12015298999608229,0.12089800994171113,21.05,1024.972
1791171740.0925798,69.64737049429873,0.10888320383266267,0.1202095085877054,0.12096695985217293,21.05,1024.968
1791171771.416942,69.64737049429873,0.10859278576202054,0.12079034472898964,0.12166159894091602,21.04,1024.97
1791171802.7645204,69.64737049429873,0.10915596567065243,0.11987119236425571,0.12334608677695745,21.05,1024.966
1791171834.107967,69.64737049429873,0.10878086528409056,0.1200320138887563,0.12102959525005066,21.03,1024.97
1791171865.4485435,69.64737049429873,0.10886636494920368,0.11974132234215971,0.12119478007514264,21.04,1024.973
1791171896.8010066,69.64737049429873,0.10874457563106474,0.11974494351304721,0.12165300461297901,21.03,1024.976
1791171928.1265695,69.64737049429873,0.10921342359745184,0.11989107468314461,0.12133587970501611,21.05,1024.978
1791171959.4698935,69.64737049429873,0.10881195071426104,0.12007289270521063,0.12126197212609273,21.04,1024.986
1791171990.8185277,69.64737049429873,0.10896897391387897,0.1202044181183252,0.12150074103235232,21.03,1024.993
1791172022.1639163,69.64737049429873,0.10874287936551895,0.11949752841103985,0.12281067612910986,21.05,1024.996
1791172053.5054893,69.64737049429873,0.10909066543665968,0.11967867875042623,0.12127260081096142,21.07,1024.996
1791172084.836917,69.64737049429873,0.10883004486616783,0.12082217316875728,0.12086092733257837,21.04,1024.993
1791172116.1845047,69.64737049429873,0.10843562784975762,0.11990226089098988,0.12076480004783538,21.07,1025.001
1791172147.5169747,69.64737049429873,0.10984533173592544,0.11965799022481194,0.12235223604249312,21.04,1025.003
1791172178.8664463,69.64737049429873,0.10845139942577765,0.11994222670513233,0.12088576629764082,21.05,1025.004
1791172210.200967,69.64737049429873,0.10903775183635182,0.11905176119299984,0.12087960082940533,21.05,1025.008
1791172241.5474238,69.64737049429873,0.10807031832521972,0.11934577508365837,0.12116755995695054,21.07,1025.012
1791172272.8960009,69.64737049429873,0.10851893922496443,0.12011341768879656,0.12140387231826806,21.05,1025.021
1791172304.2363746,69.64737049429873,0.10860328904574527,0.11883777054949522,0.12140387231826806,21.05,1025.019
1791172335.5890872,69.64737049429873,0.10797414618395636,0.11888381328432852,0.12097074331463512,21.03,1025.026
1791172366.926492,69.64737049429873,0.10877663820683063,0.1186436687367426,0.12042814707003448,21.03,1025.021
1791172398.2710218,69.64737049429873,0.10788482864116905,0.11912372669055994,0.12037016256043115,21.0,1025.031
1791172429.6195345,69.64737049429873,0.10821883888009645,0.11920168301105291,0.12055134476043117,21.0,1025.033
1791172460.9658258,69.64737049429873,0.10874287936551895,0.1192789698280419,0.12086092733257837,21.01,1025.037
1791172492.3075118,69.64737049429873,0.10857066658708825,0.11993380286497543,0.12069425905863747,20.98,1025.038
1791172523.6030283,69.64737049429873,0.10924525484849551,0.11934577508365837,0.120815844536951,21.0,1025.042
1791172554.9394062,69.64737049429873,0.10822478525445314,0.11863321734138331,0.12057925201592795,21.0,1025.039
1791172586.2819304,69.64737049429873,0.10843142935042958,0.11975384557554965,0.12039982452760115,21.0,1025.039
1791172617.6254334,69.64737049429873,0.108709506173881,0.12123067755803774,0.12093708310758587,21.0,1025.028
1791172648.965785,69.64737049429873,0.1085544949089938,0.11906228024150739,0.12170211963238224,21.01,1025.031
1791172680.3113232,69.64737049429873,0.10791629170225797,0.11904119193188935,0.12047162384254831,21.04,1025.033
1791172711.6638083,69.64737049429873,0.1074959693444016,0.118870963023829,0.12022005444094044,21.01,1025.02
1791172742.9932604,69.64737049429873,0.10815175507444288,0.11978451964630593,0.12011341768879656,21.01,1025.005
1791172774.3228004,69.64737049429873,0.10851539479717875,0.11932599281939724,0.12102887711440118,21.01,1025.004
1791172805.6683366,69.64737049429873,0.10921131234822154,0.11962141354101302,0.12139393787070772,21.03,1024.99
1791172837.0269606,69.64737049429873,0.10879496173172952,0.11889485189505904,0.12086092733257837,21.04,1024.98
1791172868.3703036,69.64737049429873,0.10931854253066638,0.11960286141252993,0.12073217868416378,21.05,1024.969
1791172899.7089443,69.64737049429873,0.10820355432186919,0.1196306231864149,0.12168074897554557,21.03,1024.967
1791172931.0623617,69.64737049429873,0.10822478525445314,0.11951652093449223,0.12139891694999151,21.03,1024.965
1791172962.4048314,69.64737049429873,0.10950574687925783,0.118870963023829,0.12039982452760115,21.03,1024.957
1791172993.7553704,69.64737049429873,0.10872614497769234,0.11999094407490533,0.1203424339433634,21.04,1024.958
1791173025.096956,69.64737049429873,0.10857066658708825,0.11933590755915212,0.12087340598643925,21.01,1024.945
1791173056.4242697,69.64737049429873,0.10851893922496443,0.1192789698280419,0.12080948569546598,21.03,1024.947
1791173087.764875,69.64737049429873,0.10834358465437827,0.11921190909103517,0.12110420132272876,21.01,1024.943
1791173119.1133325,69.64737049429873,0.10799665447369027,0.11909804329784951,0.12033493803450016,21.03,1024.942
1791173150.4647512,69.64737049429873,0.10862244328614892,0.11867836480829473,0.12110420132272876,21.04,1024.939
1791173181.8213358,69.64737049429873,0.10816688308184136,0.11924868653297688,0.12062310992893628,21.04,1024.932
1791173213.1688113,69.64737049429873,0.10881195071426104,0.11931603052469972,0.12191897240511332,21.03,1024.931
1791173244.5102818,69.64737049429873,0.10835925020331877,0.1199658291914601,0.12050054731620036,21.05,1024.928
1791173275.8487527,69.64737049429873,0.10851539479717875,0.11948796372922363,0.12144718569695007,21.04,1024.932
1791173307.201369,69.64737049429873,0.10811497714754043,0.11931603052469972,0.12049338465382235,21.03,1024.923
1791173338.5427547,69.64737049429873,0.10983989619269456,0.12050767570586038,0.12109280571195068,21.01,1024.916
1791173369.8913548,69.64737049429873,0.10869084684122907,0.12121992981667956,0.12139393787070772,21.01,1024.916
1791173401.2368042,69.64737049429873,0.10853504760544137,0.12021225498424458,0.12121992981667956,21.01,1024.917
1791173432.5694256,69.64737049429873,0.10874287936551895,0.12057232518156827,0.12115648947811643,21.03,1024.918
1791173463.913733,69.64737049429873,0.10843142935042958,0.1218099243381325,0.12210492159885895,21.0,1024.913
1791173495.2322204,69.64737049429873,0.10891687781718525,0.11969679010439402,0.12116203793505577,21.01,1024.904
1791173526.584905,69.64737049429873,0.10924525484849551,0.1195828421077215,0.1213460857726686,21.01,1024.907
1791173557.912299,69.64737049429873,0.10822478525445314,0.1197627053057785,0.120815844536951,21.01,1024.904
1791173589.258721,69.64737049429873,0.10889927627664872,0.12115091439585206,0.12075833788435289,21.01,1024.906
1791173620.5933907,69.64737049429873,0.1088642414746685,0.1199658291914601,0.12168506410770101,21.03,1024.902
1791173651.9156973,69.64737049429873,0.10865537940119392,0.11989970249296074,0.12174345699804805,21.01,1024.902
1791173683.2432885,69.64737049429873,0.10907390806205115,0.11943059763103156,0.12084832862829148,21.03,1024.904
1791173714.5918427,69.64737049429873,0.10962956580213305,0.12116203793505577,0.12121992981667956,21.05,1024.905
1791173745.9321651,69.64737049429873,0.10891687781718525,0.11970578121793757,0.12234146344203078,21.05,1024.905
1791173777.2677352,69.64737049429873,0.10936444249696024,0.11982837022423683,0.1205288576808823,21.08,1024.898
1791173808.6153173,69.64737049429873,0.11023134447324404,0.12016269486431493,0.12105797625312248,21.05,1024.893
1791173839.9557173,69.64737049429873,0.10896884440485664,0.11999094407490533,0.12104641990058794,21.05,1024.889
1791173871.2841685,69.64737049429873,0.10905528891060992,0.11993380286497543,0.12105221182851074,21.07,1024.89
1791173902.6178768,69.64737049429873,0.10900338011803884,0.1195828421077215,0.12140387231826806,21.07,1024.886
1791173933.9562256,69.64737049429873,0.10895152071767657,0.1205861459265384,0.1213460857726686,21.08,1024.886
1791173965.3018398,69.64737049429873,0.10853841520679784,0.11926892367423282,0.12087960082940533,21.08,1024.884
1791173996.6507757,69.64737049429873,0.10856754304443113,0.1191341840902634,0.12062310992893628,21.05,1024.887
1791174027.996619,69.64737049429873,0.10869084684122907,0.12027746880482452,0.12026210049255809,21.07,1024.877
1791174059.2962298,69.64737049429873,0.10879496173172952,0.11955481658917214,0.12092493255595309,21.07,1024.878
1791174090.6238217,69.64737049429873,0.10881195071426104,0.11972701117179972,0.12073876551278585,21.13,1024.868
1791174121.9461787,69.64737049429873,0.10865537940119392,0.12003170251907595,0.12180190595717687,21.11,1024.863
1791174153.291712,69.64737049429873,0.10874287936551895,0.11974494351304721,0.12156844621094834,21.08,1024.866
1791174184.622375,69.64737049429873,0.10872614497769234,0.11928896816356364,0.12068760048805424,21.11,1024.849
1791174215.9705873,69.64737049429873,0.10881309319547575,0.11986811985222391,0.12075833788435289,21.11,1024.847
1791174247.3181372,69.64737049429873,0.10857066658708825,0.11952594942715866,0.12104641990058794,21.11,1024.835
1791174278.6490955,69.64737049429873,0.10867426939276563,0.11922208640345593,0.12257992788090218,21.13,1024.835
1791174309.920117,69.64737049429873,0.10857066658708825,0.1195828421077215,0.12163556992476997,21.14,1024.822
1791174341.2727048,69.64737049429873,0.10841563222972314,0.11924229611440737,0.12052183064629249,21.13,1024.816
1791174372.6162362,69.64737049429873,0.10838430714245514,0.1195353331693221,0.12035731907811309,21.13,1024.815
1791174403.9627323,69.64737049429873,0.10826104000612685,0.11944994625232074,0.12129355549881045,21.11,1024.807
1791174435.3002157,69.64737049429873,0.10933400365659503,0.12055837179365608,0.12086718155831203,21.11,1024.795
1791174466.6436994,69.64737049429873,0.10856754304443113,0.11989970249296074,0.12138893490982586,21.11,1024.791
1791174497.9832149,69.64737049429873,0.1095629416495996,0.1191341840902634,0.12221567083535069,21.13,1024.785
1791174529.3276448,69.64737049429873,0.10875971016337768,0.11920168301105291,0.1212672992317174,21.11,1024.777
1791174560.6880405,69.64737049429873,0.10853504760544137,0.11957354484013291,0.12073876551278585,21.08,1024.787
1791174592.0146499,69.64737049429873,0.108709506173881,0.12010538999656485,0.12063672812727029,21.07,1024.79
1791174623.358194,69.64737049429873,0.10851893922496443,0.11993380286497543,0.12093102231117717,21.05,1024.788
1791174654.6796305,69.64737049429873,0.10938286914163288,0.11947862496840392,0.12140387231826806,21.08,1024.79
1791174686.0370858,69.64737049429873,0.10936444249696024,0.11978903350099868,0.12094311515125253,21.1,1024.795
1791174717.3835492,69.64737049429873,0.11120109721714337,0.11990226089098988,0.12136121399264747,21.11,1024.792
1791174748.7271862,69.64737049429873,0.10958600592916515,0.12042892601598812,0.1217105264279529,21.14,1024.794
1791174780.0716915,69.64737049429873,0.10858988199494164,0.11936536982960105,0.12141859783876373,21.15,1024.807
1791174811.4150622,69.64737049429873,0.10829712284487739,0.12007250389021755,0.12059300714757654,21.13,1024.807
1791174842.7614987,69.64737049429873,0.10850292267800794,0.12003994077377368,0.12077763275198443,21.13,1024.803
1791174874.1001787,69.64737049429873,0.10900379105083441,0.11883777054949522,0.12115648947811643,21.13,1024.796
1791174905.450679,69.64737049429873,0.10930006235193239,0.11966955789036211,0.1206162517941042,21.11,1024.8
1791174936.7750406,69.64737049429873,0.10900379105083441,0.11919140781214134,0.12239473303871319,21.15,1024.796
1791174968.1285303,69.64737049429873,0.1087075197497364,0.12003170251907595,0.12097074331463512,21.13,1024.797
1791174999.45416,69.64737049429873,0.10858693103249789,0.12003994077377368,0.12080309642747615,21.14,1024.79
1791175030.7986083,69.64737049429873,0.10891687781718525,0.11929891902139994,0.1218099243381325,21.17,1024.787
1791175062.1370943,69.64737049429873,0.10839992508256255,0.11929891902139994,0.12041444433406628,21.14,1024.787
1791175093.487527,69.64737049429873,0.10874457563106474,0.11894925905949266,0.120707481388981,21.11,1024.785
1791175124.8370159,69.64737049429873,0.10814328457004527,0.11978903350099868,0.12035731907811309,21.05,1024.79
1791175156.1795056,69.64737049429873,0.1092429101369474,0.11973249996123475,0.12124660886840345,21.08,1024.792
1791175187.510136,69.64737049429873,0.10907196072513774,0.12007250389021755,0.12153812394188443,21.08,1024.786
1791175218.8515391,69.64737049429873,0.10866015514670921,0.11945063079556313,0.12206016935391156,21.1,1024.787
1791175250.1981335,69.64737049429873,0.10859278576202054,0.11970578121793757,0.12096104079741102,21.11,1024.782
1791175281.545587,69.64737049429873,0.10884709401151044,0.11979337381102677,0.120815844536951,21.11,1024.77
1791175312.8870664,69.64737049429873,0.10860328904574527,0.11944029510921561,0.12079667651407552,21.1,1024.768
1791175344.234592,69.64737049429873,0.10846329662260952,0.11901990132682456,0.12062310992893628,21.05,1024.755
1791175375.5680804,69.64737049429873,0.10862244328614892,0.11935559572938237,0.12091881363386645,21.04,1024.743
1791175406.9105744,69.64737049429873,0.10823063607772898,0.11955396767051711,0.12100051844389573,21.01,1024.738
1791175438.253019,69.64737049429873,0.10876281474304131,0.11984562045234078,0.12101223157963546,21.0,1024.73
1791175469.5976772,69.64737049429873,0.10876281474304131,0.1189144882805558,0.12124660886840345,21.0,1024.725
1791175500.927128,69.64737049429873,0.10845541625173417,0.11933825437577904,0.12118938743683022,20.98,1024.716
1791175532.2735195,69.64737049429873,0.10883201050025217,0.11945063079556313,0.12102383457268462,21.0,1024.711
1791175563.6010516,69.64737049429873,0.10838884626991041,0.11981499138110978,0.12079034472898964,20.98,1024.701
1791175594.9386091,69.64737049429873,0.10895154437616743,0.11954398060855707,0.12097285115575536,21.01,1024.702
1791175626.2769291,69.64737049429873,0.10940892943332098,0.11983209474412539,0.12069643715083037,21.03,1024.698
1791175657.621626,69.64737049429873,0.1085224266980605,0.1195828421077215,0.12121080671700118,21.01,1024.693
1791175688.9641063,69.64737049429873,0.11046337117092375,0.1206162517941042,0.12146171392746186,21.04,1024.685
1791175720.3095477,69.64737049429873,0.10905612370414586,0.1200973239292466,0.1212672992317174,21.05,1024.687
1791175751.660023,69.64737049429873,0.10844731721998091,0.12110985842760953,0.12146171392746186,21.08,1024.673
1791175782.984428,69.64737049429873,0.108709506173881,0.12041444433406628,0.12105221182851074,21.08,1024.666
1791175814.3150823,69.64737049429873,0.1095531268172314,0.11915993924896655,0.120707481388981,21.11,1024.664
1791175845.640582,69.64737049429873,0.10959979457682516,0.12079034472898964,0.12108076279963177,21.11,1024.667
1791175876.972898,69.64737049429873,0.11023159082790988,0.11923606149378697,0.1240432920512474,21.11,1024.67
1791175908.3035357,69.64737049429873,0.1086624860030365,0.11923606149378697,0.12062683095173864,21.11,1024.667
1791175939.6380942,69.64737049429873,0.10929177165541605,0.12027362530997004,0.12149481883113404,21.08,1024.668
1791175970.9934714,69.64737049429873,0.10901977693652405,0.11968497088721085,0.12149015620299775,21.08,1024.674
1791176002.3339806,69.64737049429873,0.10820057506656283,0.11935764580888018,0.1207335530471505,21.07,1024.682
1791176033.6853988,69.64737049429873,0.10812032537459804,0.11972035808505972,0.12161317517594399,21.11,1024.686
1791176065.03023,69.64737049429873,0.10856392648131888,0.11991909051706329,0.12139083594894098,21.11,1024.696
1791176096.3705719,69.64737049429873,0.10869296213747726,0.11992533881367766,0.12072708120858887,21.13,1024.713
1791176127.66809,69.64737049429873,0.10844731721998091,0.11949752841103985,0.12027746880482452,21.1,1024.723
1791176159.013567,69.64737049429873,0.10825540321153658,0.12022005444094044,0.12055837179365608,21.07,1024.729
1791176190.3568842,69.64737049429873,0.10874457563106474,0.12141859783876373,0.12235223604249312,21.07,1024.746
1791176221.7104197,69.64737049429873,0.10896859158893771,0.11976754200148647,0.12223658585364205,21.07,1024.749
1791176253.0720532,69.64737049429873,0.10935792061021339,0.11984058670446368,0.12069643715083037,21.08,1024.757
1791176284.425328,69.64737049429873,0.10844382528341928,0.11937685651208206,0.12127780394569153,21.1,1024.772
1791176315.770916,69.64737049429873,0.10834284877464084,0.11967343741027907,0.12052770190457288,21.1,1024.776
1791176347.1166255,69.64737049429873,0.10869910805401554,0.11928522977106366,0.12110865007314103,21.07,1024.78
1791176378.4609044,69.64737049429873,0.10858267042875581,0.12021440642332605,0.12065987139928416,21.08,1024.782
1791176409.7974484,69.64737049429873,0.10910240692227163,0.12055496419600083,0.12135409867984445,21.08,1024.789
1791176441.152965,69.64737049429873,0.10858267042875581,0.12043672699715927,0.12106917561571484,21.08,1024.797
1791176472.499449,69.64737049429873,0.1084824973879579,0.11965565688109796,0.1210076269801269,21.08,1024.801
1791176503.829886,69.64737049429873,0.10860889798840605,0.11977152300497364,0.12115416356059357,21.08,1024.797
1791176535.1853156,69.64737049429873,0.10872614497769234,0.12075833788435289,0.12047162384254831,21.04,1024.801
1791176566.5328553,69.64737049429873,0.10881421731839204,0.11926231488869343,0.12152427200848957,21.05,1024.803
1791176597.8734176,69.64737049429873,0.10813499657669148,0.11935764580888018,0.12049290099704775,21.05,1024.805
1791176629.2148778,69.64737049429873,0.10878222963938859,0.1193309154033133,0.12167011279392746,21.05,1024.8
1791176660.5683792,69.64737049429873,0.10853256079401244,0.12022192441458471,0.12099614272532866,21.03,1024.818
1791176691.9149504,69.64737049429873,0.10945206760077639,0.12113589652567532,0.12221179435475968,21.07,1024.826
1791176723.257363,69.64737049429873,0.10836739128475649,0.11904026766349861,0.12113589652567532,21.1,1024.831
1791176754.5859458,69.64737049429873,0.10871897483545112,0.11984403992161564,0.12295258898017983,21.07,1024.826
1791176785.9123156,69.64737049429873,0.10858555453480674,0.11967963744223666,0.12085817681715437,21.11,1024.833
1791176817.2577293,69.64737049429873,0.10861959289588177,0.11916949513907173,0.12244681985810268,21.11,1024.846
1791176848.6045644,69.64737049429873,0.11005014246769122,0.11956133476468672,0.12046461049795015,21.14,1024.856
1791176879.951765,69.64737049429873,0.10994935942910383,0.12136871420214085,0.12272728782426318,21.13,1024.847
1791176911.2973561,69.64737049429873,0.10984876081422092,0.12283836389113116,0.12283983509581417,21.14,1024.85
1791176942.6270263,69.64737049429873,0.10990645556852971,0.11951595591363079,0.12340585301294978,21.1,1024.853
1791176973.965242,69.64737049429873,0.10857974069028271,0.12157852696309454,0.12129307697161071,21.13,1024.852
1791177005.313937,69.64737049429873,0.10843248014664922,0.11910499985525091,0.12289214057681112,21.13,1024.862
1791177036.6543715,69.64737049429873,0.10890178120123323,0.12160454108790904,0.12278353566894704,21.13,1024.866
1791177068.0047832,69.64737049429873,0.10883575907719205,0.1185188592568447,0.1210414513030582,21.13,1024.872
1791177099.349229,69.64737049429873,0.1086872050155121,0.11941590424543229,0.12082106559927731,21.13,1024.87
1791177130.6808412,69.64737049429873,0.10825853442279354,0.11954265523245458,0.121553503401362,21.1,1024.879
1791177162.0073211,69.64737049429873,0.1083421509420765,0.11926264262519513,0.12088789139279268,21.13,1024.868
1791177193.3538353,69.64737049429873,0.10816024722545975,0.11926264262519513,0.12301438915332219,21.1,1024.864
1791177224.6922214,69.64737049429873,0.10923172916361416,0.11965118720739107,0.12435927082349642,21.04,1024.868
1791177256.0408714,69.64737049429873,0.11025223595770155,0.12032812005410369,0.12323871218202365,21.03,1024.859
1791177287.389215,69.64737049429873,0.11114227701467103,0.12139263189649953,0.12195214958943303,21.01,1024.857
1791177318.729875,69.64737049429873,0.10964276034489585,0.1193802259412102,0.1222873197395152,21.01,1024.847
1791177350.0763407,69.64737049429873,0.10941257894966804,0.11949749015674999,0.12223190843589979,20.98,1024.835
1791177381.4029238,69.64737049429873,0.10786645353628017,0.1186378303826045,0.12335123572151895,21.0,1024.83
1791177412.7372208,69.64737049429873,0.11050270652221211,0.12037565323740392,0.12065630226528674,21.0,1024.82
1791177444.0767875,69.64737049429873,0.10769749139793888,0.11847633795576441,0.12060148096959578,20.97,1024.811
1791177475.421216,69.64737049429873,0.10801315060294553,0.11836892036869215,0.12066270566149238,20.97,1024.803
1791177506.7648258,69.64737049429873,0.1080970220894937,0.11815466848331503,0.11971407881769901,21.0,1024.797
1791177538.1184123,69.64737049429873,0.10898447571707179,0.11932618088939421,0.12016469752498794,21.03,1024.789
1791177569.457825,69.64737049429873,0.1093630014984291,0.11993145403621867,0.12184173079617536,21.04,1024.785
1791177600.7915113,69.64737049429873,0.10759971356780455,0.1188103867209083,0.12211815354055089,21.01,1024.783
1791177632.1358554,69.64737049429873,0.10689360792556751,0.11859504343183198,0.12077225452270145,21.01,1024.782
1791177663.481211,69.64737049429873,0.10913269328032354,0.11982266783971404,0.12307118497530005,21.01,1024.768
1791177694.8216987,69.64737049429873,0.10839131018250958,0.11780914903000314,0.1220074340701707,21.01,1024.777
1791177726.164389,69.64737049429873,0.10731944673897696,0.11897240809798977,0.11948846304607016,21.05,1024.773
1791177757.5128684,69.64737049429873,0.10708779205424403,0.11869175907010693,0.11975991643231379,21.05,1024.774
1791177788.8602586,69.64737049429873,0.10733151660236519,0.11910059380274031,0.12055335535709927,21.1,1024.77
1791177820.18775,69.64737049429873,0.10767147617004279,0.11956043217800942,0.12240074188657116,21.07,1024.764
1791177851.5162897,69.64737049429873,0.10752570509320722,0.11894923134648348,0.12128768233464718,21.07,1024.759
1791177882.8598223,69.64737049429873,0.1097546858255538,0.11872418701975056,0.120117928950182,21.04,1024.759
1791177914.1553376,69.64737049429873,0.10785299996238525,0.1194434653910673,0.12067542572235458,21.08,1024.757
1791177945.503782,69.64737049429873,0.1070764118485348,0.11887480227829873,0.12173151177439664,21.07,1024.753
1791177976.8483973,69.64737049429873,0.10727075154103682,0.11902651346748779,0.12055335535709927,21.07,1024.748
1791178008.1948137,69.64737049429873,0.10850503570514151,0.11924342795490055,0.12043039676408457,21.05,1024.751
1791178039.5273788,69.64737049429873,0.10822387545404191,0.11979761598836518,0.1208760867535238,21.08,1024.748
1791178070.8657846,69.64737049429873,0.10795653130873498,0.11906056019388532,0.1210966734107734,21.07,1024.737
1791178102.1933172,69.64737049429873,0.10951621316655685,0.12024427212421886,0.12182676124781056,21.05,1024.743
1791178133.5358157,69.64737049429873,0.10813969976258987,0.11895182422553446,0.12171151359130376,21.07,1024.744
1791178164.8823378,69.64737049429873,0.1082731823810997,0.11889753068738561,0.1215447018601989,21.1,1024.75
1791178196.2357798,69.64737049429873,0.11187895871833668,0.11967963744223666,0.1205333267304176,21.11,1024.746
1791178227.5594547,69.64737049429873,0.10845564568544121,0.12032812005410369,0.12060800572344818,21.07,1024.754
1791178258.89597,69.64737049429873,0.10959310109476385,0.12089375366777914,0.12307118497530005,21.05,1024.759
1791178290.2513216,69.64737049429873,0.10786645353628017,0.11897240809798977,0.12234535448074059,21.04,1024.76
1791178321.5959306,69.64737049429873,0.1086872050155121,0.11940663336970599,0.12239583337932007,21.03,1024.759
1791178352.935348,69.64737049429873,0.10787163535137378,0.11979761598836518,0.1210966734107734,21.04,1024.76
1791178384.2869349,69.64737049429873,0.10976717817432999,0.11832215565499438,0.12182676124781056,21.03,1024.763
1791178415.629455,69.64737049429873,0.10741742390789746,0.11862555817210738,0.12120206776505567,21.04,1024.769
1791178446.9808424,69.64737049429873,0.10749208121860422,0.11849336148924094,0.1195342329890472,21.01,1024.765
1791178478.3222864,69.64737049429873,0.1082774167665274,0.11898871159197227,0.11992127162918545,20.95,1024.771
1791178509.6559544,69.64737049429873,0.10908632350635866,0.11877894351722984,0.12070936684913487,21.01,1024.774
1791178541.0113854,69.64737049429873,0.10823287155413337,0.11862555817210738,0.12175139543916616,21.03,1024.775
1791178572.33394,69.64737049429873,0.10955271771274022,0.11947914560259454,0.12203990789405605,21.04,1024.783
1791178603.6884394,69.64737049429873,0.10811239248664346,0.11935010757320764,0.12038821397692395,21.05,1024.788
1791178635.0349782,69.64737049429873,0.10940534265249324,0.11904400626088853,0.12049243568516325,21.07,1024.791
1791178666.355312,69.64737049429873,0.10803399651264593,0.1191447389044214,0.12260290250610101,21.05,1024.79
1791178697.704916,69.64737049429873,0.11008298705107557,0.11984738113759415,0.1218380138801827,21.05,1024.797
1791178729.0353854,69.64737049429873,0.10813174834847154,0.1191545611247655,0.12045788493360542,21.03,1024.799
1791178760.3798866,69.64737049429873,0.10850503570514151,0.11972580065792021,0.12413545646863255,21.01,1024.803
1791178791.7203324,69.64737049429873,0.10978611408930303,0.12079045868320613,0.12210252731022964,20.97,1024.807
1791178823.0468967,69.64737049429873,0.10958962732077415,0.11899911837330561,0.12226808975240516,20.98,1024.807
1791178854.4012637,69.64737049429873,0.10947425805445027,0.11927548746816603,0.1204855099212791,20.97,1024.807
1791178885.7558212,69.64737049429873,0.11018072422968955,0.11980193478504414,0.12271679798249127,20.95,1024.804
1791178917.0924506,69.64737049429873,0.109640318621585,0.1197550914482875,0.12169105268054907,20.97,1024.809
1791178948.4478607,69.64737049429873,0.10920319892507165,0.11985745256657979,0.12055496419600083,20.93,1024.803
1791178979.7954085,69.64737049429873,0.10770439733694447,0.11829322177602655,0.12266172349917755,20.93,1024.799
1791179011.1338768,69.64737049429873,0.10771781163435454,0.11858039782283608,0.11944192596326464,20.91,1024.803
1791179042.4753196,69.64737049429873,0.107417887622153,0.11876804563934752,0.12076546111543722,20.93,1024.795
1791179073.809842,69.64737049429873,0.10780445242041532,0.11892288936142083,0.12070291704920039,20.94,1024.792
1791179105.1573465,69.64737049429873,0.10834764007183793,0.11851632160872048,0.12179598621451475,20.93,1024.784
1791179136.5038316,69.64737049429873,0.10986788653229947,0.12034717102820072,0.1214148955167326,20.93,1024.784
1791179167.8503811,69.64737049429873,0.10750346382744005,0.12170745893658001,0.12283983509581417,20.95,1024.775
1791179199.204879,69.64737049429873,0.10808364672384717,0.11884463651496584,0.12255674105600563,20.95,1024.767
1791179230.5463207,69.64737049429873,0.10765443940997885,0.11910951218101742,0.11952511556721551,20.98,1024.767
1791179261.896881,69.64737049429873,0.10837800417280286,0.12076546111543722,0.12197328037377707,21.01,1024.77
1791179293.2402754,69.64737049429873,0.1084787786399556,0.11897825635972696,0.12128291860152242,21.03,1024.765
1791179324.584959,69.64737049429873,0.10758069123905115,0.11863557967611144,0.1196088296081212,21.01,1024.766
1791179355.9173386,69.64737049429873,0.10753058150485974,0.1186908129114814,0.12070291704920039,21.03,1024.762
1791179387.2589111,69.64737049429873,0.10834284877464084,0.11788336559336958,0.12179598621451475,21.03,1024.769
1791179418.5984025,69.64737049429873,0.10805540532639527,0.11828113065799774,0.12041547360095482,21.01,1024.779
1791179449.9477417,69.64737049429873,0.10820653866856379,0.11862428136406904,0.11983209474412539,21.04,1024.791
1791179481.290295,69.64737049429873,0.10728073142147238,0.11898871159197227,0.12133429362287285,21.05,1024.795
1791179512.6391025,69.64737049429873,0.10794081622925482,0.11928522977106366,0.11996047994285144,21.04,1024.803
1791179543.9893382,69.64737049429873,0.10797677171899837,0.11976367474609026,0.12225965719305304,21.07,1024.815
1791179575.3327947,69.64737049429873,0.1094883852094829,0.12055496419600083,0.12123702402930131,21.03,1024.83
1791179606.6763558,69.64737049429873,0.1094883852094829,0.1189439981708041,0.12181151562338524,21.0,1024.839
1791179638.0149302,69.64737049429873,0.10864875879992382,0.11848180159235891,0.12151780801352419,21.0,1024.842
1791179669.3533573,69.64737049429873,0.10962694877024519,0.12265791527044292,0.12237060558513353,21.03,1024.852
1791179700.7098303,69.64737049429873,0.10824206013769336,0.11834826999080204,0.12237060558513353,21.03,1024.851
1791179732.00432,69.64737049429873,0.10800512131966393,0.11984058670446368,0.12047156161549703,21.0,1024.857
1791179763.3517272,69.64737049429873,0.10773130105025576,0.11936727359343545,0.12070291704920039,20.95,1024.852
1791179794.696213,69.64737049429873,0.10840870866226053,0.11977620035541255,0.12080919003174795,20.95,1024.855
1791179826.0289533,69.64737049429873,0.1079690306941416,0.11920024085974079,0.12092811934675606,20.98,1024.856
1791179857.3773174,69.64737049429873,0.10806984672400115,0.12006418010324843,0.1225988129391837,20.97,1024.854
1791179888.7287114,69.64737049429873,0.10825701044197747,0.11943251259964732,0.12110312460081828,20.98,1024.857
1791179920.0753582,69.64737049429873,0.10857974069028271,0.11899911837330561,0.12225396999330909,20.98,1024.858
1791179951.4158633,69.64737049429873,0.10901872733780651,0.11912969112847166,0.12060400781454418,20.97,1024.858
1791179982.7672346,69.64737049429873,0.10817701590076936,0.12071578675985395,0.12071578675985395,20.97,1024.867
1791180014.0948756,69.64737049429873,0.10831260969984213,0.12140052673522514,0.1230617063441765,20.98,1024.86
1791180045.4263816,69.64737049429873,0.10841299665625749,0.11881230981256187,0.12134424206224491,21.0,1024.87
1791180076.763874,69.64737049429873,0.10886705037559212,0.11949750873203961,0.12001627805688368,21.0,1024.873
1791180108.117582,69.64737049429873,0.10815611393529656,0.11989640694391315,0.12127780394569153,21.0,1024.875
1791180139.4608202,69.64737049429873,0.10912094968548511,0.11903367493653733,0.12139083594894098,21.01,1024.877
1791180170.8062701,69.64737049429873,0.1079186931831514,0.12179205859026368,0.12184889369310366,21.03,1024.886
1791180202.1457906,69.64737049429873,0.10817085120366324,0.11965565688109796,0.12305877646083424,21.01,1024.885
1791180233.4822528,69.64737049429873,0.10812032537459804,0.1185575010892075,0.12080919003174795,20.98,1024.885
1791180264.838704,69.64737049429873,0.10845936925603945,0.11936727359343545,0.12028860940346488,21.0,1024.886
1791180296.1802897,69.64737049429873,0.10783194208693553,0.11896775233742042,0.12282787304538544,21.0,1024.894
1791180327.557799,69.64737049429873,0.10825701044197747,0.11874609760074539,0.12040832301526204,21.01,1024.903
1791180358.9062731,69.64737049429873,0.10896846818381944,0.11937685651208206,0.1211595855121217,21.0,1024.903
1791180390.236705,69.64737049429873,0.10800512131966393,0.12001627805688368,0.1228293926895545,21.0,1024.908
1791180421.5744839,69.64737049429873,0.10863029222288641,0.12012803015270924,0.12271502118691938,21.0,1024.918
1791180452.9097195,69.64737049429873,0.10799090705173593,0.11938639487770665,0.12070291704920039,21.01,1024.924
1791180484.2532825,69.64737049429873,0.11006750946411427,0.12035943778796779,0.12093405715858656,21.0,1024.929
1791180515.5997734,69.64737049429873,0.11064239636060541,0.11949750873203961,0.12122136684389596,20.98,1024.945
1791180546.9463265,69.64737049429873,0.10873153663154198,0.12133429362287285,0.12242757773867381,20.97,1024.941
1791180578.2898002,69.64737049429873,0.1086808908480275,0.11932125227232927,0.12277218030183254,20.95,1024.956
1791180609.6234488,69.64737049429873,0.10972897943152028,0.1195531432562181,0.12110312460081828,20.95,1024.947
1791180640.972675,69.64737049429873,0.10758069123905115,0.11995227920832746,0.1224846029660406,20.98,1024.949
1791180672.313122,69.64737049429873,0.10839331351223556,0.11897825635972696,0.12254168134143181,20.97,1024.942
1791180703.6668668,69.64737049429873,0.10920517911937756,0.11915474991645512,0.12127780394569153,20.98,1024.945
1791180734.9962254,69.64737049429873,0.11004754352186379,0.11825038172318954,0.12035943778796779,20.97,1024.939
1791180766.338764,69.64737049429873,0.10869910805401554,0.11951595591363079,0.1204855099212791,20.97,1024.938
1791180797.6942456,69.64737049429873,0.10834284877464084,0.12087780619731224,0.12116498224412177,21.0,1024.928
1791180829.0416942,69.64737049429873,0.10972897943152028,0.11989640694391315,0.12420837082453463,20.97,1024.919
1791180860.3752944,69.64737049429873,0.10810573617644362,0.11943251259964732,0.1210467162870809,20.97,1024.916
1791180891.721626,69.64737049429873,0.10825701044197747,0.11898871159197227,0.12179205859026368,20.97,1024.909
1791180923.067367,69.64737049429873,0.10976090078815702,0.11859176649902038,0.12214324623010372,20.94,1024.909
1791180954.4096553,69.64737049429873,0.10799090705173593,0.1189334682667732,0.1207717539682677,20.95,1024.899
1791180985.7532775,69.64737049429873,0.10895155592519039,0.11871300697554756,0.11956226334435982,20.97,1024.899
1791181017.1068296,69.64737049429873,0.10851356986780675,0.12151780801352419,0.12123182914211085,20.97,1024.893
1791181048.4512725,69.64737049429873,0.10917014910319343,0.1202624817470542,0.12203324015346302,20.98,1024.89
1791181079.7936928,69.64737049429873,0.10782707440962916,0.120269909582495,0.12043672699715927,20.97,1024.896
1791181111.1241674,69.64737049429873,0.10787692737187124,0.11843857705677253,0.12038106979825841,20.95,1024.895
1791181142.4637876,69.64737049429873,0.1077275065882383,0.11878979110267805,0.12015127700567543,20.94,1024.903
1791181173.810315,69.64737049429873,0.10814781981735697,0.11868025200117042,0.12044374610476112,20.95,1024.902
1791181205.1547947,69.64737049429873,0.10733106735985026,0.11878979110267805,0.1201035536476317,20.97,1024.912
1791181236.4791794,69.64737049429873,0.10832768711962325,0.1187019357157785,0.1202624817470542,20.95,1024.91
1791181267.8136306,69.64737049429873,0.11009865942996547,0.1190542896863361,0.12162618854271158,20.94,1024.92
1791181299.1602428,69.64737049429873,0.10789077185378076,0.11934053373332472,0.1204296753620959,20.94,1024.922
1791181330.5036685,69.64737049429873,0.1084979905096294,0.120269909582495,0.120269909582495,20.93,1024.935
1791181361.845248,69.64737049429873,0.10752892157577414,0.11897529725607639,0.12101332937698984,20.94,1024.935
1791181393.177795,69.64737049429873,0.11135837097060852,0.11853907126852845,0.12181535332832666,20.94,1024.937
1791181424.522296,69.64737049429873,0.10778642812080129,0.11994579365294161,0.1225005713755858,20.93,1024.94
1791181455.868727,69.64737049429873,0.11020166393092685,0.12011905008034585,0.12221470739395032,20.89,1024.944
1791181487.2042437,69.64737049429873,0.10935160226097666,0.11877837188853387,0.12108025052344597,20.86,1024.947
1791181518.4937184,69.64737049429873,0.10974834611728757,0.11826805073728112,0.12188244324739979,20.89,1024.948
1791181549.837227,69.64737049429873,0.10871897483545112,0.11934274849923676,0.12103587833134545,20.93,1024.951
1791181581.181701,69.64737049429873,0.10905130980049965,0.12160025494204835,0.12075369002599401,20.93,1024.959
1791181612.5221531,69.64737049429873,0.10858555453480674,0.11897529725607639,0.12334976287512102,20.93,1024.957
1791181643.8707778,69.64737049429873,0.10854820009239632,0.11922011100047994,0.12107472581751684,20.94,1024.955
1791181675.2262783,69.64737049429873,0.10933990623767278,0.11858039782283608,0.12174337336172658,20.93,1024.971
1791181706.5848522,69.64737049429873,0.10756764056389717,0.1196267777803133,0.12001627805688368,20.93,1024.975
1791181737.894961,69.64737049429873,0.10834764007183793,0.1203327330330817,0.12157412095312813,20.94,1024.981
1791181769.2185967,69.64737049429873,0.10981750926462126,0.1189959244508289,0.12249606148907037,20.93,1024.974
1791181800.566356,69.64737049429873,0.11069610029829827,0.11838796305031397,0.12012674507854454,20.94,1024.986
1791181831.9045765,69.64737049429873,0.10813969976258987,0.12115194592887332,0.12087014402368736,20.94,1024.979
1791181863.2491279,69.64737049429873,0.1082731823810997,0.11930729012680713,0.12250504011166291,20.95,1024.981
1791181894.6006646,69.64737049429873,0.10896810942240732,0.11986884344544585,0.12205954740470089,20.95,1024.986
1791181925.929076,69.64737049429873,0.10779544709471346,0.11846496014884907,0.12211505672000073,20.95,1024.985
1791181957.2545865,69.64737049429873,0.10900104771194252,0.12060148096959578,0.12060148096959578,20.94,1024.989
1791181988.5880487,69.64737049429873,0.10896810942240732,0.12004043794474113,0.12032095945716845,20.89,1024.989
1791182019.9145622,69.64737049429873,0.10961133906939743,0.11898263001793567,0.1243047396277635,20.89,1024.992
1791182051.2581017,69.64737049429873,0.10829303627229002,0.12038269305423294,0.12060800572344818,20.9,1024.994
1791182082.6046395,69.64737049429873,0.10941614819289734,0.12011905008034585,0.12262084546046655,20.9,1024.999
1791182113.952986,69.64737049429873,0.10851700786472203,0.12044374610476112,0.12192394480810365,20.87,1024.997
1791182145.2995927,69.64737049429873,0.10963495615096006,0.11875678366945956,0.12169929359529012,20.84,1024.995
1791182176.6251209,69.64737049429873,0.10913408880528566,0.12025165339023969,0.1202919887375373,20.86,1024.992
1791182207.9555004,69.64737049429873,0.10780884135906307,0.1186808512588082,0.12126769609856342,20.87,1024.996
1791182239.297002,69.64737049429873,0.10839131018250958,0.119316756936869,0.1216088077326921,20.91,1024.994
1791182270.6215198,69.64737049429873,0.10750211312029816,0.11854132952580052,0.11954265523245458,20.91,1024.998
1791182301.9678507,69.64737049429873,0.10776887666410494,0.11933556227475842,0.11993949021815,20.9,1024.988
1791182333.3213816,69.64737049429873,0.11152708203520334,0.12056655719969848,0.1226820538059963,20.9,1024.99
1791182364.6759713,69.64737049429873,0.1080341962277771,0.1204510594518377,0.12128768233464718,20.89,1024.985
1791182396.0184505,69.64737049429873,0.11021245688548752,0.12195904175213419,0.12217949261493809,20.87,1024.979
1791182427.3517992,69.64737049429873,0.10742874345784513,0.11828522582565046,0.12084505411018563,20.89,1024.976
1791182458.6943595,69.64737049429873,0.109082247101475,0.12016469752498794,0.12273916730987829,20.86,1024.977
1791182490.040986,69.64737049429873,0.10802709601055943,0.11888704864437927,0.12116777706213719,20.84,1024.972
1791182521.3673303,69.64737049429873,0.10976717817432999,0.11960723565157672,0.12142906709661132,20.84,1024.974
1791182552.7097583,69.64737049429873,0.10903446400587687,0.1186808512588082,0.12114127085696293,20.84,1024.973
1791182584.0584197,69.64737049429873,0.10928131454077013,0.11865973205013247,0.12008729299903907,20.87,1024.976
1791182615.3897293,69.64737049429873,0.1089679935067304,0.12017218515756789,0.12072993374610753,20.87,1024.978
1791182646.7163055,69.64737049429873,0.10872255926936888,0.11907657818458474,0.11989331086329806,20.89,1024.985
1791182678.0608282,69.64737049429873,0.10944064335855329,0.11814944792822574,0.1221304015710905,20.86,1024.991
1791182709.4043403,69.64737049429873,0.10994553773037295,0.12002514785927976,0.12362901545133725,20.86,1025.0
1791182740.7468095,69.64737049429873,0.10772955745691784,0.11870294634092732,0.12007906988503426,20.87,1025.001
1791182772.0952737,69.64737049429873,0.10748843328299745,0.12008669237268124,0.12064019078538281,20.9,1025.015
1791182803.426766,69.64737049429873,0.10795811943097346,0.11836167001089733,0.12014054527271366,20.9,1025.015
1791182834.7681992,69.64737049429873,0.10782631030447531,0.11869221557178715,0.11997127423962611,20.91,1025.022
1791182866.0967991,69.64737049429873,0.10838080292060279,0.12224311832378965,0.12307485724798087,20.93,1025.024
1791182897.4371984,69.64737049429873,0.11049953279873673,0.11836167001089733,0.12274249289254001,20.93,1025.028
1791182928.7798388,69.64737049429873,0.10798548614337361,0.11803552573889849,0.12051887225098101,20.94,1025.03
1791182960.1303465,69.64737049429873,0.10875420467935416,0.12032812005410369,0.12100321416058164,20.93,1025.033
1791182991.4827633,69.64737049429873,0.10812539620172165,0.11847633795576441,0.11965118720739107,20.93,1025.038
1791183022.8352087,69.64737049429873,0.10837640115598876,0.11906665549249848,0.12060800572344818,20.94,1025.047
1791183054.1808276,69.64737049429873,0.10788819762925199,0.11867060875494016,0.12045788493360542,20.94,1025.053
1791183085.5233262,69.64737049429873,0.10798548614337361,0.12028806028921134,0.12229270244500337,20.95,1025.057
1791183116.8687677,69.64737049429873,0.10769414556215422,0.11896958643443656,0.12162568193882134,20.95,1025.063
1791183148.210211,69.64737049429873,0.10795811943097346,0.12003288773005322,0.12035644074768369,20.97,1025.066
1791183179.5648158,69.64737049429873,0.10939154266200918,0.11887312598650637,0.12202393681713673,20.98,1025.076
1791183210.8993661,69.64737049429873,0.10813800372888296,0.11881991276446878,0.12025563260336562,20.95,1025.083
1791183242.2508392,69.64737049429873,0.10794454623184005,0.11881991276446878,0.12020180050611162,20.97,1025.08
1791183273.5922985,69.64737049429873,0.10817229685048095,0.12142062743596693,0.12158368824775447,20.95,1025.091
1791183304.8999186,69.64737049429873,0.10794454623184005,0.1186605585639907,0.12246990520033783,20.97,1025.1
1791183336.2092166,69.64737049429873,0.11005514525567824,0.12085688678347097,0.12081460387438321,20.95,1025.106
1791183367.5638692,69.64737049429873,0.10860663477072244,0.1218380138801827,0.12263050014495216,20.95,1025.113
1791183398.8962162,69.64737049429873,0.10860395081899438,0.1191348719746633,0.12368721760629632,20.91,1025.115
1791183430.2387779,69.64737049429873,0.1082731823810997,0.12166828591957479,0.1210966734107734,20.91,1025.119
1791183461.5842986,69.64737049429873,0.10831269313826423,0.11996338185338991,0.12138789180677997,20.94,1025.136
1791183492.9126227,69.64737049429873,0.10833215589738773,0.12041741858729868,0.12329632423893655,20.95,1025.143
1791183524.2462306,69.64737049429873,0.10805503403209635,0.11842619713457654,0.12268742430273978,20.94,1025.145
1791183555.5858924,69.64737049429873,0.10781307305163226,0.12080863525010933,0.12113938856737139,20.93,1025.145
1791183586.9050875,69.64737049429873,0.11108134141126885,0.12103093315109732,0.12141601377670093,20.89,1025.145
1791183618.2577116,69.64737049429873,0.10932519788378975,0.11981815043860748,0.12379470863438302,20.89,1025.147
1791183649.5533233,69.64737049429873,0.10862718774229915,0.1189997784375569,0.12064654142977731,20.87,1025.15
1791183680.9016795,69.64737049429873,0.11133506353102329,0.1189997784375569,0.12153364063226246,20.89,1025.151
1791183712.1560566,69.64737049429873,0.10793104568458246,0.11916893464983651,0.12114982919292377,20.89,1025.152
1791183743.39857,69.64737049429873,0.10848182833076335,0.11922208993129067,0.12384849982318637,20.89,1025.152
1791183774.6951969,69.64737049429873,0.10853023822362691,0.1193909726114886,0.12087443786983333,20.86,1025.144
1791183806.0366569,69.64737049429873,0.10836607569837595,0.5727683689273627,0.5758180783160639,20.9,1025.128
1791183837.3831842,69.64737049429873,0.11007438019418975,0.11870294634092732,0.5633662587058501,20.83,1025.12
1791183868.7346168,69.64737049429873,0.10919557966849151,0.11942612863325006,0.12014054527271366,20.82,1025.114
1791183900.078146,69.64737049429873,0.10763297808689591,0.11903305201437366,0.12086276335804186,20.83,1025.124
1791183931.4185848,69.64737049429873,0.10786137851955344,0.11992542295778305,0.11997913127999377,20.84,1025.114
1791183962.766078,69.64737049429873,0.10893529553673027,0.11892638689273506,0.12130731069942591,20.84,1025.125
1791183994.1076684,69.64737049429873,0.10762028307608572,0.11932854288064319,0.12246764319034044,20.84,1025.126
1791184025.4520466,69.64737049429873,0.10757219326674632,0.1178852381258779,0.12153364063226246,20.83,1025.13
1791184056.6590068,69.64737049429873,0.10763297808689591,0.11870294634092732,0.12053213392673748,20.79,1025.136
1791184087.9031434,69.64737049429873,0.10846322570594825,0.11931925493071546,0.1215249118456387,20.74,1025.153
1791184119.2516384,69.64737049429873,0.10781307305163226,0.11871362911704773,0.12208179377122351,20.72,1025.158
1791184150.5992017,69.64737049429873,0.10794454623184005,0.11903305201437366,0.11981815043860748,20.69,1025.171
1791184181.939535,69.64737049429873,0.1077910842596899,0.11889557573677563,0.12085688678347097,20.62,1025.173
1791184213.2880666,69.64737049429873,0.10865578022248379,0.1201103219487803,0.12145225907219082,20.6,1025.177
1791184244.6327395,69.64737049429873,0.10822947680253876,0.11932618088939421,0.12066270566149238,20.59,1025.184
1791184275.97295,69.64737049429873,0.10822947680253876,0.11972259184324242,0.12094845914826541,20.59,1025.191
1791184307.305432,69.64737049429873,0.10799928085188751,0.11967708253947167,0.12078449103369816,20.59,1025.212
1791184338.6320908,69.64737049429873,0.10821506585186438,0.11929114004418288,0.12212736026293373,20.57,1025.208
1791184369.9835937,69.64737049429873,0.10808295027629386,0.12017218515756789,0.12206916765278604,20.52,1025.211
1791184401.3249009,69.64737049429873,0.10865578022248379,0.1241310240236995,0.12480030576889328,20.53,1025.222
1791184432.6654236,69.64737049429873,0.11228770808691926,0.22442026588380604,0.2852020840538583,20.56,1025.229
1791184464.008974,69.62908563712261,0.8380752441103463,0.847217672698403,0.8472894855371489,20.57,1025.219
1791184495.3510647,69.61680810006038,0.8410004436745109,0.8471392122056238,0.8480925241704845,20.6,1025.217
1791184526.675916,69.60825549863122,0.8420787693932203,0.8463550701077989,0.8480925241704845,20.59,1025.218
1791184557.8798177,69.60542195973139,0.8440882389879316,0.8455050084378486,0.8484810402391676,20.6,1025.223
1791184589.0399373,69.60428698148775,0.8444007822834995,0.8449682714053182,0.847733685395496,20.63,1025.221
1791184620.3194468,69.60949599074416,0.8464190064634475,0.8438145018352416,0.8482671045167343,20.62,1025.219
1791184651.6640604,69.61126250124077,0.8449536683796991,0.8440704131313927,0.8479079122103247,20.62,1025.22
1791184683.00751,69.61362752608919,0.8455665975316815,0.8443840851074704,0.8478396880163909,20.65,1025.217
1791184714.3498476,69.6155446026268,0.8451334123550066,0.8441748740862035,0.8481582820951438,20.65,1025.216
1791184745.706373,69.61503638224839,0.8446096237160208,0.8448637339052213,0.8475219724535019,20.65,1025.217
1791184777.051018,69.61880084347084,0.8455357605271367,0.8436535299159118,0.8481955303007729,20.62,1025.213
1791184808.3943198,69.62855019296464,0.8458507338422703,0.8409760590953667,0.8475219724535019,20.62,1025.208
1791184839.7237952,69.62890650419347,0.845726333372536,0.8455481777581243,0.8478814514455888,20.59,1025.198
1791184871.0664802,69.6300388803527,0.8444465425677864,0.8438803544881693,0.8479493837301018,20.6,1025.201
1791184902.3898025,69.6265189090701,0.8440595194467491,0.845819505088046,0.8482671045167343,20.57,1025.196
1791184933.7392879,69.62496468168352,0.8446845268444089,0.8454616405376958,0.8479116552767192,20.57,1025.191
1791184965.0858362,69.61986146990303,0.8438903449427078,0.8464419508329512,0.8482274842617409,20.62,1025.186
1791184996.4152555,69.61737481033525,0.8444594032296993,0.8457027330135912,0.8484060481190027,20.63,1025.189
1791185027.7597501,69.61686849754874,0.8458080432880422,0.8460611996812953,0.8483363843097556,20.62,1025.199
1791185059.087314,69.61686849754874,0.8455975198036821,0.8455975198036821,0.8479800156479292,20.6,1025.186
1791185090.4297826,69.61572985623157,0.8448487520257144,0.8454180726842989,0.8478396880163909,20.6,1025.185
1791185121.7183719,69.61815290533909,0.8458507338422703,0.8446392092885078,0.8484079606375681,20.63,1025.19
1791185153.0588646,69.6202202862968,0.8450284615166906,0.8439947710378377,0.8485493363065137,20.62,1025.194
1791185184.4052403,69.61767129084652,0.8444594032296993,0.845733900954842,0.8483711680130714,20.59,1025.192
1791185215.5632908,69.61719293911325,0.8445345826382655,0.8447737585048992,0.8485493363065137,20.59,1025.199
1791185246.7422006,69.61512693852428,0.8444594032296993,0.8454924035241803,0.8483363843097556,20.54,1025.2
1791185278.0157998,69.61398777197982,0.8443840851074704,0.8449536683796991,0.8483711680130714,20.54,1025.203
1791185309.3682494,69.61356777498158,0.8450284615166906,0.8452384600158135,0.8486559596491858,20.54,1025.192
1791185340.707326,69.61512641353904,0.8455232516519278,0.8447439323731949,0.8487626814027135,20.56,1025.212
1791185371.9940934,69.61533736470204,0.8462720536721757,0.8461665780906736,0.8486207823883131,20.59,1025.212
1791185403.2915926,69.61617768026741,0.8459559183098191,0.8455357605271367,0.8484794053248267,20.59,1025.216
1791185434.639116,69.61689431648885,0.8451473481228474,0.8447890300121271,0.8486569506971391,20.6,1025.212
1791185465.9815543,69.61492289985607,0.8446549467678984,0.8456406550842885,0.8486569506971391,20.62,1025.216
1791185497.2330215,69.61797065643205,0.8462084051323963,0.8446845268444089,0.8483016966099461,20.6,1025.215
1791185528.473758,69.61868572781492,0.8459981907757257,0.8456406550842885,0.8480894615753205,20.57,1025.214
1791185559.6769798,69.61790727979904,0.8457456461449209,0.8461348701528589,0.8485857022171711,20.62,1025.217
1791185590.980569,69.61925321621591,0.8455665975316815,0.8448936293232457,0.8485507187343604,20.67,1025.209
1791185622.147308,69.61940197828743,0.8452520159662273,0.8451776349304707,0.8485857022171711,20.69,1025.218
1791185653.3118324,69.62002768353625,0.8449383006578818,0.8446254480334715,0.8493310303969882,20.66,1025.209
1791185684.4941528,69.62172702696802,0.8454003685824502,0.8445506968665663,0.8487990554459857,20.67,1025.204
1791185715.6674662,69.62241578374346,0.8459355282470653,0.8455911498593413,0.8488346668053294,20.69,1025.208
1791185746.8420968,69.61804854327934,0.844180852921283,0.846364473153342,0.8488701155484535,20.65,1025.207
1791185778.096597,69.61446460328833,0.8444047892179413,0.8461967592134486,0.8485534533303636,20.63,1025.209
1791185809.244882,69.61517454717624,0.846123851028695,0.8457688790847409,0.8487644651190325,20.6,1025.204
1791185840.5914104,69.61559268851182,0.8460089091391535,0.8457998384713598,0.8487995178327277,20.62,1025.205
1791185871.9349287,69.61659640320164,0.8463327402599613,0.8458308829150533,0.8486230118812709,20.66,1025.203
1791185903.276349,69.61942345477092,0.846396293228911,0.8449827674442665,0.8485869481405289,20.67,1025.196
1791185934.6319716,69.62224791971785,0.8461867724774341,0.8447745400039718,0.8489053292222619,20.66,1025.193
1791185965.9843864,69.62147386041565,0.8456218794880491,0.8460089091391535,0.8489053292222619,20.66,1025.183
1791185997.3148549,69.62203849509763,0.8443882517664042,0.8441059344254132,0.8487995178327277,20.66,1025.18
1791186028.6555111,69.62034381612948,0.8459043259827416,0.8467516654668189,0.8485520910387119,20.66,1025.182
1791186060.040868,69.61835564253894,0.8451611818393008,0.8461552686345647,0.8489053292222619,20.66,1025.192
1791186091.247153,69.6182917195142,0.8465100498775446,0.8465420113899161,0.8487995178327277,20.65,1025.186
1791186122.5839205,69.61393870625068,0.8440202525816883,0.8461967592134486,0.8487295082693624,20.66,1025.206
1791186153.9093356,69.61225174474409,0.8448637333349872,0.845707214088286,0.8483428260905876,20.69,1025.168
1791186185.2160578,69.6083999187343,0.8444663609936494,0.8463922739985364,0.8482766427655272,20.7,1025.16
1791186216.5313885,69.60525884725638,0.8447903116972233,0.8463608474361897,0.8488707160846181,20.7,1025.161
1791186247.868948,69.60490727485302,0.8456273126459672,0.84580309884765,0.8490449585658306,20.7,1025.162
1791186279.2004704,69.60526005495423,0.8449960104875072,0.8448196204369056,0.8483129674960784,20.69,1025.162
1791186310.554099,69.60575922226859,0.8454815873135483,0.8452320036563681,0.8486608430706978,20.7,1025.151
1791186341.8884175,69.60785482622482,0.8459262792686013,0.8448784772904809,0.8486252089879613,20.72,1025.142
1791186373.2168458,69.60974225680535,0.8459990359319538,0.8450553206416944,0.8490106145093443,20.74,1025.138
1791186404.5605798,69.60953490186839,0.8458953584634729,0.8459990359319538,0.849080572196004,20.74,1025.137
1791186435.901792,69.61197951092691,0.8465275619383259,0.845305257409059,0.8491504030271911,20.74,1025.134
1791186467.2433257,69.61701061074048,0.8468791150395377,0.8443635651327566,0.848381210932228,20.79,1025.129
1791186498.5979867,69.61989008673157,0.8462887468550718,0.8448490088595254,0.84876563271006,20.83,1025.128
1791186529.9353533,69.6180669319382,0.8454085265524588,0.8463201039491419,0.8481721692348461,20.84,1025.124
1791186561.2888997,69.61812886018464,0.8460819731419199,0.8460510090187032,0.848383176006905,20.84,1025.118
1791186592.641572,69.61845444803515,0.8455666696385395,0.8454038757132815,0.8482813090009131,20.83,1025.119
1791186623.9899235,69.61831032131069,0.8457534394377766,0.8458255028000115,0.8488017799559818,20.83,1025.116
1791186655.3332653,69.61845432867369,0.8459279860516485,0.845855982370144,0.8488711092604465,20.83,1025.112
1791186686.482014,69.61886455502577,0.8457838492381202,0.8455787360620803,0.8489056917588451,20.8,1025.119
1791186717.7843597,69.61962450207544,0.8457838492381202,0.8454038757132815,0.8482813090009131,20.83,1025.123
1791186749.0648615,69.62426670957802,0.8470681008891779,0.8447469971378891,0.8484549552024252,20.83,1025.119
1791186780.3962715,69.62280606283113,0.845433841107372,0.8461641644808184,0.8485930431782059,20.86,1025.124
1791186811.7217374,69.62023762434151,0.8445717631253332,0.845855982370144,0.84894036755946,20.86,1025.136
1791186843.0654483,69.62058721489369,0.8453739909832848,0.8451991957071938,0.8485246580906904,20.83,1025.125
1791186874.4118485,69.62155070011964,0.8455787360620803,0.8450969934491029,0.8486284454507814,20.82,1025.137
1791186905.7225375,69.62313272222171,0.8474867426875216,0.8466957316364829,0.8491131210115694,20.83,1025.149
1791186937.0438662,69.62278519848752,0.8459387063297311,0.8461124681968293,0.848974782088905,20.8,1025.157
1791186968.3072731,69.62202894133867,0.8458365846425034,0.8462147132169286,0.848871303740087,20.82,1025.164
1791186999.6359093,69.62603539586884,0.8474918859684581,0.8454886587033708,0.8486987752017073,20.82,1025.199
1791187030.9783435,69.62382536479643,0.8455907161002797,0.8466957316364829,0.8489057627088893,20.83,1025.188
1791187062.320874,69.62085803376216,0.8447619544481273,0.846245619965262,0.8489057627088893,20.83,1025.194
1791187093.673231,69.61829929780119,0.8451401097719478,0.8464194777524321,0.8489057627088893,20.8,1025.2
1791187125.024822,69.61643698230311,0.8453144622162289,0.846245619965262,0.8486295088248386,20.82,1025.209
1791187156.377162,69.61829862040123,0.8464194777524321,0.8454886587033708,0.8486295088248386,20.8,1025.209
1791187187.717888,69.61960707401886,0.8460409193641506,0.8453866925553358,0.84907835299844,20.83,1025.232
1791187219.0524108,69.61925849876776,0.8449363980425908,0.8451106856681383,0.8482499620072702,20.83,1025.237
1791187250.3778052,69.61760245744458,0.8453866925553358,0.8462147132169286,0.84907835299844,20.86,1025.237
1791187281.7193022,69.61780694748478,0.8462147132169286,0.8461124681968293,0.848871303740087,20.83,1025.238
1791187313.0518575,69.6164993523426,0.8457345541800683,0.8463883517511551,0.8490436781595868,20.84,1025.237
1791187344.3732226,69.61870543499562,0.8465618351749479,0.8454587938484417,0.8487679178279603,20.84,1025.228
1791187375.728674,69.61705013366966,0.845284817533852,0.8461124681968293,0.8486987752017073,20.86,1025.224
1791187407.088258,69.6185628308824,0.8463170496945406,0.8455607010881778,0.848974782088905,20.84,1025.22
1791187438.4137244,69.6179493605167,0.8460103145116948,0.8463170496945406,0.848871303740087,20.86,1025.216
1791187469.7453017,69.62106085157433,0.8464194777524321,0.8448637322236191,0.84880222266805,20.87,1025.212
1791187501.089019,69.62266187830853,0.8463792494291814,0.8455787360620803,0.8484209638592856,20.86,1025.207
1791187532.3292441,69.62181863496768,0.8453014897540165,0.8457231114244399,0.849009696927724,20.89,1025.211
1791187563.5898247,69.62278102967066,0.846174062220098,0.8456928648686048,0.8488366196881976,20.9,1025.202
1791187594.8721595,69.6194028210575,0.8450382083321781,0.8467273126387571,0.8484566403518905,20.89,1025.204
1791187626.198849,69.61628456246818,0.8450969934491029,0.8466561227437664,0.8482475362253991,20.89,1025.209
1791187657.540158,69.61538122550985,0.8454763175724851,0.8459279860516485,0.8485246580906904,20.87,1025.22
1791187688.8907647,69.61602274391724,0.8453014897540165,0.8449807305503212,0.8489056917588451,20.86,1025.227
1791187720.2322514,69.616397728212,0.845742008039293,0.845554515891919,0.8486273744089748,20.84,1025.229
1791187751.5759351,69.6136089852693,0.8455242245533802,0.8469185960247294,0.8484173158084469,20.86,1025.235
1791187782.922272,69.61315585217547,0.8456577576363907,0.8458843241833038,0.8485574812130876,20.86,1025.235
1791187814.2687376,69.61407329503552,0.845811230958172,0.845352509528144,0.8486946468909939,20.84,1025.244
1791187845.6041944,69.6145510665875,0.8458421776885172,0.8456032919125349,0.8486589110902961,20.86,1025.254
1791187876.9556293,69.61911110100854,0.847217672698403,0.8449376554878769,0.8486946468909939,20.84,1025.253
1791187908.2851996,69.6157939970378,0.8451010403516148,0.8467595923369851,0.848940584430474,20.86,1025.266
1791187939.6317422,69.61423681431397,0.8452620070420301,0.846040598403944,0.848518816599282,20.84,1025.267
1791187970.9711123,69.61640862811532,0.8468469997594221,0.845761092858746,0.8484515483013412,20.84,1025.333
1791188002.3235652,69.61555921002513,0.8451722410463715,0.8455969500914717,0.8486273744089748,20.86,1025.282
1791188033.6692398,69.61270441794679,0.8447167577853014,0.8461441538244687,0.8485918417903483,20.89,1025.282
1791188065.0126717,69.6119405592485,0.8447903116972233,0.8451722410463715,0.8483470429139772,20.86,1025.279
1791188096.359096,69.60873324048433,0.8442608623039155,0.8458645216859989,0.8488356538559231,20.84,1025.285
1791188127.690597,69.60563749644068,0.8450114432308681,0.8465593152526901,0.8483449421591337,20.83,1025.272
1791188159.0412426,69.60772628665097,0.845305257409059,0.8442608623039155,0.8484173158084469,20.87,1025.265
1791188190.3887095,69.60843128710563,0.8456577576363907,0.845305257409059,0.8482766427655272,20.89,1025.271
1791188221.7409651,69.61640812331619,0.8468791150395377,0.8428906969342581,0.8484858738635932,20.91,1025.26
1791188253.081645,69.62574936283941,0.8476419444012214,0.8429713246396103,0.8485548057185005,20.93,1025.271
1791188284.294165,69.62904130351552,0.8466871977090509,0.8450412273709969,0.8483772377501183,20.95,1025.266
1791188315.5550294,69.63466696751051,0.8470341119615115,0.8442212799640195,0.8484826632138465,20.95,1025.269
1791188346.7941387,69.63673303661025,0.8464511072341693,0.8454180726842989,0.8491186569650983,20.95,1025.249
1791188377.9367177,69.63721561545889,0.8460296517521458,0.8457883623278319,0.8485143225186154,20.95,1025.253
1791188409.1822433,69.63587032624837,0.8455357605271367,0.8462084051323963,0.8486569506971391,20.95,1025.251
1791188440.3974643,69.63274138196297,0.8452520159662273,0.8468164881089233,0.8486569506971391,20.94,1025.245
1791188471.747,69.62799467147745,0.8447592924034728,0.8471326476462301,0.8487632803488806,20.95,1025.244
1791188503.0956416,69.62282654654436,0.8452216545478652,0.8478057170144111,0.8492950363080977,20.97,1025.241
1791188534.4259458,69.6174234442024,0.8449983249105043,0.8476998760814821,0.8486569506971391,20.95,1025.246
1791188565.7684164,69.61117495609987,0.8445801196875953,0.847704363738859,0.8492233447982,20.94,1025.237
1791188597.1099844,69.60388911808481,0.8444465425677864,0.8480894615753205,0.8494719628976162,20.95,1025.238
1791188628.45754,69.59827813136131,0.8445051549880732,0.8473106483498243,0.8494015613872387,20.94,1025.236
1791188659.794977,69.59181185844407,0.8448188497725762,0.8480519862311979,0.8493310303969882,20.95,1025.234
1791188691.1453338,69.58654350684881,0.8451334123550066,0.8477675881526405,0.8495103345575289,20.97,1025.237
1791188722.4329824,69.5829845625118,0.8458820489471779,0.8476615211156833,0.8493671239215475,20.95,1025.243
1791188753.779393,69.58007337566494,0.8460611996812953,0.8475167931047283,0.8495809278126223,20.97,1025.238
1791188785.115922,69.57629684485006,0.845628527697288,0.8475167931047283,0.8495103345575289,20.98,1025.237
1791188816.4585705,69.57245633258485,0.8457027330135912,0.8476229891461952,0.8493325275309728,21.0,1025.243
